ISO_A3,NAM_1,NAM_2,date,ntl_sum,ntl_mean,ntl_median,ntl_max,ntl_q05,ntl_q95,southwest_group,post_padma
BGD,Khulna,Bagerhat,2019-01-01,1543.8543701171875,0.1530256867408752,0.0485317359203244,53.57004928588867,0.0048531735920324,0.6460111152836586,1,0
BGD,Chattogram,Bandarban,2019-01-01,241.08018493652344,0.0104220509529113,0.2543062364588047,6.085396766662598,0.0254306236458804,0.4831818492717289,0,0
BGD,Barishal,Barguna,2019-01-01,143.4890899658203,0.0226945709437131,0.2555418587465527,5.851718902587891,0.0255541858746552,0.4855295316184502,1,0
BGD,Barishal,Barisal,2019-01-01,1361.7806396484375,0.124928779900074,0.2678307799006948,15.55355167388916,0.0267830779900694,0.6068372258784391,1,0
BGD,Barishal,Bhola,2019-01-01,638.8873901367188,0.0731861069798469,0.2642319066071894,21.759721755981445,0.0264231906607189,0.5305161684406563,1,0
BGD,Rajshahi,Bogura,2019-01-01,5053.59765625,0.3374563157558441,0.3393250113294641,11.321742057800291,0.0339325011329464,1.6446888131382624,0,0
BGD,Chattogram,Brahmanbaria,2019-01-01,4996.9248046875,0.5156360268592834,0.4219774023594325,22.17167854309082,0.0421977402359432,1.7982564668817165,0,0
BGD,Chattogram,Chandpur,2019-01-01,762.2960205078125,0.1029955670237541,0.2764196692184959,15.705543518066406,0.0276419669218495,0.6856872254646214,0,0
BGD,Rajshahi,Chapainawabganj,2019-01-01,1787.5281982421875,0.2010732740163803,0.3032490344359331,9.957072257995604,0.0303249034435933,1.189470081572771,0,0
BGD,Chattogram,Chittagong,2019-01-01,22984.6015625,1.0622636079788208,0.3903659961955287,123.20594787597656,0.0390365996195528,4.41405904763732,0,0
BGD,Khulna,Chuadanga,2019-01-01,1144.0711669921875,0.1961430311203003,0.3109003112843157,10.420517921447754,0.0310900311284315,1.0522817570801664,1,0
BGD,Chattogram,Cox's Bazar,2019-01-01,2613.22509765625,0.2531428933143615,0.1400134162217656,25.604877471923828,0.0140013416221765,1.2438706617981832,0,0
BGD,Chattogram,Cumilla,2019-01-01,8974.326171875,0.5741831660270691,0.4790239212395268,31.70180892944336,0.0479023921239526,2.1987597133107624,0,0
BGD,Dhaka,Dhaka,2019-01-01,39880.57421875,5.404219150543213,1.300520723492269,161.1834259033203,0.1376132211498554,26.400007572257028,0,0
BGD,Rangpur,Dinajpur,2019-01-01,3833.10107421875,0.2146393209695816,0.3122344453152196,20.082643508911133,0.0312234445315219,1.0841009481719464,0,0
BGD,Dhaka,Faridpur,2019-01-01,2457.75537109375,0.2541192770004272,0.3218000720476587,14.971307754516602,0.0321800072047658,1.2283795745784216,1,0
BGD,Chattogram,Feni,2019-01-01,2725.689208984375,0.6044414043426514,0.5204231327345631,11.672884941101074,0.0536655427397128,2.1094293240497786,0,0
BGD,Rangpur,Gaibandha,2019-01-01,1483.1468505859375,0.132624939084053,0.2922502427823389,6.025060176849365,0.0292250242782338,0.8488740391066856,0,0
BGD,Dhaka,Gazipur,2019-01-01,17059.021484375,1.8922569751739504,0.7373378113617967,26.16140556335449,0.0720903931874817,8.924415257275866,0,0
BGD,Dhaka,Gopalganj,2019-01-01,747.3956298828125,0.1008011847734451,0.2752896018097022,7.075954437255859,0.0275289601809702,0.6956185028059757,1,0
BGD,Sylhet,Habiganj,2019-01-01,6148.92041015625,0.4645544290542602,0.328230959571245,664.6805419921875,0.0328230959571244,1.5139357538860077,0,0
BGD,Rajshahi,Jaipurhat,2019-01-01,994.8694458007812,0.1995293796062469,0.312294770384938,6.835717678070068,0.0312294770384938,1.0777586424563923,0,0
BGD,Mymensingh,Jamalpur,2019-01-01,1273.4969482421875,0.1206194385886192,0.2853835367057942,6.471013069152832,0.0285383536705794,0.8005888313302797,0,0
BGD,Khulna,Jashore,2019-01-01,3451.248291015625,0.2624828219413757,0.3089680569341395,26.390087127685547,0.0308968056934139,1.2012540896225652,1,0
BGD,Barishal,Jhalakati,2019-01-01,221.2984771728516,0.0613930486142635,0.2627570823308834,12.842671394348145,0.0262757082330883,0.4992384564286785,1,0
BGD,Khulna,Jhenaidah,2019-01-01,1428.33349609375,0.1427863985300064,0.2881219371787743,15.993658065795898,0.0288121937178774,0.8838720332978269,1,0
BGD,Chattogram,Khagrachari,2019-01-01,805.656982421875,0.0555761530995368,0.2630503638637995,7.227799892425537,0.0263050363863799,0.4997956913412191,0,0
BGD,Khulna,Khulna,2019-01-01,3528.295654296875,0.3425839841365814,0.2912441338890981,28.11739730834961,0.0291244133889098,1.7135374181078675,1,0
BGD,Dhaka,Kishoreganj,2019-01-01,2356.453857421875,0.1796676218509674,0.2992321872736465,15.287854194641112,0.0299232187273646,0.960785802405552,0,0
BGD,Rangpur,Kurigram,2019-01-01,1249.4390869140625,0.1068191230297088,0.2765186389024385,7.043783664703369,0.0276518638902438,0.7694787545221206,0,0
BGD,Khulna,Kushtia,2019-01-01,3262.050537109375,0.3886063992977142,0.3558251982172939,58.15604019165039,0.0355825198217293,1.563846992516269,1,0
BGD,Chattogram,Lakshmipur,2019-01-01,465.6194458007813,0.0764382407069206,0.2734202728305205,4.374258995056152,0.027342027283052,0.6241815548436153,0,0
BGD,Rangpur,Lalmonirhat,2019-01-01,2215.5927734375,0.3442240357398987,0.3659662032680733,6.043509483337402,0.0365966203268073,1.40039134731625,0,0
BGD,Dhaka,Madaripur,2019-01-01,817.955078125,0.1495670527219772,0.2954841363140305,4.955328464508057,0.029548413631403,0.8940108370709263,1,0
BGD,Khulna,Magura,2019-01-01,494.1743774414063,0.0929456129670143,0.2775169907689788,5.746671676635742,0.0277516990768978,0.6687680444534327,1,0
BGD,Dhaka,Manikganj,2019-01-01,2121.164794921875,0.3215077817440033,0.367881325948927,13.356988906860352,0.0367881325948927,1.3358112169512173,0,0
BGD,Khulna,Meherpur,2019-01-01,1237.717041015625,0.3360722661018371,0.3756120963802052,5.287454605102539,0.0375612096380205,1.4051451660395065,1,0
BGD,Sylhet,Moulvibazar,2019-01-01,2737.633544921875,0.1980973035097122,0.3049356934283973,38.94413757324219,0.0304935693428397,0.9854901181594028,0,0
BGD,Dhaka,Munshiganj,2019-01-01,3116.739013671875,0.7408350706100464,0.5096276926382945,61.67734146118164,0.0513123889596948,2.769292218295884,0,0
BGD,Mymensingh,Mymensingh,2019-01-01,7539.4228515625,0.3377796709537506,0.3452566208034633,31.972843170166016,0.0345256620803463,1.3512376133860131,0,0
BGD,Rajshahi,Naogaon,2019-01-01,2175.293701171875,0.1233529970049858,0.2809178769125562,8.675915718078613,0.0280917876912556,0.8422927060617521,0,0
BGD,Khulna,Narail,2019-01-01,217.94415283203125,0.0437438748776912,0.2634707995690051,3.042131185531616,0.0263470799569005,0.5005945191811095,1,0
BGD,Dhaka,Narayanganj,2019-01-01,12952.658203125,3.583822250366211,1.4996887252443605,61.67734146118164,0.2460377630689282,15.17183951318932,0,0
BGD,Dhaka,Narsingdi,2019-01-01,4520.39013671875,0.7844452857971191,0.5779922608377339,31.561431884765625,0.0634304604458912,2.7426993231040244,0,0
BGD,Rajshahi,Natore,2019-01-01,1870.5765380859373,0.1914842426776886,0.3092035529048352,6.315545558929443,0.0309203552904835,1.0168265837661796,0,0
BGD,Mymensingh,Netrakona,2019-01-01,594.6806640625,0.0411165580153465,0.2602012169735982,8.378382682800293,0.0260201216973598,0.4943823122498366,0,0
BGD,Rangpur,Nilphamari,2019-01-01,2126.695068359375,0.2479993104934692,0.3207924633215213,11.91309642791748,0.0320792463321521,1.1797756740184098,0,0
BGD,Chattogram,Noakhali,2019-01-01,2002.0238037109373,0.1610004305839538,0.2971905657633886,6.87742280960083,0.0297190565763388,0.927763150043562,0,0
BGD,Rajshahi,Pabna,2019-01-01,4553.02978515625,0.3746539950370788,0.3534007683340273,31.01405906677246,0.0353400768334027,1.671095471476976,0,0
BGD,Rangpur,Panchagarh,2019-01-01,1563.62744140625,0.2204575985670089,0.3230687749495242,6.124476909637451,0.0323068774949524,1.1363229873858331,0,0
BGD,Chattogram,Parbattya Chattagram,2019-01-01,445.1365661621094,0.0152438152581453,0.2537838159665422,4.295548439025879,0.0253783815966542,0.4821892503364303,0,0
BGD,Barishal,Patuakhali,2019-01-01,918.8077392578124,0.0797137767076492,0.1655301500810294,45.05219268798828,0.0165530150081029,0.314507285153956,1,0
BGD,Barishal,Pirojpur,2019-01-01,220.4191131591797,0.037334881722927,0.25925211328384,3.781513214111328,0.025925211328384,0.4925790152392961,1,0
BGD,Dhaka,Rajbari,2019-01-01,846.9799194335938,0.1527395099401474,0.3002321150149677,5.857205390930176,0.0300232115014967,0.9207249093937572,1,0
BGD,Rajshahi,Rajshahi,2019-01-01,3005.396484375,0.2449035942554474,0.2941179382049686,17.166276931762695,0.0294117938204968,1.0599773755244617,0,0
BGD,Rangpur,Rangpur,2019-01-01,3313.69873046875,0.2770940661430359,0.3075497043895757,17.443971633911133,0.0307549704389575,1.1587732474523835,0,0
BGD,Khulna,Satkhira,2019-01-01,751.9302368164062,0.0658322572708129,0.1971234442309843,6.0702314376831055,0.0197123444230984,0.595004187361979,1,0
BGD,Dhaka,Shariatpur,2019-01-01,560.5993041992188,0.103252463042736,0.275073585086168,10.912867546081545,0.0275073585086168,0.742934714953787,1,0
BGD,Mymensingh,Sherpur,2019-01-01,1216.70703125,0.1784437447786331,0.3064392338648398,6.589194297790527,0.0306439233864839,0.9425704768114684,0,0
BGD,Rajshahi,Sirajganj,2019-01-01,2598.77294921875,0.20370914041996,0.3080002283214999,41.41147613525391,0.0308000228321499,1.0161203863735595,0,0
BGD,Sylhet,Sunamganj,2019-01-01,706.6992797851562,0.0373028963804245,0.2576871894767966,14.51158332824707,0.0257687189476796,0.4896056600059136,0,0
BGD,Sylhet,Sylhet,2019-01-01,7562.2138671875,0.4290555119514465,0.0474596171590078,166.3121795654297,0.0047459617159007,1.4874999830442792,0,0
BGD,Dhaka,Tangail,2019-01-01,6652.24853515625,0.3861792683601379,0.4179792352697816,20.35273170471192,0.0417979235269781,1.3715951044643917,0,0
BGD,Rangpur,Thakurgaon,2019-01-01,1528.9801025390625,0.1626122742891311,0.3036856683178098,6.315906524658203,0.0303685668317809,0.888973413839427,0,0
BGD,Khulna,Bagerhat,2019-02-01,1864.694580078125,0.1845681518316269,0.1550114225741672,80.45240783691406,0.0155011422574167,0.7290168457774356,1,0
BGD,Chattogram,Bandarban,2019-02-01,331.1656188964844,0.0143165029585361,0.2540287733880915,8.063885688781738,0.0254028773388091,0.4826546694373738,0,0
BGD,Barishal,Barguna,2019-02-01,216.01199340820312,0.0341649651527404,0.2587942088718868,6.229240417480469,0.0258794208871886,0.491708996856585,1,0
BGD,Barishal,Barisal,2019-02-01,1875.557373046875,0.1715102791786193,0.2801113255389357,15.842530250549316,0.0280111325538935,0.8288162447368056,1,0
BGD,Barishal,Bhola,2019-02-01,930.7518310546876,0.1062295660376548,0.2746282899270354,24.35298156738281,0.0274628289927035,0.6996554417425636,1,0
BGD,Rajshahi,Bogura,2019-02-01,5257.685546875,0.3507096767425537,0.3394754660799097,13.404668807983398,0.0339475466079909,1.7003705085880605,0,0
BGD,Chattogram,Brahmanbaria,2019-02-01,7017.62060546875,0.7240782380104065,0.5656590703959439,43.68425369262695,0.0429615939736196,2.078017586588872,0,0
BGD,Chattogram,Chandpur,2019-02-01,1504.5467529296875,0.2026054561138153,0.0386448558788631,14.317062377929688,0.0038644855878863,0.8811998535315032,0,0
BGD,Rajshahi,Chapainawabganj,2019-02-01,1503.7376708984375,0.1691505908966064,0.2902348324240482,7.794659614562988,0.0290234832424048,1.0761470548390883,0,0
BGD,Chattogram,Chittagong,2019-02-01,27439.439453125,1.268149733543396,0.442885057387997,223.8033142089844,0.0442885057387997,4.853349661747296,0,0
BGD,Khulna,Chuadanga,2019-02-01,1464.659912109375,0.2511057257652282,0.3375157414438977,11.424935340881348,0.0337515741443897,1.1340165160235096,1,0
BGD,Chattogram,Cox's Bazar,2019-02-01,3462.28955078125,0.3353197872638702,0.1313951507488559,22.7285270690918,0.0131395150748855,1.5541446174405085,0,0
BGD,Chattogram,Cumilla,2019-02-01,12423.8212890625,0.7948840856552124,0.6457860836769634,19.26325225830078,0.0924966313348916,2.3349005480997143,0,0
BGD,Dhaka,Dhaka,2019-02-01,41009.0625,5.556225299835205,1.2551416121708945,166.781982421875,0.0747830534458898,27.60185624113141,0,0
BGD,Rangpur,Dinajpur,2019-02-01,4758.19921875,0.2664413452148437,0.3367781778307201,25.955293655395508,0.033677817783072,1.1011581196589553,0,0
BGD,Dhaka,Faridpur,2019-02-01,3375.754638671875,0.3487964570522308,0.2066200727402813,39.40291595458984,0.0206620072740281,1.3627154580827467,1,0
BGD,Chattogram,Feni,2019-02-01,3917.6650390625,0.8687707185745239,0.6876231485972712,14.784639358520508,0.1127923708111451,2.387343127848973,0,0
BGD,Rangpur,Gaibandha,2019-02-01,1538.6483154296875,0.1374527513980865,0.2926430673787948,8.240017890930176,0.0292643067378794,0.8351335056065359,0,0
BGD,Dhaka,Gazipur,2019-02-01,19926.345703125,2.210312366485596,0.9034223090502332,109.71349334716795,0.07992849652607,9.684019991546307,0,0
BGD,Dhaka,Gopalganj,2019-02-01,1166.064208984375,0.1572669744491577,0.2988299480829015,7.254842758178711,0.0298829948082901,0.8251128690510631,1,0
BGD,Sylhet,Habiganj,2019-02-01,5933.7109375,0.4482952356338501,0.3528626552356478,86.46830749511719,0.0352862655235647,1.7160430633591186,0,0
BGD,Rajshahi,Jaipurhat,2019-02-01,1165.739013671875,0.2337986975908279,0.3236507253474586,8.491218566894531,0.0323650725347458,1.1453410686076728,0,0
BGD,Mymensingh,Jamalpur,2019-02-01,1677.7796630859375,0.1587607562541961,0.1482585079031627,22.065393447875977,0.0148258507903162,0.9032026520292984,0,0
BGD,Khulna,Jashore,2019-02-01,5173.70947265625,0.3934836685657501,0.3859104879242354,35.85763168334961,0.0385910487924235,1.4228713843592118,1,0
BGD,Barishal,Jhalakati,2019-02-01,380.9754333496094,0.1056909337639808,0.278563965175013,13.637670516967772,0.0278563965175012,0.7023122590504494,1,0
BGD,Khulna,Jhenaidah,2019-02-01,2032.341064453125,0.2031673043966293,0.3106281101077819,21.730697631835938,0.0310628110107781,1.0549326095691345,1,0
BGD,Chattogram,Khagrachari,2019-02-01,907.061584472656,0.0625712871551513,0.2640660927170483,12.54771614074707,0.0264066092717048,0.5257077676061358,0,0
BGD,Khulna,Khulna,2019-02-01,3771.450927734375,0.3661728501319885,0.3000124449572472,23.226526260375977,0.0300012444957247,1.7892348823606956,1,0
BGD,Dhaka,Kishoreganj,2019-02-01,3166.623779296875,0.2414389550685882,0.2409711562471096,28.0103759765625,0.0240971156247109,1.128730714996957,0,0
BGD,Rangpur,Kurigram,2019-02-01,1338.5091552734375,0.1142874881625175,0.1627072746776895,6.350645065307617,0.0162707274677689,0.8159786469568693,0,0
BGD,Khulna,Kushtia,2019-02-01,4107.86865234375,0.4893682897090912,0.2653724371144821,74.61480712890625,0.0265372437114482,1.6853080215709535,1,0
BGD,Chattogram,Lakshmipur,2019-02-01,826.4251708984375,0.1352531611919403,0.299900489665007,4.968377113342285,0.0299900489665006,0.7822687478595819,0,0
BGD,Rangpur,Lalmonirhat,2019-02-01,2480.6083984375,0.3853980004787445,0.3271613312982191,8.239034652709961,0.0327161331298219,1.6895243883276403,0,0
BGD,Dhaka,Madaripur,2019-02-01,1534.9334716796875,0.2785678207874298,0.3673055932609122,5.131357192993164,0.0367305593260912,1.1078982781285414,1,0
BGD,Khulna,Magura,2019-02-01,720.7240600585938,0.1355556696653366,0.2933267682681168,5.251200199127197,0.0293326768268116,0.8025564710816042,1,0
BGD,Dhaka,Manikganj,2019-02-01,2067.9443359375,0.314067929983139,0.358060297999291,11.924922943115234,0.0358060297999291,1.3467464256635435,0,0
BGD,Khulna,Meherpur,2019-02-01,1492.3470458984375,0.405210942029953,0.4114875820975343,5.689151763916016,0.0411487582097534,1.572478900804,1,0
BGD,Sylhet,Moulvibazar,2019-02-01,4045.401611328125,0.2927284240722656,0.3466417322068595,37.48427963256836,0.0346641732206859,1.1740214668924644,0,0
BGD,Dhaka,Munshiganj,2019-02-01,4003.400146484375,0.9457373023033142,0.652107411056913,108.50963592529295,0.0738437213373873,3.0740453488539194,0,0
BGD,Mymensingh,Mymensingh,2019-02-01,9804.3798828125,0.4392538070678711,0.3824623271940968,31.82901763916016,0.0382462327194096,1.5713031324128364,0,0
BGD,Rajshahi,Naogaon,2019-02-01,2221.08154296875,0.1259494572877884,0.2678463558356988,9.634503364562988,0.0267846355835698,0.8191057806411123,0,0
BGD,Khulna,Narail,2019-02-01,377.8724060058594,0.075843296945095,0.2761455017484577,3.833907127380371,0.0276145501748457,0.623450203480351,1,0
BGD,Dhaka,Narayanganj,2019-02-01,14383.576171875,3.979737520217896,1.708393857845564,108.50963592529295,0.5582319058263282,15.89153976212347,0,0
BGD,Dhaka,Narsingdi,2019-02-01,5987.5478515625,1.0390483140945437,0.739056427321565,45.22929000854492,0.1114789633600276,3.0571171507803294,0,0
BGD,Rajshahi,Natore,2019-02-01,2048.046630859375,0.209651231765747,0.3178549449975258,6.107555866241455,0.0317854944997525,1.044061212873602,0,0
BGD,Mymensingh,Netrakona,2019-02-01,968.035217285156,0.0669305026531219,0.2680002796982529,10.021081924438477,0.0268000279698252,0.5619602781442156,0,0
BGD,Rangpur,Nilphamari,2019-02-01,2888.198974609375,0.336800217628479,0.3610053443619634,13.155455589294434,0.0361005344361963,1.369874588186633,0,0
BGD,Chattogram,Noakhali,2019-02-01,3059.59521484375,0.2460522055625915,0.3365877945050343,7.932071685791016,0.0336587794505034,1.0719092848815153,0,0
BGD,Rajshahi,Pabna,2019-02-01,5562.98779296875,0.4576496183872223,0.4033223947658571,33.57261276245117,0.0403322394765857,1.7815445040161135,0,0
BGD,Rangpur,Panchagarh,2019-02-01,1811.958251953125,0.2554700374603271,0.3277986588050861,6.006155490875244,0.0327798658805086,1.389858152444907,0,0
BGD,Chattogram,Parbattya Chattagram,2019-02-01,542.81591796875,0.0185888707637786,0.2542042638000529,4.419888019561768,0.0254204263800052,0.4829881012201005,0,0
BGD,Barishal,Patuakhali,2019-02-01,1187.0274658203125,0.1029752567410469,0.2406297708340536,52.75829315185547,0.0240629770834053,0.4571965645847018,1,0
BGD,Barishal,Pirojpur,2019-02-01,353.547119140625,0.0598842799663543,0.2672357136229997,4.153572082519531,0.0267235713622999,0.557910714409718,1,0
BGD,Dhaka,Rajbari,2019-02-01,1023.979248046875,0.1846144944429397,0.3142779511401922,4.998333930969238,0.0314277951140192,0.9786773811579956,1,0
BGD,Rajshahi,Rajshahi,2019-02-01,3150.597412109375,0.2567357122898102,0.2990992490183601,19.277389526367188,0.029909924901836,1.0862664368433348,0,0
BGD,Rangpur,Rangpur,2019-02-01,3421.683349609375,0.2861238420009613,0.2798623507257835,20.89114761352539,0.0279862350725783,1.16584672111638,0,0
BGD,Khulna,Satkhira,2019-02-01,1449.0421142578125,0.1268639713525772,0.2948924189141604,8.380180358886719,0.029489241891416,0.7683293796446444,1,0
BGD,Dhaka,Shariatpur,2019-02-01,820.9208374023436,0.1494938284158706,0.2949754785801298,18.6848201751709,0.0294975478580129,0.8911841576792047,1,0
BGD,Mymensingh,Sherpur,2019-02-01,1577.353759765625,0.2313366383314132,0.3323189224100574,9.481170654296877,0.0332318922410057,1.0292135886740952,0,0
BGD,Rajshahi,Sirajganj,2019-02-01,4381.37939453125,0.3431443572044372,0.3740500207801349,35.62263107299805,0.0374050020780134,1.300584509314712,0,0
BGD,Sylhet,Sunamganj,2019-02-01,837.922119140625,0.0442294515669345,0.0290503691503883,13.442256927490234,0.0029050369150388,0.0551957013857379,0,0
BGD,Sylhet,Sylhet,2019-02-01,9107.1484375,0.516710102558136,0.3286169464334979,151.15916442871094,0.0328616946433497,1.776474988444564,0,0
BGD,Dhaka,Tangail,2019-02-01,9738.330078125,0.5655983090400696,0.5530986471450425,23.11849975585937,0.0567675166029424,1.6341174027922358,0,0
BGD,Rangpur,Thakurgaon,2019-02-01,1635.65869140625,0.1739578992128372,0.3057322450253555,6.441174030303955,0.0305732245025355,0.9432448591154656,0,0
BGD,Khulna,Bagerhat,2019-03-01,1971.8953857421875,0.1950823813676834,0.1853567393587579,78.30998992919922,0.0185356739358757,0.6998053987783135,1,0
BGD,Chattogram,Bandarban,2019-03-01,320.2030944824219,0.0138425854966044,0.2539131179744556,5.501157283782959,0.0253913117974455,0.4824349241514657,0,0
BGD,Barishal,Barguna,2019-03-01,165.17108154296875,0.026123845949769,0.2570768722738719,5.494218826293945,0.0257076872273872,0.4884460573203567,1,0
BGD,Barishal,Barisal,2019-03-01,1636.8800048828125,0.1495917588472366,0.2768936192599302,15.39415454864502,0.027689361925993,0.746318283791126,1,0
BGD,Barishal,Bhola,2019-03-01,802.2813110351561,0.0915357172489166,0.269483444990738,19.0905818939209,0.0269483444990738,0.6252931012315494,1,0
BGD,Rajshahi,Bogura,2019-03-01,5518.314453125,0.3681929409503937,0.3608744203767009,14.01426887512207,0.03608744203767,1.6089842052141932,0,0
BGD,Chattogram,Brahmanbaria,2019-03-01,5791.4326171875,0.5975601077079773,0.3629226115776172,37.51290130615234,0.0362922611577617,1.882148301499604,0,0
BGD,Chattogram,Chandpur,2019-03-01,1034.9979248046875,0.1392247676849365,0.2698475853687969,17.456987380981445,0.0269847585368796,0.741240917616975,0,0
BGD,Rajshahi,Chapainawabganj,2019-03-01,1673.7987060546875,0.1882802098989486,0.3018784148416257,9.276350021362305,0.0301878414841625,1.0889345450637518,0,0
BGD,Chattogram,Chittagong,2019-03-01,27337.71875,1.2634485960006714,0.4708702407555851,302.2656555175781,0.0470870240755585,4.90293046700252,0,0
BGD,Khulna,Chuadanga,2019-03-01,1528.3660888671875,0.2620277106761932,0.357072744831516,8.7849702835083,0.0357072744831516,1.0817592990344238,1,0
BGD,Chattogram,Cox's Bazar,2019-03-01,3510.8681640625,0.3399385511875152,0.2416490978356366,33.531436920166016,0.0241649097835636,1.455789962267514,0,0
BGD,Chattogram,Cumilla,2019-03-01,9815.0615234375,0.6279739141464233,0.5492306538361199,43.09287643432617,0.0605284598569567,2.03120823478246,0,0
BGD,Dhaka,Dhaka,2019-03-01,38562.890625,5.22496223449707,1.297093659185652,183.67713928222656,0.1480422414205129,25.25709632129752,0,0
BGD,Rangpur,Dinajpur,2019-03-01,6376.55419921875,0.3570631742477417,0.4146518868188881,19.061878204345703,0.0414651886818888,1.169977856708259,0,0
BGD,Dhaka,Faridpur,2019-03-01,2644.15673828125,0.2700606882572174,0.336174003896127,12.903751373291016,0.0336174003896127,1.2510547342100815,1,0
BGD,Chattogram,Feni,2019-03-01,3101.79541015625,0.6878456473350525,0.6053863616668332,11.88763427734375,0.0747149620614073,1.9714321336434024,0,0
BGD,Rangpur,Gaibandha,2019-03-01,2173.81591796875,0.1941388100385666,0.3228671720246595,6.530052661895752,0.0322867172024659,0.9495074952006144,0,0
BGD,Dhaka,Gazipur,2019-03-01,16572.181640625,1.838254690170288,0.7995401588236298,27.773685455322266,0.0907292040087764,8.222700656648325,0,0
BGD,Dhaka,Gopalganj,2019-03-01,778.525634765625,0.1049996837973594,0.2826392722753565,4.456937789916992,0.0282639272275356,0.7002701385785047,1,0
BGD,Sylhet,Habiganj,2019-03-01,4715.966796875,0.3562939763069153,0.3365018199544544,96.40330505371094,0.0336501819954454,1.3868824196480227,0,0
BGD,Rajshahi,Jaipurhat,2019-03-01,1571.87744140625,0.3152531385421753,0.3895286498492047,7.7320146560668945,0.0389528649849204,1.18016528690945,0,0
BGD,Mymensingh,Jamalpur,2019-03-01,2119.136962890625,0.2005433887243271,0.1224600937181527,7.305043697357178,0.0122460093718152,0.914956731232975,0,0
BGD,Khulna,Jashore,2019-03-01,4775.17041015625,0.3631729781627655,0.296733548952505,35.13530349731445,0.0296733548952504,1.250667363714423,1,0
BGD,Barishal,Jhalakati,2019-03-01,251.8311462402344,0.0698634758591651,0.26517710706274,11.616835594177246,0.026517710706274,0.5358004178676312,1,0
BGD,Khulna,Jhenaidah,2019-03-01,2006.827392578125,0.2006167769432068,0.3169556182742356,27.05886650085449,0.0316955618274235,0.9532194805420096,1,0
BGD,Chattogram,Khagrachari,2019-03-01,1212.4482421875,0.0836375877261161,0.2686855146102757,74.3819580078125,0.0268685514610275,0.6271637943026591,0,0
BGD,Khulna,Khulna,2019-03-01,3585.15576171875,0.348051518201828,0.2999350781707273,22.1909122467041,0.0299935078170727,1.7670427127286743,1,0
BGD,Dhaka,Kishoreganj,2019-03-01,3252.941162109375,0.2480202168226242,0.2512131423878452,22.780345916748047,0.0251213142387845,1.070333992823618,0,0
BGD,Rangpur,Kurigram,2019-03-01,1891.1470947265625,0.1615233868360519,0.3001008323497025,5.634835243225098,0.0300100832349702,0.9319015764717224,0,0
BGD,Khulna,Kushtia,2019-03-01,4533.0986328125,0.5400257110595703,0.4583684080733977,75.47477722167969,0.0458368408073397,1.6411181128317611,1,0
BGD,Chattogram,Lakshmipur,2019-03-01,624.9417114257812,0.1021866053342819,0.2875221354636414,3.610084772109986,0.0287522135463641,0.6906648286862797,0,0
BGD,Rangpur,Lalmonirhat,2019-03-01,3075.36181640625,0.4778014421463012,0.5178483963172225,6.706535339355469,0.052482860503137,1.573682619749246,0,0
BGD,Dhaka,Madaripur,2019-03-01,1051.0789794921875,0.188903659582138,0.2549284087088865,5.386999607086182,0.0254928408708886,0.967736380685392,1,0
BGD,Khulna,Magura,2019-03-01,770.296142578125,0.1448793113231659,0.3044721033192356,5.627974510192871,0.0304472103319235,0.7949187923988553,1,0
BGD,Dhaka,Manikganj,2019-03-01,2594.478271484375,0.3879638314247131,0.3481291542903694,12.856239318847656,0.0348129154290369,1.369598706269227,0,0
BGD,Khulna,Meherpur,2019-03-01,1401.032470703125,0.3804166615009308,0.4324461028641776,6.060803413391113,0.0432446102864177,1.3260241310117862,1,0
BGD,Sylhet,Moulvibazar,2019-03-01,3365.216552734375,0.2435096949338913,0.3312308144686824,35.870784759521484,0.0331230814468682,1.0585490492013427,0,0
BGD,Dhaka,Munshiganj,2019-03-01,3360.767333984375,0.7860499620437622,0.5522922309664593,54.13467788696289,0.057250339977588,2.8659701764267784,0,0
BGD,Mymensingh,Mymensingh,2019-03-01,9580.478515625,0.4292226135730743,0.4063942943142091,35.247589111328125,0.0406394294314209,1.4574015334029609,0,0
BGD,Rajshahi,Naogaon,2019-03-01,2412.07666015625,0.136780098080635,0.2903098269117317,7.275147438049316,0.0290309826911731,0.8151268320284171,0,0
BGD,Khulna,Narail,2019-03-01,280.5109558105469,0.0563017427921295,0.2693348626466325,2.6424341201782227,0.0269334862646632,0.5695472920220417,1,0
BGD,Dhaka,Narayanganj,2019-03-01,12509.0146484375,3.4610722064971924,1.493933393407949,54.13467788696289,0.4427753012761524,14.302982599257165,0,0
BGD,Dhaka,Narsingdi,2019-03-01,5022.70361328125,0.8716142177581787,0.6688005316497944,28.10367584228516,0.0896519207700794,2.579484228759628,0,0
BGD,Rajshahi,Natore,2019-03-01,2049.11083984375,0.2097601741552353,0.3208160084236593,6.123300075531006,0.0320816008423659,1.0508356542867752,0,0
BGD,Mymensingh,Netrakona,2019-03-01,1169.2098388671875,0.0808398276567459,0.274553023632975,10.045469284057615,0.0274553023632975,0.6288004457900045,0,0
BGD,Rangpur,Nilphamari,2019-03-01,4052.313232421875,0.4725505411624908,0.5005415058088679,14.084632873535156,0.0501294836883755,1.4581723625938152,0,0
BGD,Chattogram,Noakhali,2019-03-01,2678.58935546875,0.2153078764677047,0.2506381235861145,6.72196102142334,0.0250638123586114,0.9911606923737364,0,0
BGD,Rajshahi,Pabna,2019-03-01,5139.7529296875,0.4228528141975403,0.124290618851365,30.45591735839844,0.0124290618851365,1.7066340159838869,0,0
BGD,Rangpur,Panchagarh,2019-03-01,3241.50341796875,0.4570232033729553,0.5046251592784837,7.139741897583008,0.0508972261186923,1.4661171706848533,0,0
BGD,Chattogram,Parbattya Chattagram,2019-03-01,959.604736328125,0.0328619107604026,0.1030443668048092,31.61312294006348,0.0103044366804809,0.1957842969291375,0,0
BGD,Barishal,Patuakhali,2019-03-01,846.5684204101561,0.0734402537345886,0.2359313773688079,42.48598861694336,0.0235931377368807,0.4482696170007351,1,0
BGD,Barishal,Pirojpur,2019-03-01,272.9168395996094,0.0462270192801952,0.2621513342035695,3.461299180984497,0.0262151334203569,0.498087534986782,1,0
BGD,Dhaka,Rajbari,2019-03-01,1014.019775390625,0.1824402660131454,0.2682654505353506,6.078246116638184,0.026826545053535,0.9276302557108984,1,0
BGD,Rajshahi,Rajshahi,2019-03-01,3799.1640625,0.3095861077308655,0.3245601215061897,19.55413627624512,0.0324560121506189,1.2015059606009928,0,0
BGD,Rangpur,Rangpur,2019-03-01,5076.0,0.4244590699672699,0.4494133155823576,18.083646774291992,0.0449413315582357,1.2942709632678655,0,0
BGD,Khulna,Satkhira,2019-03-01,939.625732421875,0.0822466239333152,0.2781804331357184,5.148100852966309,0.0278180433135718,0.6458577062281772,1,0
BGD,Dhaka,Shariatpur,2019-03-01,636.8928833007812,0.1158327460289001,0.2838905768468275,7.889278411865234,0.0283890576846827,0.7661664527453523,1,0
BGD,Mymensingh,Sherpur,2019-03-01,2189.388916015625,0.3210984766483307,0.3963603914990316,7.73388671875,0.0396360391499031,1.1385209981503488,0,0
BGD,Rajshahi,Sirajganj,2019-03-01,3981.52197265625,0.3110241591930389,0.3591421958612596,71.44237518310547,0.0359142195861259,1.158628237288789,0,0
BGD,Sylhet,Sunamganj,2019-03-01,736.75341796875,0.038889292627573,0.1562582824825299,15.127530097961426,0.015625828248253,0.2968907367168069,0,0
BGD,Sylhet,Sylhet,2019-03-01,7690.818359375,0.4363521039485931,0.3173954523017077,131.11412048339844,0.0317395452301707,1.5304427304411226,0,0
BGD,Dhaka,Tangail,2019-03-01,8108.29541015625,0.4705985486507416,0.4930183614106014,20.155649185180664,0.0493018361410601,1.42917040826917,0,0
BGD,Rangpur,Thakurgaon,2019-03-01,2532.6806640625,0.2693592607975006,0.3776745994220481,7.458319187164307,0.0377674599422048,0.9836990854925318,0,0
BGD,Khulna,Bagerhat,2019-04-01,2439.6630859375,0.2413354218006134,0.0059229962951818,76.85259246826172,0.0005922996295181,0.8528719648066161,1,0
BGD,Chattogram,Bandarban,2019-04-01,445.0135498046875,0.0192382223904132,0.2557070698415806,7.985215187072754,0.025570706984158,0.485843432699003,0,0
BGD,Barishal,Barguna,2019-04-01,195.4955902099609,0.0309200417250394,0.2587236153822412,5.627740859985352,0.0258723615382241,0.4915748692262583,1,0
BGD,Barishal,Barisal,2019-04-01,1216.450927734375,0.1111704558134079,0.2696694651678478,12.249521255493164,0.0269669465167847,0.6178637371082978,1,0
BGD,Barishal,Bhola,2019-04-01,905.8216552734376,0.1033490747213363,0.2768683579385743,24.266923904418945,0.0276868357938574,0.6665138658766427,1,0
BGD,Rajshahi,Bogura,2019-04-01,6587.982421875,0.4389483034610748,0.4413731219333567,8.96440315246582,0.0441373121933356,1.631118695136471,0,0
BGD,Chattogram,Brahmanbaria,2019-04-01,5662.23046875,0.584229052066803,0.5267928122170479,23.93807983398437,0.054094264352778,1.690580529515612,0,0
BGD,Chattogram,Chandpur,2019-04-01,1057.7518310546875,0.1422995924949646,0.3032853420132717,11.008719444274902,0.0303285342013271,0.7054020929433303,0,0
BGD,Rajshahi,Chapainawabganj,2019-04-01,1914.034423828125,0.2153277695178985,0.3294914890497801,5.174166202545166,0.032949148904978,1.0367756178962633,0,0
BGD,Chattogram,Chittagong,2019-04-01,27680.52734375,1.2792919874191284,0.5155804933552034,157.4518585205078,0.0511913228827219,5.109152765491295,0,0
BGD,Khulna,Chuadanga,2019-04-01,1353.1072998046875,0.2319808155298233,0.3500658292392875,6.744022369384766,0.0350065829239287,0.9633098959223992,1,0
BGD,Chattogram,Cox's Bazar,2019-04-01,4042.11865234375,0.3913767039775848,0.3660579111285761,17.91350746154785,0.0366057911128576,1.469143213075492,0,0
BGD,Chattogram,Cumilla,2019-04-01,9793.7431640625,0.6266099810600281,0.5596659370786403,49.08178329467773,0.0628847670019132,1.9198167546457323,0,0
BGD,Dhaka,Dhaka,2019-04-01,38271.5078125,5.185487747192383,1.4842935035383429,173.64756774902344,0.2480322966176944,23.965113781344225,0,0
BGD,Rangpur,Dinajpur,2019-04-01,7060.7158203125,0.395373672246933,0.5009851019072561,14.388753890991213,0.0502654556041581,1.071117506120338,0,0
BGD,Dhaka,Faridpur,2019-04-01,3117.7216796875,0.317897081375122,0.3907884113480266,11.79441261291504,0.0390788411348026,1.1428319027913576,1,0
BGD,Chattogram,Feni,2019-04-01,2667.8125,0.5916067957878113,0.5388234149976409,12.403032302856444,0.0603122290273047,1.8382477672081547,0,0
BGD,Rangpur,Gaibandha,2019-04-01,2620.1123046875,0.2339591383934021,0.3656189584132161,5.023619651794434,0.0365618958413216,0.9033070045536848,0,0
BGD,Dhaka,Gazipur,2019-04-01,17158.376953125,1.90327787399292,0.90364032919879,25.9036808013916,0.2125418952527843,7.530763596436091,0,0
BGD,Dhaka,Gopalganj,2019-04-01,935.068603515625,0.126112625002861,0.2964620791201746,4.350890636444092,0.0296462079120174,0.7224421530381403,1,0
BGD,Sylhet,Habiganj,2019-04-01,5467.15234375,0.4130464494228363,0.336392027963688,692.813720703125,0.0336392027963688,1.3216540103539116,0,0
BGD,Rajshahi,Jaipurhat,2019-04-01,1826.2852783203125,0.3662767708301544,0.4777086646848181,6.516934394836426,0.0477708664684818,1.066866404980306,0,0
BGD,Mymensingh,Jamalpur,2019-04-01,2852.3935546875,0.2698326110839844,0.3804748802965723,7.158907413482666,0.0380474880296572,0.9640350222714392,0,0
BGD,Khulna,Jashore,2019-04-01,4215.5712890625,0.3206129670143127,0.3642361785186878,16.997112274169922,0.0364236178518687,1.1432246635701635,1,0
BGD,Barishal,Jhalakati,2019-04-01,255.661849975586,0.070926196873188,0.2692289706932164,11.474846839904783,0.0269228970693216,0.5545017543757539,1,0
BGD,Khulna,Jhenaidah,2019-04-01,1647.183837890625,0.1646642386913299,0.3097396624265317,12.304851531982422,0.0309739662426531,0.8524685286497983,1,0
BGD,Chattogram,Khagrachari,2019-04-01,684.42529296875,0.0472133010625839,0.2623191592697583,8.542293548583984,0.0262319159269758,0.4984064026125408,0,0
BGD,Khulna,Khulna,2019-04-01,4061.55419921875,0.3943009078502655,0.3165634097270378,24.0161361694336,0.0316563409727037,1.8255113766044369,1,0
BGD,Dhaka,Kishoreganj,2019-04-01,3053.083984375,0.2327821254730224,0.3350535713766465,13.796751976013184,0.0335053571376646,1.002270871164903,0,0
BGD,Rangpur,Kurigram,2019-04-01,2045.8902587890625,0.1745375990867614,0.3150043170977962,9.89964771270752,0.0315004317097796,0.8939890516782995,0,0
BGD,Khulna,Kushtia,2019-04-01,4412.00830078125,0.525600254535675,0.5135197392987834,38.41703414916992,0.0260314217175688,1.578523210501704,1,0
BGD,Chattogram,Lakshmipur,2019-04-01,529.8807373046875,0.0866428241133689,0.2829525583507323,4.231435775756836,0.0282952558350732,0.6193684508299958,0,0
BGD,Rangpur,Lalmonirhat,2019-04-01,3267.00390625,0.5075758099555969,0.5749075840736616,5.07209587097168,0.067728781505543,1.2636754566360895,0,0
BGD,Dhaka,Madaripur,2019-04-01,1055.3553466796875,0.1892736852169037,0.3262935089857009,5.951365947723389,0.03262935089857,0.8840733039773859,1,0
BGD,Khulna,Magura,2019-04-01,599.0765380859375,0.1126758828759193,0.290052172403424,5.750298500061035,0.0290052172403424,0.7114817286083908,1,0
BGD,Dhaka,Manikganj,2019-04-01,3338.883544921875,0.499072253704071,0.5556999847385059,13.206130981445312,0.0598137234229922,1.340748773021363,0,0
BGD,Khulna,Meherpur,2019-04-01,1280.8310546875,0.347778856754303,0.4405649902368806,4.4247212409973145,0.044056499023688,1.1147333410262277,1,0
BGD,Sylhet,Moulvibazar,2019-04-01,2041.072998046875,0.1476936340332031,0.2900914832375914,32.248477935791016,0.0290091483237591,0.7863140215789802,0,0
BGD,Dhaka,Munshiganj,2019-04-01,3771.65673828125,0.8821529150009155,0.6763868871779581,39.92218780517578,0.0915960660411636,2.5270772171027627,0,0
BGD,Mymensingh,Mymensingh,2019-04-01,11358.2646484375,0.5088706016540527,0.5145451916703345,27.496957778930664,0.0530323002499195,1.4125413424016602,0,0
BGD,Rajshahi,Naogaon,2019-04-01,2407.0576171875,0.1364954859018325,0.2969783424158697,6.311569213867188,0.0296978342415869,0.7762473006789445,0,0
BGD,Khulna,Narail,2019-04-01,308.7916259765625,0.0619779974222183,0.2731327425611178,2.5762779712677,0.0273132742561117,0.5751347988044165,1,0
BGD,Dhaka,Narayanganj,2019-04-01,12296.990234375,3.4024078845977783,1.6323942221080252,39.92218780517578,0.5920479688269995,13.299051054910093,0,0
BGD,Dhaka,Narsingdi,2019-04-01,4835.05419921875,0.8390504717826843,0.6528443647326009,24.91879844665528,0.0877505876767267,2.501529726116821,0,0
BGD,Rajshahi,Natore,2019-04-01,2583.7783203125,0.2644921839237213,0.3737308517213519,5.04311990737915,0.0373730851721351,0.9971332949773422,0,0
BGD,Mymensingh,Netrakona,2019-04-01,1232.0428466796875,0.0851841419935226,0.2794644929296123,9.75184631347656,0.0279464492929612,0.6265971568992474,0,0
BGD,Rangpur,Nilphamari,2019-04-01,3876.04296875,0.4519951939582824,0.5174895616465194,14.33248805999756,0.0544892042045429,1.24114910644696,0,0
BGD,Chattogram,Noakhali,2019-04-01,1674.815185546875,0.1346234381198883,0.2916983828794917,7.172024250030518,0.0291698382879491,0.7703033041344441,0,0
BGD,Rajshahi,Pabna,2019-04-01,5861.619140625,0.4820801913738251,0.1156918623381782,20.283321380615234,0.0115691862338178,1.663273707626623,0,0
BGD,Rangpur,Panchagarh,2019-04-01,1425.5262451171875,0.2009865492582321,0.3215128958415105,8.212370872497559,0.032151289584151,0.939252459264844,0,0
BGD,Chattogram,Parbattya Chattagram,2019-04-01,580.202880859375,0.0198691952973604,0.2553750089345099,5.970302581787109,0.0255375008934509,0.4852125169755688,0,0
BGD,Barishal,Patuakhali,2019-04-01,926.111389160156,0.0803406536579132,0.2636309494368613,37.51118469238281,0.0263630949436861,0.5018271880985019,1,0
BGD,Barishal,Pirojpur,2019-04-01,272.0165100097656,0.0460745170712471,0.2635184278320548,3.365781545639038,0.0263518427832054,0.5044614482961621,1,0
BGD,Dhaka,Rajbari,2019-04-01,959.4534912109376,0.1725665479898452,0.3001139578562139,4.941378116607666,0.0300113957856213,0.8741285008122517,1,0
BGD,Rajshahi,Rajshahi,2019-04-01,3685.0390625,0.3002862930297851,0.3366659565609327,15.85084056854248,0.0336665956560932,1.136015178795731,0,0
BGD,Rangpur,Rangpur,2019-04-01,6112.65283203125,0.5111448168754578,0.5431342881492255,13.736748695373535,0.0651170231993582,1.2298108021780996,0,0
BGD,Khulna,Satkhira,2019-04-01,1216.4512939453125,0.1064775139093399,0.2348240363764873,5.684081077575684,0.0234824036376487,0.6974241763262525,1,0
BGD,Dhaka,Shariatpur,2019-04-01,540.1783447265625,0.0983138680458068,0.2815498325742598,7.048118591308594,0.0281549832574259,0.6906400852381629,1,0
BGD,Mymensingh,Sherpur,2019-04-01,3085.985107421875,0.4525943696498871,0.5367220025086322,5.711015224456787,0.0594777706857947,1.1480286621572482,0,0
BGD,Rajshahi,Sirajganj,2019-04-01,5444.58935546875,0.4255369305610657,0.4730625699780332,40.39788436889648,0.0473062569978033,1.2852288719948175,0,0
BGD,Sylhet,Sunamganj,2019-04-01,776.7648315429686,0.0410012826323509,0.2610954083457637,11.849594116210938,0.0261095408345763,0.496081275856951,0,0
BGD,Sylhet,Sylhet,2019-04-01,6414.392578125,0.3639318346977234,0.3032988631549424,143.79891967773438,0.0303298863154942,1.2514788458611463,0,0
BGD,Dhaka,Tangail,2019-04-01,9165.791015625,0.5319841504096985,0.5703187577370394,17.568737030029297,0.065169983378993,1.3109343009143393,0,0
BGD,Rangpur,Thakurgaon,2019-04-01,1787.47412109375,0.190103992819786,0.3292527701319448,5.950650691986084,0.0329252770131944,0.8425233244036613,0,0
BGD,Khulna,Bagerhat,2019-05-01,2320.75537109375,0.2295955866575241,0.0138265463643291,69.38439178466797,0.0013826546364329,0.8683428259422399,1,0
BGD,Chattogram,Bandarban,2019-05-01,443.2837524414063,0.0191634409129619,0.2556247017379472,7.042568206787109,0.0255624701737947,0.4856869333020997,0,0
BGD,Barishal,Barguna,2019-05-01,131.02899169921875,0.0207238532602787,0.2556615944760798,5.07744026184082,0.0255661594476079,0.4857570295045517,1,0
BGD,Barishal,Barisal,2019-05-01,1299.4327392578125,0.118753008544445,0.2695666853730131,13.07249355316162,0.0269566685373013,0.6372666532886229,1,0
BGD,Barishal,Bhola,2019-05-01,685.9495849609375,0.0782629325985908,0.0994966109493676,17.48499298095703,0.0099496610949367,0.5460352798011571,1,0
BGD,Rajshahi,Bogura,2019-05-01,4924.4892578125,0.3276317417621612,0.3718302715401152,8.888011932373047,0.0371830271540115,1.3844331397092953,0,0
BGD,Chattogram,Brahmanbaria,2019-05-01,4193.4111328125,0.4326762557029724,0.3827976052543217,22.63142204284668,0.0382797605254321,1.6897676198247222,0,0
BGD,Chattogram,Chandpur,2019-05-01,515.6224975585938,0.0693599730730056,0.2662466122330015,13.518939971923828,0.0266246612233001,0.5446129299076627,0,0
BGD,Rajshahi,Chapainawabganj,2019-05-01,1978.989013671875,0.2226100713014602,0.3373352060251187,5.02372407913208,0.0337335206025118,1.065137001084224,0,0
BGD,Chattogram,Chittagong,2019-05-01,29524.5859375,1.3645175695419312,0.5401174884020223,199.1142425537109,0.0542675994072198,5.384569438976088,0,0
BGD,Khulna,Chuadanga,2019-05-01,1475.09716796875,0.2528951168060303,0.3688580200478776,4.6486358642578125,0.0368858020047877,0.9812282351730968,1,0
BGD,Chattogram,Cox's Bazar,2019-05-01,4049.3583984375,0.3920776844024658,0.3385521648109131,19.87416076660156,0.0338552164810913,1.4660493052758523,0,0
BGD,Chattogram,Cumilla,2019-05-01,6950.94189453125,0.4447257220745086,0.4023347650912114,38.33736801147461,0.0402334765091211,1.8346207748443948,0,0
BGD,Dhaka,Dhaka,2019-05-01,37035.078125,5.01569414138794,1.3171092445064458,142.63775634765625,0.1367852863514826,23.791110628605587,0,0
BGD,Rangpur,Dinajpur,2019-05-01,6868.0888671875,0.384587287902832,0.4607758759449067,13.78696632385254,0.0460775875944906,1.162040956851697,0,0
BGD,Dhaka,Faridpur,2019-05-01,1870.40771484375,0.1905711889266967,0.3068445570518101,11.365238189697266,0.030684455705181,1.0024252925715849,1,0
BGD,Chattogram,Feni,2019-05-01,2962.29638671875,0.65691077709198,0.5824908796710013,12.579289436340332,0.0735714026881706,1.8387509442866048,0,0
BGD,Rangpur,Gaibandha,2019-05-01,1411.038818359375,0.1259605884552002,0.2951231568077328,4.477637767791748,0.0295123156807732,0.7662063574412604,0,0
BGD,Dhaka,Gazipur,2019-05-01,15796.4208984375,1.7522040605545044,0.8403216835941585,23.210433959960938,0.095168398344891,7.24922225670943,0,0
BGD,Dhaka,Gopalganj,2019-05-01,785.6094970703125,0.1059550791978836,0.2851326981809816,5.058655738830566,0.0285132698180981,0.7012435678933843,1,0
BGD,Sylhet,Habiganj,2019-05-01,4784.4501953125,0.3614679276943207,0.3520258155564592,109.32464599609376,0.0352025815556459,1.396112545663457,0,0
BGD,Rajshahi,Jaipurhat,2019-05-01,1607.963623046875,0.3224905431270599,0.4299338589299475,4.494417190551758,0.0429933858929947,1.0570804461902203,0,0
BGD,Mymensingh,Jamalpur,2019-05-01,1897.9669189453125,0.1795281320810318,0.3218191560115257,6.436447143554688,0.0321819156011525,0.8542299351355193,0,0
BGD,Khulna,Jashore,2019-05-01,5018.255859375,0.3816607296466827,0.3864571464552578,24.463308334350582,0.0386457146455258,1.348598707198661,1,0
BGD,Barishal,Jhalakati,2019-05-01,215.45542907714844,0.0597720555961132,0.2620303232058117,12.352745056152344,0.0262030323205811,0.4978576140910423,1,0
BGD,Khulna,Jhenaidah,2019-05-01,1745.9200439453125,0.1745346188545227,0.3136143656384125,9.672941207885742,0.0313614365638412,0.8794619163371782,1,0
BGD,Chattogram,Khagrachari,2019-05-01,1172.513671875,0.0808828100562095,0.2752100800034952,6.577662467956543,0.0275210080003495,0.6549151151758797,0,0
BGD,Khulna,Khulna,2019-05-01,4481.42138671875,0.4350621402263641,0.3526366280210599,22.252586364746094,0.0352636628021059,1.8269341558849048,1,0
BGD,Dhaka,Kishoreganj,2019-05-01,1740.01123046875,0.1326670050621032,0.2862330037811452,15.66254425048828,0.0286233003781145,0.7864205826129197,0,0
BGD,Rangpur,Kurigram,2019-05-01,2586.56005859375,0.2206103205680847,0.017018804819017,4.611954689025879,0.0017018804819017,0.9709068566355192,0,0
BGD,Khulna,Kushtia,2019-05-01,2750.30419921875,0.3276423215866089,0.3464371313844611,39.74094772338867,0.0346437131384461,1.4176900611166043,1,0
BGD,Chattogram,Lakshmipur,2019-05-01,334.5074768066406,0.0546965971589088,0.2667969471272811,4.051520347595215,0.0266796947127281,0.544845049360206,0,0
BGD,Rangpur,Lalmonirhat,2019-05-01,3390.338134765625,0.5267375111579895,0.5567091777935255,7.321699619293213,0.0593223871356066,1.597887048166926,0,0
BGD,Dhaka,Madaripur,2019-05-01,632.4657592773438,0.113413505256176,0.2789304965654017,4.365810871124268,0.0278930496565401,0.7653860730268653,1,0
BGD,Khulna,Magura,2019-05-01,464.3060607910156,0.0873278975486755,0.2768467816610207,5.55131196975708,0.027684678166102,0.6824238122970125,1,0
BGD,Dhaka,Manikganj,2019-05-01,2112.1494140625,0.3155340552330017,0.1176048036490332,10.14165496826172,0.0117604803649033,1.2080461932544926,0,0
BGD,Khulna,Meherpur,2019-05-01,978.05029296875,0.2655660212039947,0.3684725687118197,5.176828384399414,0.0368472568711819,1.0316932717416618,1,0
BGD,Sylhet,Moulvibazar,2019-05-01,3678.397705078125,0.2661717236042022,0.0799078224090751,26.21769905090332,0.0079907822409075,0.9910320205196153,0,0
BGD,Dhaka,Munshiganj,2019-05-01,3107.963623046875,0.7269216775894165,0.5246085450840814,55.60310363769531,0.0529127642750064,2.706983216212953,0,0
BGD,Mymensingh,Mymensingh,2019-05-01,9171.697265625,0.4109084904193878,0.426060491853328,26.82204818725586,0.0426060491853328,1.3753451581243912,0,0
BGD,Rajshahi,Naogaon,2019-05-01,2750.31982421875,0.1559606343507766,0.3073133473139334,5.186277389526367,0.0307313347313933,0.8244950513928887,0,0
BGD,Khulna,Narail,2019-05-01,180.9814453125,0.0363250374794006,0.2622710586922319,2.7971384525299072,0.0262271058692231,0.4983150115152407,1,0
BGD,Dhaka,Narayanganj,2019-05-01,12231.96875,3.384417533874512,1.584065977455968,87.60298919677734,0.2703337562827154,13.0843861039579,0,0
BGD,Dhaka,Narsingdi,2019-05-01,3807.6884765625,0.6607667207717896,0.5245049610244685,29.1228141784668,0.0533496177835224,2.3548687868801794,0,0
BGD,Rajshahi,Natore,2019-05-01,2001.55615234375,0.2049341201782226,0.3323605581358528,4.857030391693115,0.0332360558135852,0.905860411397292,0,0
BGD,Mymensingh,Netrakona,2019-05-01,1586.82666015625,0.1097140908241272,0.0552105633069964,5.547008991241455,0.0055210563306996,0.7527541282998506,0,0
BGD,Rangpur,Nilphamari,2019-05-01,3748.642822265625,0.4371387660503387,0.503412784266616,9.678329467773438,0.0308788246326888,1.3649476095044708,0,0
BGD,Chattogram,Noakhali,2019-05-01,1480.1544189453125,0.118976391851902,0.2865003191048494,6.850773334503174,0.0286500319104849,0.7416233980129882,0,0
BGD,Rajshahi,Pabna,2019-05-01,5239.58447265625,0.4309196472167969,0.263994575722235,41.09693145751953,0.0263994575722235,2.033318760002256,0,0
BGD,Rangpur,Panchagarh,2019-05-01,2686.48486328125,0.3787705302238464,0.453040305554914,11.587717056274414,0.0453040305554914,1.2168683845731778,0,0
BGD,Chattogram,Parbattya Chattagram,2019-05-01,1033.0897216796875,0.0353784225881099,0.1016872344159576,4.108440399169922,0.0101687234415957,0.1932057453903195,0,0
BGD,Barishal,Patuakhali,2019-05-01,770.37939453125,0.0668308213353157,0.258899701172135,40.428321838378906,0.0258899701172135,0.4919094322270566,1,0
BGD,Barishal,Pirojpur,2019-05-01,231.61785888671875,0.0392317399382591,0.2616035320827257,2.626687526702881,0.0261603532082725,0.4970467109571789,1,0
BGD,Dhaka,Rajbari,2019-05-01,516.48876953125,0.0928491353988647,0.2803509313644258,4.070025444030762,0.0280350931364425,0.6869518324564086,1,0
BGD,Rajshahi,Rajshahi,2019-05-01,3466.275634765625,0.2824597060680389,0.3190066568992817,16.8420467376709,0.0319006656899281,1.0866953270913062,0,0
BGD,Rangpur,Rangpur,2019-05-01,4682.8701171875,0.3915852606296539,0.4262342124335564,12.46462631225586,0.0426234212433556,1.3212571719718056,0,0
BGD,Khulna,Satkhira,2019-05-01,1502.1171875,0.1314822137355804,0.3021423860856826,6.5858306884765625,0.0302142386085682,0.7392655390190132,1,0
BGD,Dhaka,Shariatpur,2019-05-01,425.6307067871094,0.0774095430970192,0.2693334204452809,7.03389310836792,0.026933342044528,0.6044962136916756,1,0
BGD,Mymensingh,Sherpur,2019-05-01,1803.1719970703125,0.2644554376602173,0.3707851270405732,5.534716606140137,0.0370785127040573,0.9791235850442414,0,0
BGD,Rajshahi,Sirajganj,2019-05-01,3959.60693359375,0.3090949058532715,0.368668237165668,48.233009338378906,0.0368668237165668,1.177890201369962,0,0
BGD,Sylhet,Sunamganj,2019-05-01,1980.2894287109373,0.1045289412140846,0.0151887269410112,8.66637134552002,0.0015188726941011,0.7925858026204621,0,0
BGD,Sylhet,Sylhet,2019-05-01,8634.390625,0.4898873269557953,0.2640580523281618,132.0933837890625,0.0264058052328161,1.7091424698088449,0,0
BGD,Dhaka,Tangail,2019-05-01,7350.28271484375,0.426604151725769,0.4991657944249345,17.497079849243164,0.0499165794424934,1.2667880009426802,0,0
BGD,Rangpur,Thakurgaon,2019-05-01,2900.484375,0.308476448059082,0.4438054093766003,5.087803840637207,0.04438054093766,0.9063726965292292,0,0
BGD,Khulna,Bagerhat,2019-06-01,2709.830078125,0.2681013643741607,0.1517654484236092,118.86294555664062,0.0151765448423609,0.8560053424449168,1,0
BGD,Chattogram,Bandarban,2019-06-01,332.8233337402344,0.0143881663680076,0.2539144047997373,5.896611213684082,0.0253914404799737,0.482437369119501,0,0
BGD,Barishal,Barguna,2019-06-01,147.09805297851562,0.0232690535485744,0.1449149035123645,4.425073623657227,0.0144914903512364,0.2753383166734926,1,0
BGD,Barishal,Barisal,2019-06-01,1795.86181640625,0.1641208380460739,0.2819289890721492,16.40839385986328,0.0281928989072149,0.8043759325683659,1,0
BGD,Barishal,Bhola,2019-06-01,953.787841796875,0.1088466942310333,0.0801367200327077,22.469417572021484,0.0080136720032707,0.6672053234398152,1,0
BGD,Rajshahi,Bogura,2019-06-01,6066.7119140625,0.4036251008510589,0.3862358025821892,16.522706985473633,0.0386235802582189,1.600334453270856,0,0
BGD,Chattogram,Brahmanbaria,2019-06-01,6661.845703125,0.6875821948051453,0.4924632116020486,29.00554847717285,0.0492463211602048,2.617546472054481,0,0
BGD,Chattogram,Chandpur,2019-06-01,944.1937255859376,0.1270100623369217,0.2889028370760699,10.79926586151123,0.0288902837076069,0.65336351458477,0,0
BGD,Rajshahi,Chapainawabganj,2019-06-01,1663.8880615234375,0.1871653944253921,0.3161362200498744,8.210533142089844,0.0316136220049874,0.9331610095547256,0,0
BGD,Chattogram,Chittagong,2019-06-01,33622.71484375,1.5539180040359497,0.5113709977677788,206.41796875,0.033839396883374,6.811271937562436,0,0
BGD,Khulna,Chuadanga,2019-06-01,1451.15283203125,0.2487900406122207,0.363547059955161,5.1518096923828125,0.036354705995516,0.9782155117139388,1,0
BGD,Chattogram,Cox's Bazar,2019-06-01,3067.572509765625,0.2973661124706268,0.2027782768874223,27.774917602539062,0.0202778276887422,1.0886896318191264,0,0
BGD,Chattogram,Cumilla,2019-06-01,7055.7431640625,0.4514309763908386,0.3816420216328592,84.26496887207031,0.0381642021632859,2.053561641641632,0,0
BGD,Dhaka,Dhaka,2019-06-01,35259.58203125,4.775237083435059,1.11498120779712,110.2734375,0.117556266557207,22.34751773737091,0,0
BGD,Rangpur,Dinajpur,2019-06-01,3923.163330078125,0.2196824699640274,0.3387769264620904,13.799206733703612,0.033877692646209,0.9246662991877656,0,0
BGD,Dhaka,Faridpur,2019-06-01,2042.6649169921875,0.2081220597028732,0.3289865002705326,9.1881742477417,0.0328986500270532,0.9171508023805148,1,0
BGD,Chattogram,Feni,2019-06-01,1984.0106201171875,0.4399687647819519,0.4158296787107093,13.445523262023926,0.0415829678710709,1.625467851783602,0,0
BGD,Rangpur,Gaibandha,2019-06-01,3157.638916015625,0.2818760573863983,0.021235361880126,16.008798599243164,0.0021235361880126,1.623493097876374,0,0
BGD,Dhaka,Gazipur,2019-06-01,17709.095703125,1.9645837545394893,0.8969861895703573,27.51188087463379,0.1788563912194302,7.1661933415977055,0,0
BGD,Dhaka,Gopalganj,2019-06-01,1005.0638427734376,0.1355528682470321,0.3007919522564336,6.138427734375,0.0300791952256433,0.7607477256624328,1,0
BGD,Sylhet,Habiganj,2019-06-01,7067.70361328125,0.5340900421142578,0.3632332843657773,552.697998046875,0.0363233284365777,1.5661379677700784,0,0
BGD,Rajshahi,Jaipurhat,2019-06-01,860.829345703125,0.1726465076208114,0.3186553409114174,4.6170806884765625,0.0318655340911417,0.8796190770116603,0,0
BGD,Mymensingh,Jamalpur,2019-06-01,616.0563354492188,0.058278102427721,0.2662582528354199,75.9985580444336,0.0266258252835419,0.5414189193160438,0,0
BGD,Khulna,Jashore,2019-06-01,4725.11279296875,0.3593658804893493,0.3455792417912022,24.47150993347168,0.0345579241791202,1.2053149508497951,1,0
BGD,Barishal,Jhalakati,2019-06-01,391.5106506347656,0.1086136326193809,0.284188948398432,10.513468742370604,0.0284188948398432,0.6789874673630599,1,0
BGD,Khulna,Jhenaidah,2019-06-01,1692.028564453125,0.1691472381353378,0.2804032187113446,8.48747444152832,0.0280403218711344,0.8487762910834786,1,0
BGD,Chattogram,Khagrachari,2019-06-01,1157.8543701171875,0.0798715725541114,0.2772905816054915,8.181167602539062,0.0277290581605491,0.6428696648801253,0,0
BGD,Khulna,Khulna,2019-06-01,3990.549072265625,0.3874315321445465,0.3273383098110488,23.42782211303711,0.0327338309811048,1.708834714222081,1,0
BGD,Dhaka,Kishoreganj,2019-06-01,1774.91552734375,0.1354315429925918,0.284955932374362,24.7934684753418,0.0284955932374362,0.7550930569384237,0,0
BGD,Rangpur,Kurigram,2019-06-01,2703.046875,0.2305259257555008,0.102731943407165,79.95057678222656,0.0102731943407165,0.6861599928189321,0,0
BGD,Khulna,Kushtia,2019-06-01,4209.10595703125,0.5015481114387512,0.4594176585246384,46.39841842651367,0.0459417658524638,1.5479862528848598,1,0
BGD,Chattogram,Lakshmipur,2019-06-01,389.2625122070313,0.0636498034000396,0.2702926140346547,5.225656986236572,0.0270292614034654,0.5561166449249301,0,0
BGD,Rangpur,Lalmonirhat,2019-06-01,3054.8642578125,0.4746168553829193,0.5630443985846763,4.425095081329346,0.0586157120981706,1.2417474137331326,0,0
BGD,Dhaka,Madaripur,2019-06-01,693.7222290039064,0.1244116649031639,0.2798955574566712,4.998970031738281,0.0279895557456671,0.7809064742259066,1,0
BGD,Khulna,Magura,2019-06-01,459.9473876953125,0.086508110165596,0.2780577201020871,4.775192737579346,0.0278057720102087,0.6340756358213758,1,0
BGD,Dhaka,Manikganj,2019-06-01,2579.668701171875,0.3853767812252044,0.4535270834977475,10.58558177947998,0.0453527083497747,1.217375868471308,0,0
BGD,Khulna,Meherpur,2019-06-01,824.6491088867188,0.223913624882698,0.3497930198545957,5.004917144775391,0.0349793019854595,0.9354490908526976,1,0
BGD,Sylhet,Moulvibazar,2019-06-01,2954.66845703125,0.2151155471801757,0.3249817187854522,29.712787628173828,0.0324981718785452,0.8623848039820117,0,0
BGD,Dhaka,Munshiganj,2019-06-01,4664.34765625,1.0911996364593506,0.6315710166070851,50.65540313720703,0.0731025337604357,4.256902647750597,0,0
BGD,Mymensingh,Mymensingh,2019-06-01,5844.1103515625,0.2618266344070434,0.3182691220834577,22.77729797363281,0.0318269122083457,1.2137846672093249,0,0
BGD,Rajshahi,Naogaon,2019-06-01,2051.6220703125,0.1163400262594223,0.2905298406741744,5.705209255218506,0.0290529840674174,0.7186668982664585,0,0
BGD,Khulna,Narail,2019-06-01,328.786865234375,0.0659912675619125,0.2751989756143438,3.0453267097473145,0.0275198975614343,0.580454114450427,1,0
BGD,Dhaka,Narayanganj,2019-06-01,17173.228515625,4.751595973968506,2.2068516486504666,110.2734375,0.5416963536793323,17.51570851793252,0,0
BGD,Dhaka,Narsingdi,2019-06-01,4623.0,0.8022516965866089,0.6090262725188577,31.91111946105957,0.0768523097689245,2.8050535774770755,0,0
BGD,Rajshahi,Natore,2019-06-01,3266.55126953125,0.3343852162361145,0.4408353162870621,5.242718696594238,0.0440835316287062,1.0189644913724845,0,0
BGD,Mymensingh,Netrakona,2019-06-01,1104.5667724609375,0.0763703733682632,0.0090551654141812,7.1742682456970215,0.0009055165414181,0.7020500335943526,0,0
BGD,Rangpur,Nilphamari,2019-06-01,3692.502685546875,0.4305921196937561,0.5233300769069231,13.659016609191896,0.056633463082269,1.0368886938655013,0,0
BGD,Chattogram,Noakhali,2019-06-01,1147.721923828125,0.09229576587677,0.0804786893489312,6.94388484954834,0.0080478689348931,0.6702427326153253,0,0
BGD,Rajshahi,Pabna,2019-06-01,6408.44091796875,0.5270500183105469,0.489192511581891,33.267417907714844,0.0489192511581891,1.8359425836121928,0,0
BGD,Rangpur,Panchagarh,2019-06-01,3513.965087890625,0.495437890291214,0.5047935677593728,11.029692649841309,0.0511226425887176,1.947915522040624,0,0
BGD,Chattogram,Parbattya Chattagram,2019-06-01,956.3905029296876,0.0327866449952125,0.001515375383403,9.169951438903809,0.0001515375383403,0.0028792132284658,0,0
BGD,Barishal,Patuakhali,2019-06-01,993.901123046875,0.0862231999635696,0.1997607872910991,46.24667739868164,0.0199760787291099,0.3795454958530884,1,0
BGD,Barishal,Pirojpur,2019-06-01,346.4427185058594,0.0586809292435646,0.1554648024499577,2.7681422233581543,0.0155464802449957,0.5592520260415269,1,0
BGD,Dhaka,Rajbari,2019-06-01,480.7365417480469,0.0864219591021537,0.1961205351797519,3.8406193256378174,0.0196120535179751,0.6542189189123511,1,0
BGD,Rajshahi,Rajshahi,2019-06-01,5020.076171875,0.4090757071971893,0.4144105525763555,16.674610137939453,0.0414410552576355,1.2511297760914168,0,0
BGD,Rangpur,Rangpur,2019-06-01,2150.19677734375,0.1798011362552642,0.3023668116209185,23.17510414123535,0.0302366811620918,0.8020592711003914,0,0
BGD,Khulna,Satkhira,2019-06-01,1269.8531494140625,0.1111518442630767,0.2940084000624925,4.5589141845703125,0.0294008400062492,0.710642750743776,1,0
BGD,Dhaka,Shariatpur,2019-06-01,907.3165283203124,0.16501384973526,0.3138433709201408,5.956977844238281,0.031384337092014,0.776146451291764,1,0
BGD,Mymensingh,Sherpur,2019-06-01,850.7374877929686,0.1247702091932296,0.2974961099364156,4.811803340911865,0.0297496109936415,0.7198329671944634,0,0
BGD,Rajshahi,Sirajganj,2019-06-01,5093.40380859375,0.3976013958454132,0.359731259426618,57.89784240722656,0.0359731259426618,1.2972879716610732,0,0
BGD,Sylhet,Sunamganj,2019-06-01,907.6891479492188,0.047924730926752,0.0959687708592338,14.989904403686523,0.0095968770859233,0.1823406646325443,0,0
BGD,Sylhet,Sylhet,2019-06-01,6982.0556640625,0.4047761559486389,0.0633039920674712,133.25575256347656,0.0063303992067471,1.3362949931933454,0,0
BGD,Dhaka,Tangail,2019-06-01,5417.83740234375,0.3144466578960418,0.2991867689647611,20.58613586425781,0.0299186768964761,1.1300035095362857,0,0
BGD,Rangpur,Thakurgaon,2019-06-01,1832.13671875,0.1948540061712265,0.3331056320082796,12.008819580078123,0.0333105632008279,0.7898048184222544,0,0
BGD,Khulna,Bagerhat,2019-07-01,2244.2919921875,0.2228175103664398,0.1535394780612566,96.17664337158205,0.0153539478061256,0.7578796709684886,1,0
BGD,Chattogram,Bandarban,2019-07-01,592.3079223632812,0.0308942999690771,0.2584375327309327,6.5934648513793945,0.0258437532730932,0.491031312188772,0,0
BGD,Barishal,Barguna,2019-07-01,146.0888671875,0.0231360904872417,0.2557878606920744,4.585581302642822,0.0255787860692074,0.4859969353149413,1,0
BGD,Barishal,Barisal,2019-07-01,2482.912109375,0.2276189625263214,0.0177263415265005,13.848090171813965,0.00177263415265,1.1815370887145555,1,0
BGD,Barishal,Bhola,2019-07-01,2023.8607177734373,0.2318974435329437,0.0142985354443982,28.20443344116211,0.0014298535444398,1.177664568355261,1,0
BGD,Rajshahi,Bogura,2019-07-01,2443.557861328125,0.1630064249038696,0.286124854058239,10.20201015472412,0.0286124854058239,0.9227578999716968,0,0
BGD,Chattogram,Brahmanbaria,2019-07-01,4310.23828125,0.4451046586036682,0.1041491952515851,28.74077415466309,0.0104149195251585,1.6136930846311848,0,0
BGD,Chattogram,Chandpur,2019-07-01,1292.16943359375,0.174713596701622,0.3094683781023324,10.877985000610352,0.0309468378102332,0.9191098797836312,0,0
BGD,Rajshahi,Chapainawabganj,2019-07-01,929.0614624023436,0.104704700410366,0.1759022380427847,5.324362754821777,0.0175902238042784,0.7427488492529438,0,0
BGD,Chattogram,Chittagong,2019-07-01,29604.37890625,1.373803734779358,0.2164395994672359,206.922103881836,0.0216439599467235,5.643665076099033,0,0
BGD,Khulna,Chuadanga,2019-07-01,167.53123474121094,0.0287220627069473,0.2600424617467953,6.5537190437316895,0.0260042461746795,0.4940806773189111,1,0
BGD,Chattogram,Cox's Bazar,2019-07-01,1890.2139892578125,0.2218216508626938,0.0543741292223608,26.16931915283203,0.005437412922236,0.8976642113375054,0,0
BGD,Chattogram,Cumilla,2019-07-01,8056.73876953125,0.5155855417251587,0.3953409244866093,138.0706024169922,0.0395340924486609,2.144053025301165,0,0
BGD,Dhaka,Dhaka,2019-07-01,33380.8515625,4.71148681640625,0.6486321842958398,96.5079574584961,0.0532380848359006,22.57131322754138,0,0
BGD,Rangpur,Dinajpur,2019-07-01,2566.79052734375,0.1437306702136993,0.2940368802997026,27.14697265625,0.0294036880299702,0.7756117416686261,0,0
BGD,Dhaka,Faridpur,2019-07-01,879.8114624023436,0.0909725278615951,0.2653376571516826,24.132104873657227,0.0265337657151682,0.5356203596949016,1,0
BGD,Chattogram,Feni,2019-07-01,2087.11767578125,0.4628335237503052,0.1540469492380539,11.911760330200195,0.0154046949238053,1.7123708781737947,0,0
BGD,Rangpur,Gaibandha,2019-07-01,692.307373046875,0.0618639923632144,0.0528507260278156,8.190354347229004,0.0052850726027815,0.5812647608048771,0,0
BGD,Dhaka,Gazipur,2019-07-01,10643.0537109375,1.233958125114441,0.3826393014257483,41.49559783935547,0.0382639301425748,6.853512189815283,0,0
BGD,Dhaka,Gopalganj,2019-07-01,701.6136474609375,0.0946279615163803,0.2751450683467181,6.800065517425537,0.0275145068346718,0.6059096062881814,1,0
BGD,Sylhet,Habiganj,2019-07-01,4573.72216796875,0.3457925915718078,0.0372267157610271,323.8865661621094,0.0037226715761027,1.350935493587999,0,0
BGD,Rajshahi,Jaipurhat,2019-07-01,587.1272583007812,0.1177532747387886,0.2840571284976129,9.005239486694336,0.0284057128497612,0.7401480670325329,0,0
BGD,Mymensingh,Jamalpur,2019-07-01,446.760986328125,0.0423229001462459,0.0593475928863833,6.18707799911499,0.0059347592886383,0.1127604264841284,0,0
BGD,Khulna,Jashore,2019-07-01,2040.581787109375,0.155195340514183,0.2790843566228085,32.70955276489258,0.0279084356622808,0.7180397519446554,1,0
BGD,Barishal,Jhalakati,2019-07-01,365.1482543945313,0.1013001278042793,0.277484394480072,15.485600471496582,0.0277484394480072,0.7052760351220758,1,0
BGD,Khulna,Jhenaidah,2019-07-01,381.9134521484375,0.0381787903606891,0.2568036254356104,8.479019165039062,0.025680362543561,0.4879268883276597,1,0
BGD,Chattogram,Khagrachari,2019-07-01,1060.0721435546875,0.0731263235211372,0.1647715381536974,5.562441825866699,0.0164771538153697,0.6468029787065913,0,0
BGD,Khulna,Khulna,2019-07-01,3974.73486328125,0.3867330253124237,0.0452669871041447,29.75946044921875,0.0045266987104144,1.9934432468210823,1,0
BGD,Dhaka,Kishoreganj,2019-07-01,975.2048950195312,0.0745013877749443,0.0279695985031152,24.7934684753418,0.0027969598503115,0.5514107024524934,0,0
BGD,Rangpur,Kurigram,2019-07-01,537.1889038085938,0.046136662364006,0.1048939664892929,10.164918899536133,0.0104893966489292,0.1992985363296565,0,0
BGD,Khulna,Kushtia,2019-07-01,1154.971923828125,0.137819305062294,0.2660670522724284,28.843807220458984,0.0266067052272428,0.6085223439484961,1,0
BGD,Chattogram,Lakshmipur,2019-07-01,1207.347900390625,0.1979466527700424,0.0122331992868848,4.4498491287231445,0.0012233199286884,1.027115196412687,0,0
BGD,Rangpur,Lalmonirhat,2019-07-01,1088.657470703125,0.1767531633377075,0.3012103919235247,9.028141975402832,0.0301210391923524,1.1107962620312986,0,0
BGD,Dhaka,Madaripur,2019-07-01,817.5116577148436,0.1472952961921692,0.2928240152634653,5.745748519897461,0.0292824015263465,0.7476358475090882,1,0
BGD,Khulna,Magura,2019-07-01,116.72359466552734,0.0219536796212196,0.255454319270572,4.616145610809326,0.0255454319270572,0.4853632066140869,1,0
BGD,Dhaka,Manikganj,2019-07-01,743.725830078125,0.1121710166335105,0.2721755193748117,15.91405963897705,0.0272175519374811,0.6644901499066267,0,0
BGD,Khulna,Meherpur,2019-07-01,206.31138610839844,0.0560188926756382,0.2657189806246348,6.317869663238525,0.0265718980624634,0.5426498252364261,1,0
BGD,Sylhet,Moulvibazar,2019-07-01,2724.993408203125,0.1978341192007064,0.0440152914468709,33.45548629760742,0.004401529144687,0.96512762461418,0,0
BGD,Dhaka,Munshiganj,2019-07-01,4169.052734375,1.0227289199829102,0.5861118961832185,61.39295196533203,0.0615838256173556,4.463308719993409,0,0
BGD,Mymensingh,Mymensingh,2019-07-01,3156.06689453125,0.1415501683950424,0.269819542876357,37.66328811645508,0.0269819542876357,0.652500013829701,0,0
BGD,Rajshahi,Naogaon,2019-07-01,1542.9410400390625,0.0875740349292755,0.0913130078879992,5.580187797546387,0.0091313007887999,0.6476749908981002,0,0
BGD,Khulna,Narail,2019-07-01,143.70716857910156,0.0288436654955148,0.2591910471961549,3.8498706817626953,0.0259191047196154,0.4924629896726941,1,0
BGD,Dhaka,Narayanganj,2019-07-01,13069.544921875,3.72230863571167,1.257971050430047,61.71192169189453,0.0770608951113651,14.600481744079904,0,0
BGD,Dhaka,Narsingdi,2019-07-01,1979.2249755859373,0.344635009765625,0.2893520486334748,41.49559783935547,0.0289352048633474,1.726378290652176,0,0
BGD,Rajshahi,Natore,2019-07-01,542.276611328125,0.0555506274104118,0.261065578033044,10.513385772705078,0.0261065578033043,0.4960245982627835,0,0
BGD,Mymensingh,Netrakona,2019-07-01,947.3697509765624,0.0660096257925033,0.0119255148250878,9.259934425354004,0.0011925514825087,0.5481774262905779,0,0
BGD,Rangpur,Nilphamari,2019-07-01,2126.4228515625,0.2496069222688675,0.3341986660927601,13.659016609191896,0.033419866609276,1.110819156123811,0,0
BGD,Chattogram,Noakhali,2019-07-01,1624.4952392578125,0.1311501860618591,0.0440969950066091,12.010756492614746,0.0044096995006609,0.8280030126041138,0,0
BGD,Rajshahi,Pabna,2019-07-01,2280.7763671875,0.187798410654068,0.2685687536570666,51.84858703613281,0.0268568753657066,0.718059929416625,0,0
BGD,Rangpur,Panchagarh,2019-07-01,2164.09130859375,0.3087581694126129,0.4014779935490856,6.601058483123779,0.0401477993549085,1.1083410105068998,0,0
BGD,Chattogram,Parbattya Chattagram,2019-07-01,907.234619140625,0.0312671735882759,0.0414382820466222,5.596983432769775,0.0041438282046622,0.0787327358885821,0,0
BGD,Barishal,Patuakhali,2019-07-01,1799.5775146484375,0.1562235951423645,0.027756227775653,46.653751373291016,0.0027756227775653,0.8120398891506393,1,0
BGD,Barishal,Pirojpur,2019-07-01,137.06617736816406,0.023216450586915,0.0579879152047513,2.5313756465911865,0.0057987915204751,0.1101770388890275,1,0
BGD,Dhaka,Rajbari,2019-07-01,133.84815979003906,0.0242926180362701,0.2548663981285967,8.731986045837402,0.0254866398128596,0.4842461564443338,1,0
BGD,Rajshahi,Rajshahi,2019-07-01,1751.9329833984375,0.1427846997976303,0.2689070225628076,15.11562156677246,0.0268907022562807,0.6243004570776143,0,0
BGD,Rangpur,Rangpur,2019-07-01,1668.7694091796875,0.1395438015460968,0.2809265443346588,21.836444854736328,0.0280926544334658,0.7435079805431666,0,0
BGD,Khulna,Satkhira,2019-07-01,1086.7259521484375,0.095141053199768,0.2827353509782584,9.24510383605957,0.0282735350978258,0.6395445649118626,1,0
BGD,Dhaka,Shariatpur,2019-07-01,555.5349731445312,0.1018146574497222,0.2743350593968359,14.359902381896973,0.0274335059396835,0.6016747305393748,1,0
BGD,Mymensingh,Sherpur,2019-07-01,764.0692749023436,0.1121593937277793,0.2861384340683853,5.095644474029541,0.0286138434068385,0.7821221928907952,0,0
BGD,Rajshahi,Sirajganj,2019-07-01,1806.5654296875,0.14138925075531,0.2743470335444698,59.79323196411133,0.0274347033544469,0.6754114940608317,0,0
BGD,Sylhet,Sunamganj,2019-07-01,1891.1153564453125,0.0999338775873184,0.0073416692281284,13.99584674835205,0.0007341669228128,0.8569222805515063,0,0
BGD,Sylhet,Sylhet,2019-07-01,6860.62939453125,0.3919927477836609,0.0716068831148898,110.53438568115234,0.0071606883114889,1.9606732662540176,0,0
BGD,Dhaka,Tangail,2019-07-01,1993.804443359375,0.1158863231539726,0.2686282625951736,24.504779815673828,0.0268628262595173,0.6198358976588776,0,0
BGD,Rangpur,Thakurgaon,2019-07-01,1933.681396484375,0.2056536376476287,0.3280608348922438,6.416419506072998,0.0328060834892243,1.086854404469974,0,0
BGD,Khulna,Bagerhat,2019-08-01,1535.3665771484375,0.1519252210855484,0.2691826333322169,53.15609359741211,0.0269182633332216,0.6068277651644297,1,0
BGD,Chattogram,Bandarban,2019-08-01,368.3966064453125,0.0159260220825672,0.2545267616838084,8.100788116455078,0.0254526761683808,0.4836008471992359,0,0
BGD,Barishal,Barguna,2019-08-01,96.80856323242188,0.0153138916939497,0.2536637395091285,4.366136074066162,0.0253663739509128,0.4819611050673443,1,0
BGD,Barishal,Barisal,2019-08-01,1091.75048828125,0.0998211428523063,0.1176462172752832,15.098153114318848,0.0117646217275283,0.5649988689298926,1,0
BGD,Barishal,Bhola,2019-08-01,572.0833129882812,0.0661045089364051,0.0052344936341672,28.805858612060547,0.0005234493634167,0.0099455379049177,1,0
BGD,Rajshahi,Bogura,2019-08-01,3090.255859375,0.2057213485240936,0.3042978759121902,7.206902027130127,0.030429787591219,1.097832887538737,0,0
BGD,Chattogram,Brahmanbaria,2019-08-01,3735.837890625,0.3856771290302276,0.3835277304759389,22.323619842529297,0.0383527730475938,1.3610709106379733,0,0
BGD,Chattogram,Chandpur,2019-08-01,747.4817504882812,0.1005882620811462,0.2790015050861605,11.124460220336914,0.027900150508616,0.6465886789642247,0,0
BGD,Rajshahi,Chapainawabganj,2019-08-01,1063.6329345703125,0.1196446269750595,0.2861665622153099,7.302775382995605,0.0286166562215309,0.7881473651854438,0,0
BGD,Chattogram,Chittagong,2019-08-01,27393.732421875,1.266063570976257,0.3185126675087483,205.9078369140625,0.0318512667508748,5.786875283309262,0,0
BGD,Khulna,Chuadanga,2019-08-01,676.5030517578125,0.1159817352890968,0.2855320729168746,6.5843610763549805,0.0285532072916874,0.7745755400878871,1,0
BGD,Chattogram,Cox's Bazar,2019-08-01,2778.794189453125,0.2704078257083893,0.0628633911237583,27.507545471191406,0.0062863391123758,1.2591351983594958,0,0
BGD,Chattogram,Cumilla,2019-08-01,7300.01708984375,0.4670597910881042,0.4448618711981824,81.03327941894531,0.0444861871198182,1.7244043956141917,0,0
BGD,Dhaka,Dhaka,2019-08-01,33797.36328125,4.577207565307617,1.0229518902904795,116.12937927246094,0.1041661499039404,22.821905559842257,0,0
BGD,Rangpur,Dinajpur,2019-08-01,2989.467529296875,0.1673990041017532,0.2997086165506534,21.164039611816406,0.0299708616550653,0.8648003587880593,0,0
BGD,Dhaka,Faridpur,2019-08-01,1677.4461669921875,0.1709885448217392,0.227438484734769,45.2734260559082,0.0227438484734769,0.8863525434893682,1,0
BGD,Chattogram,Feni,2019-08-01,1533.7838134765625,0.3401277065277099,0.3724289950993897,14.278267860412598,0.0372428995099389,1.462507752131928,0,0
BGD,Rangpur,Gaibandha,2019-08-01,891.7393798828125,0.0796108841896057,0.2765045429549422,8.07655143737793,0.0276504542954942,0.6326133805022589,0,0
BGD,Dhaka,Gazipur,2019-08-01,12808.3896484375,1.4207593202590942,0.643136600743211,27.999732971191406,0.0728169744574706,6.3881926405478255,0,0
BGD,Dhaka,Gopalganj,2019-08-01,589.2439575195312,0.0794712826609611,0.2196887445337492,10.814269065856934,0.0219688744533749,0.622158105693477,1,0
BGD,Sylhet,Habiganj,2019-08-01,3774.572265625,0.2851710617542267,0.3234501184483052,111.06555938720705,0.0323450118448305,1.0899836315268712,0,0
BGD,Rajshahi,Jaipurhat,2019-08-01,763.40478515625,0.1531072109937667,0.304310630968609,10.31772518157959,0.0304310630968609,0.7777407408637101,0,0
BGD,Mymensingh,Jamalpur,2019-08-01,1155.4429931640625,0.1092930138111114,0.2862290528880075,8.66659927368164,0.0286229052888007,0.6648361284069101,0,0
BGD,Khulna,Jashore,2019-08-01,2588.29345703125,0.1968512535095214,0.296529472795919,16.891740798950195,0.0296529472795919,0.9283149152662395,1,0
BGD,Barishal,Jhalakati,2019-08-01,176.84414672851562,0.0490604415535926,0.2602893313873373,10.34723663330078,0.0260289331387337,0.4945497296359409,1,0
BGD,Khulna,Jhenaidah,2019-08-01,909.1911010742188,0.0908892229199409,0.2755122735477029,19.261598587036133,0.0275512273547702,0.6461030609258865,1,0
BGD,Chattogram,Khagrachari,2019-08-01,376.6109313964844,0.0259795263409614,0.2574454065276724,7.986833095550537,0.0257445406527672,0.4891462724025775,0,0
BGD,Khulna,Khulna,2019-08-01,2503.029296875,0.2431904226541519,0.1806884199958303,23.802318572998047,0.018068841999583,1.330600522030553,1,0
BGD,Dhaka,Kishoreganj,2019-08-01,1770.5826416015625,0.1351488977670669,0.228827715732798,10.655366897583008,0.0228827715732798,0.7658351852570834,0,0
BGD,Rangpur,Kurigram,2019-08-01,784.9500122070312,0.0669434666633606,0.0093445828755523,9.345620155334473,0.0009344582875552,0.5971819017385763,0,0
BGD,Khulna,Kushtia,2019-08-01,2597.185791015625,0.3094013929367065,0.3396861424463988,53.52172470092773,0.0339686142446398,1.2220047217017391,1,0
BGD,Chattogram,Lakshmipur,2019-08-01,307.2753601074219,0.0504463054239749,0.0572276899781648,2.9422261714935303,0.0057227689978164,0.5180492467720537,0,0
BGD,Rangpur,Lalmonirhat,2019-08-01,1388.376708984375,0.2157041877508163,0.325152153742411,11.67546558380127,0.0325152153742411,0.9545232625922124,0,0
BGD,Dhaka,Madaripur,2019-08-01,537.98486328125,0.0965655520558357,0.1419977434667423,3.9146921634674072,0.0141997743466742,0.7359249186882096,1,0
BGD,Khulna,Magura,2019-08-01,415.5642395019531,0.0781604126095771,0.2752762986751572,4.4074296951293945,0.0275276298675157,0.6298654671606081,1,0
BGD,Dhaka,Manikganj,2019-08-01,1428.9510498046875,0.2135667502880096,0.3290158410305213,11.9241361618042,0.0329015841030521,0.959775519544742,0,0
BGD,Khulna,Meherpur,2019-08-01,515.0942993164064,0.1398614645004272,0.2979166449397815,5.23881196975708,0.0297916644939781,0.8167341971638497,1,0
BGD,Sylhet,Moulvibazar,2019-08-01,2420.85595703125,0.1752511113882064,0.3120872870715283,22.548812866210938,0.0312087287071528,0.8452846072814933,0,0
BGD,Dhaka,Munshiganj,2019-08-01,3078.984130859375,0.7201436758041382,0.5676115803202884,51.94138717651367,0.0463971830130937,2.429449700993917,0,0
BGD,Mymensingh,Mymensingh,2019-08-01,5909.6484375,0.2647628486156463,0.3347326290690263,31.19953155517578,0.0334732629069026,1.004660679075755,0,0
BGD,Rajshahi,Naogaon,2019-08-01,1256.2864990234375,0.0712394416332244,0.2710068085781754,8.653594970703125,0.0271006808578175,0.615093558926949,0,0
BGD,Khulna,Narail,2019-08-01,176.21730041503906,0.0353688187897205,0.2088639171407673,3.1149168014526367,0.0208863917140767,0.3968414425674578,1,0
BGD,Dhaka,Narayanganj,2019-08-01,11566.6748046875,3.2003397941589355,1.4672025242333884,53.41455841064453,0.5138234837418069,12.786384673880985,0,0
BGD,Dhaka,Narsingdi,2019-08-01,3634.107177734375,0.6308619976043701,0.5235310306010845,27.999732971191406,0.0545730668491782,2.2777133201759776,0,0
BGD,Rajshahi,Natore,2019-08-01,1408.932373046875,0.1442421525716781,0.2969572140784581,10.498530387878418,0.0296957214078458,0.7761556828717109,0,0
BGD,Mymensingh,Netrakona,2019-08-01,608.8710327148438,0.0421093329787254,0.2401515822662206,7.430781364440918,0.024015158226622,0.4562880063058192,0,0
BGD,Rangpur,Nilphamari,2019-08-01,1757.4464111328125,0.2049402892589569,0.3144381371588832,11.04054069519043,0.0314438137158883,0.9161774869853986,0,0
BGD,Chattogram,Noakhali,2019-08-01,1147.0723876953125,0.0923738554120063,0.2764731836338929,7.953445911407471,0.0276473183633893,0.665729354935244,0,0
BGD,Rajshahi,Pabna,2019-08-01,4055.778076171875,0.3335614502429962,0.2209683730478337,34.32476806640625,0.0220968373047833,1.3890126033585966,0,0
BGD,Rangpur,Panchagarh,2019-08-01,1434.1453857421875,0.2022017687559127,0.3220573499613651,9.143047332763672,0.0322057349961365,0.9905261978059628,0,0
BGD,Chattogram,Parbattya Chattagram,2019-08-01,404.8350524902344,0.0139041524380445,0.2094497471507857,5.585244655609131,0.0209449747150785,0.3979545195864928,0,0
BGD,Barishal,Patuakhali,2019-08-01,642.7019653320312,0.0557656660676002,0.1003396861542111,33.54767227172852,0.0100339686154211,0.1906454036930011,1,0
BGD,Barishal,Pirojpur,2019-08-01,177.52088928222656,0.0300687253475189,0.1542243333420773,2.499474048614502,0.0154224333342077,0.293026233349947,1,0
BGD,Dhaka,Rajbari,2019-08-01,472.2510986328125,0.0849683135747909,0.2760978055794065,8.115649223327637,0.0276097805579406,0.6639158085487473,1,0
BGD,Rajshahi,Rajshahi,2019-08-01,2104.4765625,0.1714894771575927,0.2818503796293497,20.448144912719727,0.0281850379629349,0.7744997461243376,0,0
BGD,Rangpur,Rangpur,2019-08-01,2413.2666015625,0.2017992287874221,0.2239286973764964,17.779155731201172,0.0223928697376496,0.9156713173052764,0,0
BGD,Khulna,Satkhira,2019-08-01,550.1947631835938,0.0481592379510402,0.2672010277373267,2.7198827266693115,0.0267201027737326,0.5463031568562737,1,0
BGD,Dhaka,Shariatpur,2019-08-01,454.7624816894531,0.0827220231294632,0.273527190232265,8.368303298950195,0.0273527190232265,0.6003233245421015,1,0
BGD,Mymensingh,Sherpur,2019-08-01,1356.6719970703125,0.1989711821079254,0.3370523374279182,5.625500202178955,0.0337052337427918,0.8188886802011838,0,0
BGD,Rajshahi,Sirajganj,2019-08-01,2536.451171875,0.1981242299079895,0.303334886440126,64.87223052978516,0.0303334886440126,0.924314863784504,0,0
BGD,Sylhet,Sunamganj,2019-08-01,563.22021484375,0.0297293998301029,0.158814102889043,13.62568473815918,0.0158814102889043,0.3017467954891818,0,0
BGD,Sylhet,Sylhet,2019-08-01,5742.35546875,0.3259875774383545,0.3039086142012704,114.54710388183594,0.030390861420127,1.1186257384864084,0,0
BGD,Dhaka,Tangail,2019-08-01,4435.37744140625,0.2574255168437958,0.3406312353668919,19.049365997314453,0.0340631235366891,1.042527937695452,0,0
BGD,Rangpur,Thakurgaon,2019-08-01,1468.4683837890625,0.1561766415834427,0.2931472044352796,7.590768337249756,0.0293147204435279,0.9201193190580752,0,0
BGD,Khulna,Bagerhat,2019-09-01,2304.571044921875,0.2283642292022705,0.0054415146574575,90.0927276611328,0.0005441514657457,0.6174675549842169,1,0
BGD,Chattogram,Bandarban,2019-09-01,966.083740234375,0.0417644195258617,0.2624004360033047,6.997597217559815,0.0262400436003304,0.498560828406279,0,0
BGD,Barishal,Barguna,2019-09-01,70.5110855102539,0.0111521994695067,0.2575358658445953,4.211183547973633,0.0257535865844595,0.4893181451047312,1,0
BGD,Barishal,Barisal,2019-09-01,886.2865600585938,0.0810012072324752,0.2586368518105231,14.538129806518556,0.0258636851810523,0.491410018439994,1,0
BGD,Barishal,Bhola,2019-09-01,436.2544555664063,0.0498542264103889,0.2570424849312193,27.91925621032715,0.0257042484931219,0.4883807213693166,1,0
BGD,Rajshahi,Bogura,2019-09-01,3847.557861328125,0.255999356508255,0.2729666975821622,13.13926887512207,0.0272966697582162,1.5080321518037771,0,0
BGD,Chattogram,Brahmanbaria,2019-09-01,4051.538818359375,0.4418692886829376,0.3543256913846408,28.709095001220703,0.035432569138464,2.1510411539094165,0,0
BGD,Chattogram,Chandpur,2019-09-01,613.8027954101562,0.0829682275652885,0.2658273466419926,10.53175449371338,0.0265827346641992,0.5289149367596648,0,0
BGD,Rajshahi,Chapainawabganj,2019-09-01,1014.4173583984376,0.11410853266716,0.1745117058535842,9.505500793457031,0.0174511705853584,0.7015963200078917,0,0
BGD,Chattogram,Chittagong,2019-09-01,35123.03515625,1.6238603591918943,0.2413311448763657,297.2179260253906,0.0241331144876365,7.2000675788582695,0,0
BGD,Khulna,Chuadanga,2019-09-01,1226.9569091796875,0.210353210568428,0.3352063615108001,6.442973613739014,0.03352063615108,0.8813542486927762,1,0
BGD,Chattogram,Cox's Bazar,2019-09-01,2835.434326171875,0.2772283852100372,0.0591014887550029,27.507545471191406,0.0059101488755002,1.086373744223781,0,0
BGD,Chattogram,Cumilla,2019-09-01,8469.19140625,0.5694610476493835,0.3877142622011301,104.9112319946289,0.038771426220113,2.9265280907844424,0,0
BGD,Dhaka,Dhaka,2019-09-01,44193.59765625,5.985989570617676,1.885643747376661,122.02738189697266,0.1024987962722781,26.181503667160825,0,0
BGD,Rangpur,Dinajpur,2019-09-01,2791.765625,0.1563284248113632,0.3004308593164614,12.42728042602539,0.0300430859316461,0.7968235651909227,0,0
BGD,Dhaka,Faridpur,2019-09-01,1948.9468994140625,0.2004178911447525,0.1578938919874407,22.266521453857425,0.015789389198744,0.8802335823431251,1,0
BGD,Chattogram,Feni,2019-09-01,2256.051025390625,0.5006287693977356,0.3811277533657311,28.0368766784668,0.0381127753365731,2.3547794369766804,0,0
BGD,Rangpur,Gaibandha,2019-09-01,1035.3150634765625,0.0924204885959625,0.2743900522547624,8.386981964111328,0.0274390052254762,0.6265396713269696,0,0
BGD,Dhaka,Gazipur,2019-09-01,19729.189453125,2.188928604125977,0.645321267289688,60.336875915527344,0.0658196861274855,9.529147451266008,0,0
BGD,Dhaka,Gopalganj,2019-09-01,234.3458709716797,0.031619656831026,0.224522692250769,19.371625900268555,0.0224522692250769,0.4265931152764611,1,0
BGD,Sylhet,Habiganj,2019-09-01,4011.5908203125,0.3038017451763153,0.2999734874800485,319.5641784667969,0.0299973487480048,1.1634903752679928,0,0
BGD,Rajshahi,Jaipurhat,2019-09-01,551.6990356445312,0.1106478497385978,0.2803330251183086,7.097249984741211,0.0280333025118308,0.7261962970393997,0,0
BGD,Mymensingh,Jamalpur,2019-09-01,975.3285522460936,0.0922647714614868,0.2742241955007768,11.825249671936035,0.0274224195500776,0.6084031211435356,0,0
BGD,Khulna,Jashore,2019-09-01,3643.1787109375,0.2770799696445465,0.3008333538083627,19.39459609985352,0.0300833353808362,1.0194689551064318,1,0
BGD,Barishal,Jhalakati,2019-09-01,136.97061157226562,0.0380013957619667,0.2558416315224611,22.66436767578125,0.0255841631522461,0.4860990998926762,1,0
BGD,Khulna,Jhenaidah,2019-09-01,1263.3387451171875,0.12629234790802,0.2151483602381607,16.25901985168457,0.021514836023816,0.7315680067073347,1,0
BGD,Chattogram,Khagrachari,2019-09-01,511.9736328125,0.0354001261293888,0.201942199880762,7.986833095550537,0.0201942199880762,0.3836901797734479,0,0
BGD,Khulna,Khulna,2019-09-01,3594.45849609375,0.3506166636943817,0.2190493339559839,35.74850082397461,0.0219049333955984,1.7271536450425558,1,0
BGD,Dhaka,Kishoreganj,2019-09-01,1771.6553955078125,0.1352270096540451,0.0199874013935707,14.61160373687744,0.001998740139357,0.6855106139269911,0,0
BGD,Rangpur,Kurigram,2019-09-01,1125.2484130859375,0.0959817543625831,0.2294123264325536,8.25179386138916,0.0229412326432553,0.6625440193011385,0,0
BGD,Khulna,Kushtia,2019-09-01,3008.055908203125,0.3586044609546661,0.3502899273037307,62.50516891479492,0.035028992730373,1.276554429182162,1,0
BGD,Chattogram,Lakshmipur,2019-09-01,185.5103912353516,0.0303414445370435,0.2578083855213032,5.189533710479736,0.0257808385521303,0.4898359324904761,0,0
BGD,Rangpur,Lalmonirhat,2019-09-01,2326.921630859375,0.3615205585956573,0.3888932659393547,15.654990196228027,0.0388893265939354,1.3580255678995343,0,0
BGD,Dhaka,Madaripur,2019-09-01,578.076416015625,0.1041052639484405,0.2722919816543232,6.194828510284424,0.0272291981654323,0.6456352139270002,1,0
BGD,Khulna,Magura,2019-09-01,488.0422973632813,0.0917922705411911,0.2820654062775262,3.741576671600342,0.0282065406277526,0.6422745442347447,1,0
BGD,Dhaka,Manikganj,2019-09-01,2104.744873046875,0.3157758116722107,0.3141963021059178,20.28400421142578,0.0314196302105917,1.349016366790195,0,0
BGD,Khulna,Meherpur,2019-09-01,542.0629272460938,0.1471841484308242,0.3007061432814738,5.144301414489746,0.0300706143281473,0.8442720870297569,1,0
BGD,Sylhet,Moulvibazar,2019-09-01,1766.5263671875,0.1279012709856033,0.2773170999707496,32.31462097167969,0.0277317099970749,0.6561563334028782,0,0
BGD,Dhaka,Munshiganj,2019-09-01,4410.88671875,1.0540492534637451,0.5000369574683592,65.19305419921875,0.0500102964644162,4.429617624863686,0,0
BGD,Mymensingh,Mymensingh,2019-09-01,6982.19189453125,0.3129408955574035,0.088416891300139,35.66737365722656,0.0088416891300139,1.477479772070602,0,0
BGD,Rajshahi,Naogaon,2019-09-01,1235.981689453125,0.0700882077217102,0.2346904013326477,6.62112283706665,0.0234690401332647,0.5907187674000498,0,0
BGD,Khulna,Narail,2019-09-01,153.69915771484375,0.0308491718024015,0.2597812247269312,3.5536558628082275,0.0259781224726931,0.4935843269811693,1,0
BGD,Dhaka,Narayanganj,2019-09-01,18344.875,5.089247703552246,2.713057945576217,99.16502380371094,0.3659196828201269,18.340030135884973,0,0
BGD,Dhaka,Narsingdi,2019-09-01,4513.71484375,0.7846119999885559,0.4455882074538199,36.86954498291016,0.0445588207453819,3.431096293980149,0,0
BGD,Rajshahi,Natore,2019-09-01,1813.602294921875,0.1856520026922226,0.3175261451547042,7.47977876663208,0.0317526145154704,0.8456194681351334,0,0
BGD,Mymensingh,Netrakona,2019-09-01,650.310302734375,0.0449628233909606,0.1696450998146549,8.452726364135742,0.0169645099814655,0.3223256896478443,0,0
BGD,Rangpur,Nilphamari,2019-09-01,2193.045654296875,0.2557366192340851,0.3471062463852987,15.085223197937012,0.0347106246385298,0.9570319878394008,0,0
BGD,Chattogram,Noakhali,2019-09-01,1215.5531005859375,0.0987967699766159,0.2691217747850122,12.10556697845459,0.0269121774785012,0.5708071875208524,0,0
BGD,Rajshahi,Pabna,2019-09-01,4763.505859375,0.3919582366943359,0.3434277172623419,86.38629913330078,0.0343427717262341,1.7464910122484836,0,0
BGD,Rangpur,Panchagarh,2019-09-01,2459.489501953125,0.3471019864082336,0.3707031808584675,12.676042556762695,0.0370703180858467,1.4022656212631568,0,0
BGD,Chattogram,Parbattya Chattagram,2019-09-01,333.0124206542969,0.0114578511565923,0.1656149580882128,5.723779201507568,0.0165614958088212,0.3146684203676043,0,0
BGD,Barishal,Patuakhali,2019-09-01,937.423828125,0.0813292264938354,0.1308168894860477,43.28449630737305,0.0130816889486047,0.2485520900234906,1,0
BGD,Barishal,Pirojpur,2019-09-01,69.05156707763672,0.011696046218276,0.2563104279222117,2.750598907470703,0.0256310427922211,0.4869898130522022,1,0
BGD,Dhaka,Rajbari,2019-09-01,580.7587890625,0.1047346591949462,0.2848491879644825,5.50173807144165,0.0284849187964482,0.6966945897862693,1,0
BGD,Rajshahi,Rajshahi,2019-09-01,2599.125,0.2117973715066909,0.2071980530558535,15.871102333068848,0.0207198053055853,0.9073757652041464,0,0
BGD,Rangpur,Rangpur,2019-09-01,2424.431884765625,0.2027328908443451,0.3052429821439974,12.68386459350586,0.0305242982143997,0.8772988382340612,0,0
BGD,Khulna,Satkhira,2019-09-01,841.4544677734375,0.0760337337851524,0.2777054749703078,6.132047653198242,0.0277705474970307,0.6051169364268623,1,0
BGD,Dhaka,Shariatpur,2019-09-01,452.6324157714844,0.0842677652835846,0.2658114340574501,14.234814643859863,0.026581143405745,0.5361138080631389,1,0
BGD,Mymensingh,Sherpur,2019-09-01,1267.567138671875,0.1859029531478881,0.3108034768406049,7.049225330352783,0.0310803476840604,0.8652510395144497,0,0
BGD,Rajshahi,Sirajganj,2019-09-01,2751.79052734375,0.2150285392999649,0.2921173017651619,74.5276107788086,0.0292117301765161,0.8839349933659694,0,0
BGD,Sylhet,Sunamganj,2019-09-01,669.2281494140625,0.035336896777153,0.0469574684438461,18.336471557617188,0.0046957468443846,0.0892191900433076,0,0
BGD,Sylhet,Sylhet,2019-09-01,6477.5908203125,0.3677261471748352,0.293491622991121,107.4046630859375,0.0293491622991121,1.9095233414599075,0,0
BGD,Dhaka,Tangail,2019-09-01,4930.74755859375,0.2862096130847931,0.3146768840043104,30.92878532409668,0.031467688400431,1.4289690960855657,0,0
BGD,Rangpur,Thakurgaon,2019-09-01,1134.268310546875,0.1206333190202713,0.2956490289544432,4.671361923217773,0.0295649028954443,0.7311135700731899,0,0
BGD,Khulna,Bagerhat,2019-10-01,2037.1739501953125,0.2015205472707748,0.167185119724862,93.48236083984376,0.0167185119724862,0.598287550722652,1,0
BGD,Chattogram,Bandarban,2019-10-01,263.971435546875,0.0114116547629237,0.2536327960131248,7.779936790466309,0.0253632796013124,0.4819023124249371,0,0
BGD,Barishal,Barguna,2019-10-01,89.48638153076172,0.0141533762216568,0.2557165126842373,3.963095188140869,0.0255716512684237,0.485861374100051,1,0
BGD,Barishal,Barisal,2019-10-01,1081.183349609375,0.0988075584173202,0.2632621452927113,10.81920051574707,0.0263262145292711,0.5001980760561516,1,0
BGD,Barishal,Bhola,2019-10-01,512.566650390625,0.0584809258580207,0.2617302491374793,25.752063751220703,0.0261730249137479,0.4972874733612106,1,0
BGD,Rajshahi,Bogura,2019-10-01,2716.837158203125,0.1807541996240615,0.0456337122361383,12.690353393554688,0.0045633712236138,1.047835863559894,0,0
BGD,Chattogram,Brahmanbaria,2019-10-01,3496.145751953125,0.3607323765754699,0.3346013577905815,39.48564529418945,0.0334601357790581,1.3145316250372931,0,0
BGD,Chattogram,Chandpur,2019-10-01,481.1019287109375,0.0647163689136505,0.2647559944162855,14.70757293701172,0.0264755994416285,0.5176479513392244,0,0
BGD,Rajshahi,Chapainawabganj,2019-10-01,1551.5150146484375,0.1745249032974243,0.3142441014318455,4.408037185668945,0.0314244101431845,0.8832724407316779,0,0
BGD,Chattogram,Chittagong,2019-10-01,20259.373046875,0.9363135695457458,0.3357336897414496,174.84857177734375,0.0335733689741449,4.073690081313536,0,0
BGD,Khulna,Chuadanga,2019-10-01,745.01123046875,0.1277269870042801,0.2893668168799279,9.424689292907717,0.0289366816879927,0.7714882257447713,1,0
BGD,Chattogram,Cox's Bazar,2019-10-01,2205.1943359375,0.2135606110095977,0.0769585414270932,19.06877326965332,0.0076958541427093,0.9715715026425292,0,0
BGD,Chattogram,Cumilla,2019-10-01,5196.38671875,0.3324681520462036,0.3282526595448984,52.82417297363281,0.0328252659544898,1.6329779427688766,0,0
BGD,Dhaka,Dhaka,2019-10-01,32950.0859375,4.462460041046143,0.8375541387256182,130.36886596679688,0.0697239549401031,23.07229194561644,0,0
BGD,Rangpur,Dinajpur,2019-10-01,2199.0322265625,0.1231375783681869,0.2831859801286022,26.849634170532227,0.0283185980128602,0.7191908243565224,0,0
BGD,Dhaka,Faridpur,2019-10-01,1842.484375,0.187726154923439,0.3036546951293274,18.142393112182617,0.0303654695129327,0.94365573651925,1,0
BGD,Chattogram,Feni,2019-10-01,1364.1326904296875,0.3025063276290893,0.323310375114763,16.331768035888672,0.0323310375114763,1.4303854794449349,0,0
BGD,Rangpur,Gaibandha,2019-10-01,957.450439453125,0.0854696705937385,0.0409008257737078,5.1156535148620605,0.0040900825773707,0.645343550723297,0,0
BGD,Dhaka,Gazipur,2019-10-01,12336.6455078125,1.368431568145752,0.5538977143591647,35.66053009033203,0.0550696027671389,6.662767051815849,0,0
BGD,Dhaka,Gopalganj,2019-10-01,486.0060119628906,0.0655475854873657,0.269054121308022,9.269209861755373,0.0269054121308022,0.5557097933458539,1,0
BGD,Sylhet,Habiganj,2019-10-01,3445.8642578125,0.2603369951248169,0.2891935085483172,158.7587127685547,0.0289193508548317,0.9381306743754424,0,0
BGD,Rajshahi,Jaipurhat,2019-10-01,652.0410766601562,0.1307722777128219,0.2903441428761401,5.398758888244629,0.029034414287614,0.7787586191945707,0,0
BGD,Mymensingh,Jamalpur,2019-10-01,741.090087890625,0.0700994953513145,0.268151149326007,11.482725143432615,0.0268151149326007,0.5681954447030564,0,0
BGD,Khulna,Jashore,2019-10-01,10608.7734375,0.8068444728851318,0.1251375371110006,433.0598449707031,0.0125137537111,1.1777264725600158,1,0
BGD,Barishal,Jhalakati,2019-10-01,196.3809509277344,0.0544803775846958,0.2600339040804483,10.220718383789062,0.0260033904080448,0.4940644177528518,1,0
BGD,Khulna,Jhenaidah,2019-10-01,832.8552856445312,0.0832581520080566,0.2720474188069109,23.565433502197266,0.027204741880691,0.6271248402304799,1,0
BGD,Chattogram,Khagrachari,2019-10-01,584.15869140625,0.0402966700494289,0.2599759792348542,7.078018665313721,0.0259975979234854,0.4939543605462231,0,0
BGD,Khulna,Khulna,2019-10-01,5421.40966796875,0.5263174176216125,0.005894151651409,437.3224487304688,0.0005894151651409,1.464323387505104,1,0
BGD,Dhaka,Kishoreganj,2019-10-01,1438.5220947265625,0.1096799969673156,0.2773809724843208,16.912715911865234,0.027738097248432,0.6999464837140352,0,0
BGD,Rangpur,Kurigram,2019-10-01,1077.2392578125,0.0918709859251976,0.0414631622369918,4.827733993530273,0.0041463162236991,0.6610023883221051,0,0
BGD,Khulna,Kushtia,2019-10-01,2390.36669921875,0.2847631573677063,0.3243942438580045,39.201263427734375,0.0324394243858004,1.1801956042272042,1,0
BGD,Chattogram,Lakshmipur,2019-10-01,259.0875549316406,0.0423643961548805,0.2622962972581883,3.592895984649658,0.0262296297258188,0.4983629647905578,0,0
BGD,Rangpur,Lalmonirhat,2019-10-01,2012.43701171875,0.3126608729362488,0.3960365786527929,6.870100975036621,0.0396036578652792,1.1530789190351094,0,0
BGD,Dhaka,Madaripur,2019-10-01,487.79345703125,0.0874619856476783,0.2756510017848899,5.005016803741455,0.0275651001784889,0.689621310519419,1,0
BGD,Khulna,Magura,2019-10-01,418.8469848632813,0.0787778347730636,0.2774193971325236,4.502259731292725,0.0277419397132523,0.6178509275417011,1,0
BGD,Dhaka,Manikganj,2019-10-01,1217.837890625,0.1819328367710113,0.0336115119614793,10.761338233947754,0.0033611511961479,0.9485750971058494,0,0
BGD,Khulna,Meherpur,2019-10-01,851.5150146484375,0.2312084138393402,0.3383284017497009,5.458505153656006,0.0338328401749701,1.0194648552417678,1,0
BGD,Sylhet,Moulvibazar,2019-10-01,1549.1099853515625,0.1120948120951652,0.2757410318603662,38.9254150390625,0.0275741031860366,0.6801124990569228,0,0
BGD,Dhaka,Munshiganj,2019-10-01,2100.73046875,0.4913398921489715,0.2282050489926539,53.77876281738281,0.0228205048992653,2.2647873788776303,0,0
BGD,Mymensingh,Mymensingh,2019-10-01,4787.28125,0.2144787907600402,0.2994072945404735,28.00763702392578,0.0299407294540473,0.977998622342251,0,0
BGD,Rajshahi,Naogaon,2019-10-01,1374.958740234375,0.0779689103364944,0.1835676293595123,7.611562728881836,0.0183567629359512,0.6275522969784084,0,0
BGD,Khulna,Narail,2019-10-01,291.3607482910156,0.0584794208407402,0.1169458206541932,2.936073064804077,0.0116945820654193,0.5678556459949401,1,0
BGD,Dhaka,Narayanganj,2019-10-01,10427.1787109375,2.885056972503662,1.0277325873867158,53.77876281738281,0.0994814907950045,13.174295304547815,0,0
BGD,Dhaka,Narsingdi,2019-10-01,2812.110107421875,0.4879991412162781,0.3857754491255637,35.66053009033203,0.0385775449125563,2.2025482870549538,0,0
BGD,Rajshahi,Natore,2019-10-01,1378.2208251953125,0.1410835534334182,0.3001636212016095,5.3648457527160645,0.0300163621201609,0.7703076686448423,0,0
BGD,Mymensingh,Netrakona,2019-10-01,426.9010620117188,0.0295161809772253,0.256995573791082,8.572802543640137,0.0256995573791082,0.4882915902030558,0,0
BGD,Rangpur,Nilphamari,2019-10-01,1514.352294921875,0.176592469215393,0.3000269502523521,12.25448226928711,0.0300026950252352,0.8738571247836688,0,0
BGD,Chattogram,Noakhali,2019-10-01,782.5603637695312,0.0629030391573906,0.2659944995848186,5.527864933013916,0.0265994499584818,0.5461977239549004,0,0
BGD,Rajshahi,Pabna,2019-10-01,3673.0693359375,0.3020845949649811,0.05435115768668,37.04317474365234,0.005435115768668,1.2676341500771038,0,0
BGD,Rangpur,Panchagarh,2019-10-01,1301.7706298828125,0.1835381090641021,0.3108147843217536,11.409341812133787,0.0310814784321753,1.0233477381301552,0,0
BGD,Chattogram,Parbattya Chattagram,2019-10-01,349.1436767578125,0.0119565147906541,0.028420992822746,3.99067735671997,0.0028420992822746,0.0539998863632175,0,0
BGD,Barishal,Patuakhali,2019-10-01,731.803466796875,0.0634843334555625,0.2563555793074946,48.0422248840332,0.0256355579307494,0.4870756006842398,1,0
BGD,Barishal,Pirojpur,2019-10-01,156.04637145996094,0.0264313425868749,0.2574940593506574,2.992255926132202,0.0257494059350657,0.4892387127662491,1,0
BGD,Dhaka,Rajbari,2019-10-01,655.0502319335938,0.1177583113312721,0.079241141061985,5.917384147644043,0.0079241141061985,0.7279716723030951,1,0
BGD,Rajshahi,Rajshahi,2019-10-01,2895.642333984375,0.2359599620103836,0.3060285191760079,16.066335678100586,0.0306028519176007,0.9315313680295496,0,0
BGD,Rangpur,Rangpur,2019-10-01,2338.4873046875,0.1955461353063583,0.3007972102044251,16.86427116394043,0.0300797210204425,0.8842309192136664,0,0
BGD,Khulna,Satkhira,2019-10-01,25343.46875,2.218345642089844,0.0061175123218281,335.28436279296875,0.0006117512321828,0.8345543863299694,1,0
BGD,Dhaka,Shariatpur,2019-10-01,375.5321044921875,0.0682981014251709,0.2652528061758001,6.710386276245117,0.02652528061758,0.542113562219009,1,0
BGD,Mymensingh,Sherpur,2019-10-01,692.9967041015625,0.1016357466578483,0.2824787343989101,6.52973747253418,0.028247873439891,0.7215105600993282,0,0
BGD,Rajshahi,Sirajganj,2019-10-01,2721.4716796875,0.2124435752630233,0.005973527287537,82.88216400146484,0.0005973527287537,0.9654422020768736,0,0
BGD,Sylhet,Sunamganj,2019-10-01,415.5816650390625,0.0219363458454608,0.045095695585851,15.37994384765625,0.0045095695585851,0.085681821613117,0,0
BGD,Sylhet,Sylhet,2019-10-01,4756.45947265625,0.2698660790920257,0.2761840384627061,77.24410247802734,0.0276184038462706,0.8845718914650283,0,0
BGD,Dhaka,Tangail,2019-10-01,3583.699951171875,0.2079948931932449,0.0062464391852966,19.5793399810791,0.0006246439185296,0.9795770265550768,0,0
BGD,Rangpur,Thakurgaon,2019-10-01,660.971435546875,0.0702965781092643,0.2704117658500171,5.596696853637695,0.0270411765850017,0.5930080705997969,0,0
BGD,Khulna,Bagerhat,2019-11-01,2434.8671875,0.2409086674451828,0.0497614620098192,98.62905883789062,0.0049761462009819,0.7487817041660882,1,0
BGD,Chattogram,Bandarban,2019-11-01,315.4205322265625,0.0137031897902488,0.2532855218313203,10.425052642822266,0.025328552183132,0.4812424914795087,0,0
BGD,Barishal,Barguna,2019-11-01,114.74564361572266,0.0181484408676624,0.084841585844684,4.990719318389893,0.0084841585844684,0.1611990131048997,1,0
BGD,Barishal,Barisal,2019-11-01,1307.7139892578125,0.1195098161697387,0.2670809760697628,12.010801315307615,0.0267080976069762,0.6021506993015098,1,0
BGD,Barishal,Bhola,2019-11-01,626.2264404296875,0.0714488625526428,0.2649088566317806,22.754440307617188,0.026490885663178,0.5381890590718419,1,0
BGD,Rajshahi,Bogura,2019-11-01,4787.70703125,0.3185738623142242,0.3449322230268509,10.58637237548828,0.034493222302685,1.442596950900196,0,0
BGD,Chattogram,Brahmanbaria,2019-11-01,5079.93603515625,0.5241479277610779,0.4393389406202063,38.03878402709961,0.0439338940620206,1.5960869990320774,0,0
BGD,Chattogram,Chandpur,2019-11-01,756.3341674804686,0.1017713695764541,0.2792784949061758,11.91433334350586,0.0279278494906175,0.6671568124726713,0,0
BGD,Rajshahi,Chapainawabganj,2019-11-01,1679.7125244140625,0.1889454275369644,0.2668056875783394,8.67429256439209,0.0266805687578339,1.074957161301789,0,0
BGD,Chattogram,Chittagong,2019-11-01,22154.828125,1.023914456367493,0.2977569578876264,189.6495513916016,0.0297756957887626,3.9098840012014784,0,0
BGD,Khulna,Chuadanga,2019-11-01,1217.1610107421875,0.2086737751960754,0.3271782625799659,6.6245293617248535,0.0327178262579965,0.9712189853273252,1,0
BGD,Chattogram,Cox's Bazar,2019-11-01,2749.84326171875,0.2665293216705322,0.0861576307251291,18.112403869628903,0.0086157630725129,1.1917549358717758,0,0
BGD,Chattogram,Cumilla,2019-11-01,7880.998046875,0.504231333732605,0.4646699047200744,35.017547607421875,0.0464669904720074,1.9322281920062647,0,0
BGD,Dhaka,Dhaka,2019-11-01,35583.49609375,4.81910514831543,1.0666389484728855,162.8050994873047,0.1210715650302279,23.340006853702626,0,0
BGD,Rangpur,Dinajpur,2019-11-01,3388.355224609375,0.1897352188825607,0.3103955316892708,15.480639457702637,0.031039553168927,0.9503733303566008,0,0
BGD,Dhaka,Faridpur,2019-11-01,2347.956298828125,0.239475667476654,0.3289353107781427,14.733161926269531,0.0328935310778142,1.0842376798062632,1,0
BGD,Chattogram,Feni,2019-11-01,1715.1397705078125,0.3803447186946869,0.3691179534345429,16.176090240478516,0.0369117953434543,1.6352346172455472,0,0
BGD,Rangpur,Gaibandha,2019-11-01,1422.8990478515625,0.1270306706428527,0.2946092900917527,4.715367317199707,0.0294609290091752,0.7959849927155035,0,0
BGD,Dhaka,Gazipur,2019-11-01,14168.966796875,1.571680188179016,0.6799714243166355,30.727962493896484,0.0774053299007439,7.206666857668964,0,0
BGD,Dhaka,Gopalganj,2019-11-01,863.8194580078125,0.1165032535791397,0.2862819089524395,15.66568374633789,0.0286281908952439,0.7430226421126638,1,0
BGD,Sylhet,Habiganj,2019-11-01,4225.40234375,0.3192315399646759,0.3255065871149351,98.66635131835936,0.0325506587114935,1.1947477008067429,0,0
BGD,Rajshahi,Jaipurhat,2019-11-01,1100.3233642578125,0.2206790447235107,0.3325508843468046,5.716101169586182,0.0332550884346804,0.9993222075264452,0,0
BGD,Mymensingh,Jamalpur,2019-11-01,1457.852294921875,0.1378978192806244,0.2987606144027961,11.16880226135254,0.0298760614402796,0.7716743468536201,0,0
BGD,Khulna,Jashore,2019-11-01,4537.10791015625,0.3450672626495361,0.3552502239712924,20.610885620117188,0.0355250223971292,1.2340954846268233,1,0
BGD,Barishal,Jhalakati,2019-11-01,237.9017944335937,0.0659991726279258,0.2632145447753271,11.122273445129396,0.0263214544775327,0.5001076350731216,1,0
BGD,Khulna,Jhenaidah,2019-11-01,1464.6318359375,0.146415039896965,0.2956822908780129,13.37282371520996,0.0295682290878012,0.8578393676980521,1,0
BGD,Chattogram,Khagrachari,2019-11-01,704.9154663085938,0.0486334711313247,0.2635061340135146,10.323240280151367,0.0263506134013514,0.5006616546256778,0,0
BGD,Khulna,Khulna,2019-11-01,3591.255615234375,0.3486437201499939,0.3009435274363155,24.89479255676269,0.0300943527436315,1.685064439808259,1,0
BGD,Dhaka,Kishoreganj,2019-11-01,2579.93896484375,0.1967072188854217,0.3103436625944006,17.26315689086914,0.03103436625944,0.9252584480801151,0,0
BGD,Rangpur,Kurigram,2019-11-01,1574.4722900390625,0.1342883259057998,0.2984802372941844,4.514614582061768,0.0298480237294184,0.7923455158302681,0,0
BGD,Khulna,Kushtia,2019-11-01,3006.165771484375,0.3581229746341705,0.3653477650110853,52.44328689575195,0.0365347765011085,1.3806830399721777,1,0
BGD,Chattogram,Lakshmipur,2019-11-01,491.5103759765625,0.0803687423467636,0.27798344528893,4.112391471862793,0.027798344528893,0.6518665966550834,0,0
BGD,Rangpur,Lalmonirhat,2019-11-01,3223.777099609375,0.5008599162101746,0.5559913653886018,5.772058010101318,0.0594075770320904,1.3917565410554615,0,0
BGD,Dhaka,Madaripur,2019-11-01,763.0426635742188,0.1372389048337936,0.2791694643595895,6.412628173828125,0.0279169464359589,0.8544588390378364,1,0
BGD,Khulna,Magura,2019-11-01,480.478271484375,0.0903696119785308,0.2795229112158101,4.138802528381348,0.027952291121581,0.6626104205186368,1,0
BGD,Dhaka,Manikganj,2019-11-01,1794.214111328125,0.2685994505882263,0.3554450214197843,10.8092041015625,0.0355445021419784,1.0879234843606762,0,0
BGD,Khulna,Meherpur,2019-11-01,1050.810791015625,0.2853223979473114,0.358865279258442,4.671157836914063,0.0358865279258442,1.2342575731494525,1,0
BGD,Sylhet,Moulvibazar,2019-11-01,2585.30419921875,0.1870746314525604,0.3096326874678765,34.1971321105957,0.0309632687467876,0.8942034936736208,0,0
BGD,Dhaka,Munshiganj,2019-11-01,2683.6669921875,0.6279767155647278,0.4792165863563828,47.55459213256836,0.0479216586356382,2.3471691686271927,0,0
BGD,Mymensingh,Mymensingh,2019-11-01,8260.52734375,0.3700864315032959,0.3860697946703259,28.929931640625,0.0386069794670325,1.2466381313554806,0,0
BGD,Rajshahi,Naogaon,2019-11-01,1893.852294921875,0.1073934733867645,0.2799735746133176,6.3927836418151855,0.0279973574613317,0.7455938903502887,0,0
BGD,Khulna,Narail,2019-11-01,309.31658935546875,0.06208336353302,0.2719243415433558,2.93814468383789,0.0271924341543355,0.5868057227619786,1,0
BGD,Dhaka,Narayanganj,2019-11-01,11828.521484375,3.272789239883423,1.3355033274927444,47.55459213256836,0.2696605704283346,13.557860119633032,0,0
BGD,Dhaka,Narsingdi,2019-11-01,4077.125244140625,0.7075234055519104,0.5671061581344704,25.53738784790039,0.0629172001761229,2.392903848480684,0,0
BGD,Rajshahi,Natore,2019-11-01,1721.225341796875,0.1761956959962844,0.3119350527679881,7.097142219543457,0.0311935052767988,0.887608739677208,0,0
BGD,Mymensingh,Netrakona,2019-11-01,721.1131591796875,0.049858171492815,0.264606671405637,9.656326293945312,0.0264606671405637,0.5131886592625546,0,0
BGD,Rangpur,Nilphamari,2019-11-01,2302.069580078125,0.2684501707553863,0.3474847348551025,9.70151138305664,0.0347484734855102,1.129049515366215,0,0
BGD,Chattogram,Noakhali,2019-11-01,1211.7034912109375,0.0974217727780342,0.2773049978992475,6.7521491050720215,0.0277304997899247,0.6698305573199992,0,0
BGD,Rajshahi,Pabna,2019-11-01,4540.966796875,0.3734718859195709,0.2585447428015711,39.27946090698242,0.0258544742801571,1.4288889188386131,0,0
BGD,Rangpur,Panchagarh,2019-11-01,2252.3818359375,0.3175658583641052,0.3923483086471439,5.71737813949585,0.0392348308647143,1.2416473707757758,0,0
BGD,Chattogram,Parbattya Chattagram,2019-11-01,418.489501953125,0.0144125185906887,0.1788159603168279,4.181451797485352,0.0178815960316827,0.3397503246019731,0,0
BGD,Barishal,Patuakhali,2019-11-01,883.1201782226561,0.0766111388802528,0.1581911110125106,48.15534973144531,0.015819111101251,0.3005631109237702,1,0
BGD,Barishal,Pirojpur,2019-11-01,203.3218688964844,0.0344389304518699,0.260283380498063,3.0360569953918457,0.0260283380498063,0.4945384229463197,1,0
BGD,Dhaka,Rajbari,2019-11-01,800.8665771484375,0.1441133916378021,0.2706852490588008,5.402545928955078,0.02706852490588,0.8685688959150606,1,0
BGD,Rajshahi,Rajshahi,2019-11-01,2989.581787109375,0.2436148971319198,0.3012555503468151,12.851058959960938,0.0301255550346815,1.0383136032237943,0,0
BGD,Rangpur,Rangpur,2019-11-01,3782.803955078125,0.3163210153579712,0.3735101926523096,14.817108154296877,0.0373510192652309,1.0831010511041157,0,0
BGD,Khulna,Satkhira,2019-11-01,1457.81103515625,0.1276040375232696,0.297528471192269,4.535513877868652,0.0297528471192269,0.7574264877613881,1,0
BGD,Dhaka,Shariatpur,2019-11-01,599.3322143554688,0.109001524746418,0.277940334265272,8.379213333129883,0.0277940334265272,0.7286937481804376,1,0
BGD,Mymensingh,Sherpur,2019-11-01,1410.7509765625,0.2069024741649627,0.3349855076984984,5.375481128692627,0.0334985507698498,0.9113210821735483,0,0
BGD,Rajshahi,Sirajganj,2019-11-01,2918.43310546875,0.2279611378908157,0.3205295198708386,64.40939331054688,0.0320529519870838,0.985597233075209,0,0
BGD,Sylhet,Sunamganj,2019-11-01,658.9022827148438,0.0347799472510814,0.2572079285404757,16.199260711669922,0.0257207928540475,0.4886950642269039,0,0
BGD,Sylhet,Sylhet,2019-11-01,5594.5537109375,0.3174168467521667,0.291529593891295,128.048095703125,0.0291529593891295,1.1483718091403907,0,0
BGD,Dhaka,Tangail,2019-11-01,5660.029296875,0.328503280878067,0.3896638313206736,18.31145477294922,0.0389663831320673,1.1610787062139862,0,0
BGD,Rangpur,Thakurgaon,2019-11-01,1746.7216796875,0.1857698261737823,0.3248035805330773,5.6787543296813965,0.0324803580533077,0.8862324985903531,0,0
BGD,Khulna,Bagerhat,2019-12-01,2010.40625,0.1988923102617263,0.2469056982062022,98.62905883789062,0.0246905698206202,0.6715807677407281,1,0
BGD,Chattogram,Bandarban,2019-12-01,236.1721649169922,0.0102098742499947,0.2521652355563702,11.719038009643556,0.025216523555637,0.4791139475571035,0,0
BGD,Barishal,Barguna,2019-12-01,110.57125091552734,0.0174882095307111,0.2443312973756417,4.605550765991211,0.0244331297375641,0.4642294650137192,1,0
BGD,Barishal,Barisal,2019-12-01,1385.000244140625,0.1265925914049148,0.2635657725561994,16.99135971069336,0.0263565772556199,0.5098838836252799,1,0
BGD,Barishal,Bhola,2019-12-01,582.0968627929688,0.0664350837469101,0.2615242897452187,24.42646026611328,0.0261524289745218,0.4968961505159154,1,0
BGD,Rajshahi,Bogura,2019-12-01,4793.587890625,0.319667100906372,0.3239856701874667,13.33883285522461,0.0323985670187466,1.729164001466854,0,0
BGD,Chattogram,Brahmanbaria,2019-12-01,3722.3828125,0.3841547966003418,0.1523355846722189,48.845176696777344,0.0152335584672218,1.561013530385139,0,0
BGD,Chattogram,Chandpur,2019-12-01,551.3101196289064,0.0742100328207016,0.2637713840166704,16.15804100036621,0.026377138401667,0.5055115944964168,0,0
BGD,Rajshahi,Chapainawabganj,2019-12-01,1861.584228515625,0.2094035893678665,0.3008858579169327,8.320870399475098,0.0300885857916932,1.1895630399641564,0,0
BGD,Chattogram,Chittagong,2019-12-01,22472.361328125,1.0385897159576416,0.2885705022984577,186.56846618652344,0.0288570502298457,4.349564536496821,0,0
BGD,Khulna,Chuadanga,2019-12-01,1302.166259765625,0.2232473343610763,0.3195882078797095,12.624256134033203,0.0319588207879709,1.111487362376823,1,0
BGD,Chattogram,Cox's Bazar,2019-12-01,2781.03955078125,0.2694134712219238,0.1119427530670959,20.02222442626953,0.0111942753067095,1.322098300265027,0,0
BGD,Chattogram,Cumilla,2019-12-01,6087.19580078125,0.3894626796245575,0.3312370660018839,24.203149795532227,0.0331237066001884,1.9880761338580544,0,0
BGD,Dhaka,Dhaka,2019-12-01,42810.578125,5.79861307144165,1.3248747478041691,112.62844848632812,0.1056301909733691,28.66978138966465,0,0
BGD,Rangpur,Dinajpur,2019-12-01,2695.8681640625,0.1509585380554199,0.2838618423107913,19.224618911743164,0.0283861842310791,0.891227474201119,0,0
BGD,Dhaka,Faridpur,2019-12-01,1952.1156005859373,0.19948211312294,0.3030966499637415,11.580507278442385,0.0303096649963741,1.0717933731224007,1,0
BGD,Chattogram,Feni,2019-12-01,1855.0975341796875,0.4113813638687134,0.316446025915457,24.269262313842773,0.0316446025915457,1.9056264223549544,0,0
BGD,Rangpur,Gaibandha,2019-12-01,1287.189208984375,0.1150177270174026,0.180962035288001,7.946551322937012,0.0180962035288001,0.7663067860112244,0,0
BGD,Dhaka,Gazipur,2019-12-01,15892.205078125,1.7628288269042969,0.6629767465330109,43.47055816650391,0.0613072085342506,8.351594490110477,0,0
BGD,Dhaka,Gopalganj,2019-12-01,755.6753540039062,0.1019178703427314,0.276537167485881,13.947803497314451,0.0276537167485881,0.7006053460369778,1,0
BGD,Sylhet,Habiganj,2019-12-01,3601.670166015625,0.2721082270145416,0.2946217903191098,104.348876953125,0.0294621790319109,1.172504253248399,0,0
BGD,Rajshahi,Jaipurhat,2019-12-01,982.727783203125,0.1970942616462707,0.3103098309903342,6.460411071777344,0.0310309830990334,1.0342494991576483,0,0
BGD,Mymensingh,Jamalpur,2019-12-01,1400.5830078125,0.1325183361768722,0.2868100186679453,7.223058700561523,0.0286810018667945,0.8271565333371013,0,0
BGD,Khulna,Jashore,2019-12-01,4628.203125,0.3519954681396484,0.3352276730361555,26.84437561035156,0.0335227673036155,1.315086594443198,1,0
BGD,Barishal,Jhalakati,2019-12-01,187.12353515625,0.0519121699035167,0.259115638350284,13.064388275146484,0.0259115638350284,0.4923197128655396,1,0
BGD,Khulna,Jhenaidah,2019-12-01,1403.48388671875,0.1403022557497024,0.2860563371086153,13.946659088134766,0.0286056337108615,0.884138096732092,1,0
BGD,Chattogram,Khagrachari,2019-12-01,513.208984375,0.0354023873805999,0.2577435860133618,6.198012351989746,0.0257743586013361,0.4897128134253874,0,0
BGD,Khulna,Khulna,2019-12-01,3903.1044921875,0.3789184093475342,0.0312555910659967,29.15664863586425,0.0031255591065996,1.9670321217512656,1,0
BGD,Dhaka,Kishoreganj,2019-12-01,1683.0555419921875,0.128324419260025,0.1238823710497536,14.340280532836914,0.0123882371049753,0.7624722921280648,0,0
BGD,Rangpur,Kurigram,2019-12-01,978.518798828125,0.0835200995206832,0.1568893574825826,6.079405784606934,0.0156889357482582,0.6585885658127713,0,0
BGD,Khulna,Kushtia,2019-12-01,3756.936767578125,0.4475619494915008,0.284584628750292,59.31834411621094,0.0284584628750292,1.7256968602916347,1,0
BGD,Chattogram,Lakshmipur,2019-12-01,329.9813232421875,0.0539821162819862,0.2634028047254318,4.308891296386719,0.0263402804725431,0.5043924720924016,0,0
BGD,Rangpur,Lalmonirhat,2019-12-01,2118.014404296875,0.3290638327598572,0.3742740067586769,7.795851230621338,0.0374274006758676,1.366812536153324,0,0
BGD,Dhaka,Madaripur,2019-12-01,590.5118408203125,0.1064753159880638,0.2778025015076301,7.29878044128418,0.027780250150763,0.7368450280509639,1,0
BGD,Khulna,Magura,2019-12-01,447.4581604003906,0.0841590985655784,0.2742633061264504,5.397417068481445,0.027426330612645,0.6444538120890191,1,0
BGD,Dhaka,Manikganj,2019-12-01,1695.8226318359375,0.2546798288822174,0.3314162579679452,12.164316177368164,0.0331416257967945,1.1933111020905909,0,0
BGD,Khulna,Meherpur,2019-12-01,1242.919189453125,0.3374848067760467,0.347678675995658,5.34879207611084,0.0347678675995658,1.3977587597569954,1,0
BGD,Sylhet,Moulvibazar,2019-12-01,2822.3701171875,0.2042289078235626,0.0176324691569979,126.09390258789062,0.0017632469156997,0.855647867164725,0,0
BGD,Dhaka,Munshiganj,2019-12-01,2672.441162109375,0.6259692311286926,0.4172095761307571,52.88279724121094,0.0417209576130757,2.662835062289888,0,0
BGD,Mymensingh,Mymensingh,2019-12-01,7559.955078125,0.3386995494365692,0.3397387305804737,33.326622009277344,0.0339738730580473,1.2844915074514336,0,0
BGD,Rajshahi,Naogaon,2019-12-01,1828.275146484375,0.1036748364567756,0.2742439261880313,7.152854919433594,0.0274243926188031,0.6999845352079044,0,0
BGD,Khulna,Narail,2019-12-01,349.3196716308594,0.0701124370098114,0.2735884380807108,3.860036373138428,0.027358843808071,0.6006954060557839,1,0
BGD,Dhaka,Narayanganj,2019-12-01,12956.7783203125,3.5849623680114746,1.4839644058945438,52.88279724121094,0.1415143303062632,15.4751463969756,0,0
BGD,Dhaka,Narsingdi,2019-12-01,2873.90234375,0.4987222552299499,0.140371895037356,43.47055816650391,0.0140371895037356,2.4810187313360506,0,0
BGD,Rajshahi,Natore,2019-12-01,2155.559326171875,0.2206569164991378,0.320255673238951,6.345733165740967,0.0320255673238951,1.0354372917127594,0,0
BGD,Mymensingh,Netrakona,2019-12-01,708.176025390625,0.0489636920392513,0.2614521386314359,11.390213966369627,0.0261452138631435,0.4967590633997281,0,0
BGD,Rangpur,Nilphamari,2019-12-01,1840.9952392578125,0.2146831303834915,0.3032319035932395,10.587020874023438,0.0303231903593239,1.1253669549759684,0,0
BGD,Chattogram,Noakhali,2019-12-01,1290.8946533203125,0.1037971228361129,0.2730364495936627,7.612120628356934,0.0273036449593662,0.721248962744611,0,0
BGD,Rajshahi,Pabna,2019-12-01,5466.17919921875,0.4496769309043884,0.2375891390698046,47.89772033691406,0.0237589139069804,1.85750748611504,0,0
BGD,Rangpur,Panchagarh,2019-12-01,1742.39892578125,0.2456627786159515,0.3235492277630138,7.8416218757629395,0.0323549227763013,1.327871202318947,0,0
BGD,Chattogram,Parbattya Chattagram,2019-12-01,324.53057861328125,0.0111140133813023,0.0898855493786389,4.723320484161377,0.0089885549378638,0.1707825438194141,0,0
BGD,Barishal,Patuakhali,2019-12-01,772.8765869140625,0.0670474469661712,0.2565832273844132,44.57391357421875,0.0256583227384413,0.4875081320303851,1,0
BGD,Barishal,Pirojpur,2019-12-01,214.0098876953125,0.0362492799758911,0.2584084206945291,4.018628120422363,0.0258408420694529,0.4909759993196053,1,0
BGD,Dhaka,Rajbari,2019-12-01,989.4749145507812,0.1781596392393112,0.0459552883662486,5.163854598999023,0.0045955288366248,0.9714198648414786,1,0
BGD,Rajshahi,Rajshahi,2019-12-01,3479.456787109375,0.2835338115692138,0.1292052115971832,14.60588836669922,0.0129205211597183,1.1901067394293066,0,0
BGD,Rangpur,Rangpur,2019-12-01,3230.5634765625,0.2701422274112701,0.3176869648569025,14.549627304077148,0.0317686964856902,1.1386841498296798,0,0
BGD,Khulna,Satkhira,2019-12-01,1046.5616455078125,0.091606855392456,0.0938910527830043,6.110276699066162,0.0093891052783004,0.702568423941602,1,0
BGD,Dhaka,Shariatpur,2019-12-01,464.2977600097656,0.0844970718026161,0.2690722677035315,8.573456764221191,0.0269072267703531,0.6247445249669163,1,0
BGD,Mymensingh,Sherpur,2019-12-01,1156.385986328125,0.1695969849824905,0.3018982129312741,8.00918197631836,0.0301898212931274,0.9291898764024716,0,0
BGD,Rajshahi,Sirajganj,2019-12-01,2890.850341796875,0.2259463369846344,0.3077944110442492,101.45474243164062,0.0307794411044249,1.063610602036576,0,0
BGD,Sylhet,Sunamganj,2019-12-01,714.2296752929688,0.0377003848552703,0.2580166165923849,19.16714859008789,0.0258016616592384,0.4902315715255312,0,0
BGD,Sylhet,Sylhet,2019-12-01,7332.35302734375,0.4160139560699463,0.0644185434986078,90.90866088867188,0.0064418543498607,1.4301010797979457,0,0
BGD,Dhaka,Tangail,2019-12-01,5161.49462890625,0.2997964024543762,0.3478076363258806,19.999526977539062,0.034780763632588,1.2675313732266218,0,0
BGD,Rangpur,Thakurgaon,2019-12-01,1300.888671875,0.1383539587259292,0.2891496917562751,7.158188819885254,0.0289149691756275,0.8643245911103337,0,0
BGD,Khulna,Bagerhat,2020-01-01,2396.024658203125,0.2372767180204391,0.2508753156131117,97.7745361328125,0.0250875315613111,0.7821070960564371,1,0
BGD,Chattogram,Bandarban,2020-01-01,359.1881103515625,0.0156900435686111,0.254148702865087,9.154854774475098,0.0254148702865087,0.4828825354436653,0,0
BGD,Barishal,Barguna,2020-01-01,164.18589782714844,0.0259680282324552,0.2512300025153177,5.50714921951294,0.0251230002515317,0.4773370047791037,1,0
BGD,Barishal,Barisal,2020-01-01,1829.2108154296875,0.1672242283821106,0.0127110251520341,19.50669860839844,0.0012711025152034,0.7574987786050483,1,0
BGD,Barishal,Bhola,2020-01-01,771.65869140625,0.088107481598854,0.0195721217704831,30.67961502075196,0.0019572121770483,0.6018335331831489,1,0
BGD,Rajshahi,Bogura,2020-01-01,4729.8505859375,0.3152064979076385,0.31770843119049,13.66064167022705,0.031770843119049,1.6456169776610778,0,0
BGD,Chattogram,Brahmanbaria,2020-01-01,6097.52490234375,0.6291427612304688,0.4844925139699396,46.08546447753906,0.0484492513969939,2.0535310500425514,0,0
BGD,Chattogram,Chandpur,2020-01-01,1220.4761962890625,0.1642721742391586,0.020636082950645,14.105443954467772,0.0020636082950645,0.8534142383272799,0,0
BGD,Rajshahi,Chapainawabganj,2020-01-01,1825.1414794921875,0.2053042650222778,0.302330001125996,6.6673359870910645,0.0302330001125996,1.1923765620379043,0,0
BGD,Chattogram,Chittagong,2020-01-01,27343.083984375,1.263696551322937,0.307729334789651,178.82162475585938,0.0307729334789651,5.3160866964931,0,0
BGD,Khulna,Chuadanga,2020-01-01,1107.1656494140625,0.1898158341646194,0.3022949358060819,13.286230087280272,0.0302294935806081,1.083813518610876,1,0
BGD,Chattogram,Cox's Bazar,2020-01-01,3620.563720703125,0.3506172001361847,0.0643865790632933,23.89419937133789,0.0064386579063293,1.5183590914841425,0,0
BGD,Chattogram,Cumilla,2020-01-01,10440.755859375,0.6680062413215637,0.5235494690217269,27.81819534301757,0.0541236075826151,2.596765597715811,0,0
BGD,Dhaka,Dhaka,2020-01-01,42435.84375,5.748390197753906,1.2737087682815311,142.50213623046875,0.1135151921323077,27.38897969375427,0,0
BGD,Rangpur,Dinajpur,2020-01-01,3480.677001953125,0.1949048936367035,0.3000127870812701,13.388711929321287,0.030001278708127,1.0272769161865196,0,0
BGD,Dhaka,Faridpur,2020-01-01,2094.72021484375,0.2135724425315857,0.0361718311683293,9.531085968017578,0.0036171831168329,1.1647093117073717,1,0
BGD,Chattogram,Feni,2020-01-01,2947.677490234375,0.6536688804626465,0.5285844763872317,23.763816833496094,0.0474760697562827,2.227470093974224,0,0
BGD,Rangpur,Gaibandha,2020-01-01,1087.526123046875,0.0971437692642211,0.275860610397675,6.545840263366699,0.0275860610397675,0.7217581349977679,0,0
BGD,Dhaka,Gazipur,2020-01-01,17521.578125,1.9435656070709229,0.7292763080244484,48.74496078491211,0.0732593325806691,9.310822526702369,0,0
BGD,Dhaka,Gopalganj,2020-01-01,835.734375,0.1127154231071472,0.279339586152396,10.039862632751465,0.0279339586152396,0.7279122525685613,1,0
BGD,Sylhet,Habiganj,2020-01-01,5293.5224609375,0.3999286293983459,0.3441591281959005,103.3819808959961,0.03441591281959,1.4834561875781411,0,0
BGD,Rajshahi,Jaipurhat,2020-01-01,970.153564453125,0.1945724040269851,0.3050553367090829,6.151411056518555,0.0305055336709082,1.1301903866391496,0,0
BGD,Mymensingh,Jamalpur,2020-01-01,1324.7174072265625,0.1253402084112167,0.2825076029399069,10.963068008422852,0.0282507602939906,0.7666446038174464,0,0
BGD,Khulna,Jashore,2020-01-01,3847.34619140625,0.2926078140735626,0.3074660601248135,31.79085350036621,0.0307466060124813,1.2048829242989043,1,0
BGD,Barishal,Jhalakati,2020-01-01,303.4433898925781,0.0841818451881408,0.2669498019941378,12.808298110961914,0.0266949801994137,0.5708075258823188,1,0
BGD,Khulna,Jhenaidah,2020-01-01,1326.2032470703125,0.1325767338275909,0.2831136904031868,17.237287521362305,0.0283113690403186,0.8235226541594115,1,0
BGD,Chattogram,Khagrachari,2020-01-01,833.7711181640625,0.0575155317783355,0.2647666640555917,7.706218719482422,0.0264766664055591,0.5267251926539697,0,0
BGD,Khulna,Khulna,2020-01-01,3971.2421875,0.3855333030223846,0.0573387575634572,26.4011173248291,0.0057338757563457,1.8866596054579725,1,0
BGD,Dhaka,Kishoreganj,2020-01-01,3344.55908203125,0.2550056278705597,0.3223650372563732,19.873384475708008,0.0322365037256373,1.1335053172170848,0,0
BGD,Rangpur,Kurigram,2020-01-01,1529.8363037109375,0.1307242512702942,0.2833208738590019,6.122175216674805,0.0283320873859001,0.9008153481357216,0,0
BGD,Khulna,Kushtia,2020-01-01,2852.86328125,0.3398601412773132,0.32632303439397,60.784481048583984,0.032632303439397,1.47669959656913,1,0
BGD,Chattogram,Lakshmipur,2020-01-01,607.1448974609375,0.0992913171648979,0.2802898015809088,5.294907093048096,0.0280289801580908,0.7459337950340917,0,0
BGD,Rangpur,Lalmonirhat,2020-01-01,3064.52099609375,0.4761171638965606,0.4674501787288572,7.550285816192627,0.0467450178728857,1.6914613709973771,0,0
BGD,Dhaka,Madaripur,2020-01-01,1124.834716796875,0.2027996480464935,0.2352258198235707,10.976868629455566,0.023522581982357,1.0539580201130028,1,0
BGD,Khulna,Magura,2020-01-01,388.6500549316406,0.0730983167886734,0.2699682652769026,4.9568071365356445,0.0269968265276902,0.5967211980359809,1,0
BGD,Dhaka,Manikganj,2020-01-01,1945.1876220703125,0.2926768958568573,0.3439333697372296,14.29498291015625,0.0343933369737229,1.2724165157890783,0,0
BGD,Khulna,Meherpur,2020-01-01,1012.5478515625,0.2749330103397369,0.3365997907219851,5.739121913909912,0.0336599790721985,1.316943264719329,1,0
BGD,Sylhet,Moulvibazar,2020-01-01,3318.76416015625,0.2401483654975891,0.3304738900258415,24.307676315307617,0.0330473890025841,1.085887130039351,0,0
BGD,Dhaka,Munshiganj,2020-01-01,3561.8193359375,0.8333136439323425,0.5524069690281111,57.49480438232422,0.047760132434213,3.1590190232381885,0,0
BGD,Mymensingh,Mymensingh,2020-01-01,8578.091796875,0.3843138813972473,0.3554973401384336,33.44056701660156,0.0355497340138433,1.4552376769146285,0,0
BGD,Rajshahi,Naogaon,2020-01-01,1835.2998046875,0.1040731817483902,0.2737296262160621,6.967374801635742,0.0273729626216062,0.7307337844396704,0,0
BGD,Khulna,Narail,2020-01-01,233.942123413086,0.0469548478722572,0.2642471020405984,3.3585495948791504,0.0264247102040598,0.516154493191673,1,0
BGD,Dhaka,Narayanganj,2020-01-01,14175.61328125,3.922197103500366,1.6477425697046146,57.49480438232422,0.3241236851992536,16.230565503038076,0,0
BGD,Dhaka,Narsingdi,2020-01-01,5334.76171875,0.926088571548462,0.6504435019578442,36.708438873291016,0.0791245522889322,3.078135333621281,0,0
BGD,Rajshahi,Natore,2020-01-01,1515.185791015625,0.1551041603088379,0.2918387454555127,6.192022800445557,0.0291838745455512,0.907204736175762,0,0
BGD,Mymensingh,Netrakona,2020-01-01,871.5126953125,0.0602568797767162,0.2654625909153882,9.887884140014648,0.0265462590915388,0.5316209440107559,0,0
BGD,Rangpur,Nilphamari,2020-01-01,2020.93310546875,0.2356661409139633,0.3087975769974375,13.155099868774414,0.0308797576997437,1.2380887470378732,0,0
BGD,Chattogram,Noakhali,2020-01-01,2050.7919921875,0.1648448556661605,0.2955980641345422,9.885066986083984,0.0295598064134542,0.9116937425290006,0,0
BGD,Rajshahi,Pabna,2020-01-01,4351.7490234375,0.3581078648567199,0.3291293791479726,60.38080978393555,0.0329129379147972,1.5568897078052362,0,0
BGD,Rangpur,Panchagarh,2020-01-01,2443.291748046875,0.3444824516773224,0.3799678528901841,10.187253952026367,0.0379967852890184,1.473576020000423,0,0
BGD,Chattogram,Parbattya Chattagram,2020-01-01,457.64306640625,0.0156747885048389,0.1652943473644691,3.861141204833984,0.0165294347364469,0.3140592599924913,0,0
BGD,Barishal,Patuakhali,2020-01-01,1055.6617431640625,0.0915792137384414,0.1668050452302833,55.24895858764648,0.0166805045230283,0.3169295859375383,1,0
BGD,Barishal,Pirojpur,2020-01-01,304.71685791015625,0.0516133457422256,0.263043463515077,3.876946449279785,0.0263043463515077,0.4997825806786463,1,0
BGD,Dhaka,Rajbari,2020-01-01,717.2943725585938,0.1289848536252975,0.1435550193740885,6.419142723083496,0.0143555019374088,0.8779448529585246,1,0
BGD,Rajshahi,Rajshahi,2020-01-01,3030.060302734375,0.2469134032726287,0.2907909500941334,17.954792022705078,0.0290790950094133,1.0684507608319544,0,0
BGD,Rangpur,Rangpur,2020-01-01,3307.530517578125,0.276578277349472,0.3197985099830425,14.66590690612793,0.0319798509983042,1.202341421722957,0,0
BGD,Khulna,Satkhira,2020-01-01,887.119873046875,0.077664315700531,0.1800643203263344,6.632996559143066,0.0180064320326334,0.6427293613390501,1,0
BGD,Dhaka,Shariatpur,2020-01-01,822.4345092773436,0.149576336145401,0.0198573353992222,10.02370262145996,0.0019857335399222,0.8756446740480671,1,0
BGD,Mymensingh,Sherpur,2020-01-01,1128.93603515625,0.1655711531639099,0.2989600203176472,7.52307653427124,0.0298960020317647,0.9109634968960012,0,0
BGD,Rajshahi,Sirajganj,2020-01-01,2736.62548828125,0.2141133099794387,0.2990260974705833,79.46258544921875,0.0299026097470583,1.0231232900760805,0,0
BGD,Sylhet,Sunamganj,2020-01-01,900.327880859375,0.047523520886898,0.1137376453987162,18.2072868347168,0.0113737645398716,0.2161015262575608,0,0
BGD,Sylhet,Sylhet,2020-01-01,7651.0673828125,0.4340967535972595,0.3200447666355331,139.93310546875,0.0320044766635533,1.5976157824631354,0,0
BGD,Dhaka,Tangail,2020-01-01,5738.65185546875,0.3331994116306305,0.3579708734624838,22.085838317871094,0.0357970873462483,1.3299511401723936,0,0
BGD,Rangpur,Thakurgaon,2020-01-01,1706.1756591796875,0.1814576238393783,0.3071411654095991,7.43797492980957,0.0307141165409599,1.0041085172156303,0,0
BGD,Khulna,Bagerhat,2020-02-01,2300.939697265625,0.2279402017593383,0.0897474136764286,66.0171890258789,0.0089747413676428,0.857871890387393,1,0
BGD,Chattogram,Bandarban,2020-02-01,348.58819580078125,0.0150696914643049,0.2541473046722527,7.694177627563477,0.0254147304672252,0.4828798788772802,0,0
BGD,Barishal,Barguna,2020-02-01,150.1624755859375,0.0237500499933958,0.2558302145572586,5.591516494750977,0.0255830214557258,0.4860774076587912,1,0
BGD,Barishal,Barisal,2020-02-01,1730.1177978515625,0.1583781242370605,0.2248384047420997,17.055143356323242,0.0224838404742099,0.747643063533806,1,0
BGD,Barishal,Bhola,2020-02-01,697.6520385742188,0.0796564519405365,0.2654563292022137,23.464126586914062,0.0265456329202213,0.5576615380989384,1,0
BGD,Rajshahi,Bogura,2020-02-01,4294.7822265625,0.2864990830421448,0.3069715921749223,13.728107452392578,0.0306971592174922,1.6001277730033387,0,0
BGD,Chattogram,Brahmanbaria,2020-02-01,5431.884765625,0.5604619979858398,0.2936593338644068,30.931638717651367,0.0293659333864406,1.8762270442920688,0,0
BGD,Chattogram,Chandpur,2020-02-01,967.20849609375,0.1302511990070343,0.2886692152781015,12.61794090270996,0.0288669215278101,0.757462799396595,0,0
BGD,Rajshahi,Chapainawabganj,2020-02-01,1294.0712890625,0.1455658972263336,0.2750063480290401,9.03553771972656,0.027500634802904,0.9863122640294212,0,0
BGD,Chattogram,Chittagong,2020-02-01,28530.11328125,1.3185566663742063,0.4385578838971852,165.51171875,0.0438557883897185,5.32442726687077,0,0
BGD,Khulna,Chuadanga,2020-02-01,1186.323974609375,0.203386977314949,0.3124849781514384,8.684123992919922,0.0312484978151438,1.0302677882132838,1,0
BGD,Chattogram,Cox's Bazar,2020-02-01,3966.4560546875,0.3842345178127289,0.0186608369409995,27.488985061645508,0.0018660836940999,1.659555725900242,0,0
BGD,Chattogram,Cumilla,2020-02-01,10450.9521484375,0.6686586141586304,0.5296060183440578,22.615949630737305,0.0549411024592457,2.3817629436250183,0,0
BGD,Dhaka,Dhaka,2020-02-01,43467.515625,5.88962459564209,1.307954365683227,170.93800354003906,0.1342426592069237,28.78476590422836,0,0
BGD,Rangpur,Dinajpur,2020-02-01,2495.34326171875,0.1397298872470855,0.2802824623587614,14.45504093170166,0.0280282462358761,0.8207951226336018,0,0
BGD,Dhaka,Faridpur,2020-02-01,2847.91357421875,0.291852205991745,0.3396049367748419,48.74971389770508,0.0339604936774841,1.2786699498006342,1,0
BGD,Chattogram,Feni,2020-02-01,3206.85009765625,0.7111423015594482,0.5797459498013607,29.000228881835938,0.0672072935866424,2.219037303997541,0,0
BGD,Rangpur,Gaibandha,2020-02-01,953.899169921875,0.0852607935667038,0.2720124281633994,6.183456897735596,0.0272012428163399,0.6654489765342165,0,0
BGD,Dhaka,Gazipur,2020-02-01,16768.646484375,1.8600473403930664,0.7327987472871729,32.437225341796875,0.0725169843388314,8.699678724741492,0,0
BGD,Dhaka,Gopalganj,2020-02-01,926.824951171875,0.1250008046627044,0.2840685933236206,12.40468692779541,0.028406859332362,0.7642397885070789,1,0
BGD,Sylhet,Habiganj,2020-02-01,4817.07373046875,0.3639326393604278,0.3324847485559808,65.2548828125,0.033248474855598,1.4856825521553096,0,0
BGD,Rajshahi,Jaipurhat,2020-02-01,646.9746704101562,0.1297561675310135,0.2810679440024191,6.848102569580078,0.0281067944002419,0.8664204945215298,0,0
BGD,Mymensingh,Jamalpur,2020-02-01,993.833984375,0.0940331518650055,0.2738166297206221,6.939375400543213,0.0273816629720622,0.6458027788391197,0,0
BGD,Khulna,Jashore,2020-02-01,4251.0654296875,0.3233124613761902,0.3258633987052523,29.16361427307129,0.0325863398705252,1.3151688353383348,1,0
BGD,Barishal,Jhalakati,2020-02-01,327.9176330566406,0.0909715369343757,0.2679799249320819,13.268506050109863,0.0267979924932082,0.5782504166095523,1,0
BGD,Khulna,Jhenaidah,2020-02-01,1477.802978515625,0.1477317214012146,0.2903199280405083,10.766834259033203,0.0290319928040508,0.8974682553363926,1,0
BGD,Chattogram,Khagrachari,2020-02-01,894.638427734375,0.0617143064737319,0.2650518455694441,5.350100517272949,0.0265051845569444,0.5549135190923415,0,0
BGD,Khulna,Khulna,2020-02-01,4004.077880859375,0.3887235224246979,0.2999755032342161,27.340621948242188,0.0299975503234216,1.9277339413354584,1,0
BGD,Dhaka,Kishoreganj,2020-02-01,2974.023681640625,0.2267541736364364,0.3147770628527277,30.931638717651367,0.0314777062852727,1.0659530069523149,0,0
BGD,Rangpur,Kurigram,2020-02-01,1070.7938232421875,0.0915460884571075,0.2758621322325097,4.945090293884277,0.0275862132232509,0.7168892584454365,0,0
BGD,Khulna,Kushtia,2020-02-01,3176.54931640625,0.3784206807613373,0.2224191922926383,55.77862548828125,0.0222419192292638,1.6047566797144268,1,0
BGD,Chattogram,Lakshmipur,2020-02-01,518.4542846679688,0.084849052131176,0.2763147403965648,4.537154197692871,0.0276314740396564,0.6727884751751866,0,0
BGD,Rangpur,Lalmonirhat,2020-02-01,2189.971923828125,0.3402434587478637,0.3902077494400873,6.264984607696533,0.0390207749440087,1.3616118643298918,0,0
BGD,Dhaka,Madaripur,2020-02-01,1106.452880859375,0.2016248703002929,0.3071370467500334,15.688631057739258,0.0307137046750033,1.024480886005523,1,0
BGD,Khulna,Magura,2020-02-01,443.4912109375,0.0834129899740219,0.2735398965218165,5.976798534393311,0.0273539896521816,0.6253384741928574,1,0
BGD,Dhaka,Manikganj,2020-02-01,2173.503173828125,0.3277986943721771,0.3718720378101716,11.398270606994627,0.0371872037810171,1.340783352801517,0,0
BGD,Khulna,Meherpur,2020-02-01,877.3358764648436,0.2382194399833679,0.3262839301275098,6.25888729095459,0.0326283930127509,1.167953868356273,1,0
BGD,Sylhet,Moulvibazar,2020-02-01,2887.21923828125,0.2089214473962783,0.3195212290400316,28.511098861694336,0.0319521229040031,1.0006817465896247,0,0
BGD,Dhaka,Munshiganj,2020-02-01,3097.19189453125,0.7277459502220154,0.5008473697728444,53.5166244506836,0.0501318535228345,2.7596130719217458,0,0
BGD,Mymensingh,Mymensingh,2020-02-01,6764.66015625,0.3030689060688019,0.3190926471549094,35.52141571044922,0.0319092647154909,1.2730518605142729,0,0
BGD,Rajshahi,Naogaon,2020-02-01,1460.2677001953125,0.0828064680099487,0.266845693155278,9.064001083374023,0.0266845693155278,0.6129155643551575,0,0
BGD,Khulna,Narail,2020-02-01,296.7929992675781,0.0595697350800037,0.2698975126791096,3.1653482913970947,0.0269897512679109,0.5646170155348597,1,0
BGD,Dhaka,Narayanganj,2020-02-01,13468.77734375,3.726625442504883,1.6052634162275277,53.5166244506836,0.284882896193153,15.308725744339563,0,0
BGD,Dhaka,Narsingdi,2020-02-01,4795.8095703125,0.8322401642799377,0.5797382994726346,52.235111236572266,0.0650167041397693,2.887437820429653,0,0
BGD,Rajshahi,Natore,2020-02-01,1533.697021484375,0.1569990962743759,0.2919312546906644,6.8231120109558105,0.0291931254690664,0.9249182735835,0,0
BGD,Mymensingh,Netrakona,2020-02-01,790.1389770507811,0.0546306557953357,0.2635401731322539,9.099928855895996,0.0263540173132253,0.5027926658316847,0,0
BGD,Rangpur,Nilphamari,2020-02-01,1855.4853515625,0.216372862458229,0.302689343268215,13.084428787231444,0.0302689343268214,1.1158105323902774,0,0
BGD,Chattogram,Noakhali,2020-02-01,2116.933837890625,0.1702435165643692,0.3033285679747192,8.639939308166504,0.0303328567974719,0.9339826975527123,0,0
BGD,Rajshahi,Pabna,2020-02-01,4708.21875,0.3874719738960266,0.2377025945254977,69.08543395996094,0.0237702594525497,1.6898196645847454,0,0
BGD,Rangpur,Panchagarh,2020-02-01,1772.5006103515625,0.2499068528413772,0.3349190296868724,5.883588790893555,0.0334919029686872,1.250124962296058,0,0
BGD,Chattogram,Parbattya Chattagram,2020-02-01,483.0986022949219,0.016543835401535,0.2541632818078742,3.9776864051818848,0.0254163281807874,0.4829102354349609,0,0
BGD,Barishal,Patuakhali,2020-02-01,1086.3394775390625,0.0942405238747596,0.0909171391938374,56.69987487792969,0.0090917139193837,0.1727425644682911,1,0
BGD,Barishal,Pirojpur,2020-02-01,299.2095947265625,0.0506805181503295,0.263877938920861,3.8569726943969727,0.0263877938920861,0.501368083949636,1,0
BGD,Dhaka,Rajbari,2020-02-01,881.8262329101561,0.1588351875543594,0.1946119502665859,5.708743572235107,0.0194611950266586,0.932966222825045,1,0
BGD,Rajshahi,Rajshahi,2020-02-01,3062.510009765625,0.2495576590299606,0.1975028910548914,17.642667770385742,0.0197502891054891,1.087354448005157,0,0
BGD,Rangpur,Rangpur,2020-02-01,2741.53173828125,0.2292490154504776,0.2994718439718027,14.24888038635254,0.0299471843971802,1.063030932699667,0,0
BGD,Khulna,Satkhira,2020-02-01,983.7570190429688,0.0861698314547538,0.1888311013121434,4.678881645202637,0.0188831101312143,0.6859890401462687,1,0
BGD,Dhaka,Shariatpur,2020-02-01,692.7178344726562,0.1266724020242691,0.2830406215340926,10.511356353759766,0.0283040621534092,0.7795199527192895,1,0
BGD,Mymensingh,Sherpur,2020-02-01,939.173095703125,0.137740284204483,0.2904545279978081,6.750366687774658,0.0290454527997808,0.8456770539659733,0,0
BGD,Rajshahi,Sirajganj,2020-02-01,2860.4931640625,0.2240123897790908,0.3044306475039288,63.23017501831055,0.0304430647503928,1.0535697612141268,0,0
BGD,Sylhet,Sunamganj,2020-02-01,804.2584838867188,0.0424525253474712,0.258638919778096,16.985553741455078,0.0258638919778096,0.4914139475783824,0,0
BGD,Sylhet,Sylhet,2020-02-01,7590.40576171875,0.4306550323963165,0.3184769210462561,73.15635681152344,0.0318476921046256,1.7542097877931462,0,0
BGD,Dhaka,Tangail,2020-02-01,6235.65576171875,0.3622701168060303,0.3827931038824946,18.13635635375977,0.0382793103882494,1.3759325691541011,0,0
BGD,Rangpur,Thakurgaon,2020-02-01,921.1497192382812,0.0979674234986305,0.2771192685780536,7.800875663757324,0.0277119268578053,0.7213924772783102,0,0
BGD,Khulna,Bagerhat,2020-03-01,2753.14794921875,0.272399753332138,0.1929330892311565,99.274658203125,0.0192933089231156,0.8505333146768002,1,0
BGD,Chattogram,Bandarban,2020-03-01,640.93994140625,0.0277082454413175,0.2559800538095723,8.879557609558105,0.0255980053809572,0.4863621022381874,0,0
BGD,Barishal,Barguna,2020-03-01,240.07647705078125,0.0379710607230663,0.1557467726069175,5.465674877166748,0.0155746772606917,0.2959188679531433,1,0
BGD,Barishal,Barisal,2020-03-01,2009.735595703125,0.1836664080619812,0.2847978739743649,17.791868209838867,0.0284797873974364,0.8366136297641118,1,0
BGD,Barishal,Bhola,2020-03-01,984.789794921875,0.1123588904738426,0.0304154090593331,22.042858123779297,0.0030415409059333,0.6941999469641649,1,0
BGD,Rajshahi,Bogura,2020-03-01,5482.16162109375,0.3652446269989013,0.3691852136250936,21.99332046508789,0.0369185213625093,1.538057319943981,0,0
BGD,Chattogram,Brahmanbaria,2020-03-01,6726.8779296875,0.6940793991088867,0.5822384233650687,27.537059783935547,0.06169388057981,1.9234311785696807,0,0
BGD,Chattogram,Chandpur,2020-03-01,1872.3358154296875,0.2519397139549255,0.3678887255597024,17.186201095581055,0.0367888725559702,0.8698250632547361,0,0
BGD,Rajshahi,Chapainawabganj,2020-03-01,1430.8211669921875,0.1609484404325485,0.2882208985045678,7.863211154937744,0.0288220898504567,0.956849007304002,0,0
BGD,Chattogram,Chittagong,2020-03-01,30711.439453125,1.4193695783615112,0.4843663156360888,254.6752471923828,0.0484366315636088,5.256666398255736,0,0
BGD,Khulna,Chuadanga,2020-03-01,1602.08447265625,0.2746662199497223,0.3600286986143311,9.407001495361328,0.0360028698614331,1.08190702458069,1,0
BGD,Chattogram,Cox's Bazar,2020-03-01,4038.988525390625,0.3911350667476654,0.2113972728200574,20.99783515930176,0.0211397272820057,1.577232000365307,0,0
BGD,Chattogram,Cumilla,2020-03-01,13817.0029296875,0.8840207457542419,0.6909195749205945,135.6339569091797,0.1258163665634899,2.2474228454936025,0,0
BGD,Dhaka,Dhaka,2020-03-01,40766.765625,5.522221088409424,1.2583611291589074,235.2987060546875,0.144886534145309,25.51888766405837,0,0
BGD,Rangpur,Dinajpur,2020-03-01,4489.28564453125,0.2513832151889801,0.3473557509280822,17.536766052246094,0.0347355750928082,0.9861336819363932,0,0
BGD,Dhaka,Faridpur,2020-03-01,3007.08447265625,0.3074162006378174,0.379412716995499,7.629443645477295,0.0379412716995499,1.183024628415362,1,0
BGD,Chattogram,Feni,2020-03-01,3728.67529296875,0.8268608450889587,0.6851402718433781,31.43286895751953,0.1152030087125147,2.056733061564045,0,0
BGD,Rangpur,Gaibandha,2020-03-01,1838.9915771484373,0.1643367260694503,0.3129654388164504,6.1294264793396,0.031296543881645,0.8564517071890001,0,0
BGD,Dhaka,Gazipur,2020-03-01,16336.677734375,1.812131643295288,0.7389513674452479,33.043785095214844,0.0773501053463171,8.147510379421682,0,0
BGD,Dhaka,Gopalganj,2020-03-01,1343.1466064453125,0.1811500638723373,0.3015724346543451,14.388982772827148,0.0301572434654345,0.8549907804614207,1,0
BGD,Sylhet,Habiganj,2020-03-01,5267.83984375,0.3979882895946502,0.3614749711325862,74.5754165649414,0.0361474971132586,1.4200270596771445,0,0
BGD,Rajshahi,Jaipurhat,2020-03-01,1149.563720703125,0.2305546104907989,0.3408769152271896,6.613923072814941,0.0340876915227189,1.0075851433518612,0,0
BGD,Mymensingh,Jamalpur,2020-03-01,2312.21435546875,0.2187530696392059,0.3375657159312767,9.546941757202148,0.0337565715931276,0.927522821134643,0,0
BGD,Khulna,Jashore,2020-03-01,4890.998046875,0.3719821870326996,0.369910342244431,34.49557113647461,0.036991034224443,1.2375484276791109,1,0
BGD,Barishal,Jhalakati,2020-03-01,346.88067626953125,0.0962323024868965,0.2736230504418281,15.067144393920898,0.0273623050441828,0.6329292157614466,1,0
BGD,Khulna,Jhenaidah,2020-03-01,1728.74169921875,0.1728173494338989,0.3085694188427719,8.989869117736816,0.0308569418842772,0.901704403485534,1,0
BGD,Chattogram,Khagrachari,2020-03-01,1850.7965087890625,0.1276723891496658,0.2794466107558812,16.36219596862793,0.0279446610755881,0.8289576582217039,0,0
BGD,Khulna,Khulna,2020-03-01,4000.0009765625,0.3883252441883087,0.3071361069427273,24.8045654296875,0.0307136106942727,1.7896777721828436,1,0
BGD,Dhaka,Kishoreganj,2020-03-01,2820.7197265625,0.2150655388832092,0.3136402185821793,17.78656005859375,0.0313640218582179,1.0102385227184831,0,0
BGD,Rangpur,Kurigram,2020-03-01,1864.01611328125,0.1592440754175186,0.3070634680797909,5.8473711013793945,0.030706346807979,0.8846836812283503,0,0
BGD,Khulna,Kushtia,2020-03-01,4150.744140625,0.4944760203361511,0.3128862701131543,60.58745574951172,0.0312886270113154,1.5684182288376676,1,0
BGD,Chattogram,Lakshmipur,2020-03-01,1113.8101806640625,0.1821501702070236,0.3300170587084841,3.99818754196167,0.0330017058708484,0.8097041465933562,0,0
BGD,Rangpur,Lalmonirhat,2020-03-01,3302.941650390625,0.5131592154502869,0.5569564302286463,5.503434181213379,0.0588720556194807,1.454736517062613,0,0
BGD,Dhaka,Madaripur,2020-03-01,1445.75146484375,0.2610023319721222,0.3354439266602793,13.195143699645996,0.0335443926660279,1.0569980114865036,1,0
BGD,Khulna,Magura,2020-03-01,605.6260986328125,0.1139077395200729,0.2880715291511003,5.43086051940918,0.02880715291511,0.7282911474968082,1,0
BGD,Dhaka,Manikganj,2020-03-01,2646.102783203125,0.3976629972457886,0.4400340715977541,11.323691368103027,0.0440034071597754,1.304565944026138,0,0
BGD,Khulna,Meherpur,2020-03-01,1312.3990478515625,0.3563503921031952,0.4122915179225083,5.23261308670044,0.0412291517922508,1.2649687635199682,1,0
BGD,Sylhet,Moulvibazar,2020-03-01,3299.032958984375,0.2387206107378006,0.3285823401262185,29.858964920043945,0.0328582340126218,1.0927439783455934,0,0
BGD,Dhaka,Munshiganj,2020-03-01,3667.614013671875,0.8580189943313599,0.6362178772894809,60.95704650878906,0.0729817422202131,2.7545182293428505,0,0
BGD,Mymensingh,Mymensingh,2020-03-01,7509.0498046875,0.3364188969135284,0.3476917256726307,31.90332221984864,0.034769172567263,1.2112649069462638,0,0
BGD,Rajshahi,Naogaon,2020-03-01,1893.9942626953125,0.1074015274643898,0.2808148130305419,7.755041122436523,0.0280814813030541,0.7190001084523246,0,0
BGD,Khulna,Narail,2020-03-01,443.4586791992188,0.0890072062611579,0.2830838883028606,3.6877713203430176,0.028308388830286,0.6534105790839101,1,0
BGD,Dhaka,Narayanganj,2020-03-01,12937.27734375,3.579566717147827,1.6352721892328637,72.94444274902344,0.5350864609109713,13.990910807833364,0,0
BGD,Dhaka,Narsingdi,2020-03-01,4992.4970703125,0.866372287273407,0.660374976498244,32.013938903808594,0.0828299182121652,2.740356446449699,0,0
BGD,Rajshahi,Natore,2020-03-01,2249.477294921875,0.230270966887474,0.337362034134315,6.796670436859131,0.0337362034134315,1.0019887497318445,0,0
BGD,Mymensingh,Netrakona,2020-03-01,1429.113037109375,0.0988096818327903,0.0465222971289837,16.836204528808594,0.0046522297128983,0.6589579831243251,0,0
BGD,Rangpur,Nilphamari,2020-03-01,3219.42578125,0.3754253983497619,0.4203873430228411,11.98361587524414,0.0420387343022841,1.2224945504370832,0,0
BGD,Chattogram,Noakhali,2020-03-01,3376.9365234375,0.2714417576789856,0.3694660130083345,9.310544967651367,0.0369466013008334,1.0079194696608946,0,0
BGD,Rajshahi,Pabna,2020-03-01,5761.501953125,0.4739339649677276,0.2982416177634482,84.6274185180664,0.0298241617763448,1.6146042681458666,0,0
BGD,Rangpur,Panchagarh,2020-03-01,1873.0166015625,0.2640787065029144,0.3577480722966591,5.965630531311035,0.0357748072296659,1.091975904190703,0,0
BGD,Chattogram,Parbattya Chattagram,2020-03-01,3814.916748046875,0.1306517422199249,0.0325528965780603,442.6099243164063,0.003255289657806,0.0646646347719888,0,0
BGD,Barishal,Patuakhali,2020-03-01,1206.0284423828125,0.1046236008405685,0.0287644482738722,46.80949401855469,0.0028764448273872,0.5131714014486349,1,0
BGD,Barishal,Pirojpur,2020-03-01,381.5115051269531,0.0646209269762039,0.2677142294864916,3.8412024974823,0.0267714229486491,0.5671080532544078,1,0
BGD,Dhaka,Rajbari,2020-03-01,1099.0108642578125,0.1978011429309845,0.0731981072253514,4.611270427703857,0.0073198107225351,0.9437699866752002,1,0
BGD,Rajshahi,Rajshahi,2020-03-01,3641.881103515625,0.2967694401741028,0.3208399024546913,15.255878448486328,0.0320839902454691,1.130324526385429,0,0
BGD,Rangpur,Rangpur,2020-03-01,4705.23876953125,0.3934557437896728,0.422665989140094,14.749227523803713,0.0422665989140094,1.1785299577368231,0,0
BGD,Khulna,Satkhira,2020-03-01,1047.0540771484375,0.0916499570012092,0.2824991272481646,4.588508605957031,0.0282499127248164,0.6780486065030017,1,0
BGD,Dhaka,Shariatpur,2020-03-01,1096.469970703125,0.199416771531105,0.3196703388190903,10.48300838470459,0.031967033881909,0.9134256773236816,1,0
BGD,Mymensingh,Sherpur,2020-03-01,1547.89013671875,0.2270154654979705,0.3385476128574119,9.546941757202148,0.0338547612857412,0.9809153103897514,0,0
BGD,Rajshahi,Sirajganj,2020-03-01,4307.16064453125,0.3375754654407501,0.3847189829256781,64.8121337890625,0.0384718982925678,1.1417641892027015,0,0
BGD,Sylhet,Sunamganj,2020-03-01,998.0711669921876,0.0526828691363334,0.2630812939333757,18.594764709472656,0.0263081293933375,0.4998544584734138,0,0
BGD,Sylhet,Sylhet,2020-03-01,7057.49267578125,0.4004192650318146,0.3124003307087477,90.6932601928711,0.0312400330708747,1.4376573060510291,0,0
BGD,Dhaka,Tangail,2020-03-01,6597.21435546875,0.3832921683788299,0.2951612243065806,19.47231674194336,0.029516122430658,1.3325664238245425,0,0
BGD,Rangpur,Thakurgaon,2020-03-01,1532.385498046875,0.1629744470119476,0.3103479706293289,6.331669330596924,0.0310347970629328,0.8448841057395232,0,0
BGD,Khulna,Bagerhat,2020-04-01,2411.467529296875,0.2385587841272354,0.1306423260893782,101.60017395019533,0.0130642326089378,0.678989010622435,1,0
BGD,Chattogram,Bandarban,2020-04-01,1010.9776000976562,0.0437052100896835,0.2556268292639544,86.89366149902344,0.0255626829263954,0.4856909756015135,0,0
BGD,Barishal,Barguna,2020-04-01,94.41671752929688,0.0149331698194146,0.101670506084386,3.9362311363220215,0.0101670506084386,0.1931739615603334,1,0
BGD,Barishal,Barisal,2020-04-01,1153.5843505859375,0.105424165725708,0.2641461546571964,13.564733505249023,0.0264146154657196,0.5168356597830022,1,0
BGD,Barishal,Bhola,2020-04-01,532.34423828125,0.060745932161808,0.2624753265148621,28.884754180908203,0.0262475326514862,0.4987031203782381,1,0
BGD,Rajshahi,Bogura,2020-04-01,3568.767578125,0.2377504408359527,0.3064965268434301,17.334640502929688,0.030649652684343,1.2735866743821689,0,0
BGD,Chattogram,Brahmanbaria,2020-04-01,4146.095703125,0.4277942478656769,0.3759788998017028,34.135292053222656,0.0375978899801702,1.5951345445399798,0,0
BGD,Chattogram,Chandpur,2020-04-01,443.98638916015625,0.0597236976027488,0.0545166483662377,8.152656555175781,0.0054516648366237,0.5312424934628964,0,0
BGD,Rajshahi,Chapainawabganj,2020-04-01,1059.1192626953125,0.1191368997097015,0.2808689587774947,8.698482513427734,0.0280868958777494,0.8310706442527976,0,0
BGD,Chattogram,Chittagong,2020-04-01,24236.5,1.120121717453003,0.4067985515244818,211.5106658935547,0.0406798551524481,4.473738697361472,0,0
BGD,Khulna,Chuadanga,2020-04-01,821.2330322265625,0.1407946795225143,0.2893312558854655,8.66335678100586,0.0289331255885465,0.8702138980554076,1,0
BGD,Chattogram,Cox's Bazar,2020-04-01,3458.090087890625,0.3348696529865265,0.1814132990099881,22.54686737060547,0.0181413299009988,1.458348607728619,0,0
BGD,Chattogram,Cumilla,2020-04-01,6251.931640625,0.4000025987625122,0.3383227849803799,241.37564086914065,0.0338322784980379,1.6902024068895218,0,0
BGD,Dhaka,Dhaka,2020-04-01,33333.32421875,4.514362335205078,1.117419086418162,142.8807373046875,0.0865243845566461,21.84222727341337,0,0
BGD,Rangpur,Dinajpur,2020-04-01,2880.00830078125,0.1612696945667266,0.2959522016658801,18.184711456298828,0.029595220166588,0.8522902623446089,0,0
BGD,Dhaka,Faridpur,2020-04-01,1386.1978759765625,0.1412699073553085,0.2911567642842733,5.695864200592041,0.0291156764284273,0.8630757565501482,1,0
BGD,Chattogram,Feni,2020-04-01,1220.4989013671875,0.2706544995307922,0.3056327683748358,25.335494995117188,0.0305632768374835,1.3658122896507532,0,0
BGD,Rangpur,Gaibandha,2020-04-01,1093.45947265625,0.0976109206676483,0.2812498748670809,6.096181869506836,0.028124987486708,0.6993685828832711,0,0
BGD,Dhaka,Gazipur,2020-04-01,12862.2529296875,1.4267340898513794,0.5818159093759133,25.31749153137207,0.0545924508336937,6.692253854752085,0,0
BGD,Dhaka,Gopalganj,2020-04-01,832.1427612304686,0.1122310236096382,0.2752278561427945,13.46152687072754,0.0275227856142794,0.689483455676498,1,0
BGD,Sylhet,Habiganj,2020-04-01,3342.77734375,0.2525487244129181,0.2945172207531904,72.13861083984375,0.029451722075319,1.0868620904156696,0,0
BGD,Rajshahi,Jaipurhat,2020-04-01,683.971435546875,0.1371761858463287,0.2917789550304334,6.095128536224365,0.0291778955030433,0.8613981895417098,0,0
BGD,Mymensingh,Jamalpur,2020-04-01,1320.9444580078125,0.124959573149681,0.2831204471647999,11.142837524414062,0.0283120447164799,0.7267576092259099,0,0
BGD,Khulna,Jashore,2020-04-01,3912.71484375,0.2975794076919555,0.3289224880772464,22.178955078125,0.0328922488077246,1.146416933618707,1,0
BGD,Barishal,Jhalakati,2020-04-01,181.08416748046875,0.0502367168664932,0.2598295926697123,11.113540649414062,0.0259829592669712,0.4936762260724534,1,0
BGD,Khulna,Jhenaidah,2020-04-01,862.5133056640625,0.0862229764461517,0.27177764403837,10.22040557861328,0.027177764403837,0.658141305405396,1,0
BGD,Chattogram,Khagrachari,2020-04-01,789.1573486328125,0.0544379688799381,0.2646334331057638,25.426044464111328,0.0264633433105763,0.5274144667369224,0,0
BGD,Khulna,Khulna,2020-04-01,3475.3173828125,0.337388277053833,0.3002043364975681,23.54358673095703,0.0300204336497568,1.666241041144089,1,0
BGD,Dhaka,Kishoreganj,2020-04-01,1427.0731201171875,0.1088070645928382,0.2729824537566396,17.19440460205078,0.0272982453756639,0.6991537768156154,0,0
BGD,Rangpur,Kurigram,2020-04-01,951.929748535156,0.0811841264367103,0.0053448151123754,7.420895099639893,0.0005344815112375,0.6231393899209912,0,0
BGD,Khulna,Kushtia,2020-04-01,2349.333251953125,0.2799082100391388,0.270968866913339,45.87285232543945,0.0270968866913339,1.2399371505029606,1,0
BGD,Chattogram,Lakshmipur,2020-04-01,366.7971496582031,0.059976402670145,0.2685565618165333,3.05953311920166,0.0268556561816533,0.5727816349721689,0,0
BGD,Rangpur,Lalmonirhat,2020-04-01,2578.07080078125,0.4005401730537414,0.4657857261247713,9.136866569519045,0.0465785726124771,1.286323815149379,0,0
BGD,Dhaka,Madaripur,2020-04-01,725.1974487304686,0.1301679909229278,0.2780593027692731,10.38706874847412,0.0278059302769273,0.7676382478677768,1,0
BGD,Khulna,Magura,2020-04-01,341.16314697265625,0.0641668587923049,0.2693520123232987,4.162042617797852,0.0269352012323298,0.5707379935284225,1,0
BGD,Dhaka,Manikganj,2020-04-01,1439.321533203125,0.2155635803937912,0.3181151106928635,9.195318222045898,0.0318115110692863,1.0732276269574637,0,0
BGD,Khulna,Meherpur,2020-04-01,625.8117065429688,0.169924110174179,0.3034274864796616,5.3814473152160645,0.0303427486479661,0.946383205771556,1,0
BGD,Sylhet,Moulvibazar,2020-04-01,1823.94677734375,0.13198222219944,0.2734035459478373,168.1566619873047,0.0273403545947837,0.6814389343535259,0,0
BGD,Dhaka,Munshiganj,2020-04-01,2331.537109375,0.5453232526779175,0.4303268023147155,44.97451400756836,0.0430326802314715,2.116315689643764,0,0
BGD,Mymensingh,Mymensingh,2020-04-01,4445.4189453125,0.1991627365350723,0.2830803209735532,24.745365142822266,0.0283080320973553,0.9078240322408871,0,0
BGD,Rajshahi,Naogaon,2020-04-01,1204.4141845703125,0.0682979524135589,0.267520657477582,5.328038692474365,0.0267520657477582,0.585752421758561,0,0
BGD,Khulna,Narail,2020-04-01,217.90481567382807,0.0437359772622585,0.2641295706806977,3.1842336654663086,0.0264129570680697,0.5153685116555832,1,0
BGD,Dhaka,Narayanganj,2020-04-01,10666.7880859375,2.9513535499572754,1.4212156989221107,46.54061126708984,0.18982324883577,11.352893988090155,0,0
BGD,Dhaka,Narsingdi,2020-04-01,2657.38671875,0.4611492455005646,0.3575554741607192,38.48297500610352,0.0357555474160719,2.0536476532369874,0,0
BGD,Rajshahi,Natore,2020-04-01,1161.6180419921875,0.1189107000827789,0.2839219813855024,5.928949356079102,0.0283921981385502,0.7912556465001183,0,0
BGD,Mymensingh,Netrakona,2020-04-01,478.0886535644531,0.0330553203821182,0.2572508881949988,8.622539520263672,0.0257250888194998,0.4887766875704978,0,0
BGD,Rangpur,Nilphamari,2020-04-01,2089.035400390625,0.2436077147722244,0.3266119375036117,12.180933952331545,0.0326611937503611,1.095264336856843,0,0
BGD,Chattogram,Noakhali,2020-04-01,894.7079467773436,0.0719177797436714,0.2677866404354457,7.497495174407959,0.0267786640435445,0.5802673812374525,0,0
BGD,Rajshahi,Pabna,2020-04-01,3523.129150390625,0.2898052930831909,0.2630790890554001,98.8187484741211,0.02630790890554,1.3029708525839572,0,0
BGD,Rangpur,Panchagarh,2020-04-01,2395.64013671875,0.3377639949321747,0.4087840774785481,8.527379035949707,0.0408784077478548,1.260290015744724,0,0
BGD,Chattogram,Parbattya Chattagram,2020-04-01,1669.31103515625,0.0571659840643405,0.2537788627438659,135.92755126953125,0.0253778862743865,0.4821798392133452,0,0
BGD,Barishal,Patuakhali,2020-04-01,897.559814453125,0.0778637826442718,0.1391976277486421,64.34176635742188,0.0139197627748642,0.26447549272242,1,0
BGD,Barishal,Pirojpur,2020-04-01,156.56455993652344,0.026519114151597,0.2563189429848242,2.991016149520874,0.0256318942984824,0.4870059916711661,1,0
BGD,Dhaka,Rajbari,2020-04-01,526.5592041015625,0.094692476093769,0.2808656648673072,4.357615947723389,0.0280865664867307,0.7275076626767967,1,0
BGD,Rajshahi,Rajshahi,2020-04-01,2537.086669921875,0.206741988658905,0.2885485390660727,13.299481391906738,0.0288548539066072,0.9608621502323252,0,0
BGD,Rangpur,Rangpur,2020-04-01,2788.375,0.2331660985946655,0.3098719173695628,14.830643653869627,0.0309871917369562,1.0178404948437136,0,0
BGD,Khulna,Satkhira,2020-04-01,1192.76611328125,0.1044043153524398,0.0316384012377562,5.53994607925415,0.0031638401237756,0.7167101710718009,1,0
BGD,Dhaka,Shariatpur,2020-04-01,369.1076049804688,0.0671296790242195,0.2640482195610709,7.093484878540039,0.026404821956107,0.5080730866897699,1,0
BGD,Mymensingh,Sherpur,2020-04-01,972.84716796875,0.1426789611577987,0.2907957062590681,10.921432495117188,0.0290795706259068,0.8313423644938305,0,0
BGD,Rajshahi,Sirajganj,2020-04-01,2178.54150390625,0.1703198701143264,0.0083059716433327,46.60546112060547,0.0008305971643332,0.8229629711454768,0,0
BGD,Sylhet,Sunamganj,2020-04-01,454.6568908691406,0.0239989180117845,0.2542486694771752,12.959521293640137,0.0254248669477175,0.4830724720066329,0,0
BGD,Sylhet,Sylhet,2020-04-01,5857.00048828125,0.33230721950531,0.1195329876885022,227.3205108642578,0.0119532987688502,1.1289459051182962,0,0
BGD,Dhaka,Tangail,2020-04-01,3591.3203125,0.2085043936967849,0.3171479008107909,19.36468315124512,0.031714790081079,0.9350241038147497,0,0
BGD,Rangpur,Thakurgaon,2020-04-01,984.1766357421876,0.1046705543994903,0.2830693036427923,4.993716239929199,0.0283069303642792,0.7127783416770589,0,0
BGD,Khulna,Bagerhat,2020-05-01,2223.62548828125,0.2200414836406707,0.2869688150913472,53.79011154174805,0.0286968815091347,0.7646220587612506,1,0
BGD,Chattogram,Bandarban,2020-05-01,243.219970703125,0.0105145554989576,0.253728617316276,6.1674580574035645,0.0253728617316276,0.4820843729009243,0,0
BGD,Barishal,Barguna,2020-05-01,94.89126586914062,0.0150082260370254,0.1998809054167989,4.837739944458008,0.0199880905416798,0.3797737202919179,1,0
BGD,Barishal,Barisal,2020-05-01,1226.907958984375,0.1121250838041305,0.2717760110560389,9.883049964904783,0.0271776011056038,0.6381597391646652,1,0
BGD,Barishal,Bhola,2020-05-01,1386.542236328125,0.1581965535879135,0.2658605122081575,210.396713256836,0.0265860512208157,0.5298021150019643,1,0
BGD,Rajshahi,Bogura,2020-05-01,2650.35791015625,0.1763312667608261,0.2930494964199953,11.032967567443848,0.0293049496419995,0.9901280972205788,0,0
BGD,Chattogram,Brahmanbaria,2020-05-01,3855.15234375,0.3977746963500976,0.4025461976641313,26.398832321166992,0.0402546197664131,1.3469533011932295,0,0
BGD,Chattogram,Chandpur,2020-05-01,649.0720825195312,0.0873198136687278,0.2784939537754899,10.616612434387209,0.0278493953775489,0.5996499959996263,0,0
BGD,Rajshahi,Chapainawabganj,2020-05-01,1367.0162353515625,0.153771236538887,0.2994987136664426,5.647906303405762,0.0299498713666442,0.890330196231487,0,0
BGD,Chattogram,Chittagong,2020-05-01,23760.62109375,1.098128318786621,0.0086029577886924,234.95327758789065,0.0008602957788692,4.523524021087932,0,0
BGD,Khulna,Chuadanga,2020-05-01,2219.5546875,0.3805271983146667,0.4732460834546396,5.109700202941895,0.0473246083454639,1.1408466840419085,1,0
BGD,Chattogram,Cox's Bazar,2020-05-01,3274.554931640625,0.317111998796463,0.205646842046562,21.37367057800293,0.0205646842046562,1.3570505613422454,0,0
BGD,Chattogram,Cumilla,2020-05-01,7661.7412109375,0.4902031123638153,0.5002972520275302,61.77128601074219,0.0500482473414158,1.4759203218727523,0,0
BGD,Dhaka,Dhaka,2020-05-01,30253.294921875,4.097231388092041,1.2045660473621145,134.78932189941406,0.121769790248685,19.079873297712503,0,0
BGD,Rangpur,Dinajpur,2020-05-01,3078.15380859375,0.1723650991916656,0.3114666219038948,8.886792182922363,0.0311466621903894,0.8666351231564968,0,0
BGD,Dhaka,Faridpur,2020-05-01,1903.9095458984373,0.1940087229013443,0.3267418317485597,11.857128143310549,0.0326741831748559,0.8567102875569261,1,0
BGD,Chattogram,Feni,2020-05-01,2265.81201171875,0.5024603009223938,0.5200021331229867,21.803543090820312,0.0550642538750914,1.4615953804151438,0,0
BGD,Rangpur,Gaibandha,2020-05-01,821.218994140625,0.073308564722538,0.2750759377246902,3.718995094299317,0.027507593772469,0.6194078030269548,0,0
BGD,Dhaka,Gazipur,2020-05-01,14491.2880859375,1.6074333190917969,0.8095787800703883,22.010055541992188,0.1062024478138197,6.149719970438587,0,0
BGD,Dhaka,Gopalganj,2020-05-01,1007.4900512695312,0.135880097746849,0.2939304236798958,9.555800437927246,0.0293930423679895,0.7356602432312416,1,0
BGD,Sylhet,Habiganj,2020-05-01,4038.28173828125,0.3050944805145263,0.3236525549644456,104.93746948242188,0.0323652554964445,1.027012673330504,0,0
BGD,Rajshahi,Jaipurhat,2020-05-01,652.0374145507812,0.1307715475559234,0.2968338317240158,3.85919976234436,0.0296833831724015,0.7853323523810539,0,0
BGD,Mymensingh,Jamalpur,2020-05-01,866.6312255859375,0.0819743946194648,0.2755968916064942,5.832846164703369,0.0275596891606494,0.632680290724156,0,0
BGD,Khulna,Jashore,2020-05-01,2106.50439453125,0.1602090448141098,0.2791435801473628,25.746097564697266,0.0279143580147362,0.8020269418564755,1,0
BGD,Barishal,Jhalakati,2020-05-01,194.515853881836,0.0539629608392715,0.2629739677197065,8.908154487609863,0.0262973967719706,0.4996505386674423,1,0
BGD,Khulna,Jhenaidah,2020-05-01,1836.0543212890625,0.1835450828075409,0.1390809506403045,11.421719551086426,0.0139080950640304,0.9105775103745948,1,0
BGD,Chattogram,Khagrachari,2020-05-01,810.744384765625,0.0559270940721035,0.2664921121426827,5.242087364196777,0.0266492112142682,0.5666060830705111,0,0
BGD,Khulna,Khulna,2020-05-01,2759.71240234375,0.2679164409637451,0.2892703598091675,21.6086483001709,0.0289270359809167,1.3718836279868547,1,0
BGD,Dhaka,Kishoreganj,2020-05-01,2620.804443359375,0.1998230069875717,0.3249491791942176,11.995097160339355,0.0324949179194217,0.8610868238934496,0,0
BGD,Rangpur,Kurigram,2020-05-01,1134.8681640625,0.0967857912182807,0.2846132130533937,4.366462230682373,0.0284613213053393,0.6993393069119604,0,0
BGD,Khulna,Kushtia,2020-05-01,4116.2255859375,0.4903638362884521,0.4840426991975618,32.44049453735352,0.0484042699197561,1.5773234277525292,1,0
BGD,Chattogram,Lakshmipur,2020-05-01,347.323486328125,0.0568014793097972,0.2706849888714645,2.96224308013916,0.0270684988871464,0.5637987585379315,0,0
BGD,Rangpur,Lalmonirhat,2020-05-01,4456.47314453125,0.6923768520355225,0.4426494874714188,15.398843765258787,0.0442649487471418,3.474400311390594,0,0
BGD,Dhaka,Madaripur,2020-05-01,930.7255859375,0.1670308113098144,0.2603713076492007,15.50552463531494,0.02603713076492,0.8339809529962913,1,0
BGD,Khulna,Magura,2020-05-01,689.8873291015625,0.1297558099031448,0.2991861527657184,3.881878137588501,0.0299186152765718,0.7634267815704612,1,0
BGD,Dhaka,Manikganj,2020-05-01,2745.8046875,0.4101958274841308,0.499418393984365,7.810086250305176,0.0499418393984365,1.1999695625998097,0,0
BGD,Khulna,Meherpur,2020-05-01,1085.5302734375,0.2947496175765991,0.3756940356803614,8.448628425598145,0.0375694035680361,1.1708175231811988,1,0
BGD,Sylhet,Moulvibazar,2020-05-01,2051.400146484375,0.1484409123659134,0.2772255351467266,245.5272827148437,0.0277225535146726,0.6472262696386015,0,0
BGD,Dhaka,Munshiganj,2020-05-01,2832.167724609375,0.6624158024787903,0.5444406099764184,54.09033203125,0.0484966682709975,2.184368133313721,0,0
BGD,Mymensingh,Mymensingh,2020-05-01,7611.43603515625,0.3410059809684753,0.3901187978228221,22.761457443237305,0.0390118797822822,1.1225174509680562,0,0
BGD,Rajshahi,Naogaon,2020-05-01,1616.31884765625,0.0916555672883987,0.2788639536256506,5.22089147567749,0.027886395362565,0.6888121736069948,0,0
BGD,Khulna,Narail,2020-05-01,104.02141571044922,0.0208782833069562,0.2584743005277699,1.5577306747436523,0.0258474300527769,0.4911011710027628,1,0
BGD,Dhaka,Narayanganj,2020-05-01,11067.0,3.062086582183838,1.5872988292429748,54.09033203125,0.3383220850973862,11.036293118301334,0,0
BGD,Dhaka,Narsingdi,2020-05-01,3812.140869140625,0.6615393757820129,0.5658495240558868,22.010055541992188,0.0597162759397845,2.1269252649364816,0,0
BGD,Rajshahi,Natore,2020-05-01,1408.152587890625,0.1441475600004196,0.3009680455691543,7.385350227355957,0.0300968045569154,0.8118399209159983,0,0
BGD,Mymensingh,Netrakona,2020-05-01,699.0488891601562,0.0483326353132724,0.266493434217093,5.471566200256348,0.0266493434217093,0.5252159057753877,0,0
BGD,Rangpur,Nilphamari,2020-05-01,1923.67041015625,0.2243240922689438,0.3310607868581989,7.653719425201416,0.0331060786858199,0.9680201146294788,0,0
BGD,Chattogram,Noakhali,2020-05-01,1619.7215576171875,0.1301949471235275,0.2996584005507218,7.057074546813965,0.0299658400550721,0.7324061377787529,0,0
BGD,Rajshahi,Pabna,2020-05-01,6908.63330078125,0.568187415599823,0.4877256724953592,33.64109802246094,0.0487725672495359,1.9797156061282744,0,0
BGD,Rangpur,Panchagarh,2020-05-01,1980.44580078125,0.2792252898216247,0.3842469883961085,6.796078681945801,0.0384246988396108,1.0582753857821043,0,0
BGD,Chattogram,Parbattya Chattagram,2020-05-01,327.8378601074219,0.0112268915399909,0.2297668776537833,3.08957576751709,0.0229766877653783,0.4365570675421883,0,0
BGD,Barishal,Patuakhali,2020-05-01,914.7994995117188,0.0793593376874923,0.1723591432986993,74.67572784423828,0.0172359143298699,0.3274823722675287,1,0
BGD,Barishal,Pirojpur,2020-05-01,117.6678237915039,0.0199307333678007,0.2565370523300885,2.5463905334472656,0.0256537052330088,0.4874203994271682,1,0
BGD,Dhaka,Rajbari,2020-05-01,1019.7142944335938,0.1833139359951019,0.3286804922779028,2.741388320922852,0.0328680492277902,0.8716815118136672,1,0
BGD,Rajshahi,Rajshahi,2020-05-01,3132.238525390625,0.2552396953105926,0.3123404888203056,13.823352813720703,0.0312340488820305,1.0163161049788716,0,0
BGD,Rangpur,Rangpur,2020-05-01,2896.072265625,0.242171823978424,0.2474661230417078,12.76522159576416,0.0247466123041707,1.0030191427558004,0,0
BGD,Khulna,Satkhira,2020-05-01,244.1053466796875,0.0213668476790189,0.0721481245139339,12.388957023620604,0.0072148124513933,0.1370814365764745,1,0
BGD,Dhaka,Shariatpur,2020-05-01,799.9210815429686,0.1454824060201645,0.3019557876719938,7.109834671020508,0.0301955787671993,0.8125136544541888,1,0
BGD,Mymensingh,Sherpur,2020-05-01,1386.240234375,0.2033077031373977,0.3424040588709839,5.388126850128174,0.0342404058870984,0.828500553971356,0,0
BGD,Rajshahi,Sirajganj,2020-05-01,3434.408447265625,0.2680968642234802,0.3180130712786937,48.58852005004883,0.0318013071278693,1.059809677863214,0,0
BGD,Sylhet,Sunamganj,2020-05-01,463.61273193359375,0.0244755260646343,0.2536421107941645,23.78418731689453,0.0253642110794164,0.4819200105089125,0,0
BGD,Sylhet,Sylhet,2020-05-01,4523.33447265625,0.2566393315792084,0.2713214290678701,245.1487274169922,0.027132142906787,0.6887236345136262,0,0
BGD,Dhaka,Tangail,2020-05-01,6054.0166015625,0.3513699471950531,0.4313577764649475,13.573798179626465,0.0431357776464947,1.0978238293800515,0,0
BGD,Rangpur,Thakurgaon,2020-05-01,1046.65234375,0.111315056681633,0.2893687752566375,4.7827863693237305,0.0289368775256637,0.7229601624025721,0,0
BGD,Khulna,Bagerhat,2020-06-01,1708.8876953125,0.1691873669624328,0.2779631222345994,38.89810562133789,0.0277963122234599,0.6663152938518069,1,0
BGD,Chattogram,Bandarban,2020-06-01,188.3273162841797,0.0081570269539952,0.2535047171229072,5.610594272613525,0.0253504717122907,0.4816589625335238,0,0
BGD,Barishal,Barguna,2020-06-01,174.74493408203125,0.0277189202606678,0.031270299857439,5.899271011352539,0.0031270299857439,0.0594135697291342,1,0
BGD,Barishal,Barisal,2020-06-01,1272.3516845703125,0.1162781119346618,0.0054734261330049,18.874902725219727,0.0005473426133004,0.675893612932563,1,0
BGD,Barishal,Bhola,2020-06-01,485.80712890625,0.0556128285825252,0.2606176438997072,22.54917526245117,0.0260617643899707,0.4951735234094438,1,0
BGD,Rajshahi,Bogura,2020-06-01,3509.05126953125,0.2334610968828201,0.308091677110048,8.978860855102539,0.0308091677110048,1.221882937348672,0,0
BGD,Chattogram,Brahmanbaria,2020-06-01,3312.313232421875,0.3473529815673828,0.078017532996534,24.62864875793457,0.0078017532996534,1.826802302733176,0,0
BGD,Chattogram,Chandpur,2020-06-01,430.6824035644531,0.0579408407211303,0.2640134734393539,14.98098087310791,0.0264013473439353,0.5132941783211858,0,0
BGD,Rajshahi,Chapainawabganj,2020-06-01,784.7569580078125,0.0882747694849968,0.2497366409774729,4.272732734680176,0.0249736640977472,0.7023029137815171,0,0
BGD,Chattogram,Chittagong,2020-06-01,26273.33203125,1.2211745977401731,0.3669021686819274,283.14288330078125,0.0366902168681927,4.951520002395323,0,0
BGD,Khulna,Chuadanga,2020-06-01,643.4241333007812,0.1103105843067169,0.2819858123355592,4.890609264373779,0.0281985812335559,0.7766026851480247,1,0
BGD,Chattogram,Cox's Bazar,2020-06-01,2463.43994140625,0.2402142137289047,0.2135242907154099,31.038801193237305,0.0213524290715409,0.989732404323044,0,0
BGD,Chattogram,Cumilla,2020-06-01,4834.595703125,0.3093205392360687,0.1800933683326404,60.80779647827149,0.018009336833264,1.5616485490551286,0,0
BGD,Dhaka,Dhaka,2020-06-01,30364.71484375,4.117026329040527,1.1093624467991543,219.36431884765625,0.0660843430808784,18.58613057166562,0,0
BGD,Rangpur,Dinajpur,2020-06-01,2646.735595703125,0.1482072919607162,0.283993605810072,11.930577278137209,0.0283993605810072,0.8173885508801373,0,0
BGD,Dhaka,Faridpur,2020-06-01,2464.490966796875,0.2527355253696441,0.0743513882175392,6.408054351806641,0.0074351388217539,0.9791106944295176,1,0
BGD,Chattogram,Feni,2020-06-01,1692.65576171875,0.3753587305545807,0.3562866395587376,26.778562545776367,0.0356286639558737,1.447488450223662,0,0
BGD,Rangpur,Gaibandha,2020-06-01,930.4081420898436,0.0830556601285934,0.2737819305731276,6.214189529418945,0.0273781930573127,0.6380811141580216,0,0
BGD,Dhaka,Gazipur,2020-06-01,14932.310546875,1.663579344749451,0.7965130482105255,20.60703659057617,0.0922755904483157,6.775937605634619,0,0
BGD,Dhaka,Gopalganj,2020-06-01,835.4013061523436,0.1126704961061477,0.037832348300846,13.967628479003906,0.0037832348300846,0.6593619294265277,1,0
BGD,Sylhet,Habiganj,2020-06-01,3131.829833984375,0.2553659975528717,0.3081153213692835,26.888336181640625,0.0308115321369283,1.06296230353012,0,0
BGD,Rajshahi,Jaipurhat,2020-06-01,759.6901245117188,0.1523621976375579,0.2876824377169659,6.9023942947387695,0.0287682437716965,0.7892960876323494,0,0
BGD,Mymensingh,Jamalpur,2020-06-01,875.2570190429686,0.082790307700634,0.2743665761132912,6.657983779907227,0.0274366576113291,0.6433049318820143,0,0
BGD,Khulna,Jashore,2020-06-01,4290.291015625,0.3267063498497009,0.1132376921935163,17.034008026123047,0.0113237692193516,1.2958771484892189,1,0
BGD,Barishal,Jhalakati,2020-06-01,324.5993347167969,0.0900509655475616,0.2753734676600281,18.874902725219727,0.0275373467660028,0.6650129331964629,1,0
BGD,Khulna,Jhenaidah,2020-06-01,842.48681640625,0.0842209905385971,0.2753132713894662,4.6188507080078125,0.0275313271389466,0.6611524371541174,1,0
BGD,Chattogram,Khagrachari,2020-06-01,618.0180053710938,0.0426323637366294,0.26054994543624,5.195675849914551,0.026054994543624,0.4950448963288559,0,0
BGD,Khulna,Khulna,2020-06-01,3967.402587890625,0.3856171369552612,0.0103194547429986,21.41226959228516,0.0010319454742998,2.005320977316219,1,0
BGD,Dhaka,Kishoreganj,2020-06-01,2781.23046875,0.2214829921722412,0.0221970966959097,15.107837677001951,0.0022197096695909,1.253366155686198,0,0
BGD,Rangpur,Kurigram,2020-06-01,1681.5845947265625,0.1434362828731537,0.0617958751269208,5.244998455047607,0.006179587512692,0.8373521001715473,0,0
BGD,Khulna,Kushtia,2020-06-01,2299.364990234375,0.2741351425647735,0.323539912228572,31.57231330871582,0.0323539912228572,1.313194329370747,1,0
BGD,Chattogram,Lakshmipur,2020-06-01,260.0745544433594,0.0425539873540401,0.0059363024414093,3.8214941024780273,0.0005936302441409,0.0112789746386778,0,0
BGD,Rangpur,Lalmonirhat,2020-06-01,2132.901123046875,0.3314759433269501,0.1012498891874759,11.938706398010254,0.0101249889187475,1.3350696886079458,0,0
BGD,Dhaka,Madaripur,2020-06-01,835.0621337890625,0.1499994397163391,0.2931425802398941,11.33060359954834,0.0293142580239894,0.7965139296022575,1,0
BGD,Khulna,Magura,2020-06-01,872.1065673828125,0.1640280783176422,0.092449835421838,4.9948015213012695,0.0092449835421838,0.8049330928717185,1,0
BGD,Dhaka,Manikganj,2020-06-01,1653.437255859375,0.2493840157985687,0.3409494642794046,9.061498641967772,0.0340949464279404,1.0592254856048695,0,0
BGD,Khulna,Meherpur,2020-06-01,622.7047729492188,0.1690804958343505,0.3134997831053225,3.440322160720825,0.0313499783105322,0.900518294901369,1,0
BGD,Sylhet,Moulvibazar,2020-06-01,1965.5614013671875,0.1477380245923996,0.2871822030967892,128.03775024414062,0.0287182203096789,0.6953738111539877,0,0
BGD,Dhaka,Munshiganj,2020-06-01,2691.17138671875,0.6294381618499756,0.4145309713036583,48.29458236694336,0.0414530971303658,3.328294329195362,0,0
BGD,Mymensingh,Mymensingh,2020-06-01,7158.23388671875,0.3212883770465851,0.3444298183563145,38.85036087036133,0.0344429818356314,1.3163694246560584,0,0
BGD,Rajshahi,Naogaon,2020-06-01,1282.687744140625,0.0727448090910911,0.2062123203875278,11.610398292541504,0.0206212320387527,0.5598891198171114,0,0
BGD,Khulna,Narail,2020-06-01,779.579345703125,0.1564704477787017,0.0411649128434572,4.049337863922119,0.0041164912843457,1.0339904737658276,1,0
BGD,Dhaka,Narayanganj,2020-06-01,11874.3671875,3.2854740619659424,1.844004526535748,48.29458236694336,0.1593822061820448,12.156215611247507,0,0
BGD,Dhaka,Narsingdi,2020-06-01,3943.15771484375,0.708358108997345,0.1074669857836592,26.95671272277832,0.0107466985783659,3.3557907189291574,0,0
BGD,Rajshahi,Natore,2020-06-01,1064.5648193359375,0.108975701034069,0.2846338311741818,4.345670223236084,0.0284633831174181,0.7528074131639894,0,0
BGD,Mymensingh,Netrakona,2020-06-01,733.4949951171875,0.0527277812361717,0.261010398103902,9.444154739379885,0.0261010398103902,0.4959197563974137,0,0
BGD,Rangpur,Nilphamari,2020-06-01,1855.4378662109373,0.2163673192262649,0.0437222324725585,16.177183151245117,0.0043722232472558,1.1943349093829163,0,0
BGD,Chattogram,Noakhali,2020-06-01,961.4884033203124,0.0775141194462776,0.2747894486207735,5.479814052581787,0.0274789448620773,0.6016133940267859,0,0
BGD,Rajshahi,Pabna,2020-06-01,3754.8759765625,0.3089518249034881,0.2136949478006468,44.03009796142578,0.0213694947800646,1.4749699061820742,0,0
BGD,Rangpur,Panchagarh,2020-06-01,1769.5064697265625,0.2494847029447555,0.3057174496473747,9.131964683532717,0.0305717449647374,1.8798931992996464,0,0
BGD,Chattogram,Parbattya Chattagram,2020-06-01,516.4498901367188,0.0178671982139349,0.0050716269183062,47.50121307373047,0.0005071626918306,0.0096360911447818,0,0
BGD,Barishal,Patuakhali,2020-06-01,806.8921508789062,0.0700642839074134,0.0453749084955114,48.51499176025391,0.0045374908495511,0.0862123261414718,1,0
BGD,Barishal,Pirojpur,2020-06-01,300.8727722167969,0.0509622320532798,0.2658922692578761,4.377578258514404,0.0265892269257876,0.5345178964820556,1,0
BGD,Dhaka,Rajbari,2020-06-01,795.77734375,0.144147053360939,0.2985176661189612,5.5879621505737305,0.0298517666118961,0.8376228302378846,1,0
BGD,Rajshahi,Rajshahi,2020-06-01,2653.708740234375,0.2162452936172485,0.1054365341464178,11.941194534301758,0.0105436534146417,0.8993268212229378,0,0
BGD,Rangpur,Rangpur,2020-06-01,3186.3056640625,0.2664413750171661,0.0852686354840217,16.287656784057617,0.0085268635484021,1.1474603630070577,0,0
BGD,Khulna,Satkhira,2020-06-01,773.3045654296875,0.0676902160048484,0.2747234541578409,3.493093013763428,0.027472345415784,0.6026480029478634,1,0
BGD,Dhaka,Shariatpur,2020-06-01,504.102783203125,0.0917686372995376,0.2754883433870668,6.482405185699463,0.0275488343387066,0.6405196742327356,1,0
BGD,Mymensingh,Sherpur,2020-06-01,1038.9993896484375,0.1523809283971786,0.3112261739156026,4.743535995483398,0.0311226173915602,0.8156006169934596,0,0
BGD,Rajshahi,Sirajganj,2020-06-01,2028.74267578125,0.1587372571229934,0.294564491015629,26.410871505737305,0.0294564491015629,0.8700438197217444,0,0
BGD,Sylhet,Sunamganj,2020-06-01,197.5220489501953,0.0174166169017553,0.2542750468745929,19.347139358520508,0.0254275046874592,0.4831225890617264,0,0
BGD,Sylhet,Sylhet,2020-06-01,3504.59521484375,0.3144924938678741,0.2524801022299748,160.9825439453125,0.0252480102229974,1.209853748320059,0,0
BGD,Dhaka,Tangail,2020-06-01,3353.1103515625,0.1949985027313232,0.2758080678654487,15.571372032165527,0.0275808067865448,0.9627913066380704,0,0
BGD,Rangpur,Thakurgaon,2020-06-01,901.0463256835936,0.0958353951573371,0.2701056810385495,7.409584522247314,0.0270105681038549,0.5789047173051596,0,0
BGD,Khulna,Bagerhat,2020-07-01,1521.3394775390625,0.1505967527627945,0.1760054998706476,39.015045166015625,0.0176005499870647,0.6184810686349628,1,0
BGD,Chattogram,Bandarban,2020-07-01,458.20989990234375,0.0208823699504137,0.2568925746984695,4.39264440536499,0.0256892574698469,0.4880958919270921,0,0
BGD,Barishal,Barguna,2020-07-01,123.88157653808594,0.0195965003222227,0.1188812888010179,4.4790802001953125,0.0118881288801017,0.2258744487219341,1,0
BGD,Barishal,Barisal,2020-07-01,957.44677734375,0.0876465067267417,0.2488214257826757,12.355825424194336,0.0248821425782675,0.5322024556793568,1,0
BGD,Barishal,Bhola,2020-07-01,535.2896118164064,0.0611949078738689,0.1926064871872259,35.486854553222656,0.0192606487187225,0.3659523256557293,1,0
BGD,Rajshahi,Bogura,2020-07-01,2606.373046875,0.173929676413536,0.2858675454896282,8.589621543884277,0.0285867545489628,1.041718249744101,0,0
BGD,Chattogram,Brahmanbaria,2020-07-01,4441.298828125,0.4726590514183044,0.413100986614883,26.673126220703125,0.0413100986614883,1.998546435351861,0,0
BGD,Chattogram,Chandpur,2020-07-01,673.0330810546875,0.091292954981327,0.2775843806827994,15.424762725830078,0.0277584380682799,0.6127240224067209,0,0
BGD,Rajshahi,Chapainawabganj,2020-07-01,1066.755126953125,0.1202362850308418,0.2744123460930354,8.624728202819824,0.0274412346093035,0.6904739708808673,0,0
BGD,Chattogram,Chittagong,2020-07-01,16911.0703125,0.8924134969711304,0.20319907915047,173.24911499023438,0.020319907915047,4.170288756340105,0,0
BGD,Khulna,Chuadanga,2020-07-01,744.5401000976561,0.1276462078094482,0.2934318070408216,6.32804012298584,0.0293431807040821,0.743827497740443,1,0
BGD,Chattogram,Cox's Bazar,2020-07-01,2575.642822265625,0.2515844404697418,0.2586414680762173,28.709300994873047,0.0258641468076217,1.1544996627660986,0,0
BGD,Chattogram,Cumilla,2020-07-01,7504.8505859375,0.4802274405956268,0.4501299842803207,34.97002410888672,0.045012998428032,1.7108914415098342,0,0
BGD,Dhaka,Dhaka,2020-07-01,32122.5625,4.679028511047363,0.9037755558534146,219.36431884765625,0.1010707374452902,23.75727819570656,0,0
BGD,Rangpur,Dinajpur,2020-07-01,1511.8912353515625,0.105803832411766,0.2782019061736518,14.067071914672852,0.0278201906173651,0.6806343254513819,0,0
BGD,Dhaka,Faridpur,2020-07-01,1463.0828857421875,0.1494253426790237,0.2859633574710483,7.010795593261719,0.0285963357471048,0.8374046660850466,1,0
BGD,Chattogram,Feni,2020-07-01,1738.914794921875,0.3893644511699676,0.212632092090124,39.216922760009766,0.0212632092090124,1.557830195653316,0,0
BGD,Rangpur,Gaibandha,2020-07-01,812.8597412109375,0.0725753083825111,0.2719381726334734,5.219919681549072,0.0271938172633473,0.6029458464631526,0,0
BGD,Dhaka,Gazipur,2020-07-01,13244.7880859375,1.5210930109024048,0.6089765683124813,41.19509506225586,0.0674414052436262,6.591628331280544,0,0
BGD,Dhaka,Gopalganj,2020-07-01,767.036865234375,0.1034641489386558,0.2281867307489611,14.031341552734377,0.0228186730748961,0.6475672899198954,1,0
BGD,Sylhet,Habiganj,2020-07-01,3160.4521484375,0.257330447435379,0.0360103561951915,42.41228485107422,0.0036010356195191,1.0390637788352703,0,0
BGD,Rajshahi,Jaipurhat,2020-07-01,433.68560791015625,0.0870080813765525,0.27600405655874,4.356491088867188,0.027600405655874,0.676948394936648,0,0
BGD,Mymensingh,Jamalpur,2020-07-01,874.8321533203125,0.083900861442089,0.1576276553852389,9.166385650634766,0.0157627655385239,0.6382205264454545,0,0
BGD,Khulna,Jashore,2020-07-01,3248.35986328125,0.2471274137496948,0.3189582658660924,18.80477905273437,0.0318958265866092,0.9962364746185092,1,0
BGD,Barishal,Jhalakati,2020-07-01,170.3254852294922,0.0472520217299461,0.1505737285816178,12.355825424194336,0.0150573728581617,0.2860900843050739,1,0
BGD,Khulna,Jhenaidah,2020-07-01,991.7505493164062,0.0991424545645713,0.2825926833736165,8.762259483337402,0.0282592683373616,0.692852228924921,1,0
BGD,Chattogram,Khagrachari,2020-07-01,699.3370971679688,0.048241950571537,0.2636447930726946,5.890431880950928,0.0263644793072694,0.5009251068381199,0,0
BGD,Khulna,Khulna,2020-07-01,2652.641357421875,0.2575561106204986,0.2849112069010643,18.001981735229492,0.0284911206901064,1.2501001430632,1,0
BGD,Dhaka,Kishoreganj,2020-07-01,1955.04443359375,0.1674467027187347,0.2998700658800066,11.278942108154297,0.0299870065880006,0.8540345696767264,0,0
BGD,Rangpur,Kurigram,2020-07-01,841.4031372070312,0.0858074128627777,0.2713600887229746,9.15307331085205,0.0271360088722974,0.5908201822721655,0,0
BGD,Khulna,Kushtia,2020-07-01,2071.967529296875,0.2476033121347427,0.3152238475053991,47.1983757019043,0.0315223847505399,0.9843754718874634,1,0
BGD,Chattogram,Lakshmipur,2020-07-01,324.925537109375,0.0531471706926822,0.2671706374456919,3.260441780090332,0.0267170637445691,0.5343707610212464,0,0
BGD,Rangpur,Lalmonirhat,2020-07-01,732.725830078125,0.1916945129632949,0.318114004321016,8.35433292388916,0.0318114004321016,0.9214896644626904,0,0
BGD,Dhaka,Madaripur,2020-07-01,745.265625,0.1336671411991119,0.1879816801817037,13.774600982666016,0.0187981680181703,0.7325658434108677,1,0
BGD,Khulna,Magura,2020-07-01,343.1776733398437,0.0645457506179809,0.2707898885285858,4.841472148895264,0.0270789888528585,0.5661360595316256,1,0
BGD,Dhaka,Manikganj,2020-07-01,1494.7174072265625,0.2263962924480438,0.3324563837159572,14.250635147094728,0.0332456383715957,0.976233728943428,0,0
BGD,Khulna,Meherpur,2020-07-01,528.4110717773438,0.1434773057699203,0.302383330259328,7.170587539672852,0.0302383330259328,0.7739451133911045,1,0
BGD,Sylhet,Moulvibazar,2020-07-01,1897.5736083984373,0.1432555168867111,0.2932187004021906,25.45490455627441,0.029321870040219,0.787303585787647,0,0
BGD,Dhaka,Munshiganj,2020-07-01,2699.46484375,0.640397846698761,0.5107170237951516,45.37664031982422,0.0447128804475236,2.2379891343325955,0,0
BGD,Mymensingh,Mymensingh,2020-07-01,5233.220703125,0.246600940823555,0.3181184103172201,26.309757232666016,0.031811841031722,1.0022704688665844,0,0
BGD,Rajshahi,Naogaon,2020-07-01,787.7843017578125,0.0447368845343589,0.0234511946475645,16.54831314086914,0.0023451194647564,0.0445572698303725,0,0
BGD,Khulna,Narail,2020-07-01,144.54833984375,0.0290124975144863,0.2602494532591991,2.764567375183105,0.0260249453259199,0.4944739611924783,1,0
BGD,Dhaka,Narayanganj,2020-07-01,14380.8564453125,4.113175392150879,2.152703492130005,48.62434005737305,0.397359677499623,14.899410206047913,0,0
BGD,Dhaka,Narsingdi,2020-07-01,3982.083740234375,0.7004103660583496,0.5209363817780946,21.3236026763916,0.0537548936725871,2.7706797050979266,0,0
BGD,Rajshahi,Natore,2020-07-01,940.71875,0.0963943675160408,0.27847936583409,5.038687229156494,0.027847936583409,0.6690862519558791,0,0
BGD,Mymensingh,Netrakona,2020-07-01,587.2940673828125,0.0713306590914726,0.013387231527672,9.267740249633787,0.0013387231527672,0.0254357399025768,0,0
BGD,Rangpur,Nilphamari,2020-07-01,1189.5902099609375,0.1918285489082336,0.2923066461435656,11.566520690917969,0.0292306646143565,1.026866853695619,0,0
BGD,Chattogram,Noakhali,2020-07-01,1185.9630126953125,0.0968520119786262,0.2057362236742972,6.440334796905518,0.0205736223674297,0.6518275188666364,0,0
BGD,Rajshahi,Pabna,2020-07-01,3307.239013671875,0.2737559974193573,0.3108325170206722,67.01702117919922,0.0310832517020672,1.0360492119500593,0,0
BGD,Rangpur,Panchagarh,2020-07-01,1460.663818359375,0.2698882520198822,0.3218383806751964,9.056772232055664,0.0321838380675196,1.763546989431186,0,0
BGD,Chattogram,Parbattya Chattagram,2020-07-01,348.017333984375,0.0124186044558882,0.2130589352085674,21.695634841918945,0.0213058935208567,0.404811976896278,0,0
BGD,Barishal,Patuakhali,2020-07-01,838.4656982421875,0.0727835521101951,0.2242709549285486,67.6424331665039,0.0224270954928548,0.4261148143642423,1,0
BGD,Barishal,Pirojpur,2020-07-01,206.06024169921875,0.0349027588963508,0.1447993731820187,4.988359451293945,0.0144799373182018,0.2751188090458356,1,0
BGD,Dhaka,Rajbari,2020-07-01,426.3291320800781,0.0771989449858665,0.2320752970790438,5.296302318572998,0.0232075297079043,0.6223280332314094,1,0
BGD,Rajshahi,Rajshahi,2020-07-01,1926.5018310546875,0.1570487171411514,0.0795929304213999,13.065435409545898,0.0079592930421399,0.7648460688108123,0,0
BGD,Rangpur,Rangpur,2020-07-01,1788.5523681640625,0.1634014993906021,0.2890012916162402,15.327448844909668,0.028900129161624,0.7497057488953008,0,0
BGD,Khulna,Satkhira,2020-07-01,504.1885986328125,0.044132262468338,0.1313924802615375,5.064999580383301,0.0131392480261537,0.5123945547980711,1,0
BGD,Dhaka,Shariatpur,2020-07-01,462.04736328125,0.0877557396888732,0.2738563974704605,7.609281539916992,0.027385639747046,0.6257884698895007,1,0
BGD,Mymensingh,Sherpur,2020-07-01,980.1619873046876,0.1455664187669754,0.3037260676823272,9.166385650634766,0.0303726067682327,0.7935867529633747,0,0
BGD,Rajshahi,Sirajganj,2020-07-01,1578.2196044921875,0.1247247904539108,0.2806373533260663,66.3606948852539,0.0280637353326066,0.7211387132045707,0,0
BGD,Sylhet,Sunamganj,2020-07-01,551.5859985351562,0.0411199890077114,0.0080896995691495,7.504195690155029,0.0008089699569149,0.0153704291813841,0,0
BGD,Sylhet,Sylhet,2020-07-01,5664.0087890625,0.4550302922725677,0.0770237959303879,28.63458824157715,0.0077023795930387,2.3240699134359377,0,0
BGD,Dhaka,Tangail,2020-07-01,3315.0927734375,0.1936941444873809,0.1464896193888449,16.830657958984375,0.0146489619388844,0.8680769955010315,0,0
BGD,Rangpur,Thakurgaon,2020-07-01,324.56463623046875,0.0650195181369781,0.267375228464181,5.306525230407715,0.0267375228464181,0.538605152708487,0,0
BGD,Khulna,Bagerhat,2020-08-01,1611.913330078125,0.159986063838005,0.0842638303147825,41.60110092163086,0.0084263830314782,0.5953116087980153,1,0
BGD,Chattogram,Bandarban,2020-08-01,250.43751525878903,0.0108385318890213,0.2526876100594548,5.732329845428467,0.0252687610059454,0.480106459112964,0,0
BGD,Barishal,Barguna,2020-08-01,103.69377899169922,0.0164100602269172,0.1480013776395685,3.0007357597351074,0.0148001377639568,0.2812026175151803,1,0
BGD,Barishal,Barisal,2020-08-01,930.3394775390624,0.0856149122118949,0.2651375064411376,12.315417289733888,0.0265137506441137,0.5399545611757126,1,0
BGD,Barishal,Bhola,2020-08-01,563.5772094726562,0.0757597833871841,0.2614137935513359,54.49315643310547,0.0261413793551335,0.4966862077475382,1,0
BGD,Rajshahi,Bogura,2020-08-01,3964.0615234375,0.2653553485870361,0.2951248940014244,13.439079284667969,0.0295124894001424,1.6173266788077003,0,0
BGD,Chattogram,Brahmanbaria,2020-08-01,4504.8330078125,0.4663915932178497,0.477043068676464,14.434511184692385,0.0477043068676464,1.518996162070927,0,0
BGD,Chattogram,Chandpur,2020-08-01,755.6630249023436,0.101722165942192,0.1453228375886052,9.297232627868652,0.0145322837588605,0.68718431418651,0,0
BGD,Rajshahi,Chapainawabganj,2020-08-01,1124.2344970703125,0.1264970004558563,0.1789804355057454,8.46245002746582,0.0178980435505745,0.7581907498445694,0,0
BGD,Chattogram,Chittagong,2020-08-01,24826.39453125,1.152553677558899,0.381967167609846,342.166015625,0.0381967167609846,5.092842808016657,0,0
BGD,Khulna,Chuadanga,2020-08-01,695.783935546875,0.1192873045802116,0.1663597744071122,10.797816276550291,0.0166359774407112,0.7552447211885488,1,0
BGD,Chattogram,Cox's Bazar,2020-08-01,2816.313232421875,0.2743998169898987,0.1934061392226649,41.09795379638672,0.0193406139222664,1.2658090064752976,0,0
BGD,Chattogram,Cumilla,2020-08-01,8870.9404296875,0.5675684809684753,0.5354105391620454,16.619508743286133,0.0429021072057982,1.7661062829627852,0,0
BGD,Dhaka,Dhaka,2020-08-01,31417.048828125,4.257355213165283,1.2435124087702956,218.7457733154297,0.1013431687073346,18.22946729561664,0,0
BGD,Rangpur,Dinajpur,2020-08-01,1863.3895263671875,0.1043428406119346,0.2772436084835965,10.53307056427002,0.0277243608483596,0.7070606474094433,0,0
BGD,Dhaka,Faridpur,2020-08-01,1408.1451416015625,0.1455718576908111,0.0699953655032332,7.37513542175293,0.0069995365503233,0.8518251837314006,1,0
BGD,Chattogram,Feni,2020-08-01,1727.5753173828125,0.3831023871898651,0.3644512983265485,31.08636474609375,0.0364451298326548,1.6497967470502992,0,0
BGD,Rangpur,Gaibandha,2020-08-01,978.7424926757812,0.0875036045908927,0.2749740912623189,5.311468601226807,0.0274974091262318,0.6559878436945835,0,0
BGD,Dhaka,Gazipur,2020-08-01,13220.548828125,1.4664777517318726,0.6298197610668836,40.56358337402344,0.064358187427074,6.193396988648738,0,0
BGD,Dhaka,Gopalganj,2020-08-01,888.3179321289062,0.1198073625564575,0.0657139159054309,15.602387428283691,0.006571391590543,0.7308386391562149,1,0
BGD,Sylhet,Habiganj,2020-08-01,4306.71826171875,0.3262835443019867,0.3500503266471997,58.804935455322266,0.0350050326647199,1.204512722392462,0,0
BGD,Rajshahi,Jaipurhat,2020-08-01,634.912109375,0.1273369193077087,0.2879175675562623,6.31011962890625,0.0287917567556262,0.7260928622671684,0,0
BGD,Mymensingh,Jamalpur,2020-08-01,1065.640869140625,0.1009130999445915,0.2739052106955409,8.214805603027344,0.0273905210695541,0.6202528182371045,0,0
BGD,Khulna,Jashore,2020-08-01,3109.470703125,0.2365070879459381,0.3037552082504436,48.928958892822266,0.0303755208250443,1.0981106198186772,1,0
BGD,Barishal,Jhalakati,2020-08-01,189.77427673339844,0.0526913963258266,0.2328442305939189,12.329312324523926,0.0232844230593918,0.4424040381284458,1,0
BGD,Khulna,Jhenaidah,2020-08-01,831.2151489257811,0.0830941945314407,0.2741630199555016,6.614875316619873,0.0274163019955501,0.6652906514717526,1,0
BGD,Chattogram,Khagrachari,2020-08-01,443.6249084472656,0.0306043438613414,0.2579015467052425,5.751752853393555,0.0257901546705242,0.4900129387399607,0,0
BGD,Khulna,Khulna,2020-08-01,3155.705078125,0.3074452877044678,0.0559642752113703,27.119199752807617,0.005596427521137,1.6119664222875492,1,0
BGD,Dhaka,Kishoreganj,2020-08-01,2102.929443359375,0.1617347598075866,0.3070366726477584,7.1554341316223145,0.0307036672647758,0.8375525988854918,0,0
BGD,Rangpur,Kurigram,2020-08-01,873.4307250976561,0.0745391249656677,0.2699270548924313,5.685113906860352,0.0269927054892431,0.5840245237355989,0,0
BGD,Khulna,Kushtia,2020-08-01,2450.944091796875,0.2925285100936889,0.3332700281549826,40.59048843383789,0.0333270028154982,1.2319206765382973,1,0
BGD,Chattogram,Lakshmipur,2020-08-01,231.8732452392578,0.0379852429032325,0.2607634484132944,3.9305455684661865,0.0260763448413294,0.4954505519852593,0,0
BGD,Rangpur,Lalmonirhat,2020-08-01,1977.05224609375,0.3071633577346802,0.2862073605107375,11.23692512512207,0.0286207360510737,1.919347236723832,0,0
BGD,Dhaka,Madaripur,2020-08-01,719.91943359375,0.1301948130130767,0.1608761518217123,16.78658103942871,0.0160876151821712,0.7476435185010335,1,0
BGD,Khulna,Magura,2020-08-01,322.4323425292969,0.0606439188122749,0.268241070327085,5.801536083221436,0.0268241070327085,0.5668178053927304,1,0
BGD,Dhaka,Manikganj,2020-08-01,2064.39794921875,0.3105658888816833,0.0629230017211598,13.528983116149902,0.0062923001721159,1.1887054195010462,0,0
BGD,Khulna,Meherpur,2020-08-01,610.4447631835938,0.1657515913248062,0.3019218602945275,7.200580596923828,0.0301921860294527,0.8427020838012865,1,0
BGD,Sylhet,Moulvibazar,2020-08-01,2039.2630615234373,0.1483334749937057,0.3006176766326011,22.59710693359375,0.0300617676632601,0.7775715406397804,0,0
BGD,Dhaka,Munshiganj,2020-08-01,2706.365234375,0.6355113983154297,0.5312739766556217,40.27971267700195,0.0325890190074804,2.102477422203864,0,0
BGD,Mymensingh,Mymensingh,2020-08-01,6336.162109375,0.2849671542644501,0.2960112813541342,27.824857711791992,0.0296011281354134,1.3357845450462578,0,0
BGD,Rajshahi,Naogaon,2020-08-01,1334.227783203125,0.075689248740673,0.0941223227843998,11.288141250610352,0.0094122322784399,0.5782725245273223,0,0
BGD,Khulna,Narail,2020-08-01,221.66555786132807,0.0444908030331134,0.0612433736370888,4.666232585906982,0.0061243373637088,0.5236483282223775,1,0
BGD,Dhaka,Narayanganj,2020-08-01,10100.5859375,2.7946932315826416,1.2919191563494392,40.19839096069336,0.1433444401308687,10.847984460996772,0,0
BGD,Dhaka,Narsingdi,2020-08-01,2973.847412109375,0.5160661935806274,0.4695807258430501,20.59074783325196,0.046958072584305,2.035798542442704,0,0
BGD,Rajshahi,Natore,2020-08-01,1135.8167724609375,0.1162933185696601,0.0367553735662967,5.1525468826293945,0.0036755373566296,0.7198606876854946,0,0
BGD,Mymensingh,Netrakona,2020-08-01,782.860107421875,0.0583979748189449,0.0259443502268255,9.267740249633787,0.0025944350226825,0.0492942654309684,0,0
BGD,Rangpur,Nilphamari,2020-08-01,1328.612548828125,0.1549328863620758,0.2811623126343335,16.945253372192383,0.0281162312634333,0.7759351947605547,0,0
BGD,Chattogram,Noakhali,2020-08-01,1302.125,0.1102210655808448,0.2839831583065274,7.457539081573486,0.0283983158306527,0.712374604992827,0,0
BGD,Rajshahi,Pabna,2020-08-01,4116.26220703125,0.3387308716773987,0.2700949844674052,22.86189651489257,0.0270094984467405,1.5940072071986264,0,0
BGD,Rangpur,Panchagarh,2020-08-01,1592.0206298828125,0.2244607806205749,0.3220477831961579,8.27415657043457,0.0322047783196157,1.009861353655174,0,0
BGD,Chattogram,Parbattya Chattagram,2020-08-01,382.6170043945313,0.0131722846999764,0.0197079302837748,20.628984451293945,0.0019707930283774,0.0374450675391722,0,0
BGD,Barishal,Patuakhali,2020-08-01,814.7862548828125,0.0728746727108955,0.2054690534528777,62.33444213867188,0.0205469053452877,0.3903912015604678,1,0
BGD,Barishal,Pirojpur,2020-08-01,180.95120239257807,0.0306715536862611,0.231813821122323,4.743165493011475,0.0231813821122323,0.4404462601324138,1,0
BGD,Dhaka,Rajbari,2020-08-01,464.3265380859375,0.0835182070732116,0.2790741218062134,4.191514492034912,0.0279074121806213,0.6362062184466796,1,0
BGD,Rajshahi,Rajshahi,2020-08-01,2338.644775390625,0.1905713677406311,0.1881603315990231,12.45715045928955,0.0188160331599023,0.8495299299035415,0,0
BGD,Rangpur,Rangpur,2020-08-01,2746.74560546875,0.2296850085258484,0.1995278413926297,18.75718688964844,0.0199527841392629,0.980982765747724,0,0
BGD,Khulna,Satkhira,2020-08-01,461.5445251464844,0.0405078455805778,0.2541575933153314,3.690591096878052,0.0254157593315331,0.4828994272991296,1,0
BGD,Dhaka,Shariatpur,2020-08-01,488.124755859375,0.0888594835996627,0.2747448214239212,10.3532075881958,0.0274744821423921,0.638462783261721,1,0
BGD,Mymensingh,Sherpur,2020-08-01,1013.2910766601562,0.1486135125160217,0.2907635573523838,7.033257484436035,0.0290763557352383,0.7742060984884817,0,0
BGD,Rajshahi,Sirajganj,2020-08-01,2428.405517578125,0.1905533522367477,0.094177257492381,52.23554992675781,0.009417725749238,0.9675448296562688,0,0
BGD,Sylhet,Sunamganj,2020-08-01,812.8878173828125,0.051047146320343,0.0134161344316276,8.811013221740723,0.0013416134431627,0.5346852929394954,0,0
BGD,Sylhet,Sylhet,2020-08-01,2540.689453125,0.1800589114427566,0.3086584652570321,25.928152084350582,0.0308658465257032,0.9772744121679474,0,0
BGD,Dhaka,Tangail,2020-08-01,3207.2666015625,0.1862093657255172,0.3086662457635803,16.89139175415039,0.030866624576358,0.9793774357832744,0,0
BGD,Rangpur,Thakurgaon,2020-08-01,802.37451171875,0.0853352770209312,0.2720933979392695,7.018822193145752,0.0272093397939269,0.5880918878097645,0,0
BGD,Khulna,Bagerhat,2020-09-01,1109.0538330078125,0.10977353900671,0.0754043059649138,56.13320541381836,0.0075404305964913,0.1432681813333362,1,0
BGD,Chattogram,Bandarban,2020-09-01,895.0982666015625,0.0388114191591739,0.2595234978198455,9.239935874938965,0.0259523497819845,0.4930946458577065,0,0
BGD,Barishal,Barguna,2020-09-01,152.80035400390625,0.024167263880372,0.0242308171863028,4.886427402496338,0.0024230817186302,0.0460385526539753,1,0
BGD,Barishal,Barisal,2020-09-01,707.6649780273438,0.0646828860044479,0.259305584961545,12.947248458862305,0.0259305584961545,0.4926806114269356,1,0
BGD,Barishal,Bhola,2020-09-01,565.72021484375,0.0646798685193061,0.0377256070763195,54.49315643310547,0.0037725607076319,0.0716786534450071,1,0
BGD,Rajshahi,Bogura,2020-09-01,1921.7781982421875,0.1278920769691467,0.2719468670179089,10.69133472442627,0.0271946867017908,0.8102627012028316,0,0
BGD,Chattogram,Brahmanbaria,2020-09-01,4409.3291015625,0.460180252790451,0.3746640286970603,30.66080665588379,0.037466402869706,2.18662271821411,0,0
BGD,Chattogram,Chandpur,2020-09-01,393.072509765625,0.0529929883778095,0.2623752187992669,9.102614402770996,0.0262375218799266,0.4985129157186071,0,0
BGD,Rajshahi,Chapainawabganj,2020-09-01,1399.1834716796875,0.1573896259069442,0.0254401689091484,8.56056022644043,0.0025440168909148,1.0594712434757168,0,0
BGD,Chattogram,Chittagong,2020-09-01,30008.8984375,1.3890516757965088,0.3724656018343454,340.5966796875,0.0372465601834345,6.656070876779047,0,0
BGD,Khulna,Chuadanga,2020-09-01,495.1424865722656,0.0849324092268943,0.2694730098170744,7.982004642486572,0.0269473009817074,0.6201904184872011,1,0
BGD,Chattogram,Cox's Bazar,2020-09-01,2720.20751953125,0.2692048251628876,0.2893508771048959,19.35676383972168,0.0289350877104895,1.524017984484315,0,0
BGD,Chattogram,Cumilla,2020-09-01,6298.4619140625,0.4032634496688843,0.3498475630620175,44.53999328613281,0.0349847563062017,1.913081315790751,0,0
BGD,Dhaka,Dhaka,2020-09-01,35728.125,4.90313196182251,1.0212447350636986,215.90045166015625,0.0777524469102637,22.841874513824905,0,0
BGD,Rangpur,Dinajpur,2020-09-01,4184.677734375,0.2343263030052185,0.3121225713523072,12.709442138671877,0.0312122571352307,1.2351665237584202,0,0
BGD,Dhaka,Faridpur,2020-09-01,533.0944213867188,0.0544842481613159,0.2639210521054568,5.071423530578613,0.0263921052105456,0.5132348951850998,1,0
BGD,Chattogram,Feni,2020-09-01,1974.47998046875,0.4379523992538452,0.364213290990569,30.934080123901367,0.0364213290990569,1.7860452366123327,0,0
BGD,Rangpur,Gaibandha,2020-09-01,755.7637939453125,0.0677679851651191,0.0139332276308185,5.5712504386901855,0.0013933227630818,0.65908701812349,0,0
BGD,Dhaka,Gazipur,2020-09-01,13819.859375,1.5388872623443604,0.6942659689910351,26.57651329040528,0.0727596370829308,6.337781541964764,0,0
BGD,Dhaka,Gopalganj,2020-09-01,519.823974609375,0.0701464563608169,0.265357782807998,10.107503890991213,0.0265357782807998,0.5390650678075973,1,0
BGD,Sylhet,Habiganj,2020-09-01,3029.643310546875,0.2291640192270279,0.2934640274126543,49.216888427734375,0.0293464027412654,0.974392131129532,0,0
BGD,Rajshahi,Jaipurhat,2020-09-01,811.6790161132812,0.1627890020608902,0.2910232347529548,9.229012489318848,0.0291023234752954,1.062148124222262,0,0
BGD,Mymensingh,Jamalpur,2020-09-01,647.3086547851562,0.0612640678882598,0.2648758550770681,9.24073314666748,0.0264875855077068,0.5234255873254958,0,0
BGD,Khulna,Jashore,2020-09-01,2156.489013671875,0.1640105992555618,0.2754134929272891,23.19654655456543,0.0275413492927289,0.7953601547436917,1,0
BGD,Barishal,Jhalakati,2020-09-01,156.9221649169922,0.0435336455702781,0.0345283764178999,12.947248458862305,0.0034528376417899,0.0656039151940098,1,0
BGD,Khulna,Jhenaidah,2020-09-01,370.2742309570313,0.037015251815319,0.2586695281568834,3.946364402770996,0.0258669528156883,0.4914721034980785,1,0
BGD,Chattogram,Khagrachari,2020-09-01,492.808837890625,0.0339962728321552,0.2562354262498911,9.097478866577148,0.0256235426249891,0.4868473098747931,0,0
BGD,Khulna,Khulna,2020-09-01,2144.159912109375,0.2085586041212082,0.0027423070823393,17.76953125,0.0002742307082339,1.0836486696080294,1,0
BGD,Dhaka,Kishoreganj,2020-09-01,1643.08251953125,0.1257414370775222,0.1750939688652242,27.823347091674805,0.0175093968865224,0.7321252307052435,0,0
BGD,Rangpur,Kurigram,2020-09-01,596.169921875,0.0508566126227378,0.086394783640568,7.83866548538208,0.0086394783640568,0.1641500889170792,0,0
BGD,Khulna,Kushtia,2020-09-01,1286.52392578125,0.1536246538162231,0.0203038891294401,28.599809646606445,0.002030388912944,0.8064687806418255,1,0
BGD,Chattogram,Lakshmipur,2020-09-01,249.9288787841797,0.0408858582377433,0.262946679581551,3.662179470062256,0.0262946679581551,0.499598691204947,0,0
BGD,Rangpur,Lalmonirhat,2020-09-01,1024.562255859375,0.1591804027557373,0.2971876427913471,10.648114204406738,0.0297187642791347,0.9741063626747162,0,0
BGD,Dhaka,Madaripur,2020-09-01,440.2613525390625,0.0792264640331268,0.2668771853996033,7.208719730377197,0.0266877185399603,0.5699520448549976,1,0
BGD,Khulna,Magura,2020-09-01,180.06468200683594,0.0338670350611209,0.2590612435661521,3.974372625350952,0.0259061243566152,0.492216362775689,1,0
BGD,Dhaka,Manikganj,2020-09-01,993.4760131835936,0.1497233808040619,0.1880689071234095,8.320293426513672,0.0188068907123409,0.9869955383951464,0,0
BGD,Khulna,Meherpur,2020-09-01,527.3621826171875,0.1431925147771835,0.2634661528843199,7.119968414306641,0.026346615288432,0.8093517977342652,1,0
BGD,Sylhet,Moulvibazar,2020-09-01,2422.636474609375,0.1754301041364669,0.3027917843129925,107.45651245117188,0.0302791784312992,0.8770825494237369,0,0
BGD,Dhaka,Munshiganj,2020-09-01,3119.8232421875,0.7317164540290833,0.420835244778466,69.0352554321289,0.0420835244778466,3.2534881259524764,0,0
BGD,Mymensingh,Mymensingh,2020-09-01,6256.4814453125,0.2803141474723816,0.3285756793592317,31.971643447875977,0.0328575679359231,1.0885085925347533,0,0
BGD,Rajshahi,Naogaon,2020-09-01,2169.741455078125,0.123038150370121,0.0254577688332144,10.062417030334473,0.0025457768833214,0.9911918727759954,0,0
BGD,Khulna,Narail,2020-09-01,118.57533264160156,0.0237994194030761,0.2578281773772244,2.02901291847229,0.0257828177377224,0.4898735370167263,1,0
BGD,Dhaka,Narayanganj,2020-09-01,15787.466796875,4.504868030548096,2.5023005512229988,69.0352554321289,0.2481958681965544,17.03428510273701,0,0
BGD,Dhaka,Narsingdi,2020-09-01,3612.265869140625,0.6324905157089233,0.4534810636532811,26.35628128051757,0.0453481063653281,2.794533324524284,0,0
BGD,Rajshahi,Natore,2020-09-01,693.1942749023438,0.0709743574261665,0.267282172203969,7.868078231811523,0.0267282172203969,0.594376838393316,0,0
BGD,Mymensingh,Netrakona,2020-09-01,722.8306274414062,0.0499803759157657,0.2664819226527112,5.156819820404053,0.0266481922652711,0.5305438865690377,0,0
BGD,Rangpur,Nilphamari,2020-09-01,1286.9273681640625,0.1500718593597412,0.0538915810293721,15.033345222473145,0.0053891581029372,0.8235422442085368,0,0
BGD,Chattogram,Noakhali,2020-09-01,1266.219970703125,0.1020832061767578,0.0055331516875323,8.442496299743652,0.0005533151687532,0.7221944739280735,0,0
BGD,Rajshahi,Pabna,2020-09-01,2663.87451171875,0.219255730509758,0.1185258154688394,45.336307525634766,0.0118525815468839,0.958905065889092,0,0
BGD,Rangpur,Panchagarh,2020-09-01,2199.336181640625,0.3100868761539459,0.3766058510471257,5.943196296691895,0.0376605851047125,1.1787385969115056,0,0
BGD,Chattogram,Parbattya Chattagram,2020-09-01,631.6266479492188,0.021709019318223,0.2547318903293651,19.197599411010746,0.0254731890329365,0.4839905916257939,0,0
BGD,Barishal,Patuakhali,2020-09-01,905.0186767578124,0.0785184353590011,0.0170228951305569,52.379093170166016,0.0017022895130556,0.0323435007480581,1,0
BGD,Barishal,Pirojpur,2020-09-01,85.09255981445312,0.014413091354072,0.2563770590726089,2.600965738296509,0.0256377059072608,0.4871164122379568,1,0
BGD,Dhaka,Rajbari,2020-09-01,220.888900756836,0.0397883206605911,0.2623761554143485,3.4277775287628174,0.0262376155414348,0.4985146952872622,1,0
BGD,Rajshahi,Rajshahi,2020-09-01,1680.4395751953125,0.1369913965463638,0.0220528947438768,13.126277923583984,0.0022052894743876,0.7991070959674366,0,0
BGD,Rangpur,Rangpur,2020-09-01,3021.455810546875,0.252656489610672,0.1893846882268528,16.51462745666504,0.0189384688226852,1.258607236216035,0,0
BGD,Khulna,Satkhira,2020-09-01,328.2585144042969,0.0287740491330623,0.0082902862330799,4.64639949798584,0.0008290286233079,0.0157515438428519,1,0
BGD,Dhaka,Shariatpur,2020-09-01,288.80859375,0.0526991486549377,0.2628662609982138,9.31643295288086,0.0262866260998213,0.4994458958966063,1,0
BGD,Mymensingh,Sherpur,2020-09-01,866.1206665039062,0.12706358730793,0.2877235308057222,7.459046840667725,0.0287723530805722,0.830965017589382,0,0
BGD,Rajshahi,Sirajganj,2020-09-01,2334.1240234375,0.1831706166267395,0.1291742345387808,63.20146942138672,0.012917423453878,1.048233452138143,0,0
BGD,Sylhet,Sunamganj,2020-09-01,1015.1573486328124,0.0535969585180282,8.254975088405286e-05,19.906963348388672,8.254975088405287e-06,0.0001568445266797,0,0
BGD,Sylhet,Sylhet,2020-09-01,5506.99267578125,0.3125021159648895,0.2419908515964699,204.8232421875,0.024199085159647,1.1205919402665978,0,0
BGD,Dhaka,Tangail,2020-09-01,2638.26171875,0.1535642445087432,0.2369906190218296,23.6632137298584,0.0236990619021829,0.826637531329127,0,0
BGD,Rangpur,Thakurgaon,2020-09-01,1379.5413818359375,0.1467189490795135,0.3017166310376082,7.367688655853271,0.0301716631037608,0.8053711300698404,0,0
BGD,Khulna,Bagerhat,2020-10-01,1684.5677490234375,0.1666401624679565,0.1409775796328982,55.94472503662109,0.0140977579632898,0.5769825050148982,1,0
BGD,Chattogram,Bandarban,2020-10-01,1006.6065673828124,0.0435162484645843,0.2647390167125063,5.950168609619141,0.0264739016712506,0.5242580121489011,0,0
BGD,Barishal,Barguna,2020-10-01,170.1606903076172,0.0269130151718854,0.1797838776418526,3.595083475112915,0.0179783877641852,0.34158936751952,1,0
BGD,Barishal,Barisal,2020-10-01,1073.792724609375,0.0981321409344673,0.2302425090552231,11.193549156188965,0.0230242509055223,0.6110945574000478,1,0
BGD,Barishal,Bhola,2020-10-01,705.0189819335938,0.0804386362433433,0.0495492520080403,25.197830200195312,0.004954925200804,0.5349489187842249,1,0
BGD,Rajshahi,Bogura,2020-10-01,3668.5947265625,0.2440757006406784,0.31544785199936,11.121844291687012,0.031544785199936,1.1888087362465702,0,0
BGD,Chattogram,Brahmanbaria,2020-10-01,4678.263671875,0.4827033281326294,0.2810086799525776,44.57120513916016,0.0281008679952577,1.46286098419682,0,0
BGD,Chattogram,Chandpur,2020-10-01,790.3060302734375,0.106309562921524,0.1505663033704152,13.745672225952148,0.0150566303370415,0.6503960008933941,0,0
BGD,Rajshahi,Chapainawabganj,2020-10-01,805.7299194335938,0.0906339511275291,0.2471857091706004,4.833710670471191,0.02471857091706,0.7059360319060702,0,0
BGD,Chattogram,Chittagong,2020-10-01,24208.99609375,1.1188706159591677,0.4220371156605907,191.4093017578125,0.042203711566059,4.4890567290372,0,0
BGD,Khulna,Chuadanga,2020-10-01,1049.9805908203125,0.1800118535757064,0.3196928441740125,5.933434009552002,0.0319692844174012,0.8499698568349983,1,0
BGD,Chattogram,Cox's Bazar,2020-10-01,3284.726318359375,0.3185712993144989,0.0068240450780368,30.6917781829834,0.0006824045078036,1.2348385929251442,0,0
BGD,Chattogram,Cumilla,2020-10-01,8503.076171875,0.5440322756767273,0.5095439450229483,19.757946014404297,0.0329938027525532,1.8099366782057105,0,0
BGD,Dhaka,Dhaka,2020-10-01,32691.765625,4.427475452423096,1.001920868266961,184.10986328125,0.0873686189758807,21.392199505847746,0,0
BGD,Rangpur,Dinajpur,2020-10-01,2127.33984375,0.1191230714321136,0.283691040426294,13.03454303741455,0.0283691040426293,0.7511211161063654,0,0
BGD,Dhaka,Faridpur,2020-10-01,1480.2645263671875,0.1508204787969589,0.292010757875395,26.43487548828125,0.0292010757875395,0.8219988904934827,1,0
BGD,Chattogram,Feni,2020-10-01,2468.736083984375,0.5474601984024048,0.5260588747863933,16.61487579345703,0.0569490583665835,1.6080859950957072,0,0
BGD,Rangpur,Gaibandha,2020-10-01,861.8735961914062,0.0769377201795578,0.2747324658452894,5.3008952140808105,0.0274732465845289,0.62821908793419,0,0
BGD,Dhaka,Gazipur,2020-10-01,12889.9580078125,1.429807186126709,0.6494392496506607,21.33345603942871,0.0706126118360853,6.361580924020476,0,0
BGD,Dhaka,Gopalganj,2020-10-01,481.1938171386719,0.0648985654115676,0.2010689243647642,10.51148796081543,0.0201068924364764,0.3820309562930519,1,0
BGD,Sylhet,Habiganj,2020-10-01,4452.296875,0.3363735675811767,0.3365576431812909,105.91560363769533,0.0336557643181291,1.14758552595635,0,0
BGD,Rajshahi,Jaipurhat,2020-10-01,685.9229736328125,0.1375675797462463,0.297119734929025,4.659683227539063,0.0297119734929025,0.8381366766906031,0,0
BGD,Mymensingh,Jamalpur,2020-10-01,889.0213623046875,0.0840922743082046,0.2755410021752117,5.226584434509277,0.0275541002175211,0.6426715720476079,0,0
BGD,Khulna,Jashore,2020-10-01,3455.812255859375,0.2628299295902252,0.0901505158961692,23.32502555847168,0.0090150515896169,1.0027919864551549,1,0
BGD,Barishal,Jhalakati,2020-10-01,197.9618225097656,0.0549189485609531,0.2142663588399312,9.035064697265623,0.0214266358839931,0.4071060817958692,1,0
BGD,Khulna,Jhenaidah,2020-10-01,1107.340576171875,0.1106976568698883,0.0855232829256024,5.210441112518311,0.0085523282925602,0.7340802209633233,1,0
BGD,Chattogram,Khagrachari,2020-10-01,921.5646362304688,0.0635717436671257,0.2674078674162012,9.042312622070312,0.0267407867416201,0.5837073825668384,0,0
BGD,Khulna,Khulna,2020-10-01,2713.68701171875,0.2634482085704803,0.0530670512758553,18.217180252075195,0.0053067051275855,1.2842255470495845,1,0
BGD,Dhaka,Kishoreganj,2020-10-01,2037.4393310546875,0.1553443819284439,0.2751983600774358,33.320030212402344,0.0275198360077435,0.8165286614141389,0,0
BGD,Rangpur,Kurigram,2020-10-01,672.81982421875,0.057380586862564,0.2675430856624415,19.052898406982425,0.0267543085662441,0.5583541618180028,0,0
BGD,Khulna,Kushtia,2020-10-01,2927.3564453125,0.3487344682216644,0.3636901727260506,38.67154693603516,0.036369017272605,1.2997770728418063,1,0
BGD,Chattogram,Lakshmipur,2020-10-01,402.4067687988281,0.0657990723848342,0.2711798555762229,4.62043046951294,0.0271179855576222,0.5726190344907138,0,0
BGD,Rangpur,Lalmonirhat,2020-10-01,1018.25439453125,0.1582003831863403,0.3062982529416108,4.3567962646484375,0.030629825294161,0.906940103448588,0,0
BGD,Dhaka,Madaripur,2020-10-01,624.5316162109375,0.11201211810112,0.1414884315108261,8.368927955627441,0.0141488431510826,0.6685340876858191,1,0
BGD,Khulna,Magura,2020-10-01,108.6131362915039,0.02042824216187,0.2575102668051404,2.537537336349488,0.025751026680514,0.4892695069297668,1,0
BGD,Dhaka,Manikganj,2020-10-01,1377.8192138671875,0.2058324515819549,0.3205209924562682,14.222763061523438,0.0320520992456268,1.0017922730308952,0,0
BGD,Khulna,Meherpur,2020-10-01,621.2546997070312,0.1686867624521255,0.3175897246120013,3.750335693359375,0.0317589724612001,0.8520099256837848,1,0
BGD,Sylhet,Moulvibazar,2020-10-01,3214.3759765625,0.232594758272171,0.0540766691499373,29.679412841796875,0.0054076669149937,0.9393016243621224,0,0
BGD,Dhaka,Munshiganj,2020-10-01,2779.4228515625,0.6500793099403381,0.5214123483356199,58.13618087768555,0.0535742936505081,2.13001699213633,0,0
BGD,Mymensingh,Mymensingh,2020-10-01,6735.8134765625,0.3017765283584595,0.3429279007702892,25.90504264831543,0.0342927900770289,1.16327184348092,0,0
BGD,Rajshahi,Naogaon,2020-10-01,2326.915283203125,0.1319508999586105,0.2996231037844286,4.379057884216309,0.0299623103784428,0.7694092493184462,0,0
BGD,Khulna,Narail,2020-10-01,109.78592681884766,0.0220352858304977,0.2565435954483288,3.756836652755737,0.0256543595448328,0.4874328313518246,1,0
BGD,Dhaka,Narayanganj,2020-10-01,11359.0810546875,3.1429014205932617,1.4311937886006836,58.13618087768555,0.2468614643538389,12.23723742908152,0,0
BGD,Dhaka,Narsingdi,2020-10-01,3789.634521484375,0.6576337218284607,0.5366514929475948,43.3587646484375,0.0589747994793549,2.1907766754272524,0,0
BGD,Rajshahi,Natore,2020-10-01,1464.1046142578125,0.1498751640319824,0.2986369878031331,11.497234344482422,0.0298636987803133,0.8026667463370311,0,0
BGD,Mymensingh,Netrakona,2020-10-01,780.713623046875,0.0539789833128452,0.2661048317398699,8.858345031738281,0.0266104831739869,0.5316054833687385,0,0
BGD,Rangpur,Nilphamari,2020-10-01,1418.384521484375,0.1654014140367508,0.2916443965435121,20.57316017150879,0.0291644396543512,0.8974246187330315,0,0
BGD,Chattogram,Noakhali,2020-10-01,1853.1044921875,0.1489545255899429,0.3050956537434163,6.403520107269287,0.0305095653743416,0.7724891126650437,0,0
BGD,Rajshahi,Pabna,2020-10-01,4482.29345703125,0.3686376810073852,0.1877697232663401,66.26499938964844,0.018776972326634,1.279065508458456,0,0
BGD,Rangpur,Panchagarh,2020-10-01,1171.1922607421875,0.1651277095079422,0.3082983338545021,4.001951694488525,0.0308298333854502,0.9526015088767248,0,0
BGD,Chattogram,Parbattya Chattagram,2020-10-01,1134.062744140625,0.0388522334396839,0.0054802886271095,6.89434289932251,0.0005480288627109,0.5075728627089661,0,0
BGD,Barishal,Patuakhali,2020-10-01,1170.74853515625,0.1015630513429641,0.1680832990971575,52.838623046875,0.0168083299097157,0.3193582682845993,1,0
BGD,Barishal,Pirojpur,2020-10-01,247.0513458251953,0.0418458841741085,0.1130360773225905,2.9269356727600098,0.011303607732259,0.5019203136737959,1,0
BGD,Dhaka,Rajbari,2020-10-01,530.6145629882812,0.0953885242342948,0.2739056835706809,3.287238359451294,0.027390568357068,0.68835819571542,1,0
BGD,Rajshahi,Rajshahi,2020-10-01,2779.895751953125,0.2265280038118362,0.3123348209590292,12.82321548461914,0.0312334820959029,0.9011198622779332,0,0
BGD,Rangpur,Rangpur,2020-10-01,1972.5137939453125,0.1649431437253952,0.2936536998960045,11.3902587890625,0.0293653699896004,0.8343622836349159,0,0
BGD,Khulna,Satkhira,2020-10-01,862.5807495117188,0.0755027756094932,0.0484261691956277,6.413037300109863,0.0048426169195627,0.6252841982590824,1,0
BGD,Dhaka,Shariatpur,2020-10-01,526.9819946289064,0.0958423241972923,0.1431895665909794,7.290567874908447,0.0143189566590979,0.6523696814662161,1,0
BGD,Mymensingh,Sherpur,2020-10-01,1242.574462890625,0.1822375059127807,0.317692167520159,9.971360206604004,0.0317692167520159,0.8435253309465022,0,0
BGD,Rajshahi,Sirajganj,2020-10-01,2392.84326171875,0.186790183186531,0.1600892591654438,45.87223434448242,0.0160089259165443,0.9242442460193004,0,0
BGD,Sylhet,Sunamganj,2020-10-01,846.0765991210938,0.0446598827838897,0.2610945050208168,12.167956352233888,0.0261094505020816,0.4960795595395518,0,0
BGD,Sylhet,Sylhet,2020-10-01,7613.45458984375,0.4319627285003662,0.0782392973090414,276.8772888183594,0.0078239297309041,1.2563960345456744,0,0
BGD,Dhaka,Tangail,2020-10-01,4810.41796875,0.279192566871643,0.356245947412315,15.66504192352295,0.0356245947412315,1.0950136990481625,0,0
BGD,Rangpur,Thakurgaon,2020-10-01,431.0646362304688,0.0458451993763446,0.2611160682272909,6.9471306800842285,0.026111606822729,0.4961205296318529,0,0
BGD,Khulna,Bagerhat,2020-11-01,2189.72705078125,0.2166227102279663,0.1862736971362794,56.69557571411133,0.0186273697136279,0.7882208473022569,1,0
BGD,Chattogram,Bandarban,2020-11-01,338.23272705078125,0.0146441757678985,0.2539185272184997,7.748146533966064,0.0253918527218499,0.4824452017151494,0,0
BGD,Barishal,Barguna,2020-11-01,140.02584838867188,0.0221468172967433,0.2576685076580159,4.6580586433410645,0.0257668507658016,0.4895701645502303,1,0
BGD,Barishal,Barisal,2020-11-01,1307.7628173828125,0.1195142790675163,0.1949827221733084,13.339235305786133,0.0194982722173308,0.6260410521518064,1,0
BGD,Barishal,Bhola,2020-11-01,660.332275390625,0.0753573328256607,0.2650722292989669,33.80329513549805,0.0265072229298966,0.5405760632957731,1,0
BGD,Rajshahi,Bogura,2020-11-01,4622.8310546875,0.3079103529453277,0.3390068016017078,18.94919204711914,0.0339006801601707,1.4436148120069816,0,0
BGD,Chattogram,Brahmanbaria,2020-11-01,4775.17431640625,0.4927025735378265,0.4611886862105588,29.883434295654297,0.0461188686210558,1.549472406546578,0,0
BGD,Chattogram,Chandpur,2020-11-01,811.3472900390625,0.1092059090733528,0.2805370819804012,18.0878849029541,0.0280537081980401,0.6671872139404101,0,0
BGD,Rajshahi,Chapainawabganj,2020-11-01,1842.185546875,0.2072214931249618,0.3208288824164232,7.176969051361084,0.0320828882416423,1.0218061143938928,0,0
BGD,Chattogram,Chittagong,2020-11-01,24969.31640625,1.1539897918701172,0.4060499478503287,572.370361328125,0.0406049947850328,4.04554190021307,0,0
BGD,Khulna,Chuadanga,2020-11-01,1428.1915283203125,0.2448534816503524,0.3492094937006972,13.289483070373535,0.0349209493700697,0.980086452158357,1,0
BGD,Chattogram,Cox's Bazar,2020-11-01,3344.4453125,0.3238247334957123,0.0084577282591081,21.42793083190918,0.0008457728259108,1.3753096579415296,0,0
BGD,Chattogram,Cumilla,2020-11-01,9089.5400390625,0.5815545916557312,0.5186826519430016,53.40911865234375,0.0540424372968801,1.990658972890246,0,0
BGD,Dhaka,Dhaka,2020-11-01,36894.02734375,4.996706485748291,1.1267928983103888,134.67391967773438,0.1088185533228636,24.692636328171577,0,0
BGD,Rangpur,Dinajpur,2020-11-01,4552.67041015625,0.2549325227737427,0.3550962330401749,13.658870697021484,0.0355096233040174,0.9609532759212592,0,0
BGD,Dhaka,Faridpur,2020-11-01,1936.5584716796875,0.1974547654390335,0.3059348956772112,25.81564712524414,0.0305934895677211,0.9680333468242476,1,0
BGD,Chattogram,Feni,2020-11-01,2352.612060546875,0.5217088460922241,0.4921644609269869,25.85066795349121,0.0492164460926986,1.7816657977949286,0,0
BGD,Rangpur,Gaibandha,2020-11-01,1598.727294921875,0.1427739411592483,0.035793477610415,5.01297664642334,0.0035793477610415,0.7639595096797681,0,0
BGD,Dhaka,Gazipur,2020-11-01,14707.9560546875,1.63146710395813,0.7013880290560996,39.5745849609375,0.0834906929896324,7.19585785557961,0,0
BGD,Dhaka,Gopalganj,2020-11-01,846.779052734375,0.1142050176858902,0.2807212963099657,10.666641235351562,0.0280721296309965,0.6912939486764529,1,0
BGD,Sylhet,Habiganj,2020-11-01,4273.62548828125,0.3228748440742492,0.335617463087433,102.92262268066406,0.0335617463087433,1.1624296208603504,0,0
BGD,Rajshahi,Jaipurhat,2020-11-01,1118.6368408203125,0.2243519574403762,0.3416400360235815,5.60195255279541,0.0341640036023581,0.9538232105225052,0,0
BGD,Mymensingh,Jamalpur,2020-11-01,1514.7513427734375,0.1433070003986358,0.3005921798505526,7.059320449829102,0.0300592179850552,0.791390545072646,0,0
BGD,Khulna,Jashore,2020-11-01,4614.28369140625,0.3509368300437927,0.3701911091695102,35.77293395996094,0.037019110916951,1.2125062360169023,1,0
BGD,Barishal,Jhalakati,2020-11-01,214.0135955810547,0.0593720600008964,0.2629910245249004,12.973114013671877,0.02629910245249,0.4996829465973108,1,0
BGD,Khulna,Jhenaidah,2020-11-01,1423.1942138671875,0.1422726362943649,0.2991910494842451,6.303276062011719,0.0299191049484245,0.8319803625494172,1,0
BGD,Chattogram,Khagrachari,2020-11-01,884.2258911132812,0.0609960258007049,0.2635855669314085,33.03615951538086,0.0263585566931408,0.5079179434561523,0,0
BGD,Khulna,Khulna,2020-11-01,3686.1787109375,0.3578589558601379,0.3050811629695766,20.17749214172364,0.0305081162969576,1.8088427402155467,1,0
BGD,Dhaka,Kishoreganj,2020-11-01,2863.4423828125,0.2183395624160766,0.1520711172429813,11.369339942932127,0.0152071117242981,0.9521889676196904,0,0
BGD,Rangpur,Kurigram,2020-11-01,1628.2462158203125,0.1389386057853698,0.0702464192775666,6.041672229766846,0.0070246419277566,0.8020517609623755,0,0
BGD,Khulna,Kushtia,2020-11-01,3305.595947265625,0.3937939405441284,0.3908035338050796,29.78946876525879,0.0390803533805079,1.5415137107450454,1,0
BGD,Chattogram,Lakshmipur,2020-11-01,460.9844970703125,0.0753773376345634,0.2740889577510736,4.715323448181152,0.0274088957751073,0.6131319941812754,0,0
BGD,Rangpur,Lalmonirhat,2020-11-01,3304.83935546875,0.5134540796279907,0.5734191581232431,5.128498077392578,0.0649886349850333,1.3478760713693607,0,0
BGD,Dhaka,Madaripur,2020-11-01,943.2779541015624,0.1694812029600143,0.2610690727469184,13.354743957519531,0.0261069072746918,0.8836695415851586,1,0
BGD,Khulna,Magura,2020-11-01,476.1840515136719,0.0895619392395019,0.2805959985184286,5.505487442016602,0.0280595998518428,0.6369797007014127,1,0
BGD,Dhaka,Manikganj,2020-11-01,1767.39404296875,0.2640310525894165,0.2787066560426479,10.54938507080078,0.0278706656042647,1.1411103004456409,0,0
BGD,Khulna,Meherpur,2020-11-01,1298.369140625,0.352540910243988,0.4185459234548829,4.689687728881836,0.0418545923454882,1.229455495711059,1,0
BGD,Sylhet,Moulvibazar,2020-11-01,3262.056396484375,0.2360449582338333,0.3389353669981215,32.653350830078125,0.0338935366998121,0.9584758975383136,0,0
BGD,Dhaka,Munshiganj,2020-11-01,3030.0234375,0.7086922526359558,0.5190430585309086,45.807350158691406,0.0293809072013628,2.6670154386553,0,0
BGD,Mymensingh,Mymensingh,2020-11-01,8801.5751953125,0.3943263590335846,0.399352177997438,29.779685974121094,0.0399352177997438,1.3445106071403652,0,0
BGD,Rajshahi,Naogaon,2020-11-01,2024.1728515625,0.1147834807634353,0.2880273398519823,8.549612045288086,0.0288027339851982,0.7040228185134916,0,0
BGD,Khulna,Narail,2020-11-01,315.8384704589844,0.0633923783898353,0.2735473651596954,2.7654526233673096,0.0273547365159695,0.5831243792681529,1,0
BGD,Dhaka,Narayanganj,2020-11-01,12534.6767578125,3.468172550201416,1.5011684969420391,49.65043640136719,0.3648040242251683,14.526529999595972,0,0
BGD,Dhaka,Narsingdi,2020-11-01,4421.5458984375,0.7672923803329468,0.5856111233533323,39.5745849609375,0.0731239609480534,2.522908108502546,0,0
BGD,Rajshahi,Natore,2020-11-01,1780.2088623046875,0.1822336316108703,0.3115605389323165,9.387070655822754,0.0311560538932316,0.9028215721982864,0,0
BGD,Mymensingh,Netrakona,2020-11-01,1016.626953125,0.0702901631593704,0.2720361674665661,7.900792121887207,0.0272036167466566,0.5910200525515409,0,0
BGD,Rangpur,Nilphamari,2020-11-01,2713.52587890625,0.3164311349391937,0.3840028242798528,23.221895217895508,0.0384002824279852,1.0801322356426482,0,0
BGD,Chattogram,Noakhali,2020-11-01,1954.823486328125,0.1571308076381683,0.3071666563380413,7.947743892669678,0.0307166656338041,0.7925914625014957,0,0
BGD,Rajshahi,Pabna,2020-11-01,5228.9921875,0.4300485253334045,0.3654978685031328,84.3277587890625,0.0365497868503132,1.5078808535465704,0,0
BGD,Rangpur,Panchagarh,2020-11-01,3256.09423828125,0.4590803980827331,0.5254923640294057,5.955422401428223,0.0571534195698506,1.3201981222500117,0,0
BGD,Chattogram,Parbattya Chattagram,2020-11-01,350.719970703125,0.0120150325819849,0.253094047408246,3.6703038215637207,0.0253094047408246,0.4808786900756674,0,0
BGD,Barishal,Patuakhali,2020-11-01,1145.3602294921875,0.0993621870875358,0.2099532053310051,72.65503692626953,0.0209953205331005,0.3989110901289098,1,0
BGD,Barishal,Pirojpur,2020-11-01,239.68118286132807,0.0405975170433521,0.2612488238492739,3.453301429748535,0.0261248823849273,0.4963727653136205,1,0
BGD,Dhaka,Rajbari,2020-11-01,1017.3327026367188,0.1828857958316803,0.3218121665226461,4.876081466674805,0.0321812166522646,0.9076783146258915,1,0
BGD,Rajshahi,Rajshahi,2020-11-01,3659.83837890625,0.2982327342033386,0.3388317447311106,15.042583465576172,0.033883174473111,1.0422998348821515,0,0
BGD,Rangpur,Rangpur,2020-11-01,4171.64013671875,0.3488357961177826,0.4010189515376766,13.29694366455078,0.0401018951537676,1.0848018244266373,0,0
BGD,Khulna,Satkhira,2020-11-01,1461.42578125,0.1279204338788986,0.1059934536649301,4.846053600311279,0.010599345366493,0.743652352064863,1,0
BGD,Dhaka,Shariatpur,2020-11-01,631.2727661132812,0.1148363724350929,0.2819929895694568,11.848799705505373,0.0281992989569456,0.7300213926570109,1,0
BGD,Mymensingh,Sherpur,2020-11-01,1575.3443603515625,0.2310419380664825,0.3352295773766718,11.508684158325195,0.0335229577376671,0.944116281285594,0,0
BGD,Rajshahi,Sirajganj,2020-11-01,2674.360107421875,0.2088787108659744,0.153824633676063,42.184329986572266,0.0153824633676063,0.9461672560615784,0,0
BGD,Sylhet,Sunamganj,2020-11-01,966.7208251953124,0.0510280504822731,0.2635226978259773,15.484164237976074,0.0263522697825977,0.5042510541574847,0,0
BGD,Sylhet,Sylhet,2020-11-01,6931.61083984375,0.3932771384716034,0.3225741755496236,216.68048095703125,0.0322574175549623,1.3546520752511595,0,0
BGD,Dhaka,Tangail,2020-11-01,5086.61962890625,0.295395940542221,0.2282929501535094,14.619863510131836,0.0228292950153509,1.151263077273497,0,0
BGD,Rangpur,Thakurgaon,2020-11-01,2884.871826171875,0.3068159818649292,0.4126258385350352,12.126726150512695,0.0412625838535035,0.935530633332254,0,0
BGD,Khulna,Bagerhat,2020-12-01,2578.38232421875,0.2550747692584991,0.283566378082267,81.62922668457031,0.0283566378082266,0.8462182082577537,1,0
BGD,Chattogram,Bandarban,2020-12-01,368.0661926269531,0.0163180716335773,0.2539656159776237,8.984289169311523,0.0253965615977623,0.4825346703574849,0,0
BGD,Barishal,Barguna,2020-12-01,172.24786376953125,0.0272431280463933,0.2575451092960161,5.777125835418701,0.0257545109296016,0.4893357076624307,1,0
BGD,Barishal,Barisal,2020-12-01,1652.9942626953125,0.1510645300149917,0.2724648121702736,17.274486541748047,0.0272464812170273,0.7083893833466053,1,0
BGD,Barishal,Bhola,2020-12-01,804.3511352539062,0.0918079316616058,0.2673303626252699,39.92036819458008,0.026733036262527,0.5737716917862165,1,0
BGD,Rajshahi,Bogura,2020-12-01,4058.79541015625,0.2705942690372467,0.3044575246189234,11.447871208190918,0.0304457524618923,1.570911657660644,0,0
BGD,Chattogram,Brahmanbaria,2020-12-01,5067.54052734375,0.5237876772880554,0.3635404094197477,27.36001777648925,0.0363540409419747,1.7570471890112305,0,0
BGD,Chattogram,Chandpur,2020-12-01,1050.4898681640625,0.1414269357919693,0.2882056002110656,10.253388404846191,0.0288205600211065,0.8100473669421578,0,0
BGD,Rajshahi,Chapainawabganj,2020-12-01,1615.6243896484375,0.1817363649606704,0.1011109918078243,7.085424900054932,0.0101110991807824,1.1203244147787028,0,0
BGD,Chattogram,Chittagong,2020-12-01,24927.041015625,1.15203595161438,0.3728356199962118,197.95462036132807,0.0372835619996211,4.991580399641347,0,0
BGD,Khulna,Chuadanga,2020-12-01,1039.8062744140625,0.1782675385475158,0.3013646675917938,11.340649604797363,0.0301364667591793,1.0103525008671976,1,0
BGD,Chattogram,Cox's Bazar,2020-12-01,3732.731689453125,0.3617942631244659,0.1384405837129023,20.99961471557617,0.0138440583712902,1.696566510727597,0,0
BGD,Chattogram,Cumilla,2020-12-01,9778.720703125,0.6256488561630249,0.505712878289318,20.248432159423828,0.0507889091076522,2.309272752324139,0,0
BGD,Dhaka,Dhaka,2020-12-01,38882.40234375,5.266522407531738,1.2014231476051922,100.01851654052734,0.0877846853964441,25.43861329500792,0,0
BGD,Rangpur,Dinajpur,2020-12-01,3296.713623046875,0.1846036314964294,0.2948279098604076,16.718734741210938,0.0294827909860407,0.9921187628242912,0,0
BGD,Dhaka,Faridpur,2020-12-01,2155.1796875,0.2207336127758026,0.3108066023805266,18.352184295654297,0.0310806602380526,1.0426328847435984,1,0
BGD,Chattogram,Feni,2020-12-01,2279.6982421875,0.5055396556854248,0.4099643842436733,23.81193351745605,0.0409964384243673,2.0159041878254924,0,0
BGD,Rangpur,Gaibandha,2020-12-01,1102.4178466796875,0.0985567718744278,0.2780943702371693,5.958996772766113,0.0278094370237169,0.7070612156551206,0,0
BGD,Dhaka,Gazipur,2020-12-01,15933.353515625,1.7673932313919067,0.6450076580132572,27.636085510253903,0.0613019844232611,8.456513580166089,0,0
BGD,Dhaka,Gopalganj,2020-12-01,1077.33251953125,0.1452997475862503,0.2869769883671947,9.59670639038086,0.0286976988367194,0.7854018734629904,1,0
BGD,Sylhet,Habiganj,2020-12-01,3904.069580078125,0.2949546575546264,0.3072739288810425,100.70808410644533,0.0307273928881042,1.1836816946242736,0,0
BGD,Rajshahi,Jaipurhat,2020-12-01,708.8182983398438,0.1421594321727752,0.2857789356386875,6.483975410461426,0.0285778935638687,0.913030410162383,0,0
BGD,Mymensingh,Jamalpur,2020-12-01,1388.962890625,0.1314064562320709,0.2854515487406056,10.22804355621338,0.0285451548740605,0.7973096759887648,0,0
BGD,Khulna,Jashore,2020-12-01,4143.49462890625,0.3151312172412872,0.3242329964583981,37.50643157958984,0.0324232996458398,1.2620511699902135,1,0
BGD,Barishal,Jhalakati,2020-12-01,262.927490234375,0.0729418471455574,0.2684494518436634,13.951558113098145,0.0268449451843663,0.5409924198659716,1,0
BGD,Khulna,Jhenaidah,2020-12-01,1254.2900390625,0.1253877729177475,0.286658821395267,6.347177982330322,0.0286658821395267,0.8420559255424422,1,0
BGD,Chattogram,Khagrachari,2020-12-01,575.8155517578125,0.0397211387753486,0.2585934303595388,7.060367107391357,0.0258593430359538,0.4913275176831237,0,0
BGD,Khulna,Khulna,2020-12-01,3986.51123046875,0.3870156407356262,0.3005753019129836,23.15555953979492,0.0300575301912983,1.97010175601838,1,0
BGD,Dhaka,Kishoreganj,2020-12-01,2360.604736328125,0.1799841076135635,0.2952272128422411,10.257164001464844,0.0295227212842241,0.9598109215517068,0,0
BGD,Rangpur,Kurigram,2020-12-01,1593.6617431640625,0.1360803991556167,0.291494697689596,5.454017639160156,0.0291494697689596,0.874068717915761,0,0
BGD,Khulna,Kushtia,2020-12-01,2563.715576171875,0.3054141104221344,0.1934643394768874,52.60261917114258,0.0193464339476887,1.5242931926701253,1,0
BGD,Chattogram,Lakshmipur,2020-12-01,662.5369262695312,0.1083833873271942,0.2844704076900306,4.983739852905273,0.028447040769003,0.7361309461234997,0,0
BGD,Rangpur,Lalmonirhat,2020-12-01,2399.63134765625,0.3728170692920685,0.410734905747364,4.970162868499756,0.0410734905747364,1.5038820646287496,0,0
BGD,Dhaka,Madaripur,2020-12-01,1058.410888671875,0.1918138414621353,0.2983474749394805,9.908823013305664,0.029834747493948,0.9972310111559388,1,0
BGD,Khulna,Magura,2020-12-01,418.7303161621094,0.0787558928132057,0.273537272113964,5.368264198303223,0.0273537272113964,0.6170429758360535,1,0
BGD,Dhaka,Manikganj,2020-12-01,1565.0242919921875,0.2351353764533996,0.3149304934804314,14.578590393066406,0.0314930493480431,1.1480679756298264,0,0
BGD,Khulna,Meherpur,2020-12-01,958.3001098632812,0.2602033317089081,0.2824295058414328,5.019609451293945,0.0282429505841432,1.3023033133964868,1,0
BGD,Sylhet,Moulvibazar,2020-12-01,2262.217529296875,0.1637076735496521,0.2939246253397982,36.2725715637207,0.0293924625339798,0.8710047639182683,0,0
BGD,Dhaka,Munshiganj,2020-12-01,3214.13623046875,0.7536532878875732,0.4821084651802803,44.43670654296875,0.048210846518028,3.1816147376704453,0,0
BGD,Mymensingh,Mymensingh,2020-12-01,8277.302734375,0.3708380162715912,0.3560733411494571,29.702184677124023,0.0356073341149457,1.4135632029977796,0,0
BGD,Rajshahi,Naogaon,2020-12-01,1510.5865478515625,0.0856598690152168,0.2688488863180026,8.189159393310547,0.0268848886318002,0.6224271956301359,0,0
BGD,Khulna,Narail,2020-12-01,332.73712158203125,0.0667841285467147,0.2724650614215988,3.6248795986175537,0.0272465061421598,0.5899958227059073,1,0
BGD,Dhaka,Narayanganj,2020-12-01,14420.8798828125,3.99005913734436,1.7206085160254376,46.06352615356445,0.2702448276069091,16.714303740245008,0,0
BGD,Dhaka,Narsingdi,2020-12-01,4140.60546875,0.7185394167900085,0.4581042123947983,42.34783172607422,0.0458104212394798,3.0322081657134614,0,0
BGD,Rajshahi,Natore,2020-12-01,1252.3682861328125,0.1282004714012146,0.2786947161085734,9.562904357910156,0.0278694716108573,0.7826583598243312,0,0
BGD,Mymensingh,Netrakona,2020-12-01,1090.810546875,0.0754192620515823,0.2720757148586644,9.225542068481444,0.0272075714858664,0.6152133706669055,0,0
BGD,Rangpur,Nilphamari,2020-12-01,1869.161376953125,0.2179676592350006,0.2985804473162373,11.862955093383787,0.0298580447316237,1.1445475809559311,0,0
BGD,Chattogram,Noakhali,2020-12-01,2219.17626953125,0.1784232556819915,0.3058623429559457,8.011537551879883,0.0305862342955945,0.93198465607902,0,0
BGD,Rajshahi,Pabna,2020-12-01,4844.091796875,0.3984629213809967,0.3077203619797328,136.98602294921875,0.0307720361979732,1.4751574737797115,0,0
BGD,Rangpur,Panchagarh,2020-12-01,1637.15625,0.2308245003223419,0.3216528010445923,5.662682056427002,0.0321652801044592,1.1878573189323232,0,0
BGD,Chattogram,Parbattya Chattagram,2020-12-01,375.2207946777344,0.0129491798579692,0.2527342029549164,5.17165470123291,0.0252734202954916,0.4801949856143412,0,0
BGD,Barishal,Patuakhali,2020-12-01,1519.8990478515625,0.1318520456552505,0.2633473792871123,79.11505889892578,0.0263347379287112,0.502233267755914,1,0
BGD,Barishal,Pirojpur,2020-12-01,305.3358459472656,0.0517181903123855,0.2629426876366565,4.454675674438477,0.0262942687636656,0.4995911065096474,1,0
BGD,Dhaka,Rajbari,2020-12-01,666.54443359375,0.1201381981372833,0.0447465240953715,4.4456305503845215,0.0044746524095371,0.8367861156072919,1,0
BGD,Rajshahi,Rajshahi,2020-12-01,2677.207275390625,0.2181601375341415,0.1477362235770048,17.70086669921875,0.0147736223577004,0.97317002913705,0,0
BGD,Rangpur,Rangpur,2020-12-01,2979.49365234375,0.2491475790739059,0.3087717055043504,13.359146118164062,0.030877170550435,1.168241721193798,0,0
BGD,Khulna,Satkhira,2020-12-01,1161.86279296875,0.101708211004734,0.1507647021289296,6.166408538818359,0.0150764702128929,0.715628875864363,1,0
BGD,Dhaka,Shariatpur,2020-12-01,664.0723266601562,0.1210632249712944,0.281303246684676,10.923640251159668,0.0281303246684676,0.7852979293849988,1,0
BGD,Mymensingh,Sherpur,2020-12-01,1603.197021484375,0.2351268529891967,0.3194397840581741,12.294634819030762,0.0319439784058174,1.045405223550868,0,0
BGD,Rajshahi,Sirajganj,2020-12-01,2617.2177734375,0.2046986818313598,0.1581378448523004,39.391937255859375,0.01581378448523,1.0160483520821115,0,0
BGD,Sylhet,Sunamganj,2020-12-01,742.4298706054686,0.0391889251768589,0.2580734711823751,20.03818321228028,0.0258073471182375,0.4903395952465126,0,0
BGD,Sylhet,Sylhet,2020-12-01,6750.46875,0.3829997181892395,0.290701072946635,266.1058654785156,0.0290701072946634,1.2779028988472547,0,0
BGD,Dhaka,Tangail,2020-12-01,4775.7197265625,0.2775714695453644,0.1750671567498451,19.505220413208008,0.0175067156749845,1.246272902695409,0,0
BGD,Rangpur,Thakurgaon,2020-12-01,1780.3167724609375,0.1893427819013595,0.304105209723316,13.050189971923828,0.0304105209723316,0.9294467423383382,0,0
BGD,Khulna,Bagerhat,2021-01-01,2262.156005859375,0.2238099128007888,0.0980267966709279,77.1996078491211,0.0098026796670927,0.7683067258919095,1,0
BGD,Chattogram,Bandarban,2021-01-01,292.7098999023437,0.0126540372148156,0.2533295917541759,7.44155740737915,0.0253329591754175,0.4813262243329341,0,0
BGD,Barishal,Barguna,2021-01-01,190.12716674804688,0.0300709605216979,0.201600484674156,9.06293487548828,0.0201600484674156,0.3830409208808965,1,0
BGD,Barishal,Barisal,2021-01-01,1474.9940185546875,0.1348055452108383,0.2666768034046141,15.3389892578125,0.0266676803404614,0.6289282109354499,1,0
BGD,Barishal,Bhola,2021-01-01,879.8179321289062,0.1004517301917076,0.2659468985046967,44.46369552612305,0.0265946898504696,0.5690059177103161,1,0
BGD,Rajshahi,Bogura,2021-01-01,4436.982421875,0.296162873506546,0.3052981875734615,12.34162139892578,0.0305298187573461,1.7046955613617858,0,0
BGD,Chattogram,Brahmanbaria,2021-01-01,4523.21240234375,0.4667051434516907,0.3859874558627595,24.128097534179688,0.0385987455862759,1.727889452222402,0,0
BGD,Chattogram,Chandpur,2021-01-01,1000.3676147460938,0.1346487551927566,0.2818727014829584,15.37924098968506,0.0281872701482958,0.7548707902499688,0,0
BGD,Rajshahi,Chapainawabganj,2021-01-01,1440.0753173828125,0.1620258688926696,0.2856654549343335,8.108331680297852,0.0285665454934333,1.0351217162117183,0,0
BGD,Chattogram,Chittagong,2021-01-01,26573.65234375,1.2281363010406494,0.1699764186272654,217.0637664794922,0.0169976418627265,5.57978087182371,0,0
BGD,Khulna,Chuadanga,2021-01-01,1116.681640625,0.1914472877979278,0.3030780737729978,7.6884446144104,0.0303078073772997,1.1123591645814337,1,0
BGD,Chattogram,Cox's Bazar,2021-01-01,3778.44677734375,0.3659834265708923,0.027002133081505,30.491737365722656,0.0027002133081505,1.745291563045151,0,0
BGD,Chattogram,Cumilla,2021-01-01,9744.5458984375,0.6234623193740845,0.4711539036549135,21.152921676635746,0.0471153903654913,2.4661269861824624,0,0
BGD,Dhaka,Dhaka,2021-01-01,42604.296875,5.77331018447876,1.1891402241300209,116.47869873046876,0.0824290203094621,27.68041282143379,0,0
BGD,Rangpur,Dinajpur,2021-01-01,3079.74755859375,0.1724543422460556,0.2868591248349558,15.35434627532959,0.0286859124834955,0.974154907532065,0,0
BGD,Dhaka,Faridpur,2021-01-01,1813.1116943359373,0.1860824525356292,0.2882612863225745,22.894020080566406,0.0288261286322574,1.0011406762123838,1,0
BGD,Chattogram,Feni,2021-01-01,2633.0732421875,0.5839031338691711,0.4705871743759908,21.782400131225582,0.047058717437599,2.138009407512265,0,0
BGD,Rangpur,Gaibandha,2021-01-01,1201.4964599609375,0.1074144542217254,0.0299469663842854,5.184409141540527,0.0029946966384285,0.7309378931945913,0,0
BGD,Dhaka,Gazipur,2021-01-01,16859.23828125,1.870096206665039,0.6041587208036838,81.70381927490234,0.0565951219444978,9.230452617328474,0,0
BGD,Dhaka,Gopalganj,2021-01-01,730.9129028320312,0.0985781550407409,0.2679673339287559,10.819428443908691,0.0267967333928755,0.6275705033499646,1,0
BGD,Sylhet,Habiganj,2021-01-01,3843.264404296875,0.2903608083724975,0.3070678355979016,57.4058723449707,0.0307067835597901,1.2610148194281812,0,0
BGD,Rajshahi,Jaipurhat,2021-01-01,693.5977783203125,0.1391068249940872,0.2825907462226482,6.518144607543945,0.0282590746222648,0.921234045069424,0,0
BGD,Mymensingh,Jamalpur,2021-01-01,1091.1143798828125,0.1033842116594314,0.2750506984476801,8.419975280761719,0.027505069844768,0.7071832280638818,0,0
BGD,Khulna,Jashore,2021-01-01,3860.8359375,0.2936337888240814,0.309429993117324,37.740333557128906,0.0309429993117324,1.2808505360735614,1,0
BGD,Barishal,Jhalakati,2021-01-01,238.52438354492188,0.0661718919873237,0.2604715270713847,16.58995819091797,0.0260471527071384,0.4948959014356309,1,0
BGD,Khulna,Jhenaidah,2021-01-01,1141.9171142578125,0.1141541749238967,0.2802496781829205,6.4985833168029785,0.028024967818292,0.8400251957551,1,0
BGD,Chattogram,Khagrachari,2021-01-01,745.284912109375,0.0514115430414676,0.261616015837109,7.116845607757568,0.0261616015837109,0.4970704300905071,0,0
BGD,Khulna,Khulna,2021-01-01,3844.0751953125,0.3731877505779266,0.281910662892113,19.360157012939453,0.0281910662892112,2.051555296024112,1,0
BGD,Dhaka,Kishoreganj,2021-01-01,2196.827880859375,0.1674969494342804,0.2702436747513305,10.631420135498049,0.027024367475133,0.9582371174370714,0,0
BGD,Rangpur,Kurigram,2021-01-01,1185.6839599609375,0.1014015898108482,0.278607715682834,6.023015022277832,0.0278607715682834,0.761054492496406,0,0
BGD,Khulna,Kushtia,2021-01-01,2924.40234375,0.3483825325965881,0.0409178289986916,29.7017879486084,0.0040917828998691,1.7446514136091218,1,0
BGD,Chattogram,Lakshmipur,2021-01-01,602.3577270507812,0.0985227823257446,0.2779864677658559,4.866799831390381,0.0277986467765855,0.7335253929265194,0,0
BGD,Rangpur,Lalmonirhat,2021-01-01,1459.222412109375,0.2267110794782638,0.286704551186041,6.257211685180664,0.0286704551186041,1.235570726707525,0,0
BGD,Dhaka,Madaripur,2021-01-01,879.8717651367188,0.1602537930011749,0.2090572391709541,10.926259994506836,0.0209057239170954,0.885241650852247,1,0
BGD,Khulna,Magura,2021-01-01,308.37554931640625,0.0580000802874565,0.2647972892013406,5.398316383361816,0.026479728920134,0.5248527919530609,1,0
BGD,Dhaka,Manikganj,2021-01-01,1482.02392578125,0.2229728996753692,0.3049513090396926,17.254661560058594,0.0304951309039692,1.1545292867669592,0,0
BGD,Khulna,Meherpur,2021-01-01,1060.274169921875,0.2878919243812561,0.3455621937036754,4.549327850341797,0.0345562193703675,1.3997122826899149,1,0
BGD,Sylhet,Moulvibazar,2021-01-01,2089.230712890625,0.1511783748865127,0.0192135885967017,28.54290008544922,0.0019213588596701,0.8845638449218556,0,0
BGD,Dhaka,Munshiganj,2021-01-01,2923.33154296875,0.6848109364509583,0.3898721123104594,38.91510009765625,0.0389872112310459,3.2732192318056925,0,0
BGD,Mymensingh,Mymensingh,2021-01-01,7754.76171875,0.3474272191524505,0.3386349522105,31.042463302612305,0.03386349522105,1.422615559111243,0,0
BGD,Rajshahi,Naogaon,2021-01-01,1580.350341796875,0.0896159186959266,0.2695938820035603,9.02612018585205,0.026959388200356,0.6502736179012464,0,0
BGD,Khulna,Narail,2021-01-01,191.8412933349609,0.0385047309100627,0.2598005185623907,3.528092861175537,0.025980051856239,0.4936209852685423,1,0
BGD,Dhaka,Narayanganj,2021-01-01,14845.4365234375,4.107528209686279,1.6631895953896296,48.879764556884766,0.1403595865544208,17.855223214893748,0,0
BGD,Dhaka,Narsingdi,2021-01-01,4663.11328125,0.8092127442359924,0.5138732586910363,81.70381927490234,0.0516539516277784,3.2065337741155746,0,0
BGD,Rajshahi,Natore,2021-01-01,1702.9447021484375,0.1743243783712387,0.0373780068075407,9.32026481628418,0.003737800680754,0.9385944704646748,0,0
BGD,Mymensingh,Netrakona,2021-01-01,1049.6387939453125,0.0725726187229156,0.2704646809229483,9.960992813110352,0.0270464680922948,0.6020461914908461,0,0
BGD,Rangpur,Nilphamari,2021-01-01,1645.105712890625,0.1918399482965469,0.2862844721420329,13.59582805633545,0.0286284472142033,1.0493341309963873,0,0
BGD,Chattogram,Noakhali,2021-01-01,2262.4296875,0.1818656921386718,0.3061423453527386,7.673166275024414,0.0306142345352738,0.9651272700152582,0,0
BGD,Rajshahi,Pabna,2021-01-01,4979.64697265625,0.409635066986084,0.3206743964296072,82.89246368408203,0.0320674396429607,1.6564481335631764,0,0
BGD,Rangpur,Panchagarh,2021-01-01,1384.03271484375,0.1951363235712051,0.3055602711632717,6.626925468444824,0.0305560271163271,1.1609327804835952,0,0
BGD,Chattogram,Parbattya Chattagram,2021-01-01,323.24151611328125,0.011069867759943,0.2525503059669007,4.423441410064697,0.02525503059669,0.4798455813371113,0,0
BGD,Barishal,Patuakhali,2021-01-01,1358.842529296875,0.1178803071379661,0.2611546018518264,64.8337173461914,0.0261154601851826,0.4961937435184701,1,0
BGD,Barishal,Pirojpur,2021-01-01,220.7618103027344,0.0373929291963577,0.2646031656697282,3.7903506755828857,0.0264603165669728,0.5027460147724837,1,0
BGD,Dhaka,Rajbari,2021-01-01,655.7813720703125,0.1181143596768379,0.2821695314272738,4.566946983337402,0.0282169531427273,0.8395372422144768,1,0
BGD,Rajshahi,Rajshahi,2021-01-01,3030.863525390625,0.2469788640737533,0.2663868275827635,19.473018646240234,0.0266386827582763,1.057567167097236,0,0
BGD,Rangpur,Rangpur,2021-01-01,2679.919189453125,0.2240969389677047,0.2675760132600275,12.870145797729492,0.0267576013260027,1.0518750611312395,0,0
BGD,Khulna,Satkhira,2021-01-01,1082.6170654296875,0.0947628319263458,0.131876522385757,5.224033832550049,0.0131876522385756,0.7090808640135845,1,0
BGD,Dhaka,Shariatpur,2021-01-01,572.5648803710938,0.1044257432222366,0.2732961229966638,14.537431716918944,0.0273296122996663,0.76463864273008,1,0
BGD,Mymensingh,Sherpur,2021-01-01,1372.318115234375,0.2012658566236496,0.301284625082555,12.014873504638672,0.0301284625082555,0.9809091706670888,0,0
BGD,Rajshahi,Sirajganj,2021-01-01,2510.87451171875,0.1966563016176223,0.2957687128262497,43.25551223754883,0.0295768712826249,1.0566602306314543,0,0
BGD,Sylhet,Sunamganj,2021-01-01,969.0620727539062,0.0511516332626342,0.2616498370069067,20.65991401672364,0.0261649837006906,0.4971346903131227,0,0
BGD,Sylhet,Sylhet,2021-01-01,6893.97509765625,0.391141802072525,0.3024140387678131,123.37580871582033,0.0302414038767813,1.6514867538782263,0,0
BGD,Dhaka,Tangail,2021-01-01,4759.59814453125,0.2765447199344635,0.3187964564930521,21.867094039916992,0.0318796456493052,1.3246440272117352,0,0
BGD,Rangpur,Thakurgaon,2021-01-01,1205.5257568359375,0.1282663494348526,0.2792418396514408,10.388978958129885,0.027924183965144,0.7815274887117172,0,0
BGD,Khulna,Bagerhat,2021-02-01,2408.84033203125,0.2384751141071319,0.0356441076393297,75.65959167480469,0.0035644107639329,0.8414049411841165,1,0
BGD,Chattogram,Bandarban,2021-02-01,528.4837646484375,0.0228466931730508,0.2552591056139418,7.70386266708374,0.0255259105613941,0.4849923006664894,0,0
BGD,Barishal,Barguna,2021-02-01,376.5638427734375,0.0595582239329814,0.2304500323150718,15.22178077697754,0.0230450032315071,0.4378550613986364,1,0
BGD,Barishal,Barisal,2021-02-01,2183.139404296875,0.1997867375612259,0.1253552425785957,17.22945785522461,0.0125355242578595,0.8980792414259433,1,0
BGD,Barishal,Bhola,2021-02-01,1421.9935302734375,0.1625049710273742,0.0569768140109552,72.83393096923828,0.0056976814010955,0.7942578032483861,1,0
BGD,Rajshahi,Bogura,2021-02-01,6347.27197265625,0.4237005412578583,0.3672851161316194,14.729406356811523,0.0367285116131619,1.967265723898808,0,0
BGD,Chattogram,Brahmanbaria,2021-02-01,5910.40869140625,0.6098361015319824,0.4882975959574373,37.775123596191406,0.0488297595957437,1.8959064006546928,0,0
BGD,Chattogram,Chandpur,2021-02-01,1668.8428955078125,0.2247038185596466,0.3273054513632036,14.387346267700195,0.0327305451363203,0.9280715308317892,0,0
BGD,Rajshahi,Chapainawabganj,2021-02-01,1724.903076171875,0.19402876496315,0.2972708825409159,7.492885112762451,0.0297270882540915,1.163115730623915,0,0
BGD,Chattogram,Chittagong,2021-02-01,31527.37890625,1.457079291343689,0.5101583284941879,195.986328125,0.0145418588929266,5.731711414189538,0,0
BGD,Khulna,Chuadanga,2021-02-01,1377.2264404296875,0.2361158728599548,0.3312421849417144,9.648162841796877,0.0331242184941714,1.082846447957013,1,0
BGD,Chattogram,Cox's Bazar,2021-02-01,5243.6435546875,0.5078755617141724,0.0089167989992601,32.879859924316406,0.000891679899926,2.122568997688693,0,0
BGD,Chattogram,Cumilla,2021-02-01,12532.64453125,0.8018466234207153,0.6201929860411826,23.076133728027344,0.0758911360873627,2.5315103832872143,0,0
BGD,Dhaka,Dhaka,2021-02-01,46525.77734375,6.304028034210205,1.3743277119155208,127.1015625,0.1349197860172252,30.7462802909466,0,0
BGD,Rangpur,Dinajpur,2021-02-01,4934.9228515625,0.276337206363678,0.3405651329339568,13.100615501403809,0.0340565132933956,1.1946944352058588,0,0
BGD,Dhaka,Faridpur,2021-02-01,2940.28369140625,0.3022051453590393,0.3381507455829537,27.368389129638672,0.0338150745582953,1.2308298838135416,1,0
BGD,Chattogram,Feni,2021-02-01,3946.149658203125,0.8750873804092407,0.6683881639202504,25.240339279174805,0.1008871429339279,2.5103109520538265,0,0
BGD,Rangpur,Gaibandha,2021-02-01,1904.818603515625,0.170291855931282,0.3071941502086182,6.856027603149414,0.0307194150208618,0.9285564981959182,0,0
BGD,Dhaka,Gazipur,2021-02-01,18700.712890625,2.0743601322174072,0.7643421244585007,72.8633041381836,0.0806302340550766,9.913249579253064,0,0
BGD,Dhaka,Gopalganj,2021-02-01,1006.81396484375,0.1357889026403427,0.2799211339686207,10.245902061462402,0.027992113396862,0.7488079390271418,1,0
BGD,Sylhet,Habiganj,2021-02-01,5013.150390625,0.37874636054039,0.3385272873732853,212.1027374267578,0.0338527287373285,1.3981024900280308,0,0
BGD,Rajshahi,Jaipurhat,2021-02-01,1249.5543212890625,0.2506085634231567,0.3334470600221704,6.853095531463623,0.033344706002217,1.1610459006264815,0,0
BGD,Mymensingh,Jamalpur,2021-02-01,2787.7236328125,0.263864666223526,0.3453097405779729,8.083556175231934,0.0345309740577972,1.136455772661758,0,0
BGD,Khulna,Jashore,2021-02-01,4990.548828125,0.3795534670352936,0.3634727153036292,38.79845428466797,0.0363472715303629,1.3786695460917304,1,0
BGD,Barishal,Jhalakati,2021-02-01,397.3038024902344,0.1102207824587822,0.274132202970802,12.636993408203123,0.0274132202970802,0.7223587449007766,1,0
BGD,Khulna,Jhenaidah,2021-02-01,1581.09423828125,0.1580574512481689,0.2985421673547442,7.589726448059082,0.0298542167354744,0.9043313989822982,1,0
BGD,Chattogram,Khagrachari,2021-02-01,1083.1876220703125,0.0747208818793296,0.2683396777643592,6.493648052215576,0.0268339677764359,0.635844928625422,0,0
BGD,Khulna,Khulna,2021-02-01,4087.3818359375,0.3968082964420318,0.3012628784380142,24.64693832397461,0.0301262878438014,2.0575300609585647,1,0
BGD,Dhaka,Kishoreganj,2021-02-01,3412.479736328125,0.2601842284202575,0.3276580418904358,15.191828727722168,0.0327658041890435,1.1338451650045196,0,0
BGD,Rangpur,Kurigram,2021-02-01,1959.094482421875,0.1676133424043655,0.3056167736619098,5.716136455535889,0.0305616773661909,0.9528336976229776,0,0
BGD,Khulna,Kushtia,2021-02-01,3731.592041015625,0.444542646408081,0.2261391162890809,30.926233291625977,0.022613911628908,1.818450724584876,1,0
BGD,Chattogram,Lakshmipur,2021-02-01,1221.41552734375,0.1999372392892837,0.3259681571807922,6.816094398498535,0.0325968157180792,0.919935630430524,0,0
BGD,Rangpur,Lalmonirhat,2021-02-01,3289.670654296875,0.5110973715782166,0.5306081692274599,6.115971565246582,0.0546233178437684,1.622363320255614,0,0
BGD,Dhaka,Madaripur,2021-02-01,1429.8765869140625,0.2606676816940307,0.3248317612160414,12.00450611114502,0.0324831761216041,1.121205888979071,1,0
BGD,Khulna,Magura,2021-02-01,713.9405517578125,0.1342798024415969,0.2934630889816267,6.847244739532471,0.0293463088981626,0.7833883147298945,1,0
BGD,Dhaka,Manikganj,2021-02-01,2397.319580078125,0.3611167371273041,0.3781608139712749,18.59539031982422,0.0378160813971274,1.406421025312513,0,0
BGD,Khulna,Meherpur,2021-02-01,1274.5426025390625,0.3460713624954223,0.3913331963410422,5.609175682067871,0.0391333196341042,1.341118156717023,1,0
BGD,Sylhet,Moulvibazar,2021-02-01,3479.62646484375,0.2517884969711303,0.3330170763857152,36.72819137573242,0.0333017076385715,1.0798908632941435,0,0
BGD,Dhaka,Munshiganj,2021-02-01,3725.713623046875,0.8752270340919495,0.5494752277691012,43.38188171386719,0.0558730627741612,3.635435525705944,0,0
BGD,Mymensingh,Mymensingh,2021-02-01,10152.78515625,0.4548629820346832,0.4075316732940241,31.44502639770508,0.0407531673294024,1.5700774200333798,0,0
BGD,Rajshahi,Naogaon,2021-02-01,2078.0224609375,0.117837093770504,0.2804118743087706,7.708544254302978,0.028041187430877,0.7997881060628534,0,0
BGD,Khulna,Narail,2021-02-01,349.79156494140625,0.0702071487903595,0.2708740951298149,4.131272315979004,0.0270874095129814,0.6220976267240849,1,0
BGD,Dhaka,Narayanganj,2021-02-01,15735.1357421875,4.353695392608643,1.8670918386987527,48.88619995117188,0.3875629382270712,17.78504960458089,0,0
BGD,Dhaka,Narsingdi,2021-02-01,5855.62646484375,1.0161553621292114,0.6668002234064377,72.8633041381836,0.0876079014928638,3.3966832812001364,0,0
BGD,Rajshahi,Natore,2021-02-01,2128.023193359375,0.2178381532430648,0.3151573434657694,8.85972785949707,0.0315157343465769,1.0926812142880118,0,0
BGD,Mymensingh,Netrakona,2021-02-01,1444.1943359375,0.0998524129390716,0.2799236541474951,12.147600173950195,0.0279923654147495,0.689099697675685,0,0
BGD,Rangpur,Nilphamari,2021-02-01,2671.236083984375,0.3114996254444122,0.3399499600417779,12.062068939208984,0.0339949960041778,1.3534317128289317,0,0
BGD,Chattogram,Noakhali,2021-02-01,3360.1708984375,0.2701817154884338,0.3506342188174678,12.51156997680664,0.0350634218817467,1.0816855727807395,0,0
BGD,Rajshahi,Pabna,2021-02-01,6372.1357421875,0.5244883894920349,0.2196856654124584,181.82012939453125,0.0219685665412458,1.831407974757445,0,0
BGD,Rangpur,Panchagarh,2021-02-01,2502.171630859375,0.3527840077877044,0.3843995603104581,5.705265522003174,0.0384399560310458,1.5364674440002672,0,0
BGD,Chattogram,Parbattya Chattagram,2021-02-01,562.5714721679688,0.019265403971076,0.2448852699027712,14.886308670043944,0.0244885269902771,0.4652820128152653,0,0
BGD,Barishal,Patuakhali,2021-02-01,1743.95703125,0.1512891948223114,0.0440599731238042,79.833740234375,0.0044059973123804,0.5782537033957081,1,0
BGD,Barishal,Pirojpur,2021-02-01,446.9383850097656,0.0757030174136161,0.2706526267352995,4.1257429122924805,0.0270652626735299,0.6352088387247078,1,0
BGD,Dhaka,Rajbari,2021-02-01,1078.3919677734375,0.1947072893381118,0.2341876277690481,5.711941719055176,0.0234187627769048,1.014881501261779,1,0
BGD,Rajshahi,Rajshahi,2021-02-01,3588.193115234375,0.2923945188522339,0.3019769981114847,19.644306182861328,0.0301976998111484,1.1909682368974197,0,0
BGD,Rangpur,Rangpur,2021-02-01,4306.6044921875,0.3601216375827789,0.3685547670250461,16.30377960205078,0.0368554767025046,1.3244939532346598,0,0
BGD,Khulna,Satkhira,2021-02-01,1552.8367919921875,0.135921761393547,0.2502097658648992,5.724855899810791,0.0250209765864899,0.8410515600635601,1,0
BGD,Dhaka,Shariatpur,2021-02-01,891.3938598632812,0.1625960767269134,0.297961809272653,14.664307594299316,0.0297961809272653,0.8999102541825174,1,0
BGD,Mymensingh,Sherpur,2021-02-01,2616.900390625,0.383797824382782,0.4082742264834966,13.003313064575195,0.0408274226483496,1.289878066388621,0,0
BGD,Rajshahi,Sirajganj,2021-02-01,4015.3916015625,0.3146945834159851,0.3534309689957518,37.36466217041016,0.0353430968995751,1.2526096433867409,0,0
BGD,Sylhet,Sunamganj,2021-02-01,1153.079345703125,0.0608649253845214,0.26285004827766,212.1027374267578,0.026285004827766,0.4994150917275541,0,0
BGD,Sylhet,Sylhet,2021-02-01,7831.75146484375,0.4443481862545013,0.3162879730397847,146.39846801757812,0.0316287973039784,1.6369468587025586,0,0
BGD,Dhaka,Tangail,2021-02-01,7879.58056640625,0.458050400018692,0.4479923565004839,19.84511375427246,0.0447992356500483,1.4856928307467785,0,0
BGD,Rangpur,Thakurgaon,2021-02-01,2057.66650390625,0.2188398689031601,0.3167071956768941,10.342355728149414,0.0316707195676894,1.0675190093888651,0,0
BGD,Khulna,Bagerhat,2021-03-01,3026.30224609375,0.2993963360786438,0.033634676326774,83.95565032958984,0.0033634676326774,1.0033312566551746,1,0
BGD,Chattogram,Bandarban,2021-03-01,713.2254028320312,0.0308331921696662,0.2570072232128359,6.7628278732299805,0.0257007223212835,0.4883137241043882,0,0
BGD,Barishal,Barguna,2021-03-01,385.4664306640625,0.0609662756323814,0.2643516070897607,9.37292766571045,0.026435160708976,0.514850850928052,1,0
BGD,Barishal,Barisal,2021-03-01,2456.443359375,0.2244902849197387,0.024746689873477,15.05087184906006,0.0024746689873477,1.0675610995432347,1,0
BGD,Barishal,Bhola,2021-03-01,1486.51806640625,0.1696303039789199,0.0056427978418335,40.03426742553711,0.0005642797841833,0.8612679119536593,1,0
BGD,Rajshahi,Bogura,2021-03-01,6548.46142578125,0.436402291059494,0.4014171887817749,12.037336349487305,0.0401417188781774,1.85391613360186,0,0
BGD,Chattogram,Brahmanbaria,2021-03-01,8318.8095703125,0.8583349585533142,0.6221176586144993,225.72840881347656,0.0571818434701924,2.230583429093546,0,0
BGD,Chattogram,Chandpur,2021-03-01,2244.187255859375,0.3018812537193298,0.3921279932514022,11.578155517578123,0.0392127993251402,0.9842287135541652,0,0
BGD,Rajshahi,Chapainawabganj,2021-03-01,1898.5198974609373,0.2135583609342575,0.315839649340261,7.357628345489502,0.0315839649340261,1.1416473312931363,0,0
BGD,Chattogram,Chittagong,2021-03-01,32795.1640625,1.5156716108322144,0.6146851575710994,143.47105407714844,0.0567793817520851,6.144700162801942,0,0
BGD,Khulna,Chuadanga,2021-03-01,1561.515625,0.2677109837532043,0.3580133934584644,6.1783647537231445,0.0358013393458464,1.1212467545791047,1,0
BGD,Chattogram,Cox's Bazar,2021-03-01,5377.9560546875,0.5207186937332153,0.0782512644545931,22.83397483825684,0.0078251264454593,2.1213016043136266,0,0
BGD,Chattogram,Cumilla,2021-03-01,15191.8701171875,0.9719855785369872,0.7399879246575568,22.02105712890625,0.1643693101140035,2.5837777105559625,0,0
BGD,Dhaka,Dhaka,2021-03-01,45171.5625,6.120539665222168,1.9604084110235247,99.92608642578124,0.2102904997190834,27.78749484676102,0,0
BGD,Rangpur,Dinajpur,2021-03-01,4937.21923828125,0.2764658033847809,0.3493133709764072,13.525026321411133,0.0349313370976407,1.0976494335139486,0,0
BGD,Dhaka,Faridpur,2021-03-01,3381.04833984375,0.3453095257282257,0.0336733699137562,15.739774703979492,0.0033673369913756,1.310580915915472,1,0
BGD,Chattogram,Feni,2021-03-01,4475.2080078125,0.992409884929657,0.8021961571037115,19.43634986877441,0.2051087660349898,2.4063037149826005,0,0
BGD,Rangpur,Gaibandha,2021-03-01,1965.941162109375,0.1757309138774871,0.3185119296447392,6.779734611511231,0.0318511929644739,0.8611474176611904,0,0
BGD,Dhaka,Gazipur,2021-03-01,20435.9453125,2.2668392658233643,1.0734604004088406,28.833127975463867,0.3659843085927537,8.39938951278669,0,0
BGD,Dhaka,Gopalganj,2021-03-01,1450.6878662109375,0.1956541389226913,0.3069725614188514,8.475226402282715,0.0306972561418851,0.9471289650674792,1,0
BGD,Sylhet,Habiganj,2021-03-01,7362.9951171875,0.5562784671783447,0.385823505128106,401.2065124511719,0.0385823505128106,1.6054882021054826,0,0
BGD,Rajshahi,Jaipurhat,2021-03-01,1400.080810546875,0.2807978987693786,0.3679611773841726,6.23035192489624,0.0367961177384172,1.100480606055513,0,0
BGD,Mymensingh,Jamalpur,2021-03-01,2923.940185546875,0.2767055034637451,0.3738787746797723,6.8604841232299805,0.0373878774679772,1.0139907768082812,0,0
BGD,Khulna,Jashore,2021-03-01,5477.42431640625,0.4165825247764587,0.402531409828443,18.39072608947754,0.0402531409828443,1.4639922452204746,1,0
BGD,Barishal,Jhalakati,2021-03-01,504.5589599609375,0.1399757117033004,0.2891232650202885,12.295703887939451,0.0289123265020288,0.8110813521937085,1,0
BGD,Khulna,Jhenaidah,2021-03-01,1609.45947265625,0.1608930379152298,0.3045563600361612,4.988506317138672,0.0304556360036161,0.9414263694203058,1,0
BGD,Chattogram,Khagrachari,2021-03-01,1185.1368408203125,0.0817535817623138,0.2712336677428386,23.682727813720703,0.0271233667742838,0.6839078071023708,0,0
BGD,Khulna,Khulna,2021-03-01,4825.60302734375,0.4684757590293884,0.3276805548193462,17.98483657836914,0.0327680554819346,2.471932177265822,1,0
BGD,Dhaka,Kishoreganj,2021-03-01,4050.255859375,0.3088113963603973,0.3726630725122389,10.547332763671877,0.0372663072512238,1.1557258815775504,0,0
BGD,Rangpur,Kurigram,2021-03-01,1829.4375,0.156354621052742,0.3070753626131253,4.928719520568848,0.0307075362613125,0.8862995931388822,0,0
BGD,Khulna,Kushtia,2021-03-01,4272.88916015625,0.5090270638465881,0.104299432648681,26.16226959228516,0.0104299432648681,1.800030962258693,1,0
BGD,Chattogram,Lakshmipur,2021-03-01,1303.59912109375,0.2131564766168594,0.3420226687226496,4.936354637145996,0.0342022668722649,0.8955186614773565,0,0
BGD,Rangpur,Lalmonirhat,2021-03-01,3374.333740234375,0.5242510437965393,0.5670307425734015,4.937099456787109,0.0605777040632214,1.4496577270725577,0,0
BGD,Dhaka,Madaripur,2021-03-01,1745.14013671875,0.3153491020202636,0.2173253552032372,9.3092622756958,0.0217325355203237,1.2222953683792683,1,0
BGD,Khulna,Magura,2021-03-01,746.5109252929686,0.1404057294130325,0.2918687894880144,8.864850044250488,0.0291868789488014,0.7980168665278973,1,0
BGD,Dhaka,Manikganj,2021-03-01,3310.99267578125,0.4967286884784698,0.0089267268663846,11.8948974609375,0.0008926726866384,1.6017536186122827,0,0
BGD,Khulna,Meherpur,2021-03-01,1260.9268798828125,0.3423743546009063,0.4160013800577316,4.786858558654785,0.0416001380057731,1.1946075819743065,1,0
BGD,Sylhet,Moulvibazar,2021-03-01,4220.96533203125,0.3054323494434356,0.3788296742895289,20.686691284179688,0.0378829674289529,1.1223173277768483,0,0
BGD,Dhaka,Munshiganj,2021-03-01,5049.8447265625,1.183010458946228,0.8523726480603628,26.584095001220703,0.0033611419480368,3.892820672208096,0,0
BGD,Mymensingh,Mymensingh,2021-03-01,11519.4462890625,0.5160918235778809,0.4865118951856356,23.81463623046875,0.0486511895185635,1.5662268569887132,0,0
BGD,Rajshahi,Naogaon,2021-03-01,2101.201416015625,0.1191514953970909,0.2839081862664211,6.025657176971436,0.0283908186266421,0.7952383267167816,0,0
BGD,Khulna,Narail,2021-03-01,480.8336791992188,0.0965087935328483,0.2844217188796165,3.4105782508850098,0.0284421718879616,0.6914604717191987,1,0
BGD,Dhaka,Narayanganj,2021-03-01,16685.642578125,4.616687774658203,2.624768077264352,53.17465972900391,0.7390169890231812,16.486885392091775,0,0
BGD,Dhaka,Narsingdi,2021-03-01,6315.29150390625,1.0959233045578003,0.7684743995571931,37.34071731567383,0.1166268982737787,3.339737706336007,0,0
BGD,Rajshahi,Natore,2021-03-01,2371.8740234375,0.2428002804517746,0.3393654054380468,7.24167013168335,0.0339365405438046,1.077392698074234,0,0
BGD,Mymensingh,Netrakona,2021-03-01,1879.11474609375,0.1299230605363845,0.2976605577158113,8.29232406616211,0.0297660557715811,0.7362369975529492,0,0
BGD,Rangpur,Nilphamari,2021-03-01,2529.280517578125,0.2949458062648773,0.3445127299994344,9.664426803588867,0.0344512729999434,1.25209946109537,0,0
BGD,Chattogram,Noakhali,2021-03-01,3742.850830078125,0.3008559644222259,0.0446242085184869,9.59555721282959,0.0044624208518486,1.1205154093449237,0,0
BGD,Rajshahi,Pabna,2021-03-01,6509.9072265625,0.5354728698730469,0.0948736629225141,80.37007904052734,0.0094873662922514,1.860915969100461,0,0
BGD,Rangpur,Panchagarh,2021-03-01,1981.1474609375,0.2793242037296295,0.3574186193623783,5.532104969024658,0.0357418619362378,1.2539272322878,0,0
BGD,Chattogram,Parbattya Chattagram,2021-03-01,827.9802856445312,0.0283563397824764,0.0184374082709687,140.02227783203125,0.0018437408270968,0.0350310757148405,0,0
BGD,Barishal,Patuakhali,2021-03-01,1765.3292236328125,0.1531432420015335,0.0210364042088722,39.88939666748047,0.0021036404208872,0.7165339532599763,1,0
BGD,Barishal,Pirojpur,2021-03-01,496.5508117675781,0.0841064378619194,0.2746756840009223,4.998059272766113,0.0274675684000922,0.6480280840149287,1,0
BGD,Dhaka,Rajbari,2021-03-01,1198.2060546875,0.2155655324459076,0.3120942948331225,4.121950626373291,0.0312094294833122,1.0090012672311353,1,0
BGD,Rajshahi,Rajshahi,2021-03-01,4092.5771484375,0.3334957361221313,0.3023106983399584,20.685386657714844,0.0302310698339958,1.3083412339241547,0,0
BGD,Rangpur,Rangpur,2021-03-01,4979.63232421875,0.4164007306098938,0.4198499284476154,15.684463500976562,0.0419849928447615,1.380908860864978,0,0
BGD,Khulna,Satkhira,2021-03-01,1816.9720458984373,0.1590418517589569,0.308596212366348,5.249687671661377,0.0308596212366348,0.8755342747162455,1,0
BGD,Dhaka,Shariatpur,2021-03-01,1182.5078125,0.2155141830444336,0.0347817602485018,9.858945846557615,0.0034781760248501,0.9733387246417924,1,0
BGD,Mymensingh,Sherpur,2021-03-01,2580.556640625,0.3784676194190979,0.4300960538921431,12.404994010925291,0.0430096053892143,1.1599160808467048,0,0
BGD,Rajshahi,Sirajganj,2021-03-01,4622.09521484375,0.3612020909786224,0.0879740449552486,31.47174835205078,0.0087974044955248,1.2331259705438995,0,0
BGD,Sylhet,Sunamganj,2021-03-01,1810.4676513671875,0.09556495398283,0.0879599808214612,58.63687515258789,0.0087959980821461,0.6444000342166564,0,0
BGD,Sylhet,Sylhet,2021-03-01,9028.705078125,0.5122594833374023,0.3579493919086462,132.70278930664062,0.0357949391908646,2.041444409913135,0,0
BGD,Dhaka,Tangail,2021-03-01,9334.4873046875,0.542186975479126,0.5321698727166718,14.422049522399902,0.00900553054302,1.5856777881902708,0,0
BGD,Rangpur,Thakurgaon,2021-03-01,1898.6185302734373,0.2019245773553848,0.3220698432942788,10.924562454223633,0.0322069843294278,0.898057744010171,0,0
BGD,Khulna,Bagerhat,2021-04-01,3156.556396484375,0.3122825622558594,0.2526441058204465,95.53665161132812,0.0252644105820446,0.9876999948131474,1,0
BGD,Chattogram,Bandarban,2021-04-01,978.8912353515624,0.0423180982470512,0.2626734957394541,6.800389766693115,0.0262673495739454,0.4990796419049629,0,0
BGD,Barishal,Barguna,2021-04-01,435.8995971679688,0.068942904472351,0.264338924465555,15.648823738098145,0.0264338924465555,0.5137738139398177,1,0
BGD,Barishal,Barisal,2021-04-01,1903.19384765625,0.1739297360181808,0.2848747284395433,12.91977310180664,0.0284874728439543,0.841597967806649,1,0
BGD,Barishal,Bhola,2021-04-01,1239.2239990234375,0.1413883864879608,0.0490202129144698,39.1496467590332,0.0049020212914469,0.7444077311799925,1,0
BGD,Rajshahi,Bogura,2021-04-01,5947.55615234375,0.3961192071437835,0.3993437296149751,11.784488677978516,0.0399343729614975,1.544801196513211,0,0
BGD,Chattogram,Brahmanbaria,2021-04-01,10487.9140625,1.0821431875228882,0.7163443769791423,579.9230346679688,0.0457733583459973,2.0943803943599764,0,0
BGD,Chattogram,Chandpur,2021-04-01,2335.809326171875,0.3142469525337219,0.4105654780185186,10.916604042053224,0.0410565478018518,0.9739357938739596,0,0
BGD,Rajshahi,Chapainawabganj,2021-04-01,2523.395751953125,0.2838486433029175,0.3790231759738158,6.771340370178223,0.0379023175973815,1.0882555838326944,0,0
BGD,Chattogram,Chittagong,2021-04-01,33624.72265625,1.5540107488632202,0.6704054605086651,213.33746337890625,0.070044398541594,5.916689583919978,0,0
BGD,Khulna,Chuadanga,2021-04-01,2031.7684326171875,0.3483325541019439,0.4446819050908824,7.570639610290527,0.0444681905090882,1.0938078246442655,1,0
BGD,Chattogram,Cox's Bazar,2021-04-01,5911.8681640625,0.5724490284919739,0.4301429337736428,27.366893768310547,0.0430142933773642,1.9964854039468527,0,0
BGD,Chattogram,Cumilla,2021-04-01,14992.482421875,0.9592286348342896,0.7609851908764911,20.33165740966797,0.1712722251259729,2.390976758169628,0,0
BGD,Dhaka,Dhaka,2021-04-01,45489.546875,6.16222620010376,1.8139949697955515,132.38916015625,0.2998205383739863,28.058017637616977,0,0
BGD,Rangpur,Dinajpur,2021-04-01,7277.0341796875,0.4074866771697998,0.5027973340275765,21.59686279296875,0.0507150054604163,1.1111846397616132,0,0
BGD,Dhaka,Faridpur,2021-04-01,3776.091552734375,0.3861196637153625,0.4297188222709691,21.36295509338379,0.0429718822270969,1.2706666757623062,1,0
BGD,Chattogram,Feni,2021-04-01,4216.28076171875,0.9349908828735352,0.7720597787794522,26.69744300842285,0.2377639186602176,1.998571021272173,0,0
BGD,Rangpur,Gaibandha,2021-04-01,2643.20166015625,0.2361430078744888,0.1806645930565912,41.122169494628906,0.0180664593056591,0.921008105599397,0,0
BGD,Dhaka,Gazipur,2021-04-01,20191.23828125,2.239695310592652,1.0517877431003029,233.1599273681641,0.2590586854149936,8.6881252752847,0,0
BGD,Dhaka,Gopalganj,2021-04-01,1878.2847900390625,0.2533240914344787,0.3431950685132395,9.71442413330078,0.0343195068513239,0.9662947654202194,1,0
BGD,Sylhet,Habiganj,2021-04-01,5777.26318359375,0.4364755153656006,0.4061016374129845,42.62757873535156,0.0406101637412984,1.4456378068215,0,0
BGD,Rajshahi,Jaipurhat,2021-04-01,1697.1558837890625,0.3403787910938263,0.4392215359970711,5.643722534179688,0.0439221535997071,1.0628319132506383,0,0
BGD,Mymensingh,Jamalpur,2021-04-01,4453.27685546875,0.4213936030864715,0.5194204796855485,7.1700544357299805,0.0544785460516336,1.0852466426305216,0,0
BGD,Khulna,Jashore,2021-04-01,6951.99755859375,0.5287303924560547,0.5203033522504772,27.629329681396484,0.0535772084120492,1.473740080115324,1,0
BGD,Barishal,Jhalakati,2021-04-01,325.78228759765625,0.0903791487216949,0.2720042300502798,12.43686866760254,0.0272004230050279,0.6349260971916519,1,0
BGD,Khulna,Jhenaidah,2021-04-01,2523.830322265625,0.2523000836372375,0.3668978618287358,5.5196943283081055,0.0366897861828735,0.9736054706891724,1,0
BGD,Chattogram,Khagrachari,2021-04-01,1350.1768798828125,0.0931384414434433,0.2748251078393025,39.27717208862305,0.0274825107839302,0.6837266340382151,0,0
BGD,Khulna,Khulna,2021-04-01,5088.57275390625,0.4940051734447479,0.3558552234171776,22.70067596435547,0.0355855223417177,2.2155887884066794,1,0
BGD,Dhaka,Kishoreganj,2021-04-01,3659.5927734375,0.2790253460407257,0.3576372002356571,8.720857620239258,0.0357637200235657,1.1020505132597505,0,0
BGD,Rangpur,Kurigram,2021-04-01,2702.244873046875,0.2307527214288711,0.3571025844015885,4.5278496742248535,0.0357102584401588,0.9309871772010004,0,0
BGD,Khulna,Kushtia,2021-04-01,4805.5185546875,0.5724789500236511,0.5423230845239306,38.03369140625,0.0495291074857342,1.7125591139153438,1,0
BGD,Chattogram,Lakshmipur,2021-04-01,1505.0240478515625,0.2460922300815582,0.3708295512735911,4.744163513183594,0.0370829551273591,0.915944401095436,0,0
BGD,Rangpur,Lalmonirhat,2021-04-01,4013.192626953125,0.6235069036483765,0.64779944637347,4.746217727661133,0.0903773691681515,1.4926589784353876,0,0
BGD,Dhaka,Madaripur,2021-04-01,1794.6201171875,0.3240909874439239,0.3825826602244351,10.70600700378418,0.0382582660224435,1.1554036836000203,1,0
BGD,Khulna,Magura,2021-04-01,980.32275390625,0.1843816637992859,0.3169686822369625,9.260709762573242,0.0316968682236962,0.8477961888065522,1,0
BGD,Dhaka,Manikganj,2021-04-01,3602.13623046875,0.54075026512146,0.5355828463894065,15.541715621948242,0.0547709560784211,1.5795978435561746,0,0
BGD,Khulna,Meherpur,2021-04-01,1827.952392578125,0.4963364899158478,0.5572654718009126,4.547441482543945,0.0665168957237178,1.2010162757832985,1,0
BGD,Sylhet,Moulvibazar,2021-04-01,3680.38037109375,0.2663151919841766,0.363779316371642,24.55657386779785,0.0363779316371642,1.0133677534411714,0,0
BGD,Dhaka,Munshiganj,2021-04-01,4779.404296875,1.11884868144989,0.8163008844872633,33.245628356933594,0.1219349153865061,3.5665846362707905,0,0
BGD,Mymensingh,Mymensingh,2021-04-01,13082.826171875,0.5861340761184692,0.5434296701908843,26.19340133666992,0.0581827467719378,1.6258504816793145,0,0
BGD,Rajshahi,Naogaon,2021-04-01,2472.62646484375,0.1402136534452438,0.3010346231792546,5.833305358886719,0.0301034623179254,0.7705646966864426,0,0
BGD,Khulna,Narail,2021-04-01,632.4273071289064,0.1269353628158569,0.3000834504985083,3.4989936351776123,0.0300083450498508,0.7445494193541362,1,0
BGD,Dhaka,Narayanganj,2021-04-01,15913.0244140625,4.402915000915527,2.291034960341911,62.256343841552734,0.6406756743991395,16.341066267195018,0,0
BGD,Dhaka,Narsingdi,2021-04-01,6948.4443359375,1.20579731464386,0.7611235703731024,233.1599273681641,0.1437521836400233,3.081877281703413,0,0
BGD,Rajshahi,Natore,2021-04-01,2725.54541015625,0.2790043652057647,0.3768018154280962,8.234947204589844,0.0376801815428096,1.009432938612949,0,0
BGD,Mymensingh,Netrakona,2021-04-01,1620.3272705078125,0.11203034222126,0.2912074217191685,5.82541036605835,0.0291207421719168,0.7166530584655413,0,0
BGD,Rangpur,Nilphamari,2021-04-01,4400.77978515625,0.5131860971450806,0.5412872907348456,10.522394180297852,0.0613244255173445,1.416012197373078,0,0
BGD,Chattogram,Noakhali,2021-04-01,4111.27490234375,0.3304686844348907,0.4153290434279333,10.37160587310791,0.0415329043427933,1.0742201291515472,0,0
BGD,Rajshahi,Pabna,2021-04-01,7090.00634765625,0.5832220315933228,0.4883000041483195,93.3390121459961,0.0488300004148319,1.7911828501065314,0,0
BGD,Rangpur,Panchagarh,2021-04-01,3668.43212890625,0.5172163844108582,0.5592641501663348,5.4552106857299805,0.0695066915488018,1.3433491210966992,0,0
BGD,Chattogram,Parbattya Chattagram,2021-04-01,1086.814697265625,0.0372182466089725,0.2583428560497571,95.8824462890625,0.0258342856049757,0.4908514264945386,0,0
BGD,Barishal,Patuakhali,2021-04-01,1771.3009033203125,0.1536612808704376,0.2730853866628769,74.2466049194336,0.0273085386662876,0.7102347275543773,1,0
BGD,Barishal,Pirojpur,2021-04-01,334.15753173828125,0.0566000491380691,0.2665539966283083,3.3134047985076904,0.0266553996628308,0.5466327660025542,1,0
BGD,Dhaka,Rajbari,2021-04-01,1409.8177490234375,0.2538741528987884,0.3652007453964099,4.918763637542725,0.0365200745396409,1.008106701097183,1,0
BGD,Rajshahi,Rajshahi,2021-04-01,5310.40869140625,0.4327343106269836,0.4177979188331097,16.237590789794922,0.0417797918833109,1.3466726144501655,0,0
BGD,Rangpur,Rangpur,2021-04-01,6688.42578125,0.5592913627624512,0.5557566992498963,18.39904022216797,0.0689910625339638,1.3830908041727643,0,0
BGD,Khulna,Satkhira,2021-04-01,2546.40771484375,0.2228902727365493,0.3469056218570699,5.1793951988220215,0.0346905621857069,0.9364961217904252,1,0
BGD,Dhaka,Shariatpur,2021-04-01,1162.8052978515625,0.2115897536277771,0.3154835903303316,8.631704330444336,0.0315483590330331,0.9107475703686438,1,0
BGD,Mymensingh,Sherpur,2021-04-01,4444.45556640625,0.6518293023109436,0.6210132958946077,12.115781784057615,0.1184632170128386,1.3247452418225287,0,0
BGD,Rajshahi,Sirajganj,2021-04-01,4863.76513671875,0.3800654411315918,0.4240678667611731,35.164363861083984,0.0424067866761173,1.1903755239658331,0,0
BGD,Sylhet,Sunamganj,2021-04-01,1188.250244140625,0.0627214089035987,0.2684141978511947,13.67933750152588,0.0268414197851194,0.5659548321456703,0,0
BGD,Sylhet,Sylhet,2021-04-01,9904.404296875,0.561943769454956,0.356300322442666,396.563720703125,0.0356300322442666,1.839018024064228,0,0
BGD,Dhaka,Tangail,2021-04-01,10138.3017578125,0.5890285968780518,0.586288327010862,16.951656341552734,0.0698848918530348,1.4938873374435575,0,0
BGD,Rangpur,Thakurgaon,2021-04-01,3239.806640625,0.3445645272731781,0.4510382099788636,9.884831428527832,0.0451038209978863,0.9896731790351376,0,0
BGD,Khulna,Bagerhat,2021-05-01,3150.059814453125,0.3116090297698974,0.0067033464123558,58.00396347045898,0.0006703346412355,0.9430547974378468,1,0
BGD,Chattogram,Bandarban,2021-05-01,449.5129089355469,0.019432732835412,0.2551263409745361,7.176819324493408,0.0255126340974536,0.4847400478516186,0,0
BGD,Barishal,Barguna,2021-05-01,372.7508850097656,0.0589551553130149,0.0673521455445521,13.77625560760498,0.0067352145544552,0.1279690765346491,1,0
BGD,Barishal,Barisal,2021-05-01,2082.068115234375,0.1902767568826675,0.1293451402328125,17.654024124145508,0.0129345140232812,0.8635013002306654,1,0
BGD,Barishal,Bhola,2021-05-01,920.547912597656,0.1050292551517486,0.2714499860699043,43.727577209472656,0.0271449986069904,0.6209064488669178,1,0
BGD,Rajshahi,Bogura,2021-05-01,5582.4482421875,0.3716290295124054,0.0390718961195813,12.775571823120115,0.0039071896119581,1.5682769168419732,0,0
BGD,Chattogram,Brahmanbaria,2021-05-01,10244.4267578125,1.0570201873779297,0.5812949155611644,236.13742065429688,0.0614440704438192,3.1977805824278405,0,0
BGD,Chattogram,Chandpur,2021-05-01,1118.8817138671875,0.1505085676908493,0.262030718167545,12.191238403320312,0.0262030718167545,0.7362422625339858,0,0
BGD,Rajshahi,Chapainawabganj,2021-05-01,2023.96435546875,0.227669209241867,0.3279060798196649,6.8186469078063965,0.0327906079819665,1.06090485852971,0,0
BGD,Chattogram,Chittagong,2021-05-01,30584.19140625,1.4134886264801023,0.5211699314493295,261.9922790527344,0.0409241728793197,5.433466937003183,0,0
BGD,Khulna,Chuadanga,2021-05-01,3583.688720703125,0.6143984794616699,0.6272111177349229,6.216414451599121,0.0219975469133802,1.426251089587101,1,0
BGD,Chattogram,Cox's Bazar,2021-05-01,4797.44287109375,0.464540034532547,0.007694744983037,25.57457160949707,0.0007694744983037,1.8709017172278763,0,0
BGD,Chattogram,Cumilla,2021-05-01,10361.498046875,0.6629353165626526,0.5575658789452168,27.43856239318848,0.0604146721750573,2.0511270285887804,0,0
BGD,Dhaka,Dhaka,2021-05-01,46851.29296875,6.345113277435303,2.014929540350732,116.10424041748048,0.0551930581333181,28.25041699777357,0,0
BGD,Rangpur,Dinajpur,2021-05-01,5068.365234375,0.2838094830513,0.3685731877878733,10.325037002563477,0.0368573187787873,1.0628484472781954,0,0
BGD,Dhaka,Faridpur,2021-05-01,5040.54296875,0.5135878324508667,0.5343365538545496,26.439477920532227,0.0086921981306606,1.4515395508328608,1,0
BGD,Chattogram,Feni,2021-05-01,3314.920654296875,0.7351077198982239,0.5694940576741623,46.46847534179688,0.0550077897391954,2.4144309088932205,0,0
BGD,Rangpur,Gaibandha,2021-05-01,1335.14990234375,0.1191861405968666,0.2947757169174297,6.274297714233398,0.0294775716917429,0.7242222630113581,0,0
BGD,Dhaka,Gazipur,2021-05-01,19245.78125,2.1348214149475098,0.8331934398033867,40.31342697143555,0.11007796523563,8.359451423095601,0,0
BGD,Dhaka,Gopalganj,2021-05-01,2689.484619140625,0.3627305626869201,0.4474507436634367,10.849928855895996,0.0447450743663436,0.9701599716014696,1,0
BGD,Sylhet,Habiganj,2021-05-01,4960.21630859375,0.3747471570968628,0.3456403473121584,73.66358184814453,0.0345640347312158,1.201239605972351,0,0
BGD,Rajshahi,Jaipurhat,2021-05-01,1155.63671875,0.2317726016044616,0.3435218982144913,5.025912284851074,0.0343521898214491,1.0340258552646082,0,0
BGD,Mymensingh,Jamalpur,2021-05-01,2374.726318359375,0.2246246635913849,0.3490022204561657,7.117770195007324,0.0349002220456165,0.8937427991719914,0,0
BGD,Khulna,Jashore,2021-05-01,7650.99267578125,0.5818920731544495,0.5739909295220026,26.93293190002441,0.0085351626893614,1.4930400962992154,1,0
BGD,Barishal,Jhalakati,2021-05-01,372.8639526367188,0.1034406274557113,0.2763250059616542,14.171276092529297,0.0276325005961654,0.6376212328741651,1,0
BGD,Khulna,Jhenaidah,2021-05-01,3344.378662109375,0.3343279361724853,0.1292066747251117,8.386035919189453,0.0129206674725111,1.225158100965534,1,0
BGD,Chattogram,Khagrachari,2021-05-01,701.7496948242188,0.0484083779156208,0.2626089244757806,5.496519565582275,0.026260892447578,0.4989569565039832,0,0
BGD,Khulna,Khulna,2021-05-01,5138.29541015625,0.4988323152065277,0.010708510807474,20.81923484802246,0.0010708510807474,2.0741686393056185,1,0
BGD,Dhaka,Kishoreganj,2021-05-01,2853.3330078125,0.2175521254539489,0.3186230530349245,11.054471969604492,0.0318623053034924,0.9546051501655708,0,0
BGD,Rangpur,Kurigram,2021-05-01,1675.1351318359375,0.1428739577531814,0.0691998782180393,5.605959892272949,0.0069199878218039,0.8315038639398744,0,0
BGD,Khulna,Kushtia,2021-05-01,5809.52490234375,0.6920856833457947,0.5901461704077267,36.4832878112793,0.0163186830896721,2.136326342647091,1,0
BGD,Chattogram,Lakshmipur,2021-05-01,1080.586181640625,0.1766907721757888,0.3156152128663999,9.217808723449709,0.03156152128664,0.8409303670226589,0,0
BGD,Rangpur,Lalmonirhat,2021-05-01,2688.872314453125,0.4177547693252563,0.4614997831204865,7.533517837524414,0.0461499783120486,1.2657773314553356,0,0
BGD,Dhaka,Madaripur,2021-05-01,1536.135498046875,0.2754443287849426,0.2762245735340012,11.228267669677734,0.0276224573534001,1.0613555888860329,1,0
BGD,Khulna,Magura,2021-05-01,1465.8858642578125,0.2757076323032379,0.0650950258643715,9.404984474182127,0.0065095025864371,0.909416631380812,1,0
BGD,Dhaka,Manikganj,2021-05-01,3681.388916015625,0.5499628186225891,0.5168838993314825,17.801191329956055,0.003801654005871,1.902435492337259,0,0
BGD,Khulna,Meherpur,2021-05-01,1997.9344482421875,0.5424910187721252,0.5924573871951856,4.101010799407959,0.0194654699379482,1.2295929524466809,1,0
BGD,Sylhet,Moulvibazar,2021-05-01,3304.38818359375,0.2391081154346466,0.3488534733293773,46.69082260131836,0.0348853473329377,0.9183029712991668,0,0
BGD,Dhaka,Munshiganj,2021-05-01,4727.892578125,1.1058069467544556,0.7493716764682468,37.37977981567383,0.0871068641969266,3.798968565462282,0,0
BGD,Mymensingh,Mymensingh,2021-05-01,8287.1591796875,0.3712795972824096,0.3785044181961683,31.963003158569336,0.0378504418196168,1.2929362337336483,0,0
BGD,Rajshahi,Naogaon,2021-05-01,1709.4617919921875,0.0969373658299446,0.2792182796772567,4.259289741516113,0.0279218279677256,0.7341334855896827,0,0
BGD,Khulna,Narail,2021-05-01,1245.4229736328125,0.2499705702066421,0.3893869495873355,3.237250804901123,0.0389386949587335,0.836814547304327,1,0
BGD,Dhaka,Narayanganj,2021-05-01,18962.615234375,5.246694564819336,2.836404562220804,67.50961303710938,0.6760933758193439,18.585039398158106,0,0
BGD,Dhaka,Narsingdi,2021-05-01,6055.2744140625,1.0508012771606443,0.6169733584276983,40.31342697143555,0.0691936407797485,4.099677674333912,0,0
BGD,Rajshahi,Natore,2021-05-01,3437.7421875,0.3519093990325928,0.0861945041566297,7.085056781768799,0.0086194504156629,1.207678369148619,0,0
BGD,Mymensingh,Netrakona,2021-05-01,685.9962768554688,0.0474301725625991,0.2652349618720631,6.285093307495117,0.0265234961872063,0.5234549266608501,0,0
BGD,Rangpur,Nilphamari,2021-05-01,2824.424072265625,0.3293632566928863,0.3747080438676528,9.363097190856934,0.0374708043867652,1.2043163491342683,0,0
BGD,Chattogram,Noakhali,2021-05-01,2943.771728515625,0.2366235256195068,0.2828739703292272,13.518366813659668,0.0282873970329227,0.9313422847357794,0,0
BGD,Rajshahi,Pabna,2021-05-01,11352.4541015625,0.9336658120155334,0.6927742127686916,101.66061401367188,0.0102139262857547,2.7677813262792306,0,0
BGD,Rangpur,Panchagarh,2021-05-01,2544.168701171875,0.3587051928043365,0.4216691649666299,6.387808799743652,0.0421669164966629,1.2728199654988055,0,0
BGD,Chattogram,Parbattya Chattagram,2021-05-01,586.4887084960938,0.0200865194201469,0.0727864802171466,6.698946952819824,0.0072786480217146,0.1382943124125785,0,0
BGD,Barishal,Patuakhali,2021-05-01,1731.8538818359375,0.1502392292022705,0.2459336694984921,76.89848327636719,0.0245933669498492,0.5859135085238925,1,0
BGD,Barishal,Pirojpur,2021-05-01,400.5402526855469,0.0678440406918525,0.200897816262768,3.3325870037078857,0.0200897816262768,0.5769853685399721,1,0
BGD,Dhaka,Rajbari,2021-05-01,1406.5394287109375,0.2529681324958801,0.060665963332315,5.498795986175537,0.0060665963332315,1.1910585405588716,1,0
BGD,Rajshahi,Rajshahi,2021-05-01,4305.49658203125,0.3508460819721222,0.2241937623646506,15.48490047454834,0.022419376236465,1.251907829249875,0,0
BGD,Rangpur,Rangpur,2021-05-01,3988.5234375,0.3335234522819519,0.371328456034011,16.7001953125,0.0371328456034011,1.148404041443973,0,0
BGD,Khulna,Satkhira,2021-05-01,2410.942626953125,0.2110328376293182,0.0068974836429029,5.933674335479736,0.0006897483642902,0.85244532216777,1,0
BGD,Dhaka,Shariatpur,2021-05-01,948.122131347656,0.1724641025066375,0.3129050351085535,8.423638343811035,0.0312905035108553,0.854085598909504,1,0
BGD,Mymensingh,Sherpur,2021-05-01,2584.125,0.3789909482002258,0.4694272143585125,7.280068397521973,0.0469427214358512,1.124036500447233,0,0
BGD,Rajshahi,Sirajganj,2021-05-01,4480.1748046875,0.3497982323169708,0.0886497502179349,44.85577392578125,0.0088649750217934,1.1898898928520538,0,0
BGD,Sylhet,Sunamganj,2021-05-01,852.1592407226561,0.0449809543788433,0.261615002735417,17.218204498291016,0.0261615002735417,0.4970685051972924,0,0
BGD,Sylhet,Sylhet,2021-05-01,7492.33349609375,0.4250907301902771,0.353689488603075,87.69194793701172,0.0353689488603075,1.740363626892383,0,0
BGD,Dhaka,Tangail,2021-05-01,6898.26025390625,0.4004052877426147,0.1875592291566951,22.00571250915528,0.0187559229156695,1.350814299987577,0,0
BGD,Rangpur,Thakurgaon,2021-05-01,2665.704345703125,0.2835067808628082,0.3779001186225213,13.207472801208496,0.0377900118622521,0.9208544306211226,0,0
BGD,Khulna,Bagerhat,2021-06-01,2801.27880859375,0.2771618664264679,0.0166046736407356,66.77102661132812,0.0016604673640735,0.8295494520364844,1,0
BGD,Chattogram,Bandarban,2021-06-01,599.1762084960938,0.0259390641003847,0.2574281468443166,8.447031021118164,0.0257428146844316,0.4891134790042015,0,0
BGD,Barishal,Barguna,2021-06-01,294.46466064453125,0.0465732216835022,0.0270598672118914,24.594350814819336,0.0027059867211891,0.0514137477025936,1,0
BGD,Barishal,Barisal,2021-06-01,1275.385009765625,0.1166855171322822,0.025231322551225,31.8516788482666,0.0025231322551225,0.5971362635290176,1,0
BGD,Barishal,Bhola,2021-06-01,822.0448608398436,0.0940331891179084,0.2642193320514076,62.77410125732422,0.0264219332051407,0.5020167308976744,1,0
BGD,Rajshahi,Bogura,2021-06-01,4957.6640625,0.3306817412376404,0.3159374731656321,15.47769546508789,0.0315937473165632,2.2164704572699114,0,0
BGD,Chattogram,Brahmanbaria,2021-06-01,8956.3779296875,0.9252045154571532,0.5076311168062079,144.9722137451172,0.0510609950251324,3.457374417288845,0,0
BGD,Chattogram,Chandpur,2021-06-01,1494.4854736328125,0.2013434767723083,0.3043071074919738,14.915432929992676,0.0304307107491973,0.7962853207678626,0,0
BGD,Rajshahi,Chapainawabganj,2021-06-01,1237.567626953125,0.1392427384853363,0.2862905447639609,12.666814804077148,0.028629054476396,0.7827736579724082,0,0
BGD,Chattogram,Chittagong,2021-06-01,29865.35546875,1.3806830644607544,0.5604874749836635,145.05035400390625,0.0467022824872066,6.151250666203114,0,0
BGD,Khulna,Chuadanga,2021-06-01,1322.9444580078125,0.2268096059560775,0.0305749092914548,9.050278663635254,0.0030574909291454,1.0577432122352817,1,0
BGD,Chattogram,Cox's Bazar,2021-06-01,4504.17431640625,0.4547412991523742,0.3322638233813058,29.060565948486328,0.0332263823381305,2.492363960721661,0,0
BGD,Chattogram,Cumilla,2021-06-01,13433.48046875,0.8594827055931091,0.629568417242726,28.02083969116211,0.0836603556861242,2.9531901879951628,0,0
BGD,Dhaka,Dhaka,2021-06-01,49358.3203125,6.684642314910889,2.370847053731832,122.41638946533205,0.1163387653762093,28.173709677500508,0,0
BGD,Rangpur,Dinajpur,2021-06-01,3614.958984375,0.202628418803215,0.3117530152702356,8.932097434997559,0.0311753015270235,0.9482999896748716,0,0
BGD,Dhaka,Faridpur,2021-06-01,2579.17724609375,0.2627859711647033,0.3401112682386492,27.136005401611328,0.0340111268238649,1.0594729105548262,1,0
BGD,Chattogram,Feni,2021-06-01,3939.034912109375,0.8735096454620361,0.6372720595663721,35.15523910522461,0.0896123001561114,2.870302463672461,0,0
BGD,Rangpur,Gaibandha,2021-06-01,1057.95751953125,0.0945741981267929,0.0213905072794407,8.484148025512695,0.002139050727944,0.6835722481115093,0,0
BGD,Dhaka,Gazipur,2021-06-01,21671.98046875,2.4039454460144043,0.8230624837880943,43.87276077270508,0.17637917301789,9.632306689388228,0,0
BGD,Dhaka,Gopalganj,2021-06-01,1136.30615234375,0.1532535105943679,0.2869673048674133,9.448492050170898,0.0286967304867413,0.7315626335318122,1,0
BGD,Sylhet,Habiganj,2021-06-01,6022.576171875,0.4551749527454376,0.3526792992314804,64.13448333740234,0.035267929923148,2.1636419925814585,0,0
BGD,Rajshahi,Jaipurhat,2021-06-01,800.2317504882812,0.1604931652545929,0.2973396216863227,6.107086181640625,0.0297339621686322,0.7877590358996798,0,0
BGD,Mymensingh,Jamalpur,2021-06-01,1808.2484130859373,0.1714308708906173,0.3024924073319884,8.581570625305176,0.0302492407331988,0.743010869710578,0,0
BGD,Khulna,Jashore,2021-06-01,3911.1923828125,0.297463595867157,0.32917017383357,26.59847450256348,0.0329170173833569,1.306039368630481,1,0
BGD,Barishal,Jhalakati,2021-06-01,307.7425842285156,0.0853745341300964,0.2676971881487816,31.8516788482666,0.0267697188148781,0.5756757249508854,1,0
BGD,Khulna,Jhenaidah,2021-06-01,1555.4930419921875,0.1554981768131256,0.051785668311082,5.394207000732422,0.0051785668311082,0.9736613151629808,1,0
BGD,Chattogram,Khagrachari,2021-06-01,1363.8343505859375,0.0940805673599243,0.275123868093978,5.17222261428833,0.0275123868093978,0.7751726852028551,0,0
BGD,Khulna,Khulna,2021-06-01,3982.7978515625,0.3866551220417022,0.3061438320373291,31.427249908447266,0.0306143832037329,2.2467376672040538,1,0
BGD,Dhaka,Kishoreganj,2021-06-01,3151.196533203125,0.2405528575181961,0.0234061490864356,10.852216720581056,0.0023406149086435,0.946868566587175,0,0
BGD,Rangpur,Kurigram,2021-06-01,1451.0177001953125,0.1251862049102783,0.2833700619839778,8.242522239685059,0.0283370061983977,0.7142935389812821,0,0
BGD,Khulna,Kushtia,2021-06-01,4443.0771484375,0.5295533537864685,0.3935940492638619,40.25254440307617,0.0393594049263861,2.493627100629737,1,0
BGD,Chattogram,Lakshmipur,2021-06-01,811.7808227539062,0.1328960806131363,0.0056799164919333,13.23613452911377,0.0005679916491933,0.6814400251937646,0,0
BGD,Rangpur,Lalmonirhat,2021-06-01,1154.827392578125,0.1794189512729644,0.3093930261685108,8.568521499633789,0.030939302616851,0.8536495489930955,0,0
BGD,Dhaka,Madaripur,2021-06-01,1316.212890625,0.2359834313392639,0.3158325478973458,13.35737419128418,0.0315832547897345,1.0898698862172531,1,0
BGD,Khulna,Magura,2021-06-01,445.3985290527344,0.0837717205286026,0.2733437377824913,8.649710655212402,0.0273343737782491,0.5995827297441366,1,0
BGD,Dhaka,Manikganj,2021-06-01,2333.39404296875,0.3492461442947387,0.405652372725948,7.393877983093262,0.0405652372725948,1.3529013421819749,0,0
BGD,Khulna,Meherpur,2021-06-01,1061.2962646484375,0.2881694734096527,0.3774194193910804,6.61857271194458,0.037741941939108,1.130750691847428,1,0
BGD,Sylhet,Moulvibazar,2021-06-01,2537.727294921875,0.1863276213407516,0.3073828222611547,20.774946212768555,0.0307382822261154,0.8318101353053085,0,0
BGD,Dhaka,Munshiganj,2021-06-01,4936.38623046875,1.1545733213424685,0.699299427074724,51.41600799560547,0.0751325524726486,4.16321186553566,0,0
BGD,Mymensingh,Mymensingh,2021-06-01,10290.2548828125,0.4611289501190185,0.3736770960944309,28.59519386291504,0.037367709609443,1.7403946850434318,0,0
BGD,Rajshahi,Naogaon,2021-06-01,1756.5504150390625,0.0996471419930458,0.2744010714784206,11.333346366882324,0.027440107147842,0.7063225151501106,0,0
BGD,Khulna,Narail,2021-06-01,258.3987121582031,0.0518635660409927,0.2654878399544714,3.744079351425171,0.0265487839954471,0.5207090944699932,1,0
BGD,Dhaka,Narayanganj,2021-06-01,23179.892578125,6.413557529449463,4.126853171272157,61.84785842895508,0.7207297193807414,20.632222750122725,0,0
BGD,Dhaka,Narsingdi,2021-06-01,6733.71337890625,1.1689373254776,0.6057143738033492,43.87276077270508,0.0773850479529793,4.59544652255689,0,0
BGD,Rajshahi,Natore,2021-06-01,1764.26220703125,0.1806567162275314,0.3027690953246977,7.965855121612549,0.0302769095324697,0.7891947975834963,0,0
BGD,Mymensingh,Netrakona,2021-06-01,801.1760864257811,0.0564088225364685,0.0446904408553173,7.986891269683838,0.0044690440855317,0.5142914164668299,0,0
BGD,Rangpur,Nilphamari,2021-06-01,2158.111328125,0.2516921758651733,0.3167379167338218,13.935989379882812,0.0316737916733821,1.100218775686567,0,0
BGD,Chattogram,Noakhali,2021-06-01,3702.27685546875,0.2992464900016784,0.0123696470661183,21.969932556152344,0.0012369647066118,1.0527410042991527,0,0
BGD,Rajshahi,Pabna,2021-06-01,7856.84521484375,0.6466435194015503,0.3158724484990823,98.800048828125,0.0315872448499082,3.209238073915958,0,0
BGD,Rangpur,Panchagarh,2021-06-01,2124.3212890625,0.2996794581413269,0.3522684575195913,6.7084269523620605,0.0352268457519591,1.4101307807104655,0,0
BGD,Chattogram,Parbattya Chattagram,2021-06-01,2276.66796875,0.0781518593430519,0.0253291997470696,7.95264720916748,0.0025329199747069,0.6943970945224089,0,0
BGD,Barishal,Patuakhali,2021-06-01,1458.748291015625,0.1265492141246795,0.2477517481928522,73.61918640136719,0.0247751748192852,0.4707283215664193,1,0
BGD,Barishal,Pirojpur,2021-06-01,219.7638702392578,0.0372238978743553,0.2589318089376943,3.9360251426696777,0.0258931808937694,0.4919704369816193,1,0
BGD,Dhaka,Rajbari,2021-06-01,681.7530517578125,0.1227217689156532,0.1934147214190013,3.0082550048828125,0.0193414721419001,0.7599783995980299,1,0
BGD,Rajshahi,Rajshahi,2021-06-01,3457.759765625,0.28178870677948,0.2955744550691003,17.23501205444336,0.02955744550691,1.1188386318416543,0,0
BGD,Rangpur,Rangpur,2021-06-01,3462.495361328125,0.2895607650279999,0.3217134319949605,13.67465114593506,0.032171343199496,1.19592564051935,0,0
BGD,Khulna,Satkhira,2021-06-01,1810.95263671875,0.1587372720241546,0.3013459728743743,11.763548851013184,0.0301345972874374,0.8335791774026396,1,0
BGD,Dhaka,Shariatpur,2021-06-01,653.0055541992188,0.1187622547149658,0.2825643270082957,8.312902450561523,0.0282564327008295,0.7348847300666539,1,0
BGD,Mymensingh,Sherpur,2021-06-01,1836.7530517578125,0.2698157429695129,0.353405178263541,9.053126335144045,0.0353405178263541,0.9798960868105172,0,0
BGD,Rajshahi,Sirajganj,2021-06-01,3603.522216796875,0.2839878797531128,0.1975898511877642,46.914344787597656,0.0197589851187764,1.0816045368286535,0,0
BGD,Sylhet,Sunamganj,2021-06-01,883.9548950195312,0.0536820851266384,0.2623460844640368,17.454164505004883,0.0262346084464036,0.49845756048167,0,0
BGD,Sylhet,Sylhet,2021-06-01,7886.083984375,0.4889642298221588,0.1445694036889442,145.12258911132812,0.0144569403688944,2.6446648457221222,0,0
BGD,Dhaka,Tangail,2021-06-01,7415.328125,0.4320008456707001,0.4122438973573299,33.04594421386719,0.0412243897357329,1.7500096174880566,0,0
BGD,Rangpur,Thakurgaon,2021-06-01,2111.583251953125,0.2246935963630676,0.3245057467935392,11.279787063598633,0.0324505746793539,0.9823943303989404,0,0
BGD,Khulna,Bagerhat,2021-07-01,1626.9307861328125,0.1609386205673217,0.1417865479918966,54.14938354492188,0.0141786547991896,0.6057949806842416,1,0
BGD,Chattogram,Bandarban,2021-07-01,486.310302734375,0.0221098251640796,0.2557606237582737,9.058683395385742,0.0255760623758273,0.48594518514072,0,0
BGD,Barishal,Barguna,2021-07-01,223.6626434326172,0.0353806056082248,0.2346999085817656,11.103836059570312,0.0234699908581765,0.4459298263053546,1,0
BGD,Barishal,Barisal,2021-07-01,1410.772216796875,0.1289281398057937,0.2453434873786711,11.71376132965088,0.0245343487378671,0.6706894408752453,1,0
BGD,Barishal,Bhola,2021-07-01,613.7814331054688,0.0702050849795341,0.2048513109783117,80.92051696777344,0.0204851310978311,0.3892174908587924,1,0
BGD,Rajshahi,Bogura,2021-07-01,2530.967041015625,0.1683880537748336,0.2854349889487342,12.350139617919922,0.0285434988948734,0.9089358731901064,0,0
BGD,Chattogram,Brahmanbaria,2021-07-01,7187.19921875,0.7465446591377258,0.4558828037779908,98.49968719482422,0.045588280377799,3.167588923207944,0,0
BGD,Chattogram,Chandpur,2021-07-01,1139.48583984375,0.1533728837966919,0.3056428680218764,11.626032829284668,0.0305642868021876,0.7588251413805362,0,0
BGD,Rajshahi,Chapainawabganj,2021-07-01,1001.2999877929688,0.1126963794231414,0.1769360549539981,6.88518762588501,0.0176936054953998,0.7505332626090409,0,0
BGD,Chattogram,Chittagong,2021-07-01,29731.470703125,1.4032009840011597,0.3466382614413721,209.6017303466797,0.0346638261441372,5.9136573829060906,0,0
BGD,Khulna,Chuadanga,2021-07-01,638.5616455078125,0.1094769462943077,0.282380113003273,10.904205322265623,0.0282380113003273,0.7140792016015879,1,0
BGD,Chattogram,Cox's Bazar,2021-07-01,3823.195068359375,0.3733215928077698,0.0049305677495876,28.76840782165528,0.0004930567749587,1.4243427942931148,0,0
BGD,Chattogram,Cumilla,2021-07-01,10147.125,0.6501776576042175,0.5692354348995884,24.374971389770508,0.069056624915886,1.8551188599900768,0,0
BGD,Dhaka,Dhaka,2021-07-01,39470.5703125,5.351478099822998,1.1203905874232458,164.62351989746094,0.1045449509335638,25.94418479201484,0,0
BGD,Rangpur,Dinajpur,2021-07-01,2541.03857421875,0.142933115363121,0.2872820474995984,8.741936683654785,0.0287282047499598,0.8769293812668687,0,0
BGD,Dhaka,Faridpur,2021-07-01,2124.5146484375,0.2181669324636459,0.0690412600932488,33.3995246887207,0.0069041260093248,0.8849984122830421,1,0
BGD,Chattogram,Feni,2021-07-01,2287.75390625,0.5074639916419983,0.2682022306578745,46.63206481933594,0.0268202230657874,1.6761660926172832,0,0
BGD,Rangpur,Gaibandha,2021-07-01,575.7952880859375,0.0515196584165096,0.0052636772660631,8.591730117797852,0.0005263677266063,0.0170677238777157,0,0
BGD,Dhaka,Gazipur,2021-07-01,15045.6943359375,1.6693006753921509,0.6821643496492709,26.428617477416992,0.0731864211768228,7.343194153183276,0,0
BGD,Dhaka,Gopalganj,2021-07-01,962.1505737304688,0.1297651678323745,0.2875107529135877,9.844266891479492,0.0287510752913587,0.7073144518186151,1,0
BGD,Sylhet,Habiganj,2021-07-01,5970.78076171875,0.4852379858493805,0.0676133694848599,68.6650161743164,0.0067613369484859,2.1783115335282304,0,0
BGD,Rajshahi,Jaipurhat,2021-07-01,498.34564208984375,0.09994737803936,0.2764652284298552,7.21609354019165,0.0276465228429855,0.7084301453591714,0,0
BGD,Mymensingh,Jamalpur,2021-07-01,804.7158813476561,0.0761394500732421,0.2717519499668161,6.504823684692383,0.0271751949966816,0.6477720082252332,0,0
BGD,Khulna,Jashore,2021-07-01,3483.552978515625,0.2649397253990173,0.3301879669412302,34.74872970581055,0.033018796694123,1.0265578303775769,1,0
BGD,Barishal,Jhalakati,2021-07-01,205.83419799804688,0.0571029186248779,0.264102127142741,9.505078315734863,0.0264102127142741,0.5131925055412074,1,0
BGD,Khulna,Jhenaidah,2021-07-01,508.5413818359375,0.0508374236524105,0.2639640498413499,11.30288314819336,0.0263964049841349,0.5127428629180996,1,0
BGD,Chattogram,Khagrachari,2021-07-01,867.4723510742188,0.0601275153458118,0.267649565906906,5.667052268981934,0.0267649565906906,0.5812939414264396,0,0
BGD,Khulna,Khulna,2021-07-01,2779.640869140625,0.2698953747749328,0.2889795520787822,22.290332794189453,0.0288979552078782,1.1838194749630615,1,0
BGD,Dhaka,Kishoreganj,2021-07-01,3070.630126953125,0.2480185776948928,0.1436584967980648,10.560544967651367,0.0143658496798064,0.9435531686761656,0,0
BGD,Rangpur,Kurigram,2021-07-01,1337.020263671875,0.1144015341997146,0.046901376999849,7.343959808349609,0.0046901376999849,0.7072691424706894,0,0
BGD,Khulna,Kushtia,2021-07-01,2331.267822265625,0.2778849005699157,0.3358111049751907,35.54804229736328,0.033581110497519,1.1032924953015797,1,0
BGD,Chattogram,Lakshmipur,2021-07-01,663.8834838867188,0.1085550710558891,0.2860549224381833,6.558098316192627,0.0286054922438183,0.6941476788272573,0,0
BGD,Rangpur,Lalmonirhat,2021-07-01,1161.116455078125,0.1804798990488052,0.0282969370496283,8.906265258789062,0.0028296937049628,0.9451665692563216,0,0
BGD,Dhaka,Madaripur,2021-07-01,1035.5032958984375,0.1875022798776626,0.3050952555790839,12.546537399291992,0.0305095255579083,0.9067218800784166,1,0
BGD,Khulna,Magura,2021-07-01,365.8139953613281,0.0688032507896423,0.2699845137303089,9.3843994140625,0.0269984513730308,0.5559063727805575,1,0
BGD,Dhaka,Manikganj,2021-07-01,1934.1917724609373,0.291117787361145,0.0468834438700151,9.074555397033691,0.0046883443870015,1.146046715843415,0,0
BGD,Khulna,Meherpur,2021-07-01,374.9994812011719,0.1018220856785774,0.2834824183727064,6.056534290313721,0.0283482418372706,0.7092950283783171,1,0
BGD,Sylhet,Moulvibazar,2021-07-01,2295.4697265625,0.1702512949705124,0.3007692488862172,34.30766677856445,0.0300769248886217,0.773333316000878,0,0
BGD,Dhaka,Munshiganj,2021-07-01,3718.154296875,0.8780498504638672,0.6263306978790282,45.802528381347656,0.0653527780992117,2.907965278646857,0,0
BGD,Mymensingh,Mymensingh,2021-07-01,6168.17529296875,0.2825599610805511,0.1260703934930643,28.10943603515625,0.0126070393493064,1.2136948142494397,0,0
BGD,Rajshahi,Naogaon,2021-07-01,963.3336181640624,0.0546333417296409,0.2652068147664885,9.107145309448242,0.0265206814766488,0.5291502720880359,0,0
BGD,Khulna,Narail,2021-07-01,284.4039001464844,0.0570831000804901,0.2695549948522034,3.12321138381958,0.0269554994852203,0.5693445786654889,1,0
BGD,Dhaka,Narayanganj,2021-07-01,15025.8916015625,4.216398239135742,2.245663019992051,78.97997283935547,0.6100712216092362,14.758185324137582,0,0
BGD,Dhaka,Narsingdi,2021-07-01,5037.52734375,0.8956164121627808,0.6027115348708536,23.010108947753903,0.0772604981475712,3.176288176426469,0,0
BGD,Rajshahi,Natore,2021-07-01,1339.09765625,0.137078657746315,0.2908943680573631,7.107568264007568,0.0290894368057363,0.788716353574047,0,0
BGD,Mymensingh,Netrakona,2021-07-01,580.8143310546875,0.0447355136275291,0.2611314353083974,6.249911308288574,0.0261131435308397,0.4961497270859551,0,0
BGD,Rangpur,Nilphamari,2021-07-01,713.307373046875,0.0832388252019882,0.2612284073872685,12.629404067993164,0.0261228407387268,0.4963339740358101,0,0
BGD,Chattogram,Noakhali,2021-07-01,2271.817138671875,0.1828665733337402,0.1454624472414296,12.111740112304688,0.0145462447241429,0.8490746140206745,0,0
BGD,Rajshahi,Pabna,2021-07-01,3586.342041015625,0.2952169477939605,0.0785611221234729,89.17764282226561,0.0078561122123472,1.1341559713907754,0,0
BGD,Rangpur,Panchagarh,2021-07-01,892.4193725585938,0.1260241717100143,0.2838267892272352,7.414056301116943,0.0283826789227235,0.7576630589787159,0,0
BGD,Chattogram,Parbattya Chattagram,2021-07-01,1000.2843017578124,0.0362658500671386,0.004345127333792,7.693598747253418,0.0004345127333792,0.0082557419342048,0,0
BGD,Barishal,Patuakhali,2021-07-01,1380.9052734375,0.1198379173874855,0.1770700299890757,64.1716537475586,0.0177070029989075,0.553433392740362,1,0
BGD,Barishal,Pirojpur,2021-07-01,181.5343780517578,0.0307485349476337,0.2600904873500828,2.152321577072144,0.0260090487350082,0.4941719259651573,1,0
BGD,Dhaka,Rajbari,2021-07-01,597.5845947265625,0.1075107306241989,0.2300992372389403,9.37730598449707,0.023009923723894,0.7055408838733058,1,0
BGD,Rajshahi,Rajshahi,2021-07-01,2689.015869140625,0.2191402465105056,0.1832291368586759,14.926237106323242,0.0183229136858675,0.903887212462192,0,0
BGD,Rangpur,Rangpur,2021-07-01,2364.835205078125,0.1977493613958358,0.0266700355070843,19.875152587890625,0.0026670035507084,0.9493550844281908,0,0
BGD,Khulna,Satkhira,2021-07-01,1141.61865234375,0.0999273136258125,0.039716712372332,4.404438018798828,0.0039716712372332,0.6879204216909858,1,0
BGD,Dhaka,Shariatpur,2021-07-01,807.11767578125,0.14761383831501,0.2903332648795565,11.734212875366213,0.0290333264879556,0.7883029231681978,1,0
BGD,Mymensingh,Sherpur,2021-07-01,976.1829833984376,0.1431681960821151,0.1168920754109748,8.693864822387695,0.0116892075410974,0.8354417438002781,0,0
BGD,Rajshahi,Sirajganj,2021-07-01,1939.2486572265625,0.1517251431941986,0.2772975752615843,35.48530960083008,0.0277297575261584,0.7171460830165288,0,0
BGD,Sylhet,Sunamganj,2021-07-01,684.0198364257812,0.0458166003227233,0.0238142436612376,17.454164505004883,0.0023814243661237,0.0452470629563515,0,0
BGD,Sylhet,Sylhet,2021-07-01,7202.2822265625,0.4437326192855835,0.1147230490461586,181.4528961181641,0.0114723049046158,2.427877903333445,0,0
BGD,Dhaka,Tangail,2021-07-01,3483.285888671875,0.2022960931062698,0.2990911101826651,25.934038162231445,0.0299091110182665,0.9566009601254308,0,0
BGD,Rangpur,Thakurgaon,2021-07-01,1395.08203125,0.1486974209547042,0.2949200978861733,9.391008377075195,0.0294920097886173,0.8576671073226795,0,0
BGD,Khulna,Bagerhat,2021-08-01,2107.57861328125,0.2224383503198623,0.05140904911982,63.91720581054688,0.005140904911982,0.6715842716996636,1,0
BGD,Chattogram,Bandarban,2021-08-01,471.0245056152344,0.0219861473888158,0.2574355232908111,4.915322780609131,0.0257435523290811,0.4891274942525412,0,0
BGD,Barishal,Barguna,2021-08-01,307.7146301269531,0.0487099289894104,0.1352745800993688,8.16149616241455,0.0135274580099368,0.5086293245914117,1,0
BGD,Barishal,Barisal,2021-08-01,1778.00439453125,0.2190956771373748,0.2217229500217254,31.45998191833496,0.0221722950021725,0.7948693204535001,1,0
BGD,Barishal,Bhola,2021-08-01,1001.1461181640624,0.1178820356726646,0.2846600886952862,29.29523277282715,0.0284660088695286,0.6605302954780333,1,0
BGD,Rajshahi,Bogura,2021-08-01,4033.785400390625,0.3328340053558349,0.3075733128341095,11.978520393371582,0.0307573312834109,2.37710623466274,0,0
BGD,Chattogram,Brahmanbaria,2021-08-01,6568.89794921875,0.7085202932357788,0.5686743069820388,88.49498748779297,0.066648897002884,1.9866077420688368,0,0
BGD,Chattogram,Chandpur,2021-08-01,1737.5224609375,0.2507719397544861,0.384435678042352,9.851311683654783,0.0384435678042352,0.7717618533410657,0,0
BGD,Rajshahi,Chapainawabganj,2021-08-01,1562.0618896484375,0.1764825731515884,0.3018131882280107,6.224715232849121,0.030181318822801,0.8684251520164535,0,0
BGD,Chattogram,Chittagong,2021-08-01,21561.41796875,1.008310079574585,0.5368957372429988,110.77593994140624,0.0515271371526738,4.070821956157916,0,0
BGD,Khulna,Chuadanga,2021-08-01,985.0357055664062,0.1737278997898101,0.2939167373944769,9.00320053100586,0.0293916737394476,0.8349610377188544,1,0
BGD,Chattogram,Cox's Bazar,2021-08-01,3423.324462890625,0.3661441206932068,0.0078188787540121,13.785521507263184,0.0007818878754012,1.4134813659155765,0,0
BGD,Chattogram,Cumilla,2021-08-01,9932.66796875,0.7129991054534912,0.6054187693974163,13.370858192443848,0.0954461667181119,2.0048925594619496,0,0
BGD,Dhaka,Dhaka,2021-08-01,42572.80078125,6.55520486831665,2.0710498073681265,119.72014617919922,0.1490391654955015,29.576982152960127,0,0
BGD,Rangpur,Dinajpur,2021-08-01,3866.257080078125,0.2576660215854645,0.3717974851225025,8.353816032409668,0.0371797485122502,0.965932587653912,0,0
BGD,Dhaka,Faridpur,2021-08-01,2249.380615234375,0.2402385026216507,0.2641577833966549,29.40610694885254,0.0264157783396654,1.0379957474792132,1,0
BGD,Chattogram,Feni,2021-08-01,2742.95361328125,0.615273118019104,0.5846967822726535,10.717168807983398,0.0517680412039263,1.4654761862511505,0,0
BGD,Rangpur,Gaibandha,2021-08-01,771.3773803710938,0.0895836725831031,0.2720452202384398,10.086045265197754,0.0272045220238439,0.5928984410784772,0,0
BGD,Dhaka,Gazipur,2021-08-01,20773.67578125,2.315453290939331,0.7668994379999005,39.109031677246094,0.1102982641826773,9.926842859035196,0,0
BGD,Dhaka,Gopalganj,2021-08-01,776.0997924804686,0.1296609193086624,0.2757496533775799,12.258679389953612,0.0275749653377579,0.6501448724542418,1,0
BGD,Sylhet,Habiganj,2021-08-01,5542.6748046875,0.4426474571228027,0.3604473946130933,64.41835021972656,0.0360447394613093,1.5587081929690594,0,0
BGD,Rajshahi,Jaipurhat,2021-08-01,697.2314453125,0.1399759501218795,0.2855716558125948,8.536141395568848,0.0285571655812594,0.7313348100496042,0,0
BGD,Mymensingh,Jamalpur,2021-08-01,161.88531494140625,0.0381999425590038,0.2626593883034752,3.771862745285034,0.0262659388303475,0.4990528377766027,0,0
BGD,Khulna,Jashore,2021-08-01,3930.181396484375,0.3157165050506592,0.3158503983453155,30.63543701171875,0.0315850398345315,1.5950377377778182,1,0
BGD,Barishal,Jhalakati,2021-08-01,314.24517822265625,0.0873502194881439,0.2669260070564013,30.96430206298828,0.0266926007056401,0.5219499314805316,1,0
BGD,Khulna,Jhenaidah,2021-08-01,1125.3572998046875,0.1131140664219856,0.2777567738473378,11.668184280395508,0.0277756773847337,0.6424149023653947,1,0
BGD,Chattogram,Khagrachari,2021-08-01,958.0538330078124,0.071509949862957,0.2769995150482953,6.427602291107178,0.0276999515048295,0.6195169898592858,0,0
BGD,Khulna,Khulna,2021-08-01,4406.82958984375,0.4367572665214538,0.2947755601275323,29.99033737182617,0.0294775560127532,2.6163069641795174,1,0
BGD,Dhaka,Kishoreganj,2021-08-01,2315.298828125,0.186559185385704,0.2980261504278133,11.29163646697998,0.0298026150427813,0.8287794897250715,0,0
BGD,Rangpur,Kurigram,2021-08-01,471.4085998535156,0.1828647404909134,0.3034812825479859,5.869043350219727,0.0303481282547985,0.943987929683452,0,0
BGD,Khulna,Kushtia,2021-08-01,3772.71240234375,0.4616548120975494,0.2620337345985172,24.657529830932617,0.0262033734598517,2.1973099329857453,1,0
BGD,Chattogram,Lakshmipur,2021-08-01,917.2274169921876,0.1575266271829605,0.326226626533903,3.42721962928772,0.0326226626533903,0.6825665660127389,0,0
BGD,Rangpur,Lalmonirhat,2021-08-01,1690.6756591796875,0.6284040808677673,0.6526694868735707,5.51809024810791,0.0869395740313052,1.4998202089351298,0,0
BGD,Dhaka,Madaripur,2021-08-01,547.728515625,0.1838964372873306,0.2881219088472599,14.927545547485352,0.028812190884726,0.964506806042449,1,0
BGD,Khulna,Magura,2021-08-01,470.6756591796875,0.088542565703392,0.2309393180187413,8.724656105041504,0.0230939318018741,0.5577030362174967,1,0
BGD,Dhaka,Manikganj,2021-08-01,2916.1669921875,0.4786330163478851,0.3867650652542866,20.80551528930664,0.0386765065254286,2.317610631552961,0,0
BGD,Khulna,Meherpur,2021-08-01,835.13232421875,0.2291870713233947,0.3373299427839728,4.6245856285095215,0.0337329942783972,1.0049209423682472,1,0
BGD,Sylhet,Moulvibazar,2021-08-01,3872.892822265625,0.2856157720088959,0.3890634082885382,21.11445426940918,0.0389063408288538,0.9257782188141096,0,0
BGD,Dhaka,Munshiganj,2021-08-01,4562.7919921875,1.1806848049163818,0.6888484414870096,48.99938201904297,0.1008049804549491,4.185087693586873,0,0
BGD,Mymensingh,Mymensingh,2021-08-01,5507.8154296875,0.4131690859794616,0.3727892944861073,27.057435989379883,0.0372789294486107,1.7686356058915471,0,0
BGD,Rajshahi,Naogaon,2021-08-01,1702.6497802734375,0.0987278074026107,0.28006688885801,9.096579551696776,0.028006688885801,0.6338872552986069,0,0
BGD,Khulna,Narail,2021-08-01,404.47454833984375,0.0827234461903572,0.2833742119657258,3.102746963500977,0.0283374211965725,0.5971191015901047,1,0
BGD,Dhaka,Narayanganj,2021-08-01,11869.91015625,4.1022562980651855,2.7848384030892905,67.06468200683594,0.3709768368503079,13.174330049140709,0,0
BGD,Dhaka,Narsingdi,2021-08-01,5441.306640625,0.9565625786781312,0.5509965323810128,39.109031677246094,0.0621488523763602,3.983734728208652,0,0
BGD,Rajshahi,Natore,2021-08-01,1475.30078125,0.1538799405097961,0.2820135539092804,8.470498085021973,0.028201355390928,0.7523197540932958,0,0
BGD,Mymensingh,Netrakona,2021-08-01,359.4378967285156,0.045236449688673,0.2604813914197083,7.986891269683838,0.0260481391419708,0.4949146436974456,0,0
BGD,Rangpur,Nilphamari,2021-08-01,2175.29296875,0.3674838542938232,0.4395233062475146,9.04090881347656,0.0439523306247514,0.987896890547852,0,0
BGD,Chattogram,Noakhali,2021-08-01,2773.040283203125,0.2418238073587417,0.3796619856219866,5.472189903259277,0.0379661985621986,0.8125597836786401,0,0
BGD,Rajshahi,Pabna,2021-08-01,4605.5615234375,0.4603392779827118,0.2704864250218825,100.46768951416016,0.0270486425021882,2.23806814561661,0,0
BGD,Rangpur,Panchagarh,2021-08-01,2462.01123046875,0.3838425278663635,0.4871998798385269,6.254836082458496,0.0487199879838527,1.1210148898947097,0,0
BGD,Chattogram,Parbattya Chattagram,2021-08-01,621.5628051757812,0.0235944539308547,0.0051665829868145,3.540278911590576,0.0005166582986814,0.0098165076749477,0,0
BGD,Barishal,Patuakhali,2021-08-01,1323.39306640625,0.1151991784572601,0.1542409102320321,52.43196868896485,0.0154240910232032,0.5976379283719314,1,0
BGD,Barishal,Pirojpur,2021-08-01,202.4323272705078,0.0344683900475502,0.2589554950416302,3.6742403507232666,0.025895549504163,0.4920154405790974,1,0
BGD,Dhaka,Rajbari,2021-08-01,692.357177734375,0.127483382821083,0.2348490433481308,6.971916198730469,0.023484904334813,0.7153518439936875,1,0
BGD,Rajshahi,Rajshahi,2021-08-01,3420.640625,0.2797924876213074,0.1786452204885827,15.322568893432615,0.0178645220488582,1.0961370923728395,0,0
BGD,Rangpur,Rangpur,2021-08-01,2649.343994140625,0.3194141983985901,0.3433039024166919,18.106483459472656,0.0343303902416691,1.2090301323980024,0,0
BGD,Khulna,Satkhira,2021-08-01,900.615966796875,0.0859014391899108,0.274877151934149,8.962570190429686,0.0274877151934149,0.5985600099743322,1,0
BGD,Dhaka,Shariatpur,2021-08-01,621.452392578125,0.1489396691322326,0.3166366494847311,4.223832607269287,0.0316636649484731,0.7093744914865131,1,0
BGD,Mymensingh,Sherpur,2021-08-01,32.54835510253906,0.1055756956338882,0.2993151299026035,4.130706787109375,0.0299315129902603,0.651119803901176,0,0
BGD,Rajshahi,Sirajganj,2021-08-01,2277.87158203125,0.2173687070608139,0.3078972129632218,30.772958755493164,0.0307897212963221,1.0104110152665142,0,0
BGD,Sylhet,Sunamganj,2021-08-01,653.9122924804688,0.0473557040095329,0.0372363051927386,9.245741844177246,0.0037236305192738,0.0707489798662034,0,0
BGD,Sylhet,Sylhet,2021-08-01,8073.8154296875,0.5602797269821167,0.3047459720498823,210.86959838867188,0.0304745972049882,2.379810004520292,0,0
BGD,Dhaka,Tangail,2021-08-01,5671.23486328125,0.3894549310207367,0.4243166858618548,17.96839714050293,0.0424316685861854,1.2980322360213146,0,0
BGD,Rangpur,Thakurgaon,2021-08-01,1995.5294189453125,0.2508215308189392,0.3729938863679307,8.038768768310547,0.037299388636793,0.8458344803709968,0,0
BGD,Khulna,Bagerhat,2021-09-01,2664.802978515625,0.2637676000595093,0.0539680990130195,69.37641143798828,0.0053968099013019,0.8001406092457561,1,0
BGD,Chattogram,Bandarban,2021-09-01,379.59320068359375,0.0164157357066869,0.253373006134208,8.683560371398926,0.0253373006134208,0.4814087116549953,0,0
BGD,Barishal,Barguna,2021-09-01,323.7771911621094,0.0512093603610992,0.058981362774793,9.58599853515625,0.0058981362774793,0.1120645892721068,1,0
BGD,Barishal,Barisal,2021-09-01,1737.218505859375,0.1589074432849884,0.2658722701873276,37.60857009887695,0.0265872270187327,0.5513044393486015,1,0
BGD,Barishal,Bhola,2021-09-01,781.9507446289062,0.0893086791038513,0.0426254793931346,36.283599853515625,0.0042625479393134,0.0809884108469558,1,0
BGD,Rajshahi,Bogura,2021-09-01,3791.763916015625,0.2522702813148498,0.055328103760938,20.2548942565918,0.0055328103760938,1.1508649785084084,0,0
BGD,Chattogram,Brahmanbaria,2021-09-01,7668.458984375,0.7914767265319824,0.4667098081560065,82.10723876953125,0.0466709808156006,3.0907983262648413,0,0
BGD,Chattogram,Chandpur,2021-09-01,1151.313232421875,0.1548711508512497,0.2845166668934808,11.327363967895508,0.028451666689348,0.6943140881978047,0,0
BGD,Rajshahi,Chapainawabganj,2021-09-01,1135.1715087890625,0.127691775560379,0.0748749042615167,9.129469871520996,0.0074874904261516,0.7699996621847004,0,0
BGD,Chattogram,Chittagong,2021-09-01,36603.83203125,1.692000150680542,0.457209465202966,265.0989074707031,0.0457209465202966,7.575108397720055,0,0
BGD,Khulna,Chuadanga,2021-09-01,1218.016845703125,0.2088205069303512,0.318696140011683,14.620222091674805,0.0318696140011683,0.8478670279773757,1,0
BGD,Chattogram,Cox's Bazar,2021-09-01,4636.18603515625,0.4503217041492462,0.1050128663250727,29.44371795654297,0.0105012866325072,2.376672453226659,0,0
BGD,Chattogram,Cumilla,2021-09-01,12983.041015625,0.8323285579681396,0.5447097405891169,41.21990203857422,0.0607313810072132,3.2778123853119765,0,0
BGD,Dhaka,Dhaka,2021-09-01,55598.3671875,7.52973747253418,2.447940933238494,169.6774444580078,0.1739327031833392,31.38155175678137,0,0
BGD,Rangpur,Dinajpur,2021-09-01,2472.7099609375,0.1384625136852264,0.2857776842996133,11.848004341125488,0.0285777684299613,0.7551522343761112,0,0
BGD,Dhaka,Faridpur,2021-09-01,2681.465576171875,0.2737193405628204,0.3096986122596031,34.29948425292969,0.0309698612259603,1.0654467272845165,1,0
BGD,Chattogram,Feni,2021-09-01,3272.59326171875,0.7268008589744568,0.5239913495141333,37.851051330566406,0.0571401312007076,2.787822544871154,0,0
BGD,Rangpur,Gaibandha,2021-09-01,949.9631958007812,0.0848013013601303,0.2790512983267671,10.346940994262695,0.0279051298326767,0.6161960357045924,0,0
BGD,Dhaka,Gazipur,2021-09-01,26505.71875,2.9401235580444336,0.9103532135664268,57.07476043701172,0.1627782403697771,12.27969258997257,0,0
BGD,Dhaka,Gopalganj,2021-09-01,1114.175048828125,0.1502686887979507,0.2514189787687418,12.2227144241333,0.0251418978768741,0.6788992424539719,1,0
BGD,Sylhet,Habiganj,2021-09-01,7176.21826171875,0.5424605011940002,0.3370789980726187,411.0138549804688,0.0337078998072618,2.137278102583768,0,0
BGD,Rajshahi,Jaipurhat,2021-09-01,331.3767395019531,0.066460371017456,0.2641502669753464,5.719623565673828,0.0264150266975346,0.5069391355328566,0,0
BGD,Mymensingh,Jamalpur,2021-09-01,984.1856689453124,0.0930938348174095,0.1318433995038838,15.057035446166992,0.0131843399503883,0.6251801638048451,0,0
BGD,Khulna,Jashore,2021-09-01,4474.68994140625,0.3403459787368774,0.329061926626527,30.10123634338379,0.0329061926626527,1.6712678357719264,1,0
BGD,Barishal,Jhalakati,2021-09-01,355.0394287109375,0.098495714366436,0.2613685638384634,37.60857009887695,0.0261368563838463,0.4966002712930804,1,0
BGD,Khulna,Jhenaidah,2021-09-01,1218.5159912109375,0.1218115463852882,0.2803172656165107,11.628525733947754,0.028031726561651,0.6641409833440749,1,0
BGD,Chattogram,Khagrachari,2021-09-01,555.2094116210938,0.0382996797561645,0.258558478583742,7.91489315032959,0.0258558478583741,0.4912611093091097,0,0
BGD,Khulna,Khulna,2021-09-01,4842.7705078125,0.4702416658401489,0.0704293402211035,30.863073348999023,0.0070429340221103,2.5822805994425857,1,0
BGD,Dhaka,Kishoreganj,2021-09-01,2651.194580078125,0.2027250975370407,0.298432994304466,16.066150665283203,0.0298432994304466,0.8460592808161593,0,0
BGD,Rangpur,Kurigram,2021-09-01,936.4456787109376,0.0798635855317115,0.1191665529702454,4.9581828117370605,0.0119166552970245,0.6200735177487667,0,0
BGD,Khulna,Kushtia,2021-09-01,3323.54248046875,0.3959318995475769,0.3772642948089692,34.015262603759766,0.0377264294808969,1.50390528049043,1,0
BGD,Chattogram,Lakshmipur,2021-09-01,554.7069091796875,0.0909654349088668,0.2703644938255496,7.297226905822754,0.0270364493825549,0.5810108178539297,0,0
BGD,Rangpur,Lalmonirhat,2021-09-01,1152.8294677734375,0.1791085451841354,0.3154300782266787,4.966812610626221,0.0315430078226678,0.9180961839798278,0,0
BGD,Dhaka,Madaripur,2021-09-01,1077.4793701171875,0.1932156085968017,0.2916529026415727,15.451421737670898,0.0291652902641572,0.8890778309874816,1,0
BGD,Khulna,Magura,2021-09-01,485.3123168945313,0.0912788063287735,0.269093154755975,8.627693176269531,0.0269093154755975,0.5704551235634874,1,0
BGD,Dhaka,Manikganj,2021-09-01,3540.646484375,0.5289372801780701,0.4066348531200727,25.220502853393555,0.0406634853120072,2.318795967187578,0,0
BGD,Khulna,Meherpur,2021-09-01,870.8282470703125,0.2364524602890014,0.3537127854364364,4.113607406616211,0.0353712785436436,0.9934695148858288,1,0
BGD,Sylhet,Moulvibazar,2021-09-01,2876.227783203125,0.2081260979175567,0.3119021293953409,30.56075859069824,0.031190212939534,0.874916893547662,0,0
BGD,Dhaka,Munshiganj,2021-09-01,5727.27001953125,1.339551329612732,0.6532418867676756,54.58023071289063,0.0795674982249411,4.944945594332881,0,0
BGD,Mymensingh,Mymensingh,2021-09-01,8854.85546875,0.3967134058475494,0.1621743261499549,41.48282623291016,0.0162174326149954,1.911096106496642,0,0
BGD,Rajshahi,Naogaon,2021-09-01,1090.0650634765625,0.0618136264383792,0.0184834762306916,9.430689811706545,0.0018483476230691,0.5499528322220675,0,0
BGD,Khulna,Narail,2021-09-01,217.0331573486328,0.0435610264539718,0.2621865254369052,5.1830878257751465,0.0262186525436905,0.4981543983301198,1,0
BGD,Dhaka,Narayanganj,2021-09-01,23847.681640625,6.599069118499756,3.8760879432151327,67.91433715820312,0.6605091319471629,22.17043647045549,0,0
BGD,Dhaka,Narsingdi,2021-09-01,7092.474609375,1.2309181690216064,0.570408244241404,57.07476043701172,0.0657498261647272,5.019991459509856,0,0
BGD,Rajshahi,Natore,2021-09-01,2053.7333984375,0.2102333605289459,0.3264725107581213,10.494638442993164,0.0326472510758121,0.8872529061886464,0,0
BGD,Mymensingh,Netrakona,2021-09-01,1542.939697265625,0.1066797226667404,0.1043888114131176,7.813831806182861,0.0104388811413117,0.6399829300978673,0,0
BGD,Rangpur,Nilphamari,2021-09-01,1518.4676513671875,0.1770723611116409,0.2957010370757249,10.99324893951416,0.0295701037075724,0.837213355343161,0,0
BGD,Chattogram,Noakhali,2021-09-01,2550.11181640625,0.2050547748804092,0.1021506625461218,16.190399169921875,0.0102150662546121,0.8565864824121358,0,0
BGD,Rajshahi,Pabna,2021-09-01,5593.33056640625,0.460012823343277,0.3433341061565236,87.37388610839844,0.0343334106156523,2.006136500581669,0,0
BGD,Rangpur,Panchagarh,2021-09-01,898.2528076171875,0.1266456693410873,0.2817033362458971,11.226871490478516,0.0281703336245897,0.7651913741332947,0,0
BGD,Chattogram,Parbattya Chattagram,2021-09-01,451.8436584472656,0.0155641110613942,0.0204986415609457,7.651946067810059,0.0020498641560945,0.0389474189657969,0,0
BGD,Barishal,Patuakhali,2021-09-01,1685.9044189453125,0.1462562531232834,0.0220922954716278,99.69498443603516,0.0022092295471627,0.0419753613960929,1,0
BGD,Barishal,Pirojpur,2021-09-01,231.6763458251953,0.039241649210453,0.2585254097720968,5.435967445373535,0.0258525409772096,0.4911982785669839,1,0
BGD,Dhaka,Rajbari,2021-09-01,801.33837890625,0.1440565139055252,0.286094183352799,8.106902122497559,0.0286094183352799,0.7413857970341261,1,0
BGD,Rajshahi,Rajshahi,2021-09-01,3697.897705078125,0.3013341128826141,0.0372721015450687,16.240596771240234,0.0037272101545068,1.1022350319674048,0,0
BGD,Rangpur,Rangpur,2021-09-01,2467.8251953125,0.2063614726066589,0.2914602794228962,19.669204711914062,0.0291460279422896,0.8526520081152404,0,0
BGD,Khulna,Satkhira,2021-09-01,1701.6270751953125,0.1489455550909042,0.0062600520920489,7.604907512664795,0.0006260052092048,0.7314690484520425,1,0
BGD,Dhaka,Shariatpur,2021-09-01,675.5962524414064,0.1229769885540008,0.2759366539353403,13.720800399780272,0.027593665393534,0.6545649212958936,1,0
BGD,Mymensingh,Sherpur,2021-09-01,940.294677734375,0.1379047781229019,0.286834973693123,12.314784049987791,0.0286834973693123,0.7349500941966964,0,0
BGD,Rajshahi,Sirajganj,2021-09-01,4557.1044921875,0.3557367622852325,0.3322742933890891,49.00230407714844,0.0332274293389089,1.497883341782711,0,0
BGD,Sylhet,Sunamganj,2021-09-01,1558.082275390625,0.082242876291275,0.0054038937575648,20.815290451049805,0.0005403893757564,0.5612464936341487,0,0
BGD,Sylhet,Sylhet,2021-09-01,8363.087890625,0.4744944870471954,0.0248680665177098,194.772201538086,0.0024868066517709,2.231860475285566,0,0
BGD,Dhaka,Tangail,2021-09-01,7147.74951171875,0.4148492813110351,0.3691336312961123,34.15106964111328,0.0369133631296112,1.9837128928876784,0,0
BGD,Rangpur,Thakurgaon,2021-09-01,993.9934692382812,0.1057146042585372,0.2706218496012289,20.53905868530273,0.0270621849601228,0.5997683883194365,0,0
BGD,Khulna,Bagerhat,2021-10-01,2400.802490234375,0.2374912649393081,0.0056780991637157,60.799102783203125,0.0005678099163715,0.7969993266523551,1,0
BGD,Chattogram,Bandarban,2021-10-01,728.934326171875,0.0315122976899147,0.2608192124055494,7.237488746643066,0.0260819212405549,0.4955565035705438,0,0
BGD,Barishal,Barguna,2021-10-01,287.9515991210937,0.0455431006848812,0.2594469976607608,12.139412879943848,0.025944699766076,0.4929492955554456,1,0
BGD,Barishal,Barisal,2021-10-01,1801.1793212890625,0.1646067947149276,0.2854394909306859,13.82468318939209,0.0285439490930685,0.7478195209694884,1,0
BGD,Barishal,Bhola,2021-10-01,971.35791015625,0.1108137443661689,0.0709596220962536,37.62574005126953,0.0070959622096253,0.6422474323338316,1,0
BGD,Rajshahi,Bogura,2021-10-01,6087.5087890625,0.4050626456737518,0.4078026802853916,12.795052528381348,0.0407802680285391,1.5433960342591917,0,0
BGD,Chattogram,Brahmanbaria,2021-10-01,5074.5986328125,0.5235971808433533,0.4322002051222193,34.53923034667969,0.0432200205122219,1.559981402410502,0,0
BGD,Chattogram,Chandpur,2021-10-01,1046.369384765625,0.1407544314861297,0.2908940949573789,12.770946502685549,0.0290894094957378,0.7257641770832979,0,0
BGD,Rajshahi,Chapainawabganj,2021-10-01,2940.011474609375,0.3307123780250549,0.4303522929052564,6.014987468719482,0.0430352292905256,1.0922135075503372,0,0
BGD,Chattogram,Chittagong,2021-10-01,28888.328125,1.3351120948791504,0.1349898647807913,610.3440551757812,0.0134989864780791,5.212140823976266,0,0
BGD,Khulna,Chuadanga,2021-10-01,2351.458740234375,0.4031412303447723,0.5119097412532418,9.91943359375,0.0535520797865532,1.050602102924423,1,0
BGD,Chattogram,Cox's Bazar,2021-10-01,4249.3515625,0.4114613234996795,0.0062154765869499,36.16122817993164,0.0006215476586949,1.6331667031888264,0,0
BGD,Chattogram,Cumilla,2021-10-01,9446.685546875,0.6044049859046936,0.5039145565326325,80.87017059326172,0.0503799563354834,2.0863268263342665,0,0
BGD,Dhaka,Dhaka,2021-10-01,40856.02734375,5.533168792724609,1.0836948411167246,101.57776641845705,0.0883739927374957,28.71801331859864,0,0
BGD,Rangpur,Dinajpur,2021-10-01,9455.0068359375,0.5294449925422668,0.5581110594017008,13.759815216064451,0.0817046582201856,1.1380922892800749,0,0
BGD,Dhaka,Faridpur,2021-10-01,2213.832275390625,0.2255618721246719,0.3120266863588207,30.060056686401367,0.031202668635882,0.9857966183108476,1,0
BGD,Chattogram,Feni,2021-10-01,3302.823486328125,0.7324250936508179,0.6388058511083625,38.66069030761719,0.1031179396861055,1.7722980002342237,0,0
BGD,Rangpur,Gaibandha,2021-10-01,1784.19970703125,0.1593430340290069,0.3121114882319684,11.990158081054688,0.0312111488231968,0.7661140021878213,0,0
BGD,Dhaka,Gazipur,2021-10-01,16335.869140625,1.8120418787002563,0.7723467808219323,25.77056884765625,0.1047902790505829,7.784955941624115,0,0
BGD,Dhaka,Gopalganj,2021-10-01,1028.636962890625,0.1387321799993515,0.2837086936754583,8.31117057800293,0.0283708693675458,0.7535640561047712,1,0
BGD,Sylhet,Habiganj,2021-10-01,6388.27783203125,0.4826380014419555,0.3686671712377929,430.13873291015625,0.0368667171237792,1.418330400693744,0,0
BGD,Rajshahi,Jaipurhat,2021-10-01,1604.819091796875,0.3218598663806915,0.4266999199440042,5.9180169105529785,0.0426699919944004,1.0518198690002796,0,0
BGD,Mymensingh,Jamalpur,2021-10-01,1971.3331298828125,0.1864678263664245,0.323828303068196,7.595325469970703,0.0323828303068196,0.8076151103786124,0,0
BGD,Khulna,Jashore,2021-10-01,5659.04296875,0.4303954243659973,0.4572143297079729,33.06317138671875,0.0457214329707972,1.2747141877573054,1,0
BGD,Barishal,Jhalakati,2021-10-01,256.8370666503906,0.0712522268295288,0.2677933427226499,12.294167518615724,0.026779334272265,0.5539496159766698,1,0
BGD,Khulna,Jhenaidah,2021-10-01,2547.83935546875,0.2547001838684082,0.3845151307881478,6.0095295906066895,0.0384515130788147,0.8949591885080925,1,0
BGD,Chattogram,Khagrachari,2021-10-01,1495.99267578125,0.1031971648335456,0.2845964424413361,5.4280195236206055,0.0284596442441336,0.726304531178399,0,0
BGD,Khulna,Khulna,2021-10-01,4043.510009765625,0.3925491571426391,0.3179398722997389,25.064027786254883,0.0317939872299738,1.871499652373368,1,0
BGD,Dhaka,Kishoreganj,2021-10-01,2720.957275390625,0.2074591517448425,0.3205263707145606,12.686227798461914,0.032052637071456,0.9047314612881618,0,0
BGD,Rangpur,Kurigram,2021-10-01,1875.6536865234373,0.1599627435207367,0.3112461777387041,6.15791130065918,0.0311246177738704,0.8202095869559499,0,0
BGD,Khulna,Kushtia,2021-10-01,4175.80908203125,0.4974619746208191,0.5084926456858395,28.578819274902344,0.0519639362354786,1.4553310341015202,1,0
BGD,Chattogram,Lakshmipur,2021-10-01,701.3916625976562,0.1146872341632843,0.2916400369774641,4.4236674308776855,0.0291640036977464,0.6946568372491875,0,0
BGD,Rangpur,Lalmonirhat,2021-10-01,3195.13916015625,0.4964105784893036,0.5736674763420652,6.159659862518311,0.0590985999894421,1.3489668941142452,0,0
BGD,Dhaka,Madaripur,2021-10-01,1262.5299072265625,0.2263586223125457,0.3346157695590537,8.642848014831543,0.0334615769559053,0.9538430505126528,1,0
BGD,Khulna,Magura,2021-10-01,787.4239501953125,0.1481007486581802,0.3082309970259689,6.284055709838867,0.0308230997025968,0.747549564027961,1,0
BGD,Dhaka,Manikganj,2021-10-01,1774.7972412109375,0.2651766240596771,0.287693929830852,14.168673515319824,0.0287693929830852,1.119035205814907,0,0
BGD,Khulna,Meherpur,2021-10-01,1490.9346923828125,0.4048274457454681,0.5130185577123709,3.887160301208496,0.0529088798170918,1.1121456118227002,1,0
BGD,Sylhet,Moulvibazar,2021-10-01,3867.423828125,0.2798497974872589,0.1045490877199361,38.953914642333984,0.0104549087719936,0.99570076560855,0,0
BGD,Dhaka,Munshiganj,2021-10-01,3874.008056640625,0.9062421321868896,0.5481594200485218,40.604286193847656,0.0563730759530146,3.5528983693986698,0,0
BGD,Mymensingh,Mymensingh,2021-10-01,7879.61279296875,0.3530207872390747,0.3537298123576032,31.79985809326172,0.0353729812357603,1.2517829446699953,0,0
BGD,Rajshahi,Naogaon,2021-10-01,3380.47705078125,0.1916945576667785,0.3354319830864397,5.535314559936523,0.0335431983086439,0.8234969671334346,0,0
BGD,Khulna,Narail,2021-10-01,303.0122985839844,0.0608180202543735,0.2719044399038535,3.1027464866638184,0.0271904439903853,0.5749673790133932,1,0
BGD,Dhaka,Narayanganj,2021-10-01,15347.5634765625,4.246459484100342,1.941990179006128,79.57293701171875,0.2513961199450817,16.562175231796367,0,0
BGD,Dhaka,Narsingdi,2021-10-01,4029.84765625,0.699319064617157,0.453136122935834,31.941818237304688,0.0453136122935834,3.205017010207971,0,0
BGD,Rajshahi,Natore,2021-10-01,2467.113037109375,0.2525495588779449,0.3604214192252953,6.937276363372803,0.0360421419225295,0.9364143636647788,0,0
BGD,Mymensingh,Netrakona,2021-10-01,1052.1898193359375,0.0727490037679672,0.273402024736989,7.389616966247559,0.0273402024736989,0.5771029475969648,0,0
BGD,Rangpur,Nilphamari,2021-10-01,5043.3388671875,0.5881165266036987,0.5762149662466617,9.931058883666992,0.0934955563203569,1.2783787230263393,0,0
BGD,Chattogram,Noakhali,2021-10-01,2320.218994140625,0.1865016818046569,0.2179788277351429,9.184049606323242,0.0217978827735142,0.8044572682757031,0,0
BGD,Rajshahi,Pabna,2021-10-01,5741.03173828125,0.4721602201461792,0.4025321882312515,106.9822769165039,0.0402532188231251,1.460997421162316,0,0
BGD,Rangpur,Panchagarh,2021-10-01,4992.88232421875,0.7039520740509033,0.6530796849736,6.846688270568848,0.2046722444681168,1.432704104340778,0,0
BGD,Chattogram,Parbattya Chattagram,2021-10-01,1666.9581298828125,0.0570854060351848,0.0355031758104238,4.92058801651001,0.0035503175810423,0.566033879879846,0,0
BGD,Barishal,Patuakhali,2021-10-01,1559.7760009765625,0.1353113949298858,0.260639320364161,87.27173614501953,0.0260639320364161,0.4952147086919058,1,0
BGD,Barishal,Pirojpur,2021-10-01,275.3876037597656,0.0466455183923244,0.263460135692892,3.286262989044189,0.0263460135692892,0.5040336589891835,1,0
BGD,Dhaka,Rajbari,2021-10-01,948.8722534179688,0.1705786734819412,0.318657488701185,6.439405918121338,0.0318657488701185,0.8317361749841948,1,0
BGD,Rajshahi,Rajshahi,2021-10-01,4841.8388671875,0.3945515155792236,0.4064571026104905,14.605195045471191,0.040645710261049,1.183989195310319,0,0
BGD,Rangpur,Rangpur,2021-10-01,5034.59814453125,0.4209970235824585,0.4402682847945575,24.44695472717285,0.0440268284794557,1.1316390692001697,0,0
BGD,Khulna,Satkhira,2021-10-01,1344.449951171875,0.11768139898777,0.2959799524922482,4.727705955505371,0.0295979952492248,0.7054511935550265,1,0
BGD,Dhaka,Shariatpur,2021-10-01,1122.3748779296875,0.2041297405958175,0.3427496135350584,10.994380950927734,0.0342749613535058,0.7886592338275595,1,0
BGD,Mymensingh,Sherpur,2021-10-01,1720.0615234375,0.2522663474082947,0.349352470043996,10.327256202697754,0.0349352470043996,0.9581850622283444,0,0
BGD,Rajshahi,Sirajganj,2021-10-01,3743.455322265625,0.2922216653823852,0.3199439841357556,31.14497184753418,0.0319943984135755,1.1679509207000545,0,0
BGD,Sylhet,Sunamganj,2021-10-01,1039.819580078125,0.0548865459859371,0.2642180155279465,14.428682327270508,0.0264218015527946,0.5099749612883411,0,0
BGD,Sylhet,Sylhet,2021-10-01,7264.3232421875,0.4121541678905487,0.3305779337521802,183.6451568603516,0.033057793375218,1.408549333798531,0,0
BGD,Dhaka,Tangail,2021-10-01,5150.91357421875,0.2989546358585357,0.0497481644848263,19.030750274658203,0.0049748164484826,1.15356515395057,0,0
BGD,Rangpur,Thakurgaon,2021-10-01,6112.29443359375,0.6500634551048279,0.6279102164325807,19.640594482421875,0.1579863691021863,1.1418788006193068,0,0
BGD,Khulna,Bagerhat,2021-11-01,2790.190185546875,0.2760920524597168,0.1862613731540983,68.07562255859375,0.0186261373154098,0.891602129277901,1,0
BGD,Chattogram,Bandarban,2021-11-01,732.0230102539062,0.0316677279770374,0.2589033859909658,7.513203144073486,0.0258903385990965,0.4919164333828349,0,0
BGD,Barishal,Barguna,2021-11-01,370.4175109863281,0.0585861057043075,0.261117346631339,14.155729293823242,0.0261117346631339,0.4961229585995441,1,0
BGD,Barishal,Barisal,2021-11-01,2239.369384765625,0.2046706229448318,0.286462116202923,26.580055236816406,0.0286462116202923,0.8839278796083644,1,0
BGD,Barishal,Bhola,2021-11-01,1112.322265625,0.1269240379333496,0.2768367646408441,76.479736328125,0.0276836764640844,0.6690705148831366,1,0
BGD,Rajshahi,Bogura,2021-11-01,5774.49072265625,0.384669542312622,0.3740297642872962,12.689242362976074,0.0374029764287296,1.6460954142548383,0,0
BGD,Chattogram,Brahmanbaria,2021-11-01,5893.33935546875,0.6080749034881592,0.5460073617647353,37.89488983154297,0.0231070072963881,1.6688954512464234,0,0
BGD,Chattogram,Chandpur,2021-11-01,1867.3046875,0.2514494061470032,0.3601572888860083,10.1292142868042,0.0360157288886008,0.8829295639084768,0,0
BGD,Rajshahi,Chapainawabganj,2021-11-01,2227.58154296875,0.250573456287384,0.3406792630867488,6.985492706298828,0.0340679263086748,1.1585606542410387,0,0
BGD,Chattogram,Chittagong,2021-11-01,30621.076171875,1.4151933193206787,0.5598962653646062,209.86524963378903,0.023294758795779,5.074617053782438,0,0
BGD,Khulna,Chuadanga,2021-11-01,1380.7906494140625,0.2367269396781921,0.3389728397311416,8.65252685546875,0.0338972839731141,1.0499904395451651,1,0
BGD,Chattogram,Cox's Bazar,2021-11-01,4853.935546875,0.4700260758399963,0.0065468009682881,35.41798782348633,0.0006546800968288,1.853356500080944,0,0
BGD,Chattogram,Cumilla,2021-11-01,11490.15234375,0.7351472973823547,0.5995731998216525,52.86574935913086,0.0774103644137651,2.180298202357676,0,0
BGD,Dhaka,Dhaka,2021-11-01,47025.27734375,6.3690104484558105,1.31463548761,158.00277709960938,0.1952228381625574,33.35349333367943,0,0
BGD,Rangpur,Dinajpur,2021-11-01,5226.3583984375,0.2926565110683441,0.3743795704711792,14.76743507385254,0.0374379570471179,1.0385105182837295,0,0
BGD,Dhaka,Faridpur,2021-11-01,3275.705810546875,0.3346506655216217,0.3692489917364754,37.82846450805664,0.0369248991736475,1.1200120150630228,1,0
BGD,Chattogram,Feni,2021-11-01,3035.970458984375,0.6732485294342041,0.5629836385086103,29.50615692138672,0.0655949087268674,1.9425385941797924,0,0
BGD,Rangpur,Gaibandha,2021-11-01,1692.029052734375,0.1511924862861633,0.3058946016438887,16.5860595703125,0.0305894601643888,0.7686411773638576,0,0
BGD,Dhaka,Gazipur,2021-11-01,18975.787109375,2.104872465133667,0.8936148078666912,28.669681549072266,0.3037865454078043,8.516205574782601,0,0
BGD,Dhaka,Gopalganj,2021-11-01,1612.452392578125,0.2174713164567947,0.3170358233310666,11.111284255981444,0.0317035823331066,0.8834139411720283,1,0
BGD,Sylhet,Habiganj,2021-11-01,5519.2861328125,0.4169852137565613,0.33232100894076,296.32159423828125,0.033232100894076,1.2762259889942509,0,0
BGD,Rajshahi,Jaipurhat,2021-11-01,1260.94384765625,0.2528928220272064,0.352040212970395,7.416921615600586,0.0352040212970395,1.0237775010869317,0,0
BGD,Mymensingh,Jamalpur,2021-11-01,2523.349853515625,0.2387280911207199,0.3502120926837692,7.800635814666748,0.0350212092683769,0.9147029305012112,0,0
BGD,Khulna,Jashore,2021-11-01,4821.7431640625,0.3667150437831878,0.3708405198052049,28.73419570922852,0.0370840519805204,1.344329293221525,1,0
BGD,Barishal,Jhalakati,2021-11-01,420.991455078125,0.1167922541499137,0.2809066010755378,14.8988037109375,0.0280906601075537,0.649601611706143,1,0
BGD,Khulna,Jhenaidah,2021-11-01,1618.3851318359375,0.1617853194475174,0.3034726538866938,5.847603797912598,0.0303472653886693,0.9003581621561577,1,0
BGD,Chattogram,Khagrachari,2021-11-01,1021.7423095703124,0.0704822391271591,0.2694055147048647,6.77454137802124,0.0269405514704864,0.6058445505715105,0,0
BGD,Khulna,Khulna,2021-11-01,4536.95703125,0.4404536187648773,0.3182470033131688,33.68574523925781,0.0318247003313168,2.042162585773937,1,0
BGD,Dhaka,Kishoreganj,2021-11-01,4429.8544921875,0.3377538621425628,0.3961818979149481,11.28677749633789,0.0396181897914948,1.1134543950729685,0,0
BGD,Rangpur,Kurigram,2021-11-01,1554.230712890625,0.1327317208051681,0.2960037042316398,5.057126045227051,0.0296003704231639,0.7882552081998492,0,0
BGD,Khulna,Kushtia,2021-11-01,2983.458740234375,0.3554179072380066,0.3478086158131311,40.10357666015625,0.0347808615813131,1.5131260663210973,1,0
BGD,Chattogram,Lakshmipur,2021-11-01,1142.595947265625,0.1868912130594253,0.3241079995016667,5.16440486907959,0.0324107999501666,0.8637721263107493,0,0
BGD,Rangpur,Lalmonirhat,2021-11-01,2912.388916015625,0.4524812698364258,0.5253891880732606,4.801083564758301,0.0541416023356728,1.3426419750497651,0,0
BGD,Dhaka,Madaripur,2021-11-01,1493.681884765625,0.268277108669281,0.3487827276663549,11.298969268798828,0.0348782727666354,1.0576943226878024,1,0
BGD,Khulna,Magura,2021-11-01,658.5447387695312,0.1238608136773109,0.2918824515056045,6.121091842651367,0.0291882451505604,0.7254280291450177,1,0
BGD,Dhaka,Manikganj,2021-11-01,2791.69287109375,0.418592244386673,0.1554527418630524,12.784924507141112,0.0155452741863052,1.40758943140556,0,0
BGD,Khulna,Meherpur,2021-11-01,1089.0947265625,0.2957174777984619,0.3698902866287477,4.349217891693115,0.0369890286628747,1.202033232750696,1,0
BGD,Sylhet,Moulvibazar,2021-11-01,3994.34033203125,0.2890335917472839,0.367324140237262,40.13148880004883,0.0367324140237262,1.0375008128887329,0,0
BGD,Dhaka,Munshiganj,2021-11-01,4473.162109375,1.0465240478515625,0.6923844534866024,49.038482666015625,0.0763729297878992,3.342365278600676,0,0
BGD,Mymensingh,Mymensingh,2021-11-01,12905.138671875,0.5781733393669128,0.539706801288816,29.53884696960449,0.0594908393110479,1.478280865839905,0,0
BGD,Rajshahi,Naogaon,2021-11-01,2303.8017578125,0.130640223622322,0.2910049593837385,5.991444110870361,0.0291004959383738,0.7886362991063268,0,0
BGD,Khulna,Narail,2021-11-01,448.7590026855469,0.0900710448622703,0.2816911539613148,3.920839071273804,0.0281691153961314,0.6511967264062017,1,0
BGD,Dhaka,Narayanganj,2021-11-01,16312.5234375,4.513450622558594,1.897858595536705,95.69686126708984,0.5766813026764835,17.851225691044007,0,0
BGD,Dhaka,Narsingdi,2021-11-01,6060.44384765625,1.0516983270645142,0.7340592988304768,28.36086654663086,0.1313738325937733,3.1590625033421302,0,0
BGD,Rajshahi,Natore,2021-11-01,1835.9637451171875,0.1879410594701767,0.3143853730330027,7.972968101501465,0.0314385373033002,0.892064058276672,0,0
BGD,Mymensingh,Netrakona,2021-11-01,2095.04638671875,0.1448526978492736,0.307440541795958,8.817712783813477,0.0307440541795957,0.715222038277599,0,0
BGD,Rangpur,Nilphamari,2021-11-01,2588.75537109375,0.301881343126297,0.3714286938368485,10.264631271362305,0.0371428693836848,1.096735199034577,0,0
BGD,Chattogram,Noakhali,2021-11-01,2894.140380859375,0.2326340973377227,0.3355582266507037,11.279769897460938,0.0335558226650703,0.9731818705062906,0,0
BGD,Rajshahi,Pabna,2021-11-01,5161.341796875,0.4244911968708038,0.3501769838444716,106.4638442993164,0.0350176983844471,1.4697625949751971,0,0
BGD,Rangpur,Panchagarh,2021-11-01,2907.424560546875,0.4099210500717163,0.5011326983468379,5.360090732574463,0.0502503162448128,1.2579086267709407,0,0
BGD,Chattogram,Parbattya Chattagram,2021-11-01,735.846435546875,0.0252009760588407,0.2574567320391265,4.137842655181885,0.0257456732039126,0.4891677908743404,0,0
BGD,Barishal,Patuakhali,2021-11-01,2015.9139404296875,0.1748815923929214,0.2692779427563701,86.66441345214844,0.026927794275637,0.6003234954721758,1,0
BGD,Barishal,Pirojpur,2021-11-01,396.2243041992188,0.067112997174263,0.2680488756983245,4.438085079193115,0.0268048875698324,0.5608615300346627,1,0
BGD,Dhaka,Rajbari,2021-11-01,896.7675170898436,0.1612642258405685,0.2726457921544133,12.809861183166504,0.0272645792154413,0.9184860219606756,1,0
BGD,Rajshahi,Rajshahi,2021-11-01,3515.47216796875,0.2864686250686645,0.3176374935689862,15.848816871643066,0.0317637493568986,1.0716354550011338,0,0
BGD,Rangpur,Rangpur,2021-11-01,4028.48486328125,0.3368650376796722,0.3518401113810386,24.53732109069824,0.0351840111381038,1.1744031699082011,0,0
BGD,Khulna,Satkhira,2021-11-01,1713.981689453125,0.1500269770622253,0.1404569557066871,6.706528663635254,0.0140456955706687,0.7906604963042063,1,0
BGD,Dhaka,Shariatpur,2021-11-01,1278.52392578125,0.2326510846614837,0.3497563125405329,13.475086212158203,0.0349756312540532,0.9295668837880174,1,0
BGD,Mymensingh,Sherpur,2021-11-01,2307.504150390625,0.3384214043617248,0.4054437898909157,12.842469215393066,0.0405443789890915,1.1240228358250537,0,0
BGD,Rajshahi,Sirajganj,2021-11-01,3458.12060546875,0.2702109813690185,0.3371900673581835,36.08872222900391,0.0337190067358183,1.0916681227611975,0,0
BGD,Sylhet,Sunamganj,2021-11-01,1113.2841796875,0.058764349669218,0.2644152695568685,24.475339889526367,0.0264415269556868,0.5161538073425401,0,0
BGD,Sylhet,Sylhet,2021-11-01,7093.451171875,0.4024594128131866,0.3291601309445422,142.1166534423828,0.0329160130944542,1.3721224908135936,0,0
BGD,Dhaka,Tangail,2021-11-01,7768.2685546875,0.4509821236133575,0.4795770276035628,19.64927101135254,0.0479577027603562,1.341025602097476,0,0
BGD,Rangpur,Thakurgaon,2021-11-01,2971.917724609375,0.3160736262798309,0.4154876859241889,15.745301246643066,0.0415487685924189,0.931121509297899,0,0
BGD,Khulna,Bagerhat,2021-12-01,2911.24658203125,0.2881277501583099,0.1857831045690678,59.10002517700195,0.0185783104569067,0.9252901087372682,1,0
BGD,Chattogram,Bandarban,2021-12-01,706.0910034179688,0.0305538270622491,0.2575248241937709,11.518213272094728,0.025752482419377,0.4892971659681647,0,0
BGD,Barishal,Barguna,2021-12-01,352.5155944824219,0.0557546950876712,0.0554590468075497,17.398143768310547,0.0055459046807549,0.1053721889343445,1,0
BGD,Barishal,Barisal,2021-12-01,2365.468017578125,0.2162027359008789,0.2858720966067313,22.57295799255371,0.0285872096606731,0.921210250407952,1,0
BGD,Barishal,Bhola,2021-12-01,1115.4515380859375,0.1272636651992797,0.2773096794239622,50.84038162231445,0.0277309679423962,0.687374657851752,1,0
BGD,Rajshahi,Bogura,2021-12-01,7092.56884765625,0.4729463458061218,0.3844895847311871,18.326190948486328,0.0384489584731187,2.057800142981296,0,0
BGD,Chattogram,Brahmanbaria,2021-12-01,6111.94970703125,0.6306310892105103,0.5265917310819785,22.56378936767578,0.0535948186120745,1.8914756599755749,0,0
BGD,Chattogram,Chandpur,2021-12-01,2264.575927734375,0.3047339618206024,0.1907937724805466,11.041189193725586,0.0190793772480546,0.9648172912618804,0,0
BGD,Rajshahi,Chapainawabganj,2021-12-01,2708.360595703125,0.3046547174453735,0.3566079876361299,11.227330207824709,0.035660798763613,1.3668839438888751,0,0
BGD,Chattogram,Chittagong,2021-12-01,30710.76953125,1.419338583946228,0.4987244147103813,184.6561279296875,0.0498724414710381,5.492582996013844,0,0
BGD,Khulna,Chuadanga,2021-12-01,2434.569091796875,0.4173898994922638,0.4570540968677393,8.94579792022705,0.0457054096867739,1.350409950136867,1,0
BGD,Chattogram,Cox's Bazar,2021-12-01,4988.6796875,0.4833804368972778,0.0094734218189348,37.19805145263672,0.0009473421818934,1.9556183693985605,0,0
BGD,Chattogram,Cumilla,2021-12-01,13002.31640625,0.8318965435028076,0.6357237446706329,24.66555976867676,0.0915634005562574,2.4601036939601086,0,0
BGD,Dhaka,Dhaka,2021-12-01,51410.61328125,6.962724208831787,1.546404454485747,158.41217041015625,0.1751495840852631,35.68945148773979,0,0
BGD,Rangpur,Dinajpur,2021-12-01,5464.47607421875,0.3059902191162109,0.3628177112871785,13.805055618286133,0.0362817711287178,1.1580197110166222,0,0
BGD,Dhaka,Faridpur,2021-12-01,3486.45263671875,0.3557996153831482,0.384300483216018,34.58330154418945,0.0384300483216018,1.2074352114012548,1,0
BGD,Chattogram,Feni,2021-12-01,3505.028564453125,0.7772655487060547,0.61755489144628,23.374467849731445,0.0799932021815381,2.288400850729059,0,0
BGD,Rangpur,Gaibandha,2021-12-01,2109.3955078125,0.1884800344705581,0.3161557280762729,13.48415184020996,0.0316155728076272,0.8814125515215352,0,0
BGD,Dhaka,Gazipur,2021-12-01,20175.6875,2.237970352172852,0.8855674627518776,37.04941177368164,0.1396277798880716,9.70408125788082,0,0
BGD,Dhaka,Gopalganj,2021-12-01,1608.6624755859375,0.2169601619243621,0.3176082305115211,14.775944709777832,0.0317608230511521,0.9354281659684108,1,0
BGD,Sylhet,Habiganj,2021-12-01,5979.8798828125,0.4517833292484283,0.3526719691499104,190.4584350585937,0.035267196914991,1.5211402949629649,0,0
BGD,Rajshahi,Jaipurhat,2021-12-01,1400.890380859375,0.2809602618217468,0.3516523126630154,7.834291934967041,0.0351652312663015,1.1619121956181435,0,0
BGD,Mymensingh,Jamalpur,2021-12-01,2864.518310546875,0.2711334824562073,0.3618269643434799,9.693866729736328,0.0361826964343479,1.0070070442027752,0,0
BGD,Khulna,Jashore,2021-12-01,6578.365234375,0.5003139972686768,0.4578475811172744,28.248035430908203,0.0457847581117274,1.575937149267291,1,0
BGD,Barishal,Jhalakati,2021-12-01,375.5029296875,0.1041727438569068,0.2738208207066646,12.239459991455078,0.0273820820706664,0.6876542876339568,1,0
BGD,Khulna,Jhenaidah,2021-12-01,2638.969482421875,0.2638102173805237,0.350455942422513,8.44611930847168,0.0350455942422512,1.1263081315955372,1,0
BGD,Chattogram,Khagrachari,2021-12-01,1018.1307983398438,0.0702331066131591,0.2684976500706137,6.117647171020508,0.0268497650070613,0.6113784489187033,0,0
BGD,Khulna,Khulna,2021-12-01,5154.64892578125,0.5004199147224426,0.1771563434722573,32.39555740356445,0.0177156343472257,2.357423679042983,1,0
BGD,Dhaka,Kishoreganj,2021-12-01,3873.9228515625,0.2953669130802154,0.2230192088414166,13.191195487976074,0.0223019208841416,1.1516622618099703,0,0
BGD,Rangpur,Kurigram,2021-12-01,2058.079345703125,0.1757813543081283,0.3137214603465966,6.867361545562744,0.0313721460346596,0.8759132792729794,0,0
BGD,Khulna,Kushtia,2021-12-01,5038.58544921875,0.6002441048622131,0.5099004046887434,24.707632064819336,0.0407262174709724,2.0457986820032525,1,0
BGD,Chattogram,Lakshmipur,2021-12-01,1518.3726806640625,0.2484764754772186,0.3603850641702111,6.094411849975586,0.0360385064170211,0.9612809919434084,0,0
BGD,Rangpur,Lalmonirhat,2021-12-01,3033.625244140625,0.4713170826435089,0.5196679517151953,6.0760273933410645,0.0546723505847471,1.454837480697905,0,0
BGD,Dhaka,Madaripur,2021-12-01,1228.01513671875,0.2209870517253875,0.3187418530082797,10.32252311706543,0.0318741853008279,0.9998930551350764,1,0
BGD,Khulna,Magura,2021-12-01,726.4405517578125,0.1366308331489563,0.294519415498654,8.133021354675293,0.0294519415498654,0.7874458849888428,1,0
BGD,Dhaka,Manikganj,2021-12-01,3078.48583984375,0.4629029035568237,0.4588488484565833,17.338716506958008,0.0458848848456583,1.5826514228020816,0,0
BGD,Khulna,Meherpur,2021-12-01,2088.923828125,0.5671970248222351,0.5777280384120075,5.081634521484375,0.0638747368293906,1.6225810238698368,1,0
BGD,Sylhet,Moulvibazar,2021-12-01,4295.00439453125,0.3107898831367492,0.3399938458134546,286.2385559082031,0.0339993845813454,1.0994530768465451,0,0
BGD,Dhaka,Munshiganj,2021-12-01,4908.67822265625,1.1480908393859863,0.7300443123125333,57.19089889526367,0.0752644092842659,3.9453844984306654,0,0
BGD,Mymensingh,Mymensingh,2021-12-01,12183.7021484375,0.5458517074584961,0.4795045571038113,33.54410171508789,0.0479504557103811,1.6617152707185348,0,0
BGD,Rajshahi,Naogaon,2021-12-01,3191.365234375,0.1809707134962082,0.3040085101468306,59.19727325439453,0.030400851014683,0.9372931189476648,0,0
BGD,Khulna,Narail,2021-12-01,485.49163818359375,0.0974436998367309,0.2851106940641644,3.580190420150757,0.0285110694064164,0.6774775546200428,1,0
BGD,Dhaka,Narayanganj,2021-12-01,18382.431640625,5.086165904998779,2.371302502637936,85.11762237548828,0.5842288670251304,19.201551380977403,0,0
BGD,Dhaka,Narsingdi,2021-12-01,6062.30908203125,1.0520219802856443,0.6779199817903537,37.04941177368164,0.0973540603491021,3.5652222367041566,0,0
BGD,Rajshahi,Natore,2021-12-01,3231.743408203125,0.3308220505714416,0.3867909375756307,8.342079162597656,0.038679093757563,1.2400239524925762,0,0
BGD,Mymensingh,Netrakona,2021-12-01,1525.08154296875,0.1054450049996376,0.2818644514647095,13.681678771972656,0.0281864451464709,0.6822221550560628,0,0
BGD,Rangpur,Nilphamari,2021-12-01,2719.176513671875,0.3170900642871856,0.3604513066002495,14.908251762390137,0.0360451306600249,1.2639855758964265,0,0
BGD,Chattogram,Noakhali,2021-12-01,3470.161376953125,0.2789360284805298,0.3579593188521931,11.0621919631958,0.0357959318852193,1.0811662560409618,0,0
BGD,Rajshahi,Pabna,2021-12-01,7474.3955078125,0.6148711442947388,0.3445014995009025,96.19247436523438,0.0344501499500902,2.033158051517881,0,0
BGD,Rangpur,Panchagarh,2021-12-01,2438.926513671875,0.3438670039176941,0.4153227639752226,6.613393783569336,0.0415322763975222,1.2714587094752496,0,0
BGD,Chattogram,Parbattya Chattagram,2021-12-01,593.55078125,0.0203269943594932,0.2469586499050785,4.425844192504883,0.0246958649905078,0.4692214348196492,0,0
BGD,Barishal,Patuakhali,2021-12-01,2062.4326171875,0.178917109966278,0.2682794892502636,84.16584777832031,0.0268279489250263,0.6183017722659979,1,0
BGD,Barishal,Pirojpur,2021-12-01,407.2526245117188,0.0689809918403625,0.2682398200162294,5.985895156860352,0.0268239820016229,0.5782730547588515,1,0
BGD,Dhaka,Rajbari,2021-12-01,1210.89794921875,0.2178687006235122,0.3311810885016496,8.004654884338379,0.0331181088501649,1.0290137632046137,1,0
BGD,Rajshahi,Rajshahi,2021-12-01,6043.9345703125,0.4925078451633453,0.396343106370775,28.53815078735352,0.0396343106370775,1.5442276686607377,0,0
BGD,Rangpur,Rangpur,2021-12-01,5097.76953125,0.4262794554233551,0.3877153899403986,24.00261116027832,0.0387715389940398,1.356376061233492,0,0
BGD,Khulna,Satkhira,2021-12-01,2747.6787109375,0.2405077666044235,0.0963739494920535,5.7710371017456055,0.0096373949492053,0.9746505101142826,1,0
BGD,Dhaka,Shariatpur,2021-12-01,1611.266357421875,0.2930939197540283,0.3354229567342736,171.97666931152344,0.0335422956734273,0.9763031266475392,1,0
BGD,Mymensingh,Sherpur,2021-12-01,2683.277099609375,0.3935327231884002,0.4378339096972231,13.149319648742676,0.0437833909697223,1.19369063004135,0,0
BGD,Rajshahi,Sirajganj,2021-12-01,4389.90380859375,0.3432982265949249,0.1619852486708402,45.27282333374024,0.016198524867084,1.2599177940847506,0,0
BGD,Sylhet,Sunamganj,2021-12-01,1120.786865234375,0.0591603778302669,0.2632162808118166,21.96577835083008,0.0263216280811816,0.5005616734817085,0,0
BGD,Sylhet,Sylhet,2021-12-01,7687.63330078125,0.4361713826656341,0.3303746162292816,122.24431610107422,0.0330374616229281,1.6097565361713266,0,0
BGD,Dhaka,Tangail,2021-12-01,8039.8701171875,0.4667926728725433,0.4235737071441339,22.58436393737793,0.0423573707144133,1.524006162901396,0,0
BGD,Rangpur,Thakurgaon,2021-12-01,2251.6669921875,0.2394724935293197,0.3349863452285441,21.59635353088379,0.0334986345228544,0.9253649309933224,0,0
BGD,Khulna,Bagerhat,2022-01-01,2961.935302734375,0.2931886911392212,0.1854036407099261,73.08112335205078,0.0185403640709926,0.913556101344222,1,0
BGD,Chattogram,Bandarban,2022-01-01,545.02197265625,0.0236106440424919,0.255546168028161,10.562789916992188,0.025554616802816,0.4855377192535057,0,0
BGD,Barishal,Barguna,2022-01-01,399.084716796875,0.0631201788783073,0.2604817712692811,26.909957885742188,0.0260481771269281,0.4949153654116341,1,0
BGD,Barishal,Barisal,2022-01-01,2415.869140625,0.2208093553781509,0.2835444307594915,23.51256561279297,0.0283544430759491,0.931364568072118,1,0
BGD,Barishal,Bhola,2022-01-01,1185.538330078125,0.1353099048137664,0.2782357421997625,59.81973648071289,0.0278235742199762,0.7398037348323185,1,0
BGD,Rajshahi,Bogura,2022-01-01,6047.791015625,0.40327849984169,0.3602886603477316,14.528436660766602,0.0360288660347731,1.8173951608058845,0,0
BGD,Chattogram,Brahmanbaria,2022-01-01,5050.53857421875,0.5211146473884583,0.4032108945925196,36.84967422485352,0.0403210894592519,1.882063588111944,0,0
BGD,Chattogram,Chandpur,2022-01-01,2079.2626953125,0.2798553109169006,0.3600085634464681,13.1701078414917,0.0360008563446468,1.0078218110167851,0,0
BGD,Rajshahi,Chapainawabganj,2022-01-01,2263.1337890625,0.254601240158081,0.3039378982739342,9.74626350402832,0.0303937898273934,1.2845225962025015,0,0
BGD,Chattogram,Chittagong,2022-01-01,32720.02734375,1.5121990442276,0.3819515204349565,181.0460662841797,0.0381951520434956,6.145769117257562,0,0
BGD,Khulna,Chuadanga,2022-01-01,1432.309326171875,0.2455594539642334,0.3377775048257125,10.868897438049316,0.0337777504825712,1.1366409358329232,1,0
BGD,Chattogram,Cox's Bazar,2022-01-01,5021.0673828125,0.4863466024398803,0.0179519776375781,37.97652816772461,0.0017951977637578,2.20895532727721,0,0
BGD,Chattogram,Cumilla,2022-01-01,12437.005859375,0.7957276105880737,0.5996755378995288,22.814960479736328,0.0691641469617863,2.5928515156011778,0,0
BGD,Dhaka,Dhaka,2022-01-01,54344.9453125,7.361520767211914,1.5899782042717845,164.4439239501953,0.1979206024316498,36.66728408287612,0,0
BGD,Rangpur,Dinajpur,2022-01-01,4007.890380859375,0.2244268655776977,0.3094510086045406,13.265811920166016,0.030945100860454,1.0847792503421496,0,0
BGD,Dhaka,Faridpur,2022-01-01,3545.9150390625,0.3626835644245147,0.369661879246303,30.846040725708008,0.0369661879246303,1.3349038109340168,1,0
BGD,Chattogram,Feni,2022-01-01,3554.29833984375,0.7881914973258972,0.6036696333757102,34.26734924316406,0.0746499217573902,2.3496796809921494,0,0
BGD,Rangpur,Gaibandha,2022-01-01,1854.1197509765625,0.1657889932394027,0.3064866691733963,13.383692741394045,0.0306486669173396,0.8635613957490276,0,0
BGD,Dhaka,Gazipur,2022-01-01,21710.677734375,2.4082376956939697,0.9317295558028852,41.47262954711914,0.1090279204487576,10.838322397477874,0,0
BGD,Dhaka,Gopalganj,2022-01-01,1583.8455810546875,0.2136131078004837,0.3065268418077895,13.846900939941406,0.0306526841807789,0.941629549084948,1,0
BGD,Sylhet,Habiganj,2022-01-01,5159.220703125,0.389782041311264,0.331541939268874,68.611083984375,0.0331541939268874,1.4937863133301543,0,0
BGD,Rajshahi,Jaipurhat,2022-01-01,1315.978271484375,0.2639304399490356,0.3483632698678684,6.666760444641113,0.0348363269867868,1.1371264800933345,0,0
BGD,Mymensingh,Jamalpur,2022-01-01,2149.923583984375,0.2034568637609481,0.3202071201523916,8.506044387817383,0.0320207120152391,0.9620295958137844,0,0
BGD,Khulna,Jashore,2022-01-01,4730.208984375,0.3597534596920013,0.3539752721128197,21.261978149414062,0.0353975272112819,1.447290635302791,1,0
BGD,Barishal,Jhalakati,2022-01-01,403.4614868164063,0.1119290590286254,0.274497098683969,15.272788047790527,0.0274497098683969,0.6613414529547308,1,0
BGD,Khulna,Jhenaidah,2022-01-01,1687.6820068359375,0.1687127202749252,0.3031198618553496,5.975428581237793,0.0303119861855349,0.9430854680336724,1,0
BGD,Chattogram,Khagrachari,2022-01-01,890.1480102539062,0.0614045448601245,0.2652263777315729,6.342376708984375,0.0265226377731572,0.5603288432500663,0,0
BGD,Khulna,Khulna,2022-01-01,4801.765625,0.4661615788936615,0.3073797270870926,31.06427383422852,0.0307379727087092,2.283441755255676,1,0
BGD,Dhaka,Kishoreganj,2022-01-01,3107.116943359375,0.2369018644094467,0.2584436470673004,16.315019607543945,0.02584436470673,1.1217487437762808,0,0
BGD,Rangpur,Kurigram,2022-01-01,1856.4451904296875,0.1588476747274398,0.2954570073903775,6.870707511901856,0.0295457007390377,0.9445288325488028,0,0
BGD,Khulna,Kushtia,2022-01-01,3552.013427734375,0.4231495261192322,0.3636263916334364,40.99972915649414,0.0363626391633436,1.7965313876671922,1,0
BGD,Chattogram,Lakshmipur,2022-01-01,1476.78173828125,0.2417077124118805,0.3467563950303295,5.991990089416504,0.0346756395030329,1.0281442264893337,0,0
BGD,Rangpur,Lalmonirhat,2022-01-01,2623.398193359375,0.4075824320316314,0.4192150050970322,6.041289329528809,0.0419215005097032,1.5822569884366824,0,0
BGD,Dhaka,Madaripur,2022-01-01,1430.7523193359375,0.2579299509525299,0.3286069613392892,12.180092811584473,0.0328606961339289,1.1616558938824515,1,0
BGD,Khulna,Magura,2022-01-01,628.2869262695312,0.1181698516011238,0.2865126950963158,6.431704998016357,0.0286512695096315,0.7663715315171156,1,0
BGD,Dhaka,Manikganj,2022-01-01,3075.026611328125,0.4630953073501587,0.4433284228493098,17.748889923095703,0.0443328422849309,1.5819236642494134,0,0
BGD,Khulna,Meherpur,2022-01-01,1456.826416015625,0.3955661654472351,0.4384833701694265,5.070859432220459,0.0438483370169426,1.356244972042336,1,0
BGD,Sylhet,Moulvibazar,2022-01-01,3394.02734375,0.2455944716930389,0.3308382904025269,23.916229248046875,0.0330838290402526,1.1043656381549836,0,0
BGD,Dhaka,Munshiganj,2022-01-01,4995.2646484375,1.1702102422714231,0.7123639272547855,54.31584930419922,0.0778324838835573,4.336273178518473,0,0
BGD,Mymensingh,Mymensingh,2022-01-01,12361.0009765625,0.5537949800491333,0.4642694383001714,30.294771194458008,0.0464269438300171,1.7149401672712277,0,0
BGD,Rajshahi,Naogaon,2022-01-01,2284.012451171875,0.1295180469751358,0.282699035983905,7.340522766113281,0.0282699035983905,0.8464746059119177,0,0
BGD,Khulna,Narail,2022-01-01,416.1734619140625,0.0835307538509368,0.2756043806490107,5.308897018432617,0.027560438064901,0.6565562811717731,1,0
BGD,Dhaka,Narayanganj,2022-01-01,19005.76171875,5.258632659912109,2.323160291783971,89.4720230102539,0.474910225508317,20.35308268252914,0,0
BGD,Dhaka,Narsingdi,2022-01-01,5680.65185546875,0.9857911467552184,0.5972346509158215,36.1036491394043,0.0613365925914777,3.876073375413204,0,0
BGD,Rajshahi,Natore,2022-01-01,1828.8670654296875,0.1872145980596542,0.3053099346703986,8.213549613952637,0.0305309934670398,0.9669402925301632,0,0
BGD,Mymensingh,Netrakona,2022-01-01,1304.3306884765625,0.0901821628212928,0.2747852376543446,11.384233474731444,0.0274785237654344,0.637568071269588,0,0
BGD,Rangpur,Nilphamari,2022-01-01,1865.1500244140625,0.2174998819828033,0.2987455726432124,10.118415832519531,0.0298745572643212,1.1751635454037936,0,0
BGD,Chattogram,Noakhali,2022-01-01,3624.94287109375,0.2913775742053985,0.3642968005313987,10.978208541870115,0.0364296800531398,1.149627991539348,0,0
BGD,Rajshahi,Pabna,2022-01-01,6004.69287109375,0.4939441382884979,0.0502210976314679,95.61424255371094,0.0050221097631467,1.9424886897763884,0,0
BGD,Rangpur,Panchagarh,2022-01-01,2045.6363525390625,0.2884165644645691,0.3469483824247086,5.76851749420166,0.0346948382424708,1.3560840482874403,0,0
BGD,Chattogram,Parbattya Chattagram,2022-01-01,455.4638977050781,0.0156028205528855,0.2537586123679923,7.323417186737059,0.0253758612367992,0.4821413634991854,0,0
BGD,Barishal,Patuakhali,2022-01-01,2122.72998046875,0.1841479390859604,0.2676414011582904,72.22786712646484,0.026764140115829,0.6097604741142729,1,0
BGD,Barishal,Pirojpur,2022-01-01,399.0078125,0.0675844773650169,0.2655539923113778,5.395145893096924,0.0265553992311377,0.5334511627199306,1,0
BGD,Dhaka,Rajbari,2022-01-01,860.1041259765625,0.15479776263237,0.2984288408495816,6.27907133102417,0.0298428840849581,0.93101336134833,1,0
BGD,Rajshahi,Rajshahi,2022-01-01,4343.8564453125,0.3539719581604004,0.226416311362984,30.070602416992188,0.0226416311362984,1.2945195214920964,0,0
BGD,Rangpur,Rangpur,2022-01-01,4522.0009765625,0.3781332373619079,0.3444100932596449,21.98831367492676,0.0344410093259644,1.4653567298419232,0,0
BGD,Khulna,Satkhira,2022-01-01,1447.004638671875,0.1266692280769348,0.2855043385335679,6.119245529174805,0.0285504338533567,0.7942117964423152,1,0
BGD,Dhaka,Shariatpur,2022-01-01,1097.467041015625,0.1999373435974121,0.3164495551869276,14.846796035766602,0.0316449555186927,0.9912560632194992,1,0
BGD,Mymensingh,Sherpur,2022-01-01,2415.461669921875,0.3542545735836029,0.3997688499195707,11.983402252197266,0.039976884991957,1.2274552090293822,0,0
BGD,Rajshahi,Sirajganj,2022-01-01,3434.815673828125,0.2688144147396087,0.3240359255570721,41.598270416259766,0.0324035925557072,1.1392567281962054,0,0
BGD,Sylhet,Sunamganj,2022-01-01,1252.5069580078125,0.06611318141222,0.2655412666348901,22.87991714477539,0.026554126663489,0.5364925453338338,0,0
BGD,Sylhet,Sylhet,2022-01-01,8510.5908203125,0.4828633368015289,0.3387271137175831,184.8479156494141,0.0338727113717583,1.7663946314660408,0,0
BGD,Dhaka,Tangail,2022-01-01,7990.43359375,0.4641706347465515,0.438196971896931,29.1080322265625,0.0438196971896931,1.5346674299212812,0,0
BGD,Rangpur,Thakurgaon,2022-01-01,2163.09521484375,0.230052575469017,0.3239664679896644,11.393036842346191,0.0323966467989664,1.0243124673238813,0,0
BGD,Khulna,Bagerhat,2022-02-01,3182.07080078125,0.3149001896381378,0.1232803231349705,96.52555084228516,0.012328032313497,0.9764370245465868,1,0
BGD,Chattogram,Bandarban,2022-02-01,776.193115234375,0.0335553288459777,0.2582310951637454,10.37204933166504,0.0258231095163745,0.4906390808111162,0,0
BGD,Barishal,Barguna,2022-02-01,485.0223693847656,0.076712280511856,0.048265972014329,15.443838119506836,0.0048265972014329,0.5200735242944124,1,0
BGD,Barishal,Barisal,2022-02-01,2538.390380859375,0.2319814264774322,0.2940896992546142,22.9716854095459,0.0294089699254614,0.9772310091721124,1,0
BGD,Barishal,Bhola,2022-02-01,1670.2830810546875,0.1905697584152221,0.2981069458931641,59.62251281738281,0.0298106945893164,0.8528481044966381,1,0
BGD,Rajshahi,Bogura,2022-02-01,7505.37060546875,0.5008735656738281,0.4431590960854819,16.75482940673828,0.0443159096085481,1.92994197443652,0,0
BGD,Chattogram,Brahmanbaria,2022-02-01,7709.97412109375,0.7955152988433838,0.6611018673408625,25.442136764526367,0.0772953448576322,2.091574711213157,0,0
BGD,Chattogram,Chandpur,2022-02-01,3171.76708984375,0.4271389544010162,0.5080435266632346,9.838238716125488,0.0524669346588161,1.1248229285167644,0,0
BGD,Rajshahi,Chapainawabganj,2022-02-01,2461.495361328125,0.2768856585025787,0.351462889495416,9.055500984191896,0.0351462889495415,1.195668278834213,0,0
BGD,Chattogram,Chittagong,2022-02-01,36855.3671875,1.7033191919326782,0.6588887499125518,224.78907775878903,0.0322649758936305,6.392585326073301,0,0
BGD,Khulna,Chuadanga,2022-02-01,1939.014404296875,0.3324305117130279,0.409369090026929,10.224214553833008,0.0409369090026929,1.1935134509591732,1,0
BGD,Chattogram,Cox's Bazar,2022-02-01,6542.90234375,0.6335310339927673,0.0100804246637433,38.02023696899414,0.0010080424663743,2.4340415899764816,0,0
BGD,Chattogram,Cumilla,2022-02-01,16557.796875,1.0593785047531128,0.7702534891031759,56.30998611450195,0.1883590722681677,2.8611274571980543,0,0
BGD,Dhaka,Dhaka,2022-02-01,55970.2265625,7.580098628997803,1.865772115413312,145.87814331054688,0.3376926718487548,36.624106704916095,0,0
BGD,Rangpur,Dinajpur,2022-02-01,5974.84619140625,0.3345690369606018,0.3914439587552618,13.621505737304688,0.0391443958755261,1.194746014959524,0,0
BGD,Dhaka,Faridpur,2022-02-01,4567.38720703125,0.4668201804161072,0.2230327805034939,26.81637191772461,0.0223032780503493,1.4414427688045115,1,0
BGD,Chattogram,Feni,2022-02-01,4869.3251953125,1.079808235168457,0.8185357216937441,29.25102806091309,0.3185263088590913,2.5537437512826173,0,0
BGD,Rangpur,Gaibandha,2022-02-01,2950.995849609375,0.2636556923389435,0.374238207447416,11.068445205688477,0.0374238207447416,0.9715263290008084,0,0
BGD,Dhaka,Gazipur,2022-02-01,23669.990234375,2.625572919845581,1.101689741790314,39.71340560913086,0.5041929673273327,10.643185041495032,0,0
BGD,Dhaka,Gopalganj,2022-02-01,1710.0631103515625,0.2306360602378845,0.3206984224755373,11.252578735351562,0.0320698422475537,0.9575438723353384,1,0
BGD,Sylhet,Habiganj,2022-02-01,7095.40771484375,0.5360620617866516,0.4236053739599277,62.116249084472656,0.0423605373959927,1.8035159313987408,0,0
BGD,Rajshahi,Jaipurhat,2022-02-01,1399.3359375,0.2806484997272491,0.3617651173717011,7.098289966583252,0.0361765117371701,1.1371969790156158,0,0
BGD,Mymensingh,Jamalpur,2022-02-01,4412.1435546875,0.4176594316959381,0.5022820900272836,10.027459144592283,0.0504839544626216,1.1658544962406043,0,0
BGD,Khulna,Jashore,2022-02-01,6178.16748046875,0.469877153635025,0.4594817388266521,23.199636459350582,0.0459481738826652,1.455843233998224,1,0
BGD,Barishal,Jhalakati,2022-02-01,441.2292175292969,0.1224066540598869,0.279715069150332,15.494277954101562,0.0279715069150332,0.7275398660568637,1,0
BGD,Khulna,Jhenaidah,2022-02-01,2154.871337890625,0.2154162973165512,0.3324430061862669,6.208453178405762,0.0332443006186266,0.9998179750253704,1,0
BGD,Chattogram,Khagrachari,2022-02-01,1333.7113037109375,0.0920026078820228,0.2749558907164566,8.078283309936523,0.0274955890716456,0.7308711367033028,0,0
BGD,Khulna,Khulna,2022-02-01,5246.92431640625,0.5093781352043152,0.3265946929021247,31.136993408203125,0.0326594692902124,2.317469801275606,1,0
BGD,Dhaka,Kishoreganj,2022-02-01,5457.61279296875,0.4161152243614197,0.4214223045877435,12.681510925292969,0.0421422304587743,1.4022324599765912,0,0
BGD,Rangpur,Kurigram,2022-02-01,2912.0654296875,0.2487843781709671,0.3568031559095966,5.770449161529541,0.0356803155909596,1.0430161142386418,0,0
BGD,Khulna,Kushtia,2022-02-01,4764.85693359375,0.5676349401473999,0.5006809871341993,31.21335220336914,0.0501136411298257,1.90026257532726,1,0
BGD,Chattogram,Lakshmipur,2022-02-01,1923.75830078125,0.3145610690116882,0.4033027289010308,6.409236431121826,0.040330272890103,1.0563805100086825,0,0
BGD,Rangpur,Lalmonirhat,2022-02-01,3777.642333984375,0.5869107842445374,0.5852562652526712,6.114070892333984,0.0699708376713512,1.7073327791827346,0,0
BGD,Dhaka,Madaripur,2022-02-01,1965.6611328125,0.3543955385684967,0.3882780620281812,13.698827743530272,0.0388278062028181,1.1850179229822415,1,0
BGD,Khulna,Magura,2022-02-01,907.20751953125,0.1706299632787704,0.3141040707167424,6.180841445922852,0.0314104070716742,0.8396920307501473,1,0
BGD,Dhaka,Manikganj,2022-02-01,4015.747314453125,0.6011943817138672,0.5521244486736243,15.62294101715088,0.0564815992345441,1.7940779239243128,0,0
BGD,Khulna,Meherpur,2022-02-01,1582.3280029296875,0.4296430945396423,0.4900411829432431,4.966430187225342,0.0490041182943243,1.3545509685319814,1,0
BGD,Sylhet,Moulvibazar,2022-02-01,5885.52880859375,0.4258814752101898,0.4885251880177997,19.6742000579834,0.0488525188017799,1.2509792941643023,0,0
BGD,Dhaka,Munshiganj,2022-02-01,5428.7939453125,1.2715531587600708,0.8188281412125907,46.989627838134766,0.1219202987015951,4.087395676370695,0,0
BGD,Mymensingh,Mymensingh,2022-02-01,17115.28125,0.76679527759552,0.6221162692333669,34.921112060546875,0.0911897506565397,1.893372202217953,0,0
BGD,Rajshahi,Naogaon,2022-02-01,2198.4970703125,0.1246687769889831,0.283508921739301,7.138299465179443,0.0283508921739301,0.7982551914399675,0,0
BGD,Khulna,Narail,2022-02-01,500.54693603515625,0.1004654690623283,0.2847756175178272,4.189572334289551,0.0284775617517827,0.6843758654019461,1,0
BGD,Dhaka,Narayanganj,2022-02-01,19574.177734375,5.415905475616455,2.664273874368799,75.62858581542969,0.7146345676959227,20.343374737535544,0,0
BGD,Dhaka,Narsingdi,2022-02-01,7276.7275390625,1.262765884399414,0.84163657608954,29.463756561279297,0.1733202991077715,3.896673354763132,0,0
BGD,Rajshahi,Natore,2022-02-01,2809.1904296875,0.2875668108463287,0.3673238121419046,9.51949977874756,0.0367323812141904,1.1200034362660038,0,0
BGD,Mymensingh,Netrakona,2022-02-01,3078.146728515625,0.2128248065710067,0.3427499291402767,11.602280616760254,0.0342749929140276,0.8436824057310125,0,0
BGD,Rangpur,Nilphamari,2022-02-01,2796.3271484375,0.3260868191719055,0.3664744346386693,11.39925479888916,0.0366474434638669,1.2635835207943134,0,0
BGD,Chattogram,Noakhali,2022-02-01,4933.4287109375,0.3965542614459991,0.447429156358068,12.008943557739258,0.0447429156358068,1.244126313734675,0,0
BGD,Rajshahi,Pabna,2022-02-01,7374.4619140625,0.6065983772277832,0.4648324796013192,101.3341827392578,0.0464832479601319,1.900137027958264,0,0
BGD,Rangpur,Panchagarh,2022-02-01,3054.2890625,0.4306276440620422,0.4847309961154576,7.010914325714111,0.0484730996115457,1.4229027894972115,0,0
BGD,Chattogram,Parbattya Chattagram,2022-02-01,633.693115234375,0.0217024702578783,0.2554559729423113,4.866445541381836,0.0255455972942311,0.4853663485903914,0,0
BGD,Barishal,Patuakhali,2022-02-01,2355.6416015625,0.2043531537055969,0.2712979102903571,77.07786560058594,0.0271297910290357,0.6858072398754961,1,0
BGD,Barishal,Pirojpur,2022-02-01,467.7117004394531,0.0792216286063194,0.2691188198534339,4.827422142028809,0.0269118819853433,0.6281083840001317,1,0
BGD,Dhaka,Rajbari,2022-02-01,1450.6123046875,0.2609530389308929,0.2581300059022284,7.050005912780762,0.0258130005902228,1.1024851618678124,1,0
BGD,Rajshahi,Rajshahi,2022-02-01,4623.5712890625,0.3767653405666351,0.3186319313698745,29.680295944213867,0.0318631931369874,1.2908495536284843,0,0
BGD,Rangpur,Rangpur,2022-02-01,5891.82568359375,0.4926790595054626,0.4629249555402482,23.11603164672852,0.0462924955540248,1.4745430074672583,0,0
BGD,Khulna,Satkhira,2022-02-01,2217.93896484375,0.1941389888525009,0.3258023897391751,6.177099704742432,0.0325802389739175,0.8898908337992848,1,0
BGD,Dhaka,Shariatpur,2022-02-01,1536.657470703125,0.2796135544776916,0.3731355696075531,15.415942192077637,0.0373135569607553,1.0478684828841291,1,0
BGD,Mymensingh,Sherpur,2022-02-01,4132.51025390625,0.6060790419578552,0.5923656885007978,12.985182762145996,0.0902934744703162,1.320430915665683,0,0
BGD,Rajshahi,Sirajganj,2022-02-01,5879.24365234375,0.4596455991268158,0.151397795061404,40.19523620605469,0.0151397795061404,1.4216345666477002,0,0
BGD,Sylhet,Sunamganj,2022-02-01,2069.56298828125,0.1092412248253822,0.2824559415109769,22.836502075195312,0.0282455941510977,0.6981932642447018,0,0
BGD,Sylhet,Sylhet,2022-02-01,10802.349609375,0.6128903031349182,0.4307809577923588,80.1790542602539,0.0430780957792358,2.015393643457252,0,0
BGD,Dhaka,Tangail,2022-02-01,12227.349609375,0.7102211117744446,0.6403177013078922,25.375732421875,0.0838877962954763,1.7611635648519937,0,0
BGD,Rangpur,Thakurgaon,2022-02-01,3284.36083984375,0.3493030071258545,0.4282175563963026,12.919694900512695,0.0428217556396302,1.0681521072424325,0,0
BGD,Khulna,Bagerhat,2022-03-01,4072.792724609375,0.4030066430568695,0.0704900204032281,79.95858764648438,0.0070490020403228,1.1472588534436343,1,0
BGD,Chattogram,Bandarban,2022-03-01,1071.9715576171875,0.0463420189917087,0.2625519383206612,8.795159339904785,0.0262551938320661,0.4988486828092563,0,0
BGD,Barishal,Barguna,2022-03-01,1138.26953125,0.1800313889980316,0.3216234461014571,14.743242263793944,0.0321623446101457,0.7147511862762458,1,0
BGD,Barishal,Barisal,2022-03-01,3983.58984375,0.3640536665916443,0.3670023396356343,20.259117126464844,0.0367002339635634,1.2322685622572025,1,0
BGD,Barishal,Bhola,2022-03-01,2524.868408203125,0.2880401909351349,0.3678273063693097,51.19892501831055,0.0367827306369309,0.9601787398470444,1,0
BGD,Rajshahi,Bogura,2022-03-01,11542.56640625,0.7696808576583862,0.6371283506910036,14.711273193359377,0.0993747143110408,2.1818545524883137,0,0
BGD,Chattogram,Brahmanbaria,2022-03-01,9190.94921875,0.9483223557472228,0.7897663622506155,18.844287872314453,0.0462017034516185,2.1855348884323087,0,0
BGD,Chattogram,Chandpur,2022-03-01,4811.6806640625,0.6474268436431885,0.6432204048131961,13.821033477783203,0.1161769560338347,1.2345851997853854,0,0
BGD,Rajshahi,Chapainawabganj,2022-03-01,3852.56298828125,0.4336062371730804,0.5039898950877085,11.949177742004396,0.0509981632813169,1.3367796299275614,0,0
BGD,Chattogram,Chittagong,2022-03-01,39695.94921875,1.8346004486083984,0.7738925225803335,237.0482940673828,0.0857050658526144,6.637878244159684,0,0
BGD,Khulna,Chuadanga,2022-03-01,3669.4306640625,0.6290982961654663,0.6177671861882729,11.854809761047363,0.1071915738203106,1.4070560880932423,1,0
BGD,Chattogram,Cox's Bazar,2022-03-01,7048.54443359375,0.682472825050354,0.012125267708422,36.68831253051758,0.0012125267708422,2.53052748721153,0,0
BGD,Chattogram,Cumilla,2022-03-01,18930.3515625,1.2111760377883911,0.9137739552849878,23.50014877319336,0.5620254330127553,2.7254152194231507,0,0
BGD,Dhaka,Dhaka,2022-03-01,56073.33984375,7.594661235809326,2.0342229140765737,203.4380340576172,0.4676190252198456,35.80175682393402,0,0
BGD,Rangpur,Dinajpur,2022-03-01,12342.8271484375,0.6911521553993225,0.6304330225708779,13.3027982711792,0.1419943257800244,1.445362725434372,0,0
BGD,Dhaka,Faridpur,2022-03-01,6020.6123046875,0.614919900894165,0.5694062982654685,45.55956268310547,0.0387196820864827,1.5662154757201066,1,0
BGD,Chattogram,Feni,2022-03-01,5256.01416015625,1.1655592918395996,0.9248719957353164,25.059011459350582,0.4916764669662858,2.590505874912868,0,0
BGD,Rangpur,Gaibandha,2022-03-01,5753.28271484375,0.5139790773391724,0.5853631171862218,13.399197578430176,0.0754782625326981,1.1266150418256622,0,0
BGD,Dhaka,Gazipur,2022-03-01,24819.666015625,2.7530996799468994,1.29709661948349,36.29865264892578,0.6679386455075802,10.331830895902064,0,0
BGD,Dhaka,Gopalganj,2022-03-01,2837.333251953125,0.3826708793640136,0.4182532686846169,24.78241920471192,0.0418253268684617,1.1090548343479405,1,0
BGD,Sylhet,Habiganj,2022-03-01,11531.80078125,0.871234118938446,0.5383674848973428,1026.9520263671875,0.0554959150411903,1.8870756487738745,0,0
BGD,Rajshahi,Jaipurhat,2022-03-01,3439.2158203125,0.6897634267807007,0.6435948285964005,7.397103786468506,0.1595748643109197,1.406949499990995,0,0
BGD,Mymensingh,Jamalpur,2022-03-01,6577.6845703125,0.6224756836891174,0.6304810003555298,9.576801300048828,0.0956304545047832,1.3322702047878765,0,0
BGD,Khulna,Jashore,2022-03-01,10782.5048828125,0.8200575113296509,0.6776590934098975,25.436967849731445,0.1534562251349643,1.7624302354006238,1,0
BGD,Barishal,Jhalakati,2022-03-01,927.3960571289062,0.2572799921035766,0.3572699366468428,13.775619506835938,0.0357269936646842,0.928582836016225,1,0
BGD,Khulna,Jhenaidah,2022-03-01,4906.17626953125,0.4904563724994659,0.549868683560619,7.106827735900879,0.0690641995788133,1.1752027835760284,1,0
BGD,Chattogram,Khagrachari,2022-03-01,1649.312744140625,0.1137735545635223,0.2847611063770647,10.07650661468506,0.0284761106377064,0.7837845058268924,0,0
BGD,Khulna,Khulna,2022-03-01,6767.91455078125,0.6570378541946411,0.4090842192685733,30.622446060180664,0.0409084219268573,2.614661612681862,1,0
BGD,Dhaka,Kishoreganj,2022-03-01,6564.2119140625,0.500487744808197,0.1468290669797015,13.442851066589355,0.0146829066979701,1.4191255311908526,0,0
BGD,Rangpur,Kurigram,2022-03-01,5239.083984375,0.4475868940353393,0.5478361512147928,6.5458173751831055,0.0578509346344995,1.1540348334029598,0,0
BGD,Khulna,Kushtia,2022-03-01,7347.5625,0.8753113150596619,0.7161082257364091,28.282745361328125,0.1378961931967787,2.1889845170519204,1,0
BGD,Chattogram,Lakshmipur,2022-03-01,3232.49560546875,0.5285577178001404,0.5927714948803607,6.842741966247559,0.0723693946827129,1.244864650365218,0,0
BGD,Rangpur,Lalmonirhat,2022-03-01,5382.70166015625,0.8362796902656555,0.7924660431632403,7.41261625289917,0.1698018213144388,1.7746655640019315,0,0
BGD,Dhaka,Madaripur,2022-03-01,2976.05859375,0.5379877090454102,0.5547180682901908,11.239557266235352,0.0631059619776319,1.3770133579580035,1,0
BGD,Khulna,Magura,2022-03-01,2259.13818359375,0.4249046146869659,0.5276213669930987,7.670652389526367,0.057375216525121,1.056642859824343,1,0
BGD,Dhaka,Manikganj,2022-03-01,4723.904296875,0.7117160558700562,0.6432735369667892,16.491424560546875,0.0842614338442711,1.7985508900007583,0,0
BGD,Khulna,Meherpur,2022-03-01,2820.0546875,0.7657179832458496,0.7064032559887748,5.400850772857666,0.2014066005629032,1.5317302020713908,1,0
BGD,Sylhet,Moulvibazar,2022-03-01,7294.96630859375,0.527869462966919,0.55551990552286,19.637836456298828,0.0611827154143702,1.381911754910469,0,0
BGD,Dhaka,Munshiganj,2022-03-01,5937.82373046875,1.3900742530822754,0.9763322803607212,53.9317626953125,0.1988142624441678,4.101834812202358,0,0
BGD,Mymensingh,Mymensingh,2022-03-01,20279.53125,0.9085593819618224,0.7077589043774056,33.78522872924805,0.2127732829232791,1.9383248984102188,0,0
BGD,Rajshahi,Naogaon,2022-03-01,6029.642578125,0.3419190943241119,0.4502684557826979,7.242834568023682,0.0450268455782697,1.0320422762890211,0,0
BGD,Khulna,Narail,2022-03-01,1229.2703857421875,0.2467285692691803,0.3838667224456363,4.916896820068359,0.0383866722445636,0.8388532163941301,1,0
BGD,Dhaka,Narayanganj,2022-03-01,19558.05859375,5.411445617675781,2.847701498323183,106.32701873779295,0.8444675217066897,19.26140372923925,0,0
BGD,Dhaka,Narsingdi,2022-03-01,8098.1591796875,1.4053130149841309,0.9854004466021308,25.04364013671875,0.5281556936517238,3.793281167557539,0,0
BGD,Rajshahi,Natore,2022-03-01,5508.42724609375,0.563878059387207,0.5791979372877469,9.13176441192627,0.0856989572921684,1.2976419031471058,0,0
BGD,Mymensingh,Netrakona,2022-03-01,5655.58447265625,0.3910303115844726,0.514117164483618,10.521828651428224,0.0534649211080453,0.9537381455324716,0,0
BGD,Rangpur,Nilphamari,2022-03-01,5578.6064453125,0.6505354642868042,0.6029028470482364,10.97312831878662,0.1021723337554185,1.5241230376310797,0,0
BGD,Chattogram,Noakhali,2022-03-01,7055.90234375,0.567160964012146,0.593308108940876,10.225664138793944,0.0696407264545805,1.372381748984064,0,0
BGD,Rajshahi,Pabna,2022-03-01,10760.533203125,0.8852208852767944,0.6703871091010305,90.92171478271484,0.1218801134231603,2.16340521088447,0,0
BGD,Rangpur,Panchagarh,2022-03-01,5267.6845703125,0.7426967620849609,0.6626839726211425,7.19346284866333,0.2027486630488401,1.5787300378856175,0,0
BGD,Chattogram,Parbattya Chattagram,2022-03-01,930.0885620117188,0.0318533033132553,0.2591969989000072,4.198695182800293,0.0259196998900007,0.4924742979100137,0,0
BGD,Barishal,Patuakhali,2022-03-01,3303.73828125,0.2866010367870331,0.310978354137371,94.72016143798828,0.0310978354137371,0.9019474637805502,1,0
BGD,Barishal,Pirojpur,2022-03-01,1038.7755126953125,0.1759491711854934,0.3171609664487883,8.637704849243164,0.0317160966448788,0.8187175468401526,1,0
BGD,Dhaka,Rajbari,2022-03-01,2696.935302734375,0.4854258298873901,0.5455010049867605,7.875757217407227,0.0588422266742051,1.2954675723571347,1,0
BGD,Rajshahi,Rajshahi,2022-03-01,8964.4560546875,0.7304951548576355,0.5587964924651581,26.60383987426757,0.0576974382391811,1.7215001222521389,0,0
BGD,Rangpur,Rangpur,2022-03-01,10338.23828125,0.8644915223121643,0.6895138154004483,25.659149169921875,0.219869190011327,1.7506968288842508,0,0
BGD,Khulna,Satkhira,2022-03-01,4220.89306640625,0.3694600760936737,0.1850643958464896,10.777979850769045,0.0185064395846489,1.109742267042344,1,0
BGD,Dhaka,Shariatpur,2022-03-01,2884.4052734375,0.5249048471450806,0.5740937061281333,14.835073471069336,0.0715589457884347,1.1912663980215734,1,0
BGD,Mymensingh,Sherpur,2022-03-01,5506.92041015625,0.807651698589325,0.7151729738962849,13.795963287353516,0.244250986096129,1.4961876626727093,0,0
BGD,Rajshahi,Sirajganj,2022-03-01,8836.2392578125,0.6910790205001831,0.662903725579335,34.291934967041016,0.080169871355601,1.6149082729316109,0,0
BGD,Sylhet,Sunamganj,2022-03-01,3623.267822265625,0.1912530362606048,0.3295932311995317,18.9276065826416,0.0329593231199531,0.7915613330707117,0,0
BGD,Sylhet,Sylhet,2022-03-01,12441.572265625,0.7058944702148438,0.4976565915324865,278.31915283203125,0.0497656591532486,2.0455036768362707,0,0
BGD,Dhaka,Tangail,2022-03-01,15052.599609375,0.8743921518325806,0.7554241012265407,25.214046478271484,0.1107869970553825,1.821199784557317,0,0
BGD,Rangpur,Thakurgaon,2022-03-01,5841.6103515625,0.6212752461433411,0.5956114737834345,21.472627639770508,0.1279729622583679,1.1904773649929128,0,0
BGD,Khulna,Bagerhat,2022-04-01,4395.443359375,0.4348544776439667,0.0991888758487113,93.40613555908205,0.0099188875848711,1.143046589789735,1,0
BGD,Chattogram,Bandarban,2022-04-01,1298.933837890625,0.0561537444591522,0.2683647078703595,7.7723388671875,0.0268364707870359,0.5500800821695634,0,0
BGD,Barishal,Barguna,2022-04-01,972.92431640625,0.1538800001144409,0.3151782157492868,8.032596588134766,0.0315178215749286,0.6685770891576219,1,0
BGD,Barishal,Barisal,2022-04-01,3498.998046875,0.3197676241397857,0.3670222016954499,14.131101608276367,0.036702220169545,1.1035523550128163,1,0
BGD,Barishal,Bhola,2022-04-01,1822.1422119140625,0.2078723013401031,0.3258449057174446,34.6601676940918,0.0325844905717444,0.8560086094887933,1,0
BGD,Rajshahi,Bogura,2022-04-01,7879.4580078125,0.524229109287262,0.5117853259812318,9.61769962310791,0.0276051984522263,1.8260507268838173,0,0
BGD,Chattogram,Brahmanbaria,2022-04-01,9113.1767578125,0.940297782421112,0.7867215725155706,23.493051528930664,0.0561093140905333,2.098936191468284,0,0
BGD,Chattogram,Chandpur,2022-04-01,4945.1455078125,0.6652059555053711,0.6426506548816335,10.13818073272705,0.0658072589849423,1.235327021746081,0,0
BGD,Rajshahi,Chapainawabganj,2022-04-01,3703.175048828125,0.416558176279068,0.4979938899160961,8.098398208618164,0.0497993889916096,1.2485074903551518,0,0
BGD,Chattogram,Chittagong,2022-04-01,40719.78125,1.88191819190979,0.858086414363641,166.76425170898438,0.1325888490341319,7.188429154731073,0,0
BGD,Khulna,Chuadanga,2022-04-01,4288.89111328125,0.7353004813194275,0.6822355609467381,9.071303367614746,0.2538698021387509,1.3705898610029268,1,0
BGD,Chattogram,Cox's Bazar,2022-04-01,7669.91943359375,0.7426846623420715,0.5936399117023026,19.106185913085938,0.015367977245632,2.318122440859317,0,0
BGD,Chattogram,Cumilla,2022-04-01,19134.70703125,1.2242507934570312,0.9329148623258736,35.01750183105469,0.564306485988914,2.7415625357995,0,0
BGD,Dhaka,Dhaka,2022-04-01,55602.640625,7.53031587600708,2.198726321774823,173.10971069335938,0.5792114429973284,34.32886654261349,0,0
BGD,Rangpur,Dinajpur,2022-04-01,13564.595703125,0.759566605091095,0.6988322838622797,9.687458038330078,0.2545078159714232,1.4217312462804117,0,0
BGD,Dhaka,Faridpur,2022-04-01,6991.29931640625,0.7123660445213318,0.6605297630963729,29.9277400970459,0.1057220142468765,1.555823702180836,1,0
BGD,Chattogram,Feni,2022-04-01,5185.50537109375,1.14992356300354,0.9355972316693772,33.65172576904297,0.5844637047220252,2.3830390211116823,0,0
BGD,Rangpur,Gaibandha,2022-04-01,5561.26220703125,0.4964426755905151,0.5754198174606769,9.128929138183594,0.0141275749798143,1.063364836373054,0,0
BGD,Dhaka,Gazipur,2022-04-01,24285.228515625,2.693817615509033,1.3643167971042818,35.572269439697266,0.6566541342946227,9.4087374822689,0,0
BGD,Dhaka,Gopalganj,2022-04-01,3203.862060546875,0.4321045875549316,0.5105593073585225,16.617345809936523,0.0524263532180137,1.0905516590397877,1,0
BGD,Sylhet,Habiganj,2022-04-01,9709.1591796875,0.7335324883460999,0.6259974472178704,42.97142791748047,0.0679153442503219,1.9519533470869368,0,0
BGD,Rajshahi,Jaipurhat,2022-04-01,2633.959228515625,0.5282624959945679,0.5781049979378147,6.321477890014648,0.0750948861772471,1.2569036316080455,0,0
BGD,Mymensingh,Jamalpur,2022-04-01,5458.955078125,0.5163609981536865,0.5678821677907387,9.072233200073242,0.0183299110596278,1.1699938055074346,0,0
BGD,Khulna,Jashore,2022-04-01,9726.62109375,0.7397528886795044,0.6484190775291578,21.017179489135746,0.1280187780488423,1.6172138711765145,1,0
BGD,Barishal,Jhalakati,2022-04-01,831.8187255859375,0.2307647466659546,0.3520231277907991,11.826187133789062,0.0352023127790799,0.8534788824019358,1,0
BGD,Khulna,Jhenaidah,2022-04-01,5390.6689453125,0.5388897061347961,0.5824429827793217,6.429171085357666,0.0913733516509464,1.139736962897341,1,0
BGD,Chattogram,Khagrachari,2022-04-01,2071.582763671875,0.1429027467966079,0.3022759411586735,5.995838642120361,0.0302275941158673,0.8105663017706752,0,0
BGD,Khulna,Khulna,2022-04-01,7058.7080078125,0.6852684617042542,0.5046886740653361,23.863399505615234,0.0508021087411097,2.57726048726856,1,0
BGD,Dhaka,Kishoreganj,2022-04-01,4671.13037109375,0.3561499416828155,0.1972263133378715,18.14161491394043,0.0197226313337871,1.1870130075191796,0,0
BGD,Rangpur,Kurigram,2022-04-01,4646.880859375,0.3963033556938171,0.5130905000585715,6.894008636474609,0.0010834876738191,1.072452611404957,0,0
BGD,Khulna,Kushtia,2022-04-01,7653.03662109375,0.9117023348808287,0.7317074137925885,24.61241340637207,0.231542626151853,2.1325841918894746,1,0
BGD,Chattogram,Lakshmipur,2022-04-01,2894.579833984375,0.4733038246631622,0.5579148605367321,6.152877807617188,0.0667670413765096,1.080506471677752,0,0
BGD,Rangpur,Lalmonirhat,2022-04-01,5673.17578125,0.8814089894294739,0.8058563535283131,5.287093162536621,0.2641397307952735,1.8845729103504447,0,0
BGD,Dhaka,Madaripur,2022-04-01,3395.73046875,0.6089777946472168,0.6114617385934327,8.898059844970703,0.0968697893669557,1.2948179354843412,1,0
BGD,Khulna,Magura,2022-04-01,2460.219970703125,0.4627245962619781,0.553617929076021,6.090750694274902,0.0703735033088151,1.009795667074747,1,0
BGD,Dhaka,Manikganj,2022-04-01,5067.64697265625,0.757055938243866,0.6918061750064676,13.036099433898926,0.0304381585075762,1.7553482119773467,0,0
BGD,Khulna,Meherpur,2022-04-01,2898.384521484375,0.7869865894317627,0.7100854406294922,5.111149311065674,0.4093098905986354,1.4314010493334923,1,0
BGD,Sylhet,Moulvibazar,2022-04-01,10077.5478515625,0.7292192578315735,0.7077279641210568,14.888545989990234,0.135595285955674,1.5022969577203646,0,0
BGD,Dhaka,Munshiganj,2022-04-01,6367.87060546875,1.4893814325332642,1.080244713112981,41.91716384887695,0.1408590950021828,3.99134672777985,0,0
BGD,Mymensingh,Mymensingh,2022-04-01,17146.013671875,0.7681721448898315,0.6417819283518257,21.51718521118164,0.103785407260385,1.8659585261962164,0,0
BGD,Rajshahi,Naogaon,2022-04-01,6871.84912109375,0.3896775841712951,0.5120468562729669,10.357177734375,0.0540662168187135,1.0396122692229297,0,0
BGD,Khulna,Narail,2022-04-01,1073.5169677734375,0.2154670804738998,0.3650835413458361,3.4580373764038086,0.0365083541345836,0.7689950282227618,1,0
BGD,Dhaka,Narayanganj,2022-04-01,18766.3125,5.192380428314209,2.9987712158020385,72.44316864013672,0.887832598235322,17.70297034852953,0,0
BGD,Dhaka,Narsingdi,2022-04-01,7542.5224609375,1.3088905811309814,0.946948362861076,35.568077087402344,0.2876368994217262,3.6816764686671815,0,0
BGD,Rajshahi,Natore,2022-04-01,5394.458984375,0.5522115230560303,0.5918043220760714,6.610136985778809,0.0817728272768974,1.233852802765579,0,0
BGD,Mymensingh,Netrakona,2022-04-01,3845.7978515625,0.2659006416797638,0.4034096793436718,9.45535373687744,0.0403409679343671,0.8126513308739944,0,0
BGD,Rangpur,Nilphamari,2022-04-01,6351.9970703125,0.7407224774360657,0.669466983342841,10.381064414978027,0.2229631687520064,1.4829372769774332,0,0
BGD,Chattogram,Noakhali,2022-04-01,6370.43994140625,0.5120627880096436,0.563441043524318,8.451042175292969,0.0643912927587995,1.2414457369282812,0,0
BGD,Rajshahi,Pabna,2022-04-01,10472.4375,0.8612856864929199,0.6645594859263321,75.85133361816406,0.0137618310594352,2.1274219504651906,0,0
BGD,Rangpur,Panchagarh,2022-04-01,6137.0302734375,0.8652667999267578,0.7814924591645745,7.9325714111328125,0.2729676544755965,1.74342538798314,0,0
BGD,Chattogram,Parbattya Chattagram,2022-04-01,1360.072265625,0.0465760231018066,0.265633960305435,6.262960433959961,0.0265633960305434,0.5242826523548212,0,0
BGD,Barishal,Patuakhali,2022-04-01,2897.940185546875,0.2513978481292724,0.3165382474471309,42.022457122802734,0.031653824744713,0.9049649975198188,1,0
BGD,Barishal,Pirojpur,2022-04-01,877.8314819335938,0.1486882716417312,0.3110892168050084,5.128374099731445,0.0311089216805008,0.7255367615030415,1,0
BGD,Dhaka,Rajbari,2022-04-01,3288.867431640625,0.5912393927574158,0.6108887387885668,7.16192626953125,0.0372969843925218,1.2395001098280127,1,0
BGD,Rajshahi,Rajshahi,2022-04-01,10361.9501953125,0.8443740606307983,0.6025765675715133,58.16822814941406,0.1109369320684202,1.7597531328227558,0,0
BGD,Rangpur,Rangpur,2022-04-01,10685.953125,0.8935677409172058,0.7230260084639871,17.199676513671875,0.4822973339894398,1.6732692436881984,0,0
BGD,Khulna,Satkhira,2022-04-01,4096.4248046875,0.3585652112960815,0.4651647654718639,5.825748920440674,0.0465164765471863,1.055241602921012,1,0
BGD,Dhaka,Shariatpur,2022-04-01,3031.565185546875,0.5513791441917419,0.5908358629829317,14.294881820678713,0.0816355094007524,1.0865163548157224,1,0
BGD,Mymensingh,Sherpur,2022-04-01,4016.046875,0.5889983773231506,0.5961713254606551,12.866622924804688,0.0912198662518694,1.2371199961561672,0,0
BGD,Rajshahi,Sirajganj,2022-04-01,6983.57421875,0.5451518893241882,0.553398046143927,42.18063735961914,0.0134272108342096,1.4269303001619185,0,0
BGD,Sylhet,Sunamganj,2022-04-01,4451.18701171875,0.2349544912576675,0.3673678521406557,11.636354446411133,0.0367367852140655,0.7977263365741075,0,0
BGD,Sylhet,Sylhet,2022-04-01,16518.623046875,0.937213122844696,0.6590329095005576,189.03643798828125,0.1072015979991171,2.408240904660287,0,0
BGD,Dhaka,Tangail,2022-04-01,12887.408203125,0.747974157333374,0.6795008012609587,21.97788619995117,0.1107926474863851,1.7115349257042785,0,0
BGD,Rangpur,Thakurgaon,2022-04-01,7186.32470703125,0.7642902135848999,0.724171199386331,11.785463333129885,0.3262341341482018,1.252215135624711,0,0
BGD,Khulna,Bagerhat,2022-05-01,7616.82275390625,0.754065215587616,0.605957981144162,75.27230834960938,0.0380542237954886,1.820340642638733,1,0
BGD,Chattogram,Bandarban,2022-05-01,2412.71923828125,0.1043034046888351,0.2886704965868507,6.975810050964356,0.028867049658685,0.7147479965634064,0,0
BGD,Barishal,Barguna,2022-05-01,1698.973388671875,0.2687136232852936,0.3986740508029801,12.321871757507324,0.039867405080298,0.7506565530607467,1,0
BGD,Barishal,Barisal,2022-05-01,5349.18310546875,0.4888529777526855,0.4560521818200129,20.08367919921875,0.0456052181820012,1.4975489291596449,1,0
BGD,Barishal,Bhola,2022-05-01,2799.466796875,0.3194760680198669,0.3907349957444817,45.203861236572266,0.0390734995744481,0.9209483853777848,1,0
BGD,Rajshahi,Bogura,2022-05-01,9625.8173828125,0.6404163241386414,0.5857045712335771,13.014305114746094,0.0596597926858931,1.842162266900288,0,0
BGD,Chattogram,Brahmanbaria,2022-05-01,11928.56640625,1.2307897806167605,0.9015990126026864,22.53304100036621,0.2430812241772078,3.073291984883987,0,0
BGD,Chattogram,Chandpur,2022-05-01,5677.13818359375,0.7636713981628418,0.687014600701626,14.328817367553713,0.162790258556155,1.546287202102899,0,0
BGD,Rajshahi,Chapainawabganj,2022-05-01,5675.75634765625,0.6384474635124207,0.6222389274485067,6.835431098937988,0.1411077564224871,1.3065680351762037,0,0
BGD,Chattogram,Chittagong,2022-05-01,40871.8828125,1.88894784450531,0.7934170360969706,142.95372009277344,0.0641979509939991,7.089473804117162,0,0
BGD,Khulna,Chuadanga,2022-05-01,3768.31201171875,0.6460508108139038,0.6595135020821373,9.186027526855469,0.1108404250933772,1.318453362547555,1,0
BGD,Chattogram,Cox's Bazar,2022-05-01,7991.70263671875,0.7738458514213562,0.5277380605248373,26.46864128112793,0.0200666401668619,2.97376808871306,0,0
BGD,Chattogram,Cumilla,2022-05-01,23164.748046875,1.48209547996521,1.017798944718732,47.90292739868164,0.6313709854695714,3.9195375134496175,0,0
BGD,Dhaka,Dhaka,2022-05-01,49072.44140625,6.645925045013428,2.2290253373096647,221.5000915527344,0.5541468732414637,28.30076532604441,0,0
BGD,Rangpur,Dinajpur,2022-05-01,13805.8857421875,0.7730779647827148,0.6803968865017328,13.352477073669434,0.5021977226725847,1.3434850433413752,0,0
BGD,Dhaka,Faridpur,2022-05-01,7796.5771484375,0.7943738698959351,0.7150027613331673,45.397560119628906,0.0913752864399209,1.744746801377809,1,0
BGD,Chattogram,Feni,2022-05-01,6454.123046875,1.431248664855957,0.9865566466244104,25.437545776367188,0.5875106716533228,3.985547443436316,0,0
BGD,Rangpur,Gaibandha,2022-05-01,5757.64599609375,0.5139734745025635,0.5796532950823765,10.38904857635498,0.0806648021889256,1.0948950367417782,0,0
BGD,Dhaka,Gazipur,2022-05-01,27318.212890625,3.030248641967773,1.8317522205502432,22.789928436279297,0.8249702538413,9.242132521076629,0,0
BGD,Dhaka,Gopalganj,2022-05-01,4171.24462890625,0.5625753998756409,0.5702486826717937,15.512517929077148,0.0684490459145973,1.3274309177115364,1,0
BGD,Sylhet,Habiganj,2022-05-01,10150.9755859375,0.7669119834899902,0.6374526456848401,130.5015869140625,0.0900524968853114,1.692422271485086,0,0
BGD,Rajshahi,Jaipurhat,2022-05-01,3635.1220703125,0.7290540933609009,0.6704701451253913,6.330090045928955,0.3592798802940142,1.2906110622250635,0,0
BGD,Mymensingh,Jamalpur,2022-05-01,6382.046875,0.6036759614944458,0.6151621137905752,11.144046783447266,0.1047239907082739,1.2098019655290704,0,0
BGD,Khulna,Jashore,2022-05-01,12618.48828125,0.9596922397613524,0.8026822246040373,27.710542678833008,0.2527430836345811,2.0304066525837103,1,0
BGD,Barishal,Jhalakati,2022-05-01,1537.9541015625,0.4266621768474579,0.5044468171257364,19.70668601989746,0.0522522293330691,1.0306648528407991,1,0
BGD,Khulna,Jhenaidah,2022-05-01,6302.95751953125,0.6300885677337646,0.6463280840885923,6.4583821296691895,0.102321375661992,1.27176724488722,1,0
BGD,Chattogram,Khagrachari,2022-05-01,3061.019775390625,0.2111564874649047,0.2208169542093808,9.795806884765623,0.022081695420938,1.0253854779711074,0,0
BGD,Khulna,Khulna,2022-05-01,10537.6435546875,1.0230079889297483,0.6281895854463367,46.629581451416016,0.072756620512266,3.646726883833898,1,0
BGD,Dhaka,Kishoreganj,2022-05-01,8563.060546875,0.6528897881507874,0.636349994979981,13.052730560302734,0.0491837787739794,1.4992020148656473,0,0
BGD,Rangpur,Kurigram,2022-05-01,4905.72705078125,0.4183787107467651,0.5355680206994792,5.41428279876709,0.0610467309057256,0.9845067364695724,0,0
BGD,Khulna,Kushtia,2022-05-01,8830.4375,1.0526942014694214,0.8050963683032002,21.13339233398437,0.13297509827231,2.835207564490346,1,0
BGD,Chattogram,Lakshmipur,2022-05-01,3734.427490234375,0.6106305122375488,0.6234854863849908,7.04878044128418,0.1045819879593181,1.1715517496935486,0,0
BGD,Rangpur,Lalmonirhat,2022-05-01,5285.5205078125,0.8211812376976013,0.7561325871173402,6.498270511627197,0.3755970668395119,1.5609119230531194,0,0
BGD,Dhaka,Madaripur,2022-05-01,2108.534912109375,0.378106415271759,0.452460067245677,11.103645324707031,0.0452460067245677,1.119041586650489,1,0
BGD,Khulna,Magura,2022-05-01,3515.091064453125,0.661127507686615,0.6760334683629222,7.838870048522949,0.1124838255194804,1.2059196672466526,1,0
BGD,Dhaka,Manikganj,2022-05-01,5583.673828125,0.834145188331604,0.7580269095030588,13.06938362121582,0.1115053006034521,1.8398343561477848,0,0
BGD,Khulna,Meherpur,2022-05-01,2599.388427734375,0.7058013677597046,0.6889324291707609,4.236414432525635,0.1583198161430475,1.4104982357413758,1,0
BGD,Sylhet,Moulvibazar,2022-05-01,8080.40283203125,0.5847042798995972,0.6022918527923605,17.85009765625,0.1011981251926902,1.1703065109932274,0,0
BGD,Dhaka,Munshiganj,2022-05-01,6342.16552734375,1.48336923122406,1.012254320040442,30.846174240112305,0.2142165565038191,4.177812152557301,0,0
BGD,Mymensingh,Mymensingh,2022-05-01,21429.78515625,0.9600927829742432,0.741186059449986,27.104162216186523,0.3682815144452539,1.9874562004565488,0,0
BGD,Rajshahi,Naogaon,2022-05-01,8700.8603515625,0.4933941662311554,0.553661396021092,5.998530387878418,0.086877591235241,1.0314070860236206,0,0
BGD,Khulna,Narail,2022-05-01,2974.72021484375,0.5970602035522461,0.6384325547270182,4.86712121963501,0.1101382834020017,1.1139271567051032,1,0
BGD,Dhaka,Narayanganj,2022-05-01,18897.3984375,5.228650093078613,3.156185304978692,67.43838500976562,1.2004470237281348,16.402899978518388,0,0
BGD,Dhaka,Narsingdi,2022-05-01,9162.0087890625,1.5899279117584229,1.0598583854717576,66.50554656982422,0.5730173332141009,4.091745812348792,0,0
BGD,Rajshahi,Natore,2022-05-01,6869.86376953125,0.7032434344291687,0.6713692403476252,6.307069778442383,0.1517373600495285,1.4194891706022172,0,0
BGD,Mymensingh,Netrakona,2022-05-01,4748.39013671875,0.3283063769340515,0.4731049472477102,8.420135498046875,0.047310494724771,0.8515580875688699,0,0
BGD,Rangpur,Nilphamari,2022-05-01,6081.43212890625,0.7091712355613708,0.6298090399965752,9.204169273376465,0.2661161009182983,1.373525685275633,0,0
BGD,Chattogram,Noakhali,2022-05-01,8512.70703125,0.684270441532135,0.6554424763068233,13.00310230255127,0.0257653256122538,1.906397256805549,0,0
BGD,Rajshahi,Pabna,2022-05-01,13665.5810546875,1.1239172220230105,0.7829796761307107,48.20204925537109,0.1062100044200814,3.202114326963,0,0
BGD,Rangpur,Panchagarh,2022-05-01,5665.0078125,0.7987158298492432,0.7024457280494489,8.676755905151367,0.5290789190820714,1.4280578887688613,0,0
BGD,Chattogram,Parbattya Chattagram,2022-05-01,3091.077880859375,0.1058692559599876,0.0285555984376963,6.167439937591553,0.0028555598437696,0.7600444321000238,0,0
BGD,Barishal,Patuakhali,2022-05-01,4330.94140625,0.375711441040039,0.3774002837214712,62.6581916809082,0.0377400283721471,0.9760336724742456,1,0
BGD,Barishal,Pirojpur,2022-05-01,1707.81201171875,0.2892714738845825,0.4212031068608735,5.6418776512146,0.0421203106860873,0.7908620378760339,1,0
BGD,Dhaka,Rajbari,2022-05-01,4163.681640625,0.7485491633415222,0.7194275164500961,7.339970111846924,0.0642657162318579,1.4887804522484165,1,0
BGD,Rajshahi,Rajshahi,2022-05-01,10511.25,0.8565402030944824,0.6116146903566931,57.600616455078125,0.1118002942252153,1.7803499914880183,0,0
BGD,Rangpur,Rangpur,2022-05-01,10445.6748046875,0.8734754920005798,0.6900098793581705,21.543500900268555,0.503689076050589,1.6220334545820094,0,0
BGD,Khulna,Satkhira,2022-05-01,6399.83203125,0.5601853728294373,0.6037994555278391,8.193564414978027,0.0749392943366977,1.2635281513080672,1,0
BGD,Dhaka,Shariatpur,2022-05-01,2686.682373046875,0.4886274635791778,0.5639339282055928,14.024218559265137,0.0605060877733633,1.087140616666057,1,0
BGD,Mymensingh,Sherpur,2022-05-01,5427.7724609375,0.7960438132286072,0.6973828899680095,16.921030044555664,0.5055442167302923,1.3320937510080504,0,0
BGD,Rajshahi,Sirajganj,2022-05-01,7482.142578125,0.584071159362793,0.5598503021200111,33.0970573425293,0.0277401641200872,1.5220383310630443,0,0
BGD,Sylhet,Sunamganj,2022-05-01,3675.943115234375,0.1940334886312484,0.2057504496599585,17.036569595336914,0.0205750449659958,0.7626990168301417,0,0
BGD,Sylhet,Sylhet,2022-05-01,13869.5615234375,0.7869139909744263,0.5922027756032746,141.68223571777344,0.083617794423876,2.1310742878637035,0,0
BGD,Dhaka,Tangail,2022-05-01,16453.70703125,0.9549591541290284,0.8008931951695112,26.84165382385254,0.1479769075341113,2.1855567477852564,0,0
BGD,Rangpur,Thakurgaon,2022-05-01,6899.458984375,0.733781099319458,0.6635731601019567,13.097386360168455,0.5052146351159454,1.157360302110136,0,0
BGD,Khulna,Bagerhat,2022-06-01,4039.404296875,0.399584412574768,0.3788679216423177,85.22572326660156,0.0378867921642317,1.0354188289123094,1,0
BGD,Chattogram,Bandarban,2022-06-01,1246.9588623046875,0.0539903007447719,0.2664616740609929,8.563437461853027,0.0266461674060993,0.5328316082633663,0,0
BGD,Barishal,Barguna,2022-06-01,681.279541015625,0.1077527776360511,0.2858892057371401,21.01709747314453,0.028588920573714,0.585269572436035,1,0
BGD,Barishal,Barisal,2022-06-01,3699.019287109375,0.3380913138389587,0.2338107800913448,19.527807235717773,0.0233810780091344,1.0446540359322103,1,0
BGD,Barishal,Bhola,2022-06-01,2063.659912109375,0.2366116642951965,0.1687744439180643,60.10493469238281,0.0168774443918064,0.8226347935496028,1,0
BGD,Rajshahi,Bogura,2022-06-01,10797.4931640625,0.7203009724617004,0.573278426651018,14.620393753051758,0.0724324153910832,2.6219249952696906,0,0
BGD,Chattogram,Brahmanbaria,2022-06-01,10310.78125,1.0638666152954102,0.8016706753893258,15.981955528259276,0.2093845462084119,2.61551339695196,0,0
BGD,Chattogram,Chandpur,2022-06-01,3929.31591796875,0.5285704731941223,0.5673862679662695,11.699049949645996,0.0392781374754488,1.0272271681915035,0,0
BGD,Rajshahi,Chapainawabganj,2022-06-01,2779.709716796875,0.3128212988376617,0.407179811334546,15.069376945495604,0.0407179811334546,1.0302627870273966,0,0
BGD,Chattogram,Chittagong,2022-06-01,35533.03515625,1.6422817707061768,0.6693446481802031,286.8111877441406,0.0783203261702855,5.465830197962177,0,0
BGD,Khulna,Chuadanga,2022-06-01,3400.3310546875,0.5829630494117737,0.5986246977902222,8.356657028198242,0.1087990386357915,1.0997073655805385,1,0
BGD,Chattogram,Cox's Bazar,2022-06-01,5696.00830078125,0.5542517900466919,0.1531890601624541,36.648536682128906,0.0153189060162454,2.0828482491617653,0,0
BGD,Chattogram,Cumilla,2022-06-01,20496.048828125,1.3113503456115725,0.8580491432249023,47.30134582519531,0.5294546721809027,3.6409759423424393,0,0
BGD,Dhaka,Dhaka,2022-06-01,52401.828125,7.096827030181885,1.943489739022716,154.14886474609375,0.6010676597098509,32.266602290432544,0,0
BGD,Rangpur,Dinajpur,2022-06-01,9090.771484375,0.50922030210495,0.5469743972318544,31.199737548828125,0.0702534228734406,1.183257104936571,0,0
BGD,Dhaka,Faridpur,2022-06-01,6147.720703125,0.6265200972557068,0.6175427618226808,17.380382537841797,0.1008619557396017,1.3954280806597532,1,0
BGD,Chattogram,Feni,2022-06-01,5279.41845703125,1.1707494258880615,0.8117198502061173,15.561044692993164,0.4939487275720847,3.406768335571112,0,0
BGD,Rangpur,Gaibandha,2022-06-01,4099.43798828125,0.3778964579105377,0.5062961713778708,10.23242473602295,0.0517666131796598,0.9234628497928332,0,0
BGD,Dhaka,Gazipur,2022-06-01,28351.8984375,3.144909381866455,1.4843942455913897,69.67898559570312,0.5948988319022656,11.275426160405374,0,0
BGD,Dhaka,Gopalganj,2022-06-01,3748.505126953125,0.505560576915741,0.548724176105133,12.969515800476074,0.0655277576544288,1.081389511313888,1,0
BGD,Sylhet,Habiganj,2022-06-01,10248.51953125,0.7818165421485901,0.5788272583270415,48.7647705078125,0.0652263481786818,2.5135683199885244,0,0
BGD,Rajshahi,Jaipurhat,2022-06-01,2517.616943359375,0.5049291253089905,0.5522745956549111,8.674077987670898,0.0779937996013216,1.0526213868784324,0,0
BGD,Mymensingh,Jamalpur,2022-06-01,3842.791015625,0.3674180209636688,0.5006768326862071,12.828802108764648,0.0501926587845268,0.905875402462308,0,0
BGD,Khulna,Jashore,2022-06-01,8365.4345703125,0.6362285614013672,0.5888277857078105,24.47607040405273,0.0871305402007682,1.4218797853588745,1,0
BGD,Barishal,Jhalakati,2022-06-01,966.2351684570312,0.2680548131465912,0.3627847127896705,18.84911727905273,0.036278471278967,0.8492972776265847,1,0
BGD,Khulna,Jhenaidah,2022-06-01,4490.39306640625,0.4488916993141174,0.5393640839856486,12.845290184020996,0.067184944851731,1.0296567009433173,1,0
BGD,Chattogram,Khagrachari,2022-06-01,1697.221435546875,0.1170784085988998,0.2968656131097361,5.745660305023193,0.0296865613109736,0.66719929438528,0,0
BGD,Khulna,Khulna,2022-06-01,6520.4326171875,0.6331822276115417,0.4489602623390611,40.36286544799805,0.0448960262339061,2.553744471426774,1,0
BGD,Dhaka,Kishoreganj,2022-06-01,5895.51806640625,0.4497433006763458,0.5112778755144236,9.218047142028809,0.047073863240789,1.168116122973729,0,0
BGD,Rangpur,Kurigram,2022-06-01,4516.38916015625,0.3864323198795318,0.4944548539792519,8.341340065002441,0.0494454853979252,1.0619600145510737,0,0
BGD,Khulna,Kushtia,2022-06-01,6200.00732421875,0.7386749982833862,0.65860940044965,14.771450996398926,0.1375534802389363,1.7466064967125794,1,0
BGD,Chattogram,Lakshmipur,2022-06-01,1836.602783203125,0.3007592260837555,0.4369131892373356,5.717099666595459,0.0436913189237335,0.8539841456882066,0,0
BGD,Rangpur,Lalmonirhat,2022-06-01,5097.3720703125,0.7919908165931702,0.6657403532732942,14.915910720825195,0.1348579734750213,2.2439029523441327,0,0
BGD,Dhaka,Madaripur,2022-06-01,2750.906982421875,0.4932093024253845,0.5498677123109003,8.39742660522461,0.0654177649081926,1.2243387828214054,1,0
BGD,Khulna,Magura,2022-06-01,1773.7685546875,0.3336150348186493,0.4842221981914801,10.507994651794434,0.048422219819148,0.8119202910939253,1,0
BGD,Dhaka,Manikganj,2022-06-01,5035.400390625,0.7522386312484741,0.6608998089646223,17.371530532836914,0.1343968966054949,1.8205338415857724,0,0
BGD,Khulna,Meherpur,2022-06-01,2529.100341796875,0.6867163181304932,0.6543453627540051,4.432190895080566,0.2314907029673716,1.2358784598628436,1,0
BGD,Sylhet,Moulvibazar,2022-06-01,7130.6884765625,0.5569495558738708,0.5725570322565202,16.096101760864258,0.0346060381554514,1.3225727727395338,0,0
BGD,Dhaka,Munshiganj,2022-06-01,7562.19921875,1.7687230110168457,1.0010712685944252,50.78452682495117,0.3866117118595197,5.598548671632488,0,0
BGD,Mymensingh,Mymensingh,2022-06-01,18140.4765625,0.8127623200416565,0.6436911366423804,31.30701446533203,0.0273614804499244,2.0560992782880505,0,0
BGD,Rajshahi,Naogaon,2022-06-01,4491.0263671875,0.2546842098236084,0.379552356457846,6.624382019042969,0.0379552356457846,0.8397708719479576,0,0
BGD,Khulna,Narail,2022-06-01,1690.0771484375,0.339217722415924,0.5041573623472815,4.062767505645752,0.0514558209108598,0.8043973758634603,1,0
BGD,Dhaka,Narayanganj,2022-06-01,20578.3046875,5.6937336921691895,2.748281046266762,93.69436645507812,0.8180212739263452,19.73248136909177,0,0
BGD,Dhaka,Narsingdi,2022-06-01,9049.1591796875,1.5703445672988892,0.8371363454481316,69.67898559570312,0.5458063647420549,5.256984331898169,0,0
BGD,Rajshahi,Natore,2022-06-01,4208.39990234375,0.4307988882064819,0.5274201658347221,6.443415641784668,0.0605268580441493,1.0496949656512278,0,0
BGD,Mymensingh,Netrakona,2022-06-01,3370.546630859375,0.2400154769420623,0.1448137218790643,9.40277862548828,0.0144813721879064,0.9827088964861664,0,0
BGD,Rangpur,Nilphamari,2022-06-01,4816.869140625,0.5623631477355957,0.5645028703337558,10.287824630737305,0.080204969226288,1.4153053016139026,0,0
BGD,Chattogram,Noakhali,2022-06-01,5290.248046875,0.4262144267559051,0.4884829715731072,9.013508796691896,0.0488482971573107,1.2064455681876964,0,0
BGD,Rajshahi,Pabna,2022-06-01,8645.322265625,0.7110291719436646,0.5730883050067166,34.46935272216797,0.0749793113154997,2.242488944864679,0,0
BGD,Rangpur,Panchagarh,2022-06-01,5051.28955078125,0.7144767642021179,0.6051627972077213,8.539716720581055,0.1068501523310126,2.3282696057090275,0,0
BGD,Chattogram,Parbattya Chattagram,2022-06-01,1226.92919921875,0.0420900136232376,0.0052884144039221,5.931761264801025,0.0005288414403922,0.5078142953554267,0,0
BGD,Barishal,Patuakhali,2022-06-01,2646.522705078125,0.2296927273273468,0.2969704556823018,61.26602554321289,0.0296970455682301,0.7799561260883693,1,0
BGD,Barishal,Pirojpur,2022-06-01,757.7691650390625,0.1283519566059112,0.3001251738690704,5.534643173217773,0.030012517386907,0.6463599555604673,1,0
BGD,Dhaka,Rajbari,2022-06-01,2262.186767578125,0.4066730737686157,0.5258639009521531,9.89284324645996,0.0575120185693643,0.9466839192550612,1,0
BGD,Rajshahi,Rajshahi,2022-06-01,8395.009765625,0.6840921640396118,0.5290509090161881,71.54063415527344,0.0611907550626944,1.4691530025453623,0,0
BGD,Rangpur,Rangpur,2022-06-01,9618.4306640625,0.8043006658554077,0.6191495304703384,25.88496208190918,0.122976171140207,2.3431888511911927,0,0
BGD,Khulna,Satkhira,2022-06-01,2637.924072265625,0.2309412360191345,0.3604124510222929,5.354716300964356,0.0360412451022292,0.859151486074754,1,0
BGD,Dhaka,Shariatpur,2022-06-01,2335.49072265625,0.424844354391098,0.5234151375241091,12.566571235656738,0.0569776500454745,0.9972366885479584,1,0
BGD,Mymensingh,Sherpur,2022-06-01,3075.195068359375,0.4510118961334228,0.5298818235724042,17.286911010742188,0.0631298228603863,1.0017735275800523,0,0
BGD,Rajshahi,Sirajganj,2022-06-01,8272.4736328125,0.6469274759292603,0.5673245956979839,35.11389923095703,0.0650341733058966,2.1810595624380227,0,0
BGD,Sylhet,Sunamganj,2022-06-01,3063.81640625,0.1777240186929702,0.0422898494978111,13.217850685119627,0.0042289849497811,0.7772925250841913,0,0
BGD,Sylhet,Sylhet,2022-06-01,8390.6416015625,0.6853389143943787,0.5612429801547408,51.50912094116211,0.0517753546066102,2.385428888759213,0,0
BGD,Dhaka,Tangail,2022-06-01,13891.4892578125,0.8075156211853027,0.6457430980026333,23.001802444458008,0.1348204116291712,2.1669393881208987,0,0
BGD,Rangpur,Thakurgaon,2022-06-01,4590.359375,0.4967416822910309,0.5545258806399828,16.40353012084961,0.0738609068703523,0.992375775871438,0,0
BGD,Khulna,Bagerhat,2022-07-01,3181.975341796875,0.316303551197052,0.2081792467691817,122.7909927368164,0.0208179246769181,1.0281351185586534,1,1
BGD,Chattogram,Bandarban,2022-07-01,1307.1109619140625,0.0565096884965896,0.2691052218330176,8.014986991882324,0.0269105221833017,0.5598190490234829,0,1
BGD,Barishal,Barguna,2022-07-01,1103.53759765625,0.1745657324790954,0.1323204275919048,27.826601028442383,0.0132320427591904,0.7892167199757546,1,1
BGD,Barishal,Barisal,2022-07-01,3160.916015625,0.2891368865966797,0.07141281453758,15.055008888244627,0.0071412814537579,1.240258917661066,1,1
BGD,Barishal,Bhola,2022-07-01,2608.660400390625,0.2993899881839752,0.0693248992509009,74.40589904785156,0.00693248992509,1.0490204874491238,1,1
BGD,Rajshahi,Bogura,2022-07-01,4660.2880859375,0.3100541532039642,0.3349578633379001,14.153253555297852,0.03349578633379,1.3479549208113497,0,1
BGD,Chattogram,Brahmanbaria,2022-07-01,8019.341796875,0.8297474384307861,0.6051664920112425,38.485477447509766,0.039787964219055,2.898685042039207,0,1
BGD,Chattogram,Chandpur,2022-07-01,2212.039306640625,0.2980085909366607,0.1542504462303812,21.339963912963867,0.0154250446230381,1.086651141061162,0,1
BGD,Rajshahi,Chapainawabganj,2022-07-01,2323.76123046875,0.2613923847675323,0.3633569812711984,10.519147872924805,0.0363356981271198,0.9636340287333536,0,1
BGD,Chattogram,Chittagong,2022-07-01,32566.826171875,1.5052142143249512,0.56908831238627,206.42901611328125,0.0576407550968534,5.777850988221538,0,1
BGD,Khulna,Chuadanga,2022-07-01,1291.4818115234375,0.221415564417839,0.3201355628815727,11.589455604553224,0.0320135562881572,0.9701622353899886,1,1
BGD,Chattogram,Cox's Bazar,2022-07-01,5036.4609375,0.4888455271720886,0.1245155890791257,27.93201446533203,0.0124515589079125,1.7688183905612629,0,1
BGD,Chattogram,Cumilla,2022-07-01,12418.822265625,0.7945642471313477,0.5722690240035925,43.87803649902344,0.0562436059552289,2.8834893873461467,0,1
BGD,Dhaka,Dhaka,2022-07-01,59777.61328125,8.122142791748047,1.2352084198401074,1602.031494140625,0.0579642486495938,36.2292570901679,0,1
BGD,Rangpur,Dinajpur,2022-07-01,7143.41259765625,0.4000043869018554,0.4762710235412584,13.78730010986328,0.0476271023541258,1.0866731240676988,0,1
BGD,Dhaka,Faridpur,2022-07-01,2804.954833984375,0.2864258289337158,0.2178503102491548,63.5472526550293,0.0217850310249154,0.963130172071286,1,1
BGD,Chattogram,Feni,2022-07-01,3930.255615234375,0.8715627193450928,0.7094330562943975,31.006160736083984,0.094742912298921,2.5080729534969426,0,1
BGD,Rangpur,Gaibandha,2022-07-01,1675.4381103515625,0.1495629847049713,0.3146940368576194,6.875908374786377,0.0314694036857619,0.7021440970766362,0,1
BGD,Dhaka,Gazipur,2022-07-01,20512.58203125,2.2753400802612305,0.908061585621342,50.05790710449219,0.2197787071176146,9.608643771620605,0,1
BGD,Dhaka,Gopalganj,2022-07-01,1372.8316650390625,0.1851536780595779,0.2927708788255084,20.22453689575196,0.0292770878825508,0.8022227850675802,1,1
BGD,Sylhet,Habiganj,2022-07-01,10592.4755859375,0.800408661365509,0.5864497531486347,83.1030044555664,0.0645569366653218,2.3331363509141614,0,1
BGD,Rajshahi,Jaipurhat,2022-07-01,1734.32177734375,0.3478327095508575,0.4235813954023044,8.22560977935791,0.0423581395402304,1.1078583655575684,0,1
BGD,Mymensingh,Jamalpur,2022-07-01,1883.6142578125,0.1781705170869827,0.3111744855280187,9.8004150390625,0.0311174485528018,0.7677527198266738,0,1
BGD,Khulna,Jashore,2022-07-01,5443.08056640625,0.4139705300331115,0.3494590250683994,19.689266204833984,0.0349459025068399,1.6835737719703383,1,1
BGD,Barishal,Jhalakati,2022-07-01,729.6627197265625,0.2024244219064712,0.2171846797713624,8.746192932128906,0.0217184679771362,0.9094755423067374,1,1
BGD,Khulna,Jhenaidah,2022-07-01,1582.58642578125,0.1582066267728805,0.2965081091821887,26.231523513793945,0.0296508109182188,0.8479576626573478,1,1
BGD,Chattogram,Khagrachari,2022-07-01,1689.2764892578125,0.1165544688701629,0.2968565920162367,5.724043369293213,0.0296856592016236,0.7174108460249754,0,1
BGD,Khulna,Khulna,2022-07-01,6276.669921875,0.6101104021072388,0.1742306929288082,25.225440979003903,0.0174230692928808,3.361559414634395,1,1
BGD,Dhaka,Kishoreganj,2022-07-01,5369.521484375,0.4109863638877868,0.2134855885421494,17.44109535217285,0.0213485588542149,1.1843703193300994,0,1
BGD,Rangpur,Kurigram,2022-07-01,2925.046142578125,0.2494588494300842,0.3539711031880959,9.73060417175293,0.0353971103188096,0.8589473730373793,0,1
BGD,Khulna,Kushtia,2022-07-01,3613.233642578125,0.4304426610469818,0.3387356696395547,66.33956909179688,0.0338735669639554,1.5727251879079622,1,1
BGD,Chattogram,Lakshmipur,2022-07-01,2415.126220703125,0.3952330946922302,0.1951402569779714,8.586699485778809,0.0195140256977971,1.2592048202002115,0,1
BGD,Rangpur,Lalmonirhat,2022-07-01,3774.763427734375,0.5864635109901428,0.6208914255034631,12.084049224853516,0.0692533495855288,1.3686386822223635,0,1
BGD,Dhaka,Madaripur,2022-07-01,1848.69140625,0.33267343044281,0.3632054782197508,10.453585624694824,0.036320547821975,1.264538353054433,1,1
BGD,Khulna,Magura,2022-07-01,431.9939880371094,0.0812505558133125,0.2724590256767552,7.605680465698242,0.0272459025676755,0.6064740259602358,1,1
BGD,Dhaka,Manikganj,2022-07-01,2640.6201171875,0.394788920879364,0.362130641404258,27.612876892089844,0.0362130641404258,1.3499146636379429,0,1
BGD,Khulna,Meherpur,2022-07-01,916.34326171875,0.2488109618425369,0.3339667746225701,8.699698448181152,0.033396677462257,1.0863724404970443,1,1
BGD,Sylhet,Moulvibazar,2022-07-01,7894.82861328125,0.5713586807250977,0.5983495912922793,12.677141189575195,0.0800519390710053,1.2105052145620678,0,1
BGD,Dhaka,Munshiganj,2022-07-01,6132.4501953125,1.4392963647842407,0.6429250443509152,66.0425796508789,0.0594716153067936,5.892460502947369,0,1
BGD,Mymensingh,Mymensingh,2022-07-01,17358.25390625,0.7777157425880432,0.6418859134818264,32.49576187133789,0.0662660990097787,2.04588100473316,0,1
BGD,Rajshahi,Naogaon,2022-07-01,2713.26171875,0.1538592129945755,0.3060282439535161,8.35889720916748,0.0306028243953516,0.7871779035488488,0,1
BGD,Khulna,Narail,2022-07-01,600.8952026367188,0.1206065118312835,0.2944192983639782,3.598740577697754,0.0294419298363978,0.7517572063408878,1,1
BGD,Dhaka,Narayanganj,2022-07-01,24564.34765625,6.796617031097412,4.040655176094895,99.65904998779295,0.3289769759905531,22.57651016547687,0,1
BGD,Dhaka,Narsingdi,2022-07-01,8007.9033203125,1.3896504640579224,0.7222437377189795,43.0031852722168,0.0781225563688194,5.477026902330599,0,1
BGD,Rajshahi,Natore,2022-07-01,2147.927001953125,0.2198756337165832,0.322024898194774,19.994112014770508,0.0322024898194774,0.947541477765408,0,1
BGD,Mymensingh,Netrakona,2022-07-01,5319.18798828125,0.3678479790687561,0.520173164048289,7.93480110168457,0.0568787381994791,0.7888185537525133,0,1
BGD,Rangpur,Nilphamari,2022-07-01,3724.34375,0.434305191040039,0.4978525492909024,23.75555419921875,0.0497852549290902,1.108450249658247,0,1
BGD,Chattogram,Noakhali,2022-07-01,6189.5830078125,0.4980483055114746,0.2833753338511598,8.717238426208496,0.0283375333851159,1.6774848657168977,0,1
BGD,Rajshahi,Pabna,2022-07-01,6099.35205078125,0.5016708374023438,0.3616516540543655,81.79696655273438,0.0361651654054365,1.5565416442526336,0,1
BGD,Rangpur,Panchagarh,2022-07-01,3073.41748046875,0.4333245754241943,0.5015547243829828,8.921494483947754,0.0502467805960159,1.255560214734068,0,1
BGD,Chattogram,Parbattya Chattagram,2022-07-01,2215.41162109375,0.0765436217188835,0.0544103676939991,4.35087251663208,0.0054410367693999,0.6693443842104568,0,1
BGD,Barishal,Patuakhali,2022-07-01,4007.010009765625,0.3477137684822082,0.0603833207437553,92.04351043701172,0.0060383320743755,1.019195077338228,1,1
BGD,Barishal,Pirojpur,2022-07-01,652.5288696289064,0.1105262115597724,0.1451422088988554,7.020277500152588,0.0145142208898855,0.7308088980915122,1,1
BGD,Dhaka,Rajbari,2022-07-01,1317.2808837890625,0.2368439584970474,0.3236098330945325,12.374938011169434,0.0323609833094532,0.9977598252303724,1,1
BGD,Rajshahi,Rajshahi,2022-07-01,5754.4833984375,0.4689210653305053,0.3191836352345081,72.32832336425781,0.0319183635234508,1.2292207855588653,0,1
BGD,Rangpur,Rangpur,2022-07-01,7002.4453125,0.5855499505996704,0.5371278929198401,23.81117820739746,0.0601696148045669,1.7662849477579734,0,1
BGD,Khulna,Satkhira,2022-07-01,1801.2867431640625,0.158026784658432,0.218280546363902,9.96155071258545,0.0218280546363902,0.8136775982096581,1,1
BGD,Dhaka,Shariatpur,2022-07-01,2021.85693359375,0.3708860874176025,0.3946776242382314,17.889921188354492,0.0394677624238231,1.210666131274438,1,1
BGD,Mymensingh,Sherpur,2022-07-01,1449.540283203125,0.2125913649797439,0.314930069522408,16.76886749267578,0.0314930069522408,0.814836871052818,0,1
BGD,Rajshahi,Sirajganj,2022-07-01,4604.6416015625,0.3594476282596588,0.3096183205126685,32.11382293701172,0.0309618320512668,1.2363210356798775,0,1
BGD,Sylhet,Sunamganj,2022-07-01,5357.69775390625,0.28289395570755,0.4289263425321841,12.315909385681152,0.0428926342532184,0.7413415763589621,0,1
BGD,Sylhet,Sylhet,2022-07-01,13119.4755859375,0.7443565130233765,0.593726830801705,49.21147155761719,0.0581300589538875,2.1289637063345985,0,1
BGD,Dhaka,Tangail,2022-07-01,8079.10888671875,0.468904584646225,0.4131881503596229,29.91001892089844,0.0413188150359623,1.2294948003458377,0,1
BGD,Rangpur,Thakurgaon,2022-07-01,3450.878173828125,0.3670127093791961,0.4594295639479519,17.109045028686523,0.0459429563947952,0.9778034646751582,0,1
BGD,Khulna,Bagerhat,2022-08-01,4839.4287109375,0.4788662195205688,0.4473679715008357,74.55892181396484,0.0447367971500835,0.9926888614067946,1,1
BGD,Chattogram,Bandarban,2022-08-01,1345.75634765625,0.0581779107451438,0.269676769863841,13.226595878601074,0.0269676769863841,0.5455606694769307,0,1
BGD,Barishal,Barguna,2022-08-01,1366.580322265625,0.2161421775817871,0.3338101708957877,36.817344665527344,0.0333810170895787,0.6649352037586778,1,1
BGD,Barishal,Barisal,2022-08-01,3322.1064453125,0.3036651015281677,0.2942179222556441,20.89640617370605,0.0294217922255644,1.056660757054002,1,1
BGD,Barishal,Bhola,2022-08-01,1966.3712158203125,0.2243643701076507,0.1705162195081835,23.0322380065918,0.0170516219508183,0.774602538593951,1,1
BGD,Rajshahi,Bogura,2022-08-01,9361.1552734375,0.6238456964492798,0.4339199604165453,22.86272621154785,0.0433919960416545,2.8500645026681863,0,1
BGD,Chattogram,Brahmanbaria,2022-08-01,3671.134521484375,0.3788021206855774,0.291137586891781,21.26677131652832,0.0291137586891781,1.2400346244511946,0,1
BGD,Chattogram,Chandpur,2022-08-01,2767.049072265625,0.3726212978363037,0.4987478009923744,10.869680404663086,0.0498747800992374,0.960209832236048,0,1
BGD,Rajshahi,Chapainawabganj,2022-08-01,2616.32177734375,0.2943015694618225,0.1212063345472873,13.59535026550293,0.0121206334547287,1.311857439575713,0,1
BGD,Chattogram,Chittagong,2022-08-01,28215.646484375,1.304023265838623,0.5197969505680543,281.2676086425781,0.0531808417480581,4.399541618545515,0,1
BGD,Khulna,Chuadanga,2022-08-01,2663.493896484375,0.4566374719142914,0.3640139634337638,13.920413970947266,0.0364013963433763,1.45500603448911,1,1
BGD,Chattogram,Cox's Bazar,2022-08-01,5560.21875,0.5389415621757507,0.1536376716230743,54.15665435791016,0.0153637671623074,1.758871342832145,0,1
BGD,Chattogram,Cumilla,2022-08-01,14285.390625,0.913988471031189,0.6958394761843828,25.0296688079834,0.1262885492388087,2.4866250388780777,0,1
BGD,Dhaka,Dhaka,2022-08-01,40506.20703125,5.486819267272949,1.3631877506608077,160.5876922607422,0.5102864974774829,24.338263032172403,0,1
BGD,Rangpur,Dinajpur,2022-08-01,3432.466796875,0.1922052949666977,0.3010399510148769,15.109949111938477,0.0301039951014876,0.9283479364592544,0,1
BGD,Dhaka,Faridpur,2022-08-01,4827.23779296875,0.4950616061687469,0.5239821609965626,26.57918167114257,0.0556846923281082,1.2437762554410057,1,1
BGD,Chattogram,Feni,2022-08-01,2701.730712890625,0.5991284251213074,0.5568474477076436,20.727123260498047,0.0645430884395357,1.5874891670336486,0,1
BGD,Rangpur,Gaibandha,2022-08-01,2668.327392578125,0.2384921014308929,0.345944698397465,15.611692428588867,0.0345944698397465,0.7670429313890255,0,1
BGD,Dhaka,Gazipur,2022-08-01,17686.990234375,1.961913824081421,0.9062597991391302,55.78976058959961,0.4094011054328728,7.305292762865065,0,1
BGD,Dhaka,Gopalganj,2022-08-01,3150.484375,0.4249055385589599,0.5156986461361907,22.612680435180664,0.0548824519818577,0.9811209185840344,1,1
BGD,Sylhet,Habiganj,2022-08-01,6008.0693359375,0.4539581537246704,0.3405922629604325,649.5161743164064,0.0340592262960432,1.1834760990123343,0,1
BGD,Rajshahi,Jaipurhat,2022-08-01,1893.8175048828125,0.3798209130764007,0.4385903076976937,12.176297187805176,0.0438590307697693,1.039133239536984,0,1
BGD,Mymensingh,Jamalpur,2022-08-01,2450.298095703125,0.2318970113992691,0.3341656569414623,17.140029907226562,0.0334165656941462,0.7870394270999801,0,1
BGD,Khulna,Jashore,2022-08-01,9272.9736328125,0.7052509784698486,0.5580599490624546,32.768760681152344,0.071771103901101,2.3763053884427165,1,1
BGD,Barishal,Jhalakati,2022-08-01,989.7337646484376,0.2745738327503204,0.405487282668121,9.253046035766602,0.0405487282668121,0.8291091335783193,1,1
BGD,Khulna,Jhenaidah,2022-08-01,3092.049072265625,0.3091032803058624,0.3703812854481319,24.14689064025879,0.0370381285448131,1.0006094679319264,1,1
BGD,Chattogram,Khagrachari,2022-08-01,896.40478515625,0.061836153268814,0.2712272806863641,8.027898788452148,0.0271227280686364,0.5818262242555305,0,1
BGD,Khulna,Khulna,2022-08-01,5947.71533203125,0.5774679183959961,0.4785759022500207,20.57187461853028,0.047857590225002,2.240242028963665,1,1
BGD,Dhaka,Kishoreganj,2022-08-01,1918.768310546875,0.1463262736797332,0.2507817282637309,11.775412559509276,0.025078172826373,0.7599725927251061,0,1
BGD,Rangpur,Kurigram,2022-08-01,1218.4766845703125,0.1041867733001709,0.2837260060092577,11.755008697509766,0.0283726006009257,0.6265593028475075,0,1
BGD,Khulna,Kushtia,2022-08-01,7147.82470703125,0.8516181111335754,0.550544109578169,66.77559661865234,0.0487731736882618,3.125857510868548,1,1
BGD,Chattogram,Lakshmipur,2022-08-01,2052.852294921875,0.3361173868179321,0.4530087436949143,10.508045196533203,0.0453008743694914,0.7930214477458329,0,1
BGD,Rangpur,Lalmonirhat,2022-08-01,1205.8343505859375,0.1873436123132705,0.3108853992591331,10.529104232788086,0.0310885399259133,0.9308736998801213,0,1
BGD,Dhaka,Madaripur,2022-08-01,3032.266845703125,0.544165313243866,0.5836343639526922,10.499704360961914,0.0734333743759272,1.2097029030149322,1,1
BGD,Khulna,Magura,2022-08-01,1238.105712890625,0.2328661531209945,0.3478895853262187,9.575841903686523,0.0347889585326218,0.784486702073528,1,1
BGD,Dhaka,Manikganj,2022-08-01,4155.3955078125,0.6225416660308838,0.5644220889371563,19.38817977905273,0.0290005966591555,1.970499318941932,0,1
BGD,Khulna,Meherpur,2022-08-01,2196.394775390625,0.5963781476020813,0.5681673485349205,8.636809349060059,0.0767814494660345,1.802420244262093,1,1
BGD,Sylhet,Moulvibazar,2022-08-01,3016.954833984375,0.2183250039815902,0.3452751315126403,11.846261024475098,0.034527513151264,0.8611308911025118,0,1
BGD,Dhaka,Munshiganj,2022-08-01,5858.4267578125,1.370227575302124,0.8651891513249255,50.48385620117188,0.2195544444518364,4.009287742870384,0,1
BGD,Mymensingh,Mymensingh,2022-08-01,10805.05078125,0.4840856492519378,0.5118759397715766,29.58646011352539,0.0533822933293817,1.2095356004979612,0,1
BGD,Rajshahi,Naogaon,2022-08-01,2473.49658203125,0.1402797400951385,0.0621338237117188,11.197598457336426,0.0062133823711718,0.7890489940114594,0,1
BGD,Khulna,Narail,2022-08-01,1418.181640625,0.2846451997756958,0.4402419745422947,2.5041863918304443,0.0440241974542294,0.7928655295323928,1,1
BGD,Dhaka,Narayanganj,2022-08-01,13978.6708984375,3.867705821990967,1.72495192343584,81.20770263671875,0.6926785609177682,14.00406337043736,0,1
BGD,Dhaka,Narsingdi,2022-08-01,4620.265625,0.8020042181015015,0.5580644329617713,18.55534172058105,0.0593361809950016,3.006460016549055,0,1
BGD,Rajshahi,Natore,2022-08-01,3790.7958984375,0.3881652355194092,0.4005148745357477,22.071027755737305,0.0400514874535747,1.1805282043164826,0,1
BGD,Mymensingh,Netrakona,2022-08-01,893.7427978515625,0.0618000291287899,0.27169620659717,12.05191135406494,0.027169620659717,0.555156224044809,0,1
BGD,Rangpur,Nilphamari,2022-08-01,1125.6412353515625,0.1312638819217682,0.2715709712622397,11.769550323486328,0.0271570971262239,0.6786174897655683,0,1
BGD,Chattogram,Noakhali,2022-08-01,4104.4541015625,0.330138623714447,0.4248048135736229,7.552590847015381,0.0424804813573622,0.9817151302651383,0,1
BGD,Rajshahi,Pabna,2022-08-01,10695.4150390625,0.8800371289253235,0.496359086936015,111.85423278808594,0.0496359086936015,3.3391278560381457,0,1
BGD,Rangpur,Panchagarh,2022-08-01,1435.77978515625,0.2024322003126144,0.3141657579509377,8.558955192565918,0.0314165757950937,1.0384081170914323,0,1
BGD,Chattogram,Parbattya Chattagram,2022-08-01,1426.900634765625,0.0490240678191185,0.0724710611381106,4.966021060943604,0.007247106113811,0.5523569545810177,0,1
BGD,Barishal,Patuakhali,2022-08-01,3731.348876953125,0.3236964643001556,0.1967126308276455,117.24659729003906,0.0196712630827645,0.7723686298753041,1,1
BGD,Barishal,Pirojpur,2022-08-01,1408.6741943359375,0.2386031150817871,0.4002993915552193,4.140307426452637,0.0400299391555219,0.6920605389970849,1,1
BGD,Dhaka,Rajbari,2022-08-01,1772.1815185546875,0.3185848891735077,0.3761999907144411,13.581114768981934,0.0376199990714441,1.0246757072221,1,1
BGD,Rajshahi,Rajshahi,2022-08-01,7188.20458984375,0.5857520699501038,0.1927435980875899,72.25617218017578,0.0192743598087589,2.259149119802508,0,1
BGD,Rangpur,Rangpur,2022-08-01,5188.1416015625,0.4338364601135254,0.4091735693394888,21.62652969360352,0.0409173569339488,1.4210822173495974,0,1
BGD,Khulna,Satkhira,2022-08-01,3563.424560546875,0.3130791783332824,0.2508668806238052,12.85838794708252,0.0250866880623805,0.963024595755934,1,1
BGD,Dhaka,Shariatpur,2022-08-01,2713.36328125,0.4934799373149872,0.562358938662648,17.760990142822266,0.0704141653541267,0.969562322713477,1,1
BGD,Mymensingh,Sherpur,2022-08-01,2670.998779296875,0.3917319774627685,0.4521974792358293,11.909189224243164,0.0452197479235829,1.1945197703528123,0,1
BGD,Rajshahi,Sirajganj,2022-08-01,7685.0537109375,0.6007856130599976,0.4675092407102182,31.985021591186523,0.0467509240710218,2.1616257716703813,0,1
BGD,Sylhet,Sunamganj,2022-08-01,1283.062255859375,0.0677618011832237,0.2716822581854336,13.203205108642578,0.0271682258185433,0.5589975532744964,0,1
BGD,Sylhet,Sylhet,2022-08-01,7759.31982421875,0.4402793943881988,0.3543401951133959,169.9859619140625,0.0354340195113395,1.3870527595641309,0,1
BGD,Dhaka,Tangail,2022-08-01,9638.7880859375,0.5596751570701599,0.5435674259456322,33.53070831298828,0.0614394880226022,1.1866675666824509,0,1
BGD,Rangpur,Thakurgaon,2022-08-01,1354.2747802734375,0.1440317630767822,0.2941251639044613,21.514793395996094,0.0294125163904461,0.7945839798958123,0,1
BGD,Khulna,Bagerhat,2022-09-01,2486.66064453125,0.2460088282823562,0.0949631117924451,86.98125457763672,0.0094963111792445,0.7924551911189853,1,1
BGD,Chattogram,Bandarban,2022-09-01,3710.33642578125,0.1604018211364746,0.3285719055968612,12.842972755432127,0.0328571905596861,0.7213721640260553,0,1
BGD,Barishal,Barguna,2022-09-01,428.8469848632813,0.0678274482488632,0.2616522970639308,29.80270004272461,0.026165229706393,0.4971393644214685,1,1
BGD,Barishal,Barisal,2022-09-01,2242.83251953125,0.2049687504768371,0.2920403476753966,22.40973281860352,0.0292040347675396,0.7972217861480482,1,1
BGD,Barishal,Bhola,2022-09-01,1298.4766845703125,0.1483816504478454,0.2819269154751911,56.52061462402344,0.0281926915475191,0.6581955349566639,1,1
BGD,Rajshahi,Bogura,2022-09-01,7193.5908203125,0.4785976111888885,0.4924940201495364,20.24513435363769,0.0492494020149536,1.4397130170013472,0,1
BGD,Chattogram,Brahmanbaria,2022-09-01,6524.4814453125,0.6731961369514465,0.5771367511512497,22.14799690246582,0.0636589551831412,1.888124290998643,0,1
BGD,Chattogram,Chandpur,2022-09-01,1757.141845703125,0.2364574819803238,0.3552872759852613,11.786869049072266,0.0355287275985261,0.8195350475281032,0,1
BGD,Rajshahi,Chapainawabganj,2022-09-01,3275.69384765625,0.3684722185134887,0.414616970628591,7.673880100250244,0.0414616970628591,1.068418133638342,0,1
BGD,Chattogram,Chittagong,2022-09-01,38560.1875,1.7855448722839355,0.6152898167315553,195.3158569335937,0.0756202698762936,7.403181819830132,0,1
BGD,Khulna,Chuadanga,2022-09-01,2643.779541015625,0.4532575905323028,0.5331851860720941,6.7840256690979,0.0621399532673333,1.0710216065552318,1,1
BGD,Chattogram,Cox's Bazar,2022-09-01,6487.5927734375,0.6298239231109619,0.5110753881323702,37.84114456176758,0.0271022130092575,2.065053658204852,0,1
BGD,Chattogram,Cumilla,2022-09-01,13535.4677734375,0.866007924079895,0.6574865793236248,40.86688232421875,0.1092870460414443,2.3984588424203808,0,1
BGD,Dhaka,Dhaka,2022-09-01,44937.87109375,6.085996627807617,1.373824704679071,215.6106109619141,0.1443031117025301,28.327975613906624,0,1
BGD,Rangpur,Dinajpur,2022-09-01,8445.052734375,0.4728913605213165,0.5232592102410353,26.962627410888672,0.0564363908910204,1.2128148221370785,0,1
BGD,Dhaka,Faridpur,2022-09-01,3827.034423828125,0.3900054097175598,0.3156556950720114,38.075382232666016,0.0315655695072011,1.254188766790211,1,1
BGD,Chattogram,Feni,2022-09-01,3694.456298828125,0.8194542527198792,0.671179673160422,30.41499900817871,0.1584503925450175,1.7817383619034666,0,1
BGD,Rangpur,Gaibandha,2022-09-01,2736.669921875,0.2442969977855682,0.3877159959704084,7.490229606628418,0.0387715995970408,0.7825292126743308,0,1
BGD,Dhaka,Gazipur,2022-09-01,17264.59765625,1.91506028175354,0.7865207021028499,58.93951034545898,0.1124940891091454,8.03081333369675,0,1
BGD,Dhaka,Gopalganj,2022-09-01,1524.924072265625,0.2056663781404495,0.311864690153192,15.298194885253906,0.0311864690153192,0.8060409860642396,1,1
BGD,Sylhet,Habiganj,2022-09-01,5663.4365234375,0.4278758466243744,0.383192562337234,39.29787826538086,0.0383192562337234,1.3596419475566768,0,1
BGD,Rajshahi,Jaipurhat,2022-09-01,1950.9124755859373,0.3912717998027801,0.5084577186721274,6.113542556762695,0.052293757808356,1.0239346649733416,0,1
BGD,Mymensingh,Jamalpur,2022-09-01,2299.529541015625,0.2175118327140808,0.3466788281868518,8.47250747680664,0.0346678828186851,0.8000646907050377,0,1
BGD,Khulna,Jashore,2022-09-01,7947.08544921875,0.604411244392395,0.5479582541874232,35.709224700927734,0.0650122515435832,1.823149469140138,1,1
BGD,Barishal,Jhalakati,2022-09-01,291.9810791015625,0.0810019522905349,0.2677978093766424,11.505168914794922,0.0267797809376642,0.5863027256232031,1,1
BGD,Khulna,Jhenaidah,2022-09-01,4181.03369140625,0.4179659485816955,0.5268937069302564,6.514236927032471,0.060526284368987,0.9996904349984967,1,1
BGD,Chattogram,Khagrachari,2022-09-01,1196.7137451171875,0.0826345831155777,0.2790702880579147,5.012436866760254,0.0279070288057914,0.6294957309071649,0,1
BGD,Khulna,Khulna,2022-09-01,4664.61572265625,0.452846884727478,0.306135820121753,30.47174453735352,0.0306135820121753,2.1049495845016333,1,1
BGD,Dhaka,Kishoreganj,2022-09-01,3086.232421875,0.2353095263242721,0.2654931037895275,12.62777328491211,0.0265493103789527,0.9672218558260444,0,1
BGD,Rangpur,Kurigram,2022-09-01,2924.82275390625,0.2494398057460785,0.1415309574683309,7.901455879211426,0.014153095746833,0.8391559799905646,0,1
BGD,Khulna,Kushtia,2022-09-01,6222.654296875,0.7413892149925232,0.62406462966562,60.386837005615234,0.1136619938143546,1.671917145800964,1,1
BGD,Chattogram,Lakshmipur,2022-09-01,1360.2718505859375,0.2224396616220474,0.3423714968790584,10.505024909973145,0.0342371496879058,0.7883488913881735,0,1
BGD,Rangpur,Lalmonirhat,2022-09-01,4017.791259765625,0.6242213249206543,0.611595518036629,7.191098213195801,0.0950224175828079,1.534936970510851,0,1
BGD,Dhaka,Madaripur,2022-09-01,1528.6668701171875,0.2742848098278045,0.3477289710386511,10.830703735351562,0.0347728971038651,1.143819018104662,1,1
BGD,Khulna,Magura,2022-09-01,1339.12841796875,0.2518667876720428,0.3099794959748028,6.4388346672058105,0.0309979495974802,0.8018964801833607,1,1
BGD,Dhaka,Manikganj,2022-09-01,3350.079345703125,0.5004684329032898,0.5288586194534917,15.91002368927002,0.0526938205080774,1.362219470450913,0,1
BGD,Khulna,Meherpur,2022-09-01,2160.775634765625,0.5867066383361816,0.6050464523007245,4.718765735626221,0.0965579448476907,1.2962132398836383,1,1
BGD,Sylhet,Moulvibazar,2022-09-01,4378.16845703125,0.3168076872825622,0.4010595461543803,27.25525665283203,0.040105954615438,1.049850407975187,0,1
BGD,Dhaka,Munshiganj,2022-09-01,5477.7646484375,1.28155255317688,0.7915493612990027,63.49674606323242,0.0990485923452261,4.13229277287201,0,1
BGD,Mymensingh,Mymensingh,2022-09-01,9111.75,0.4082227349281311,0.3991797160542877,29.501928329467773,0.0399179716054287,1.324006264911157,0,1
BGD,Rajshahi,Naogaon,2022-09-01,4679.88525390625,0.2653792798519134,0.389239677018854,13.514126777648926,0.0389239677018853,0.8199026343014797,0,1
BGD,Khulna,Narail,2022-09-01,705.5885620117188,0.1416196674108505,0.3067476316147984,6.180563449859619,0.0306747631614798,0.6708320665596169,1,1
BGD,Dhaka,Narayanganj,2022-09-01,19776.82421875,5.471975326538086,2.562544060096056,97.8846740722656,0.5514129543197479,19.91689103508877,0,1
BGD,Dhaka,Narsingdi,2022-09-01,5863.72607421875,1.017560958862305,0.6870438242556605,58.99913024902344,0.080871927643062,3.1249709982847844,0,1
BGD,Rajshahi,Natore,2022-09-01,3698.14697265625,0.3785661160945892,0.5078465486744886,5.383666038513184,0.0528680301872445,0.9849746338337292,0,1
BGD,Mymensingh,Netrakona,2022-09-01,1124.780517578125,0.0777679607272148,0.2774812797166707,7.855576515197754,0.027748127971667,0.5850556740276701,0,1
BGD,Rangpur,Nilphamari,2022-09-01,3575.673828125,0.4169684052467346,0.2949267507153468,12.32388973236084,0.0294926750715346,1.1915824070022585,0,1
BGD,Chattogram,Noakhali,2022-09-01,3662.395751953125,0.2953557968139648,0.2132719358001429,8.543493270874023,0.0213271935800142,0.8966196011830668,0,1
BGD,Rajshahi,Pabna,2022-09-01,8159.13818359375,0.6710332036018372,0.5656877665722074,94.563720703125,0.0268766578599517,1.617490217456702,0,1
BGD,Rangpur,Panchagarh,2022-09-01,2954.185791015625,0.416513979434967,0.4755863183536633,6.730189323425293,0.0475586318353663,1.2929234846433832,0,1
BGD,Chattogram,Parbattya Chattagram,2022-09-01,1393.7489013671875,0.0482147186994552,0.0624697406032092,6.0492472648620605,0.0062469740603209,0.5239037579135991,0,1
BGD,Barishal,Patuakhali,2022-09-01,2170.2763671875,0.1882726103067398,0.269234351119567,115.78057861328124,0.0269234351119567,0.5851315172988495,1,1
BGD,Barishal,Pirojpur,2022-09-01,360.6803283691406,0.0610925145447254,0.2657288234420103,4.611819267272949,0.026572882344201,0.5300936322214178,1,1
BGD,Dhaka,Rajbari,2022-09-01,2162.349365234375,0.3887253403663635,0.5008679955535633,11.902685165405272,0.050383327370256,1.0240063666353705,1,1
BGD,Rajshahi,Rajshahi,2022-09-01,6866.4931640625,0.5595364570617676,0.5141981823224783,28.27984619140625,0.0553427371100625,1.242858946992155,0,1
BGD,Rangpur,Rangpur,2022-09-01,6300.4443359375,0.5268480777740479,0.5302647515840467,19.905187606811523,0.0511034713806504,1.270979422713167,0,1
BGD,Khulna,Satkhira,2022-09-01,2272.96337890625,0.1989608854055404,0.1924575124606074,11.726112365722656,0.0192457512460607,0.8410617940979385,1,1
BGD,Dhaka,Shariatpur,2022-09-01,1711.926513671875,0.3120616972446441,0.3994657009249717,25.364490509033203,0.0399465700924971,0.9671489867709454,1,1
BGD,Mymensingh,Sherpur,2022-09-01,1601.8575439453125,0.2349303960800171,0.335879969719124,11.661798477172852,0.0335879969719124,0.8930150836174349,0,1
BGD,Rajshahi,Sirajganj,2022-09-01,5884.51611328125,0.45935720205307,0.5069107300929708,28.359193801879883,0.0515159787321929,1.195946154710582,0,1
BGD,Sylhet,Sunamganj,2022-09-01,1287.512451171875,0.0679609328508377,0.1805884461059436,15.194666862487791,0.0180588446105943,0.5516649328646775,0,1
BGD,Sylhet,Sylhet,2022-09-01,8821.59375,0.5005086064338684,0.2416411707460073,114.99884033203124,0.0241641170746007,1.7120396001582052,0,1
BGD,Dhaka,Tangail,2022-09-01,5124.22998046875,0.2974232137203216,0.3493638794850196,20.58860206604004,0.0349363879485019,1.0550889636410574,0,1
BGD,Rangpur,Thakurgaon,2022-09-01,2264.302978515625,0.2408163696527481,0.3342775037767345,14.444512367248535,0.0334277503776734,0.878785518105675,0,1
BGD,Khulna,Bagerhat,2022-10-01,3424.521240234375,0.338759183883667,0.1941219771509453,121.7697296142578,0.0194121977150945,0.9230143632693318,1,1
BGD,Chattogram,Bandarban,2022-10-01,496.1040954589844,0.0214468985795974,0.2557950973624581,7.312208652496338,0.0255795097362458,0.4860106849886704,0,1
BGD,Barishal,Barguna,2022-10-01,445.8786010742188,0.070521205663681,0.2640251600941507,26.146766662597656,0.026402516009415,0.5103383002344967,1,1
BGD,Barishal,Barisal,2022-10-01,2142.270263671875,0.1957785338163375,0.2907053292225375,17.47294807434082,0.0290705329222537,0.8989680492746447,1,1
BGD,Barishal,Bhola,2022-10-01,1253.3726806640625,0.1429537385702133,0.2853954252939072,55.24143981933594,0.0285395425293907,0.7522835207363812,1,1
BGD,Rajshahi,Bogura,2022-10-01,7876.57568359375,0.5240373611450195,0.515730195862319,15.117403030395508,0.0341161937194863,1.659215092627177,0,1
BGD,Chattogram,Brahmanbaria,2022-10-01,5231.62890625,0.5397995710372925,0.5168551759723088,22.568891525268555,0.0532235780868129,1.5021769493280377,0,1
BGD,Chattogram,Chandpur,2022-10-01,1628.7459716796875,0.2190939635038375,0.3407360903344915,15.84840965270996,0.0340736090334491,0.8314844139917197,0,1
BGD,Rajshahi,Chapainawabganj,2022-10-01,1984.748291015625,0.223257914185524,0.3327641347814702,8.627728462219238,0.033276413478147,1.0304381716958368,0,1
BGD,Chattogram,Chittagong,2022-10-01,29677.8046875,1.371598720550537,0.528408786370925,256.5539855957031,0.0476786461599047,4.877028653982624,0,1
BGD,Khulna,Chuadanga,2022-10-01,2420.56591796875,0.414989173412323,0.511794112850873,11.300636291503906,0.0536173637822447,1.097239164151133,1,1
BGD,Chattogram,Cox's Bazar,2022-10-01,5214.728515625,0.505012035369873,0.2458583498645743,42.40274810791016,0.0245858349864574,1.809198053318693,0,1
BGD,Chattogram,Cumilla,2022-10-01,12026.8623046875,0.7694863677024841,0.6094728198951302,34.35011672973633,0.0959152057016515,2.0882504541443483,0,1
BGD,Dhaka,Dhaka,2022-10-01,53478.87890625,7.242692947387695,1.5246598367726294,1031.0863037109375,0.2359626872443717,31.41397999622548,0,1
BGD,Rangpur,Dinajpur,2022-10-01,5757.15380859375,0.3223790824413299,0.411602270068002,11.243879318237305,0.0411602270068002,1.0361610188657422,0,1
BGD,Dhaka,Faridpur,2022-10-01,3793.3291015625,0.3866642415523529,0.4131561856149244,39.07373428344727,0.0413156185614924,1.226857092126455,1,1
BGD,Chattogram,Feni,2022-10-01,2931.666748046875,0.6501184105873108,0.5650409467530418,28.909666061401367,0.072542083908007,1.7744825878792898,0,1
BGD,Rangpur,Gaibandha,2022-10-01,3706.66162109375,0.3308862149715423,0.4695049299781524,7.863559722900391,0.0469504929978152,0.9197093741604662,0,1
BGD,Dhaka,Gazipur,2022-10-01,18734.73828125,2.078134298324585,0.8770752309259263,65.80178833007812,0.2189082745284915,8.29521285190646,0,1
BGD,Dhaka,Gopalganj,2022-10-01,1536.581787109375,0.2072386443614959,0.3163706735549041,12.180654525756836,0.0316370673554904,0.8650971414889745,1,1
BGD,Sylhet,Habiganj,2022-10-01,4738.646484375,0.3580074310302734,0.350253941679337,42.483360290527344,0.0350253941679337,1.2337778635359895,0,1
BGD,Rajshahi,Jaipurhat,2022-10-01,2467.092529296875,0.4947960078716278,0.5433335193848062,12.619222640991213,0.0718758597807733,1.1410321148551816,0,1
BGD,Mymensingh,Jamalpur,2022-10-01,4090.84228515625,0.3869515657424927,0.5040839783091684,9.21071720123291,0.0512508809037203,1.0124364093853937,0,1
BGD,Khulna,Jashore,2022-10-01,7070.0478515625,0.5377086400985718,0.5354800702768766,44.30180740356445,0.0628980189188755,1.3599695836992518,1,1
BGD,Barishal,Jhalakati,2022-10-01,442.2809448242188,0.122698426246643,0.2840965220637146,14.50652313232422,0.0284096522063714,0.7140613585771939,1,1
BGD,Khulna,Jhenaidah,2022-10-01,2679.390625,0.2678509950637817,0.383996194414194,9.771050453186035,0.0383996194414194,0.9493857746764136,1,1
BGD,Chattogram,Khagrachari,2022-10-01,1045.4093017578125,0.0721148401498794,0.2728504341735214,6.959768295288086,0.0272850434173521,0.6160818087481166,0,1
BGD,Khulna,Khulna,2022-10-01,5047.162109375,0.4899849891662597,0.3657165485734326,48.718997955322266,0.0365716548573432,1.941982127590267,1,1
BGD,Dhaka,Kishoreganj,2022-10-01,3374.247802734375,0.2572692334651947,0.3518840584533407,10.562067985534668,0.035188405845334,0.97894297402551,0,1
BGD,Rangpur,Kurigram,2022-10-01,2868.001220703125,0.244593858718872,0.3854460942686216,6.16864013671875,0.0385446094268621,0.8265039641160449,0,1
BGD,Khulna,Kushtia,2022-10-01,4881.052734375,0.5814772844314575,0.5414410935868982,26.326190948486328,0.0617381733095908,1.603201515334303,1,1
BGD,Chattogram,Lakshmipur,2022-10-01,1099.3214111328125,0.1797542423009872,0.3272046924367258,4.690916538238525,0.0327204692436725,0.8152866224918696,0,1
BGD,Rangpur,Lalmonirhat,2022-10-01,3167.4150390625,0.49210324883461,0.5464556329192526,10.481368064880373,0.0673391716175687,1.2679689495882696,0,1
BGD,Dhaka,Madaripur,2022-10-01,1486.9898681640625,0.2666497826576233,0.354541198217374,7.947917938232422,0.0354541198217374,1.129451357628383,1,1
BGD,Khulna,Magura,2022-10-01,1212.1375732421875,0.2279819995164871,0.359186526812684,7.362056255340576,0.0359186526812684,0.8071201482702343,1,1
BGD,Dhaka,Manikganj,2022-10-01,3140.624755859375,0.4692481160163879,0.5099593028441424,14.739517211914062,0.0406408757552493,1.3587259975921342,0,1
BGD,Khulna,Meherpur,2022-10-01,1790.041259765625,0.4860426187515259,0.5460720557307461,5.039075374603272,0.0639941307161847,1.2929927652246052,1,1
BGD,Sylhet,Moulvibazar,2022-10-01,3554.0283203125,0.2571722567081451,0.3585310050198851,19.74269294738769,0.0358531005019885,0.9912055909828048,0,1
BGD,Dhaka,Munshiganj,2022-10-01,5043.27294921875,1.179571270942688,0.735047863744731,44.53745651245117,0.1156637020891026,3.809109516600668,0,1
BGD,Mymensingh,Mymensingh,2022-10-01,14434.0830078125,0.646672785282135,0.5662407447141043,36.41217803955078,0.0715839656395723,1.532318004436617,0,1
BGD,Rajshahi,Naogaon,2022-10-01,2761.50048828125,0.1565946489572525,0.3090290101917265,6.726132392883301,0.0309029010191726,0.7793514257898033,0,1
BGD,Khulna,Narail,2022-10-01,604.1452026367188,0.1212588250637054,0.2988598066572475,3.483707904815674,0.0298859806657247,0.6884473992999929,1,1
BGD,Dhaka,Narayanganj,2022-10-01,16066.064453125,4.445259094238281,2.1980293231259447,81.55716705322266,0.628570052628623,16.438456123868367,0,1
BGD,Dhaka,Narsingdi,2022-10-01,5398.85986328125,0.936890423297882,0.5925565397075245,65.80178833007812,0.0825468708488969,3.141264480533829,0,1
BGD,Rajshahi,Natore,2022-10-01,3241.885009765625,0.331860214471817,0.4360995995623496,8.864263534545898,0.0436099599562349,1.0267356317359382,0,1
BGD,Mymensingh,Netrakona,2022-10-01,1986.88134765625,0.1373741030693054,0.3067132190737563,9.67056655883789,0.0306713219073756,0.6864091289629967,0,1
BGD,Rangpur,Nilphamari,2022-10-01,2464.650146484375,0.287409096956253,0.3606676774823455,11.574546813964844,0.0360667677482345,1.0914510166641205,0,1
BGD,Chattogram,Noakhali,2022-10-01,2945.70068359375,0.2367785722017288,0.35140000710567,10.702287673950195,0.035140000710567,0.910266583924227,0,1
BGD,Rajshahi,Pabna,2022-10-01,7407.3662109375,0.6092047095298767,0.5291507015623976,94.1014709472656,0.0562210566130653,1.6285703749709732,0,1
BGD,Rangpur,Panchagarh,2022-10-01,2467.3681640625,0.347877025604248,0.434973195486686,5.32406759262085,0.0434973195486686,1.1877449389112036,0,1
BGD,Chattogram,Parbattya Chattagram,2022-10-01,827.5676879882812,0.0283412374556064,0.1195184437279421,6.474417686462402,0.0119518443727942,0.2270850430830901,0,1
BGD,Barishal,Patuakhali,2022-10-01,2097.98974609375,0.1820017099380493,0.1641197905776629,63.8381233215332,0.0164119790577662,0.6980975321489432,1,1
BGD,Barishal,Pirojpur,2022-10-01,452.85302734375,0.0767048448324203,0.1915175215544032,4.7379679679870605,0.0191517521554403,0.6069594470281486,1,1
BGD,Dhaka,Rajbari,2022-10-01,1517.469482421875,0.2727953493595123,0.3823731112621586,14.441804885864258,0.0382373111262158,0.9557194648349208,1,1
BGD,Rajshahi,Rajshahi,2022-10-01,5724.13525390625,0.466448038816452,0.3799615162611667,43.713470458984375,0.0379961516261166,1.2733653618189895,0,1
BGD,Rangpur,Rangpur,2022-10-01,6861.787109375,0.5737879872322083,0.5476183645863417,20.620729446411133,0.0727000778077884,1.3776985790954313,0,1
BGD,Khulna,Satkhira,2022-10-01,3221.6513671875,0.2819952070713043,0.2411254617222644,6.355312824249268,0.0241125461722264,0.9314130907945628,1,1
BGD,Dhaka,Shariatpur,2022-10-01,1458.0206298828125,0.2651705145835876,0.3633759427955201,27.171913146972656,0.036337594279552,0.928064602453778,1,1
BGD,Mymensingh,Sherpur,2022-10-01,3317.064697265625,0.4864847958087921,0.5365692459155776,12.33722686767578,0.0654268245442301,1.162295040225066,0,1
BGD,Rajshahi,Sirajganj,2022-10-01,5586.63720703125,0.4361041784286499,0.4744326943236311,19.61463165283203,0.0474432694323631,1.2956512043918842,0,1
BGD,Sylhet,Sunamganj,2022-10-01,1140.628173828125,0.0602076947689056,0.2661817731474009,17.00682830810547,0.02661817731474,0.5290062596290834,0,1
BGD,Sylhet,Sylhet,2022-10-01,8120.7685546875,0.4607460796833038,0.3529421301885737,296.878662109375,0.0352942130188573,1.41854332166758,0,1
BGD,Dhaka,Tangail,2022-10-01,9351.0498046875,0.5427269339561462,0.5508250847481344,19.519454956054688,0.0695627266191877,1.3170173176935038,0,1
BGD,Rangpur,Thakurgaon,2022-10-01,2821.2333984375,0.3000478148460388,0.4088767932149945,12.573020935058594,0.0408876793214994,0.9447213905352576,0,1
BGD,Khulna,Bagerhat,2022-11-01,3409.69775390625,0.3376266360282898,0.3006738676257831,112.18087005615234,0.0300673867625783,0.9456181689940344,1,1
BGD,Chattogram,Bandarban,2022-11-01,494.0188598632813,0.0213567521423101,0.2561245894289667,6.667666435241699,0.0256124589428966,0.4866367199150368,0,1
BGD,Barishal,Barguna,2022-11-01,622.8101196289064,0.0985051095485687,0.2766469193557207,21.88202667236328,0.027664691935572,0.5803069433782123,1,1
BGD,Barishal,Barisal,2022-11-01,2477.35888671875,0.2264075279235839,0.3017288630286291,18.583972930908203,0.0301728863028629,0.9124213513014144,1,1
BGD,Barishal,Bhola,2022-11-01,1662.1363525390625,0.1895933449268341,0.3073746587906238,61.51082611083984,0.0307374658790623,0.7866365833000896,1,1
BGD,Rajshahi,Bogura,2022-11-01,7713.8916015625,0.5135213136672974,0.4927037313652413,12.165263175964355,0.0492703731365241,1.7649378699931848,0,1
BGD,Chattogram,Brahmanbaria,2022-11-01,6292.00244140625,0.6492089629173279,0.5752008431213385,23.708711624145508,0.0622849713571552,1.775791545368819,0,1
BGD,Chattogram,Chandpur,2022-11-01,2920.904541015625,0.3931217789649963,0.5036985696956012,12.856304168701172,0.051178848865532,0.9816710171301056,0,1
BGD,Rajshahi,Chapainawabganj,2022-11-01,3268.861328125,0.3677036464214325,0.4240837504473673,9.622340202331545,0.0424083750447367,1.336161234782251,0,1
BGD,Chattogram,Chittagong,2022-11-01,34060.57421875,1.574154257774353,0.5745169723866725,348.186279296875,0.0585882444741045,5.676016326453828,0,1
BGD,Khulna,Chuadanga,2022-11-01,2571.937744140625,0.440940797328949,0.5229845271066696,9.474967002868652,0.0553290055516629,1.1922059956368063,1,1
BGD,Chattogram,Cox's Bazar,2022-11-01,5746.51953125,0.556404709815979,0.1883686705851431,46.0229377746582,0.0188368670585143,2.005817681693896,0,1
BGD,Chattogram,Cumilla,2022-11-01,14619.1806640625,0.9353445768356324,0.7138074613376556,39.11117935180664,0.1517310737977097,2.4585173926196933,0,1
BGD,Dhaka,Dhaka,2022-11-01,51073.08984375,6.916897773742676,1.5263393696387657,938.3612670898436,0.2082266272415891,32.54281506021139,0,1
BGD,Rangpur,Dinajpur,2022-11-01,6276.5341796875,0.3514624238014221,0.4220963101344722,12.427547454833984,0.0422096310134472,1.142382816086202,0,1
BGD,Dhaka,Faridpur,2022-11-01,4253.23291015625,0.434617131948471,0.4290504801106513,31.42939186096192,0.0429050480110651,1.3697561956482784,1,1
BGD,Chattogram,Feni,2022-11-01,3587.9384765625,0.7956514358520508,0.6459582672132431,28.254756927490234,0.1112587471518836,2.069737947193759,0,1
BGD,Rangpur,Gaibandha,2022-11-01,2463.3994140625,0.2200402021408081,0.3490066127934702,11.16008472442627,0.034900661279347,0.8577613285822957,0,1
BGD,Dhaka,Gazipur,2022-11-01,20707.14453125,2.296921730041504,0.9547148818205524,37.72314834594727,0.3638672557084242,9.453749240234814,0,1
BGD,Dhaka,Gopalganj,2022-11-01,2013.7626953125,0.2715959846973419,0.3456856223043377,17.145740509033203,0.0345685622304337,0.9908653853988474,1,1
BGD,Sylhet,Habiganj,2022-11-01,5673.46337890625,0.4286333918571472,0.3767876975735779,45.581336975097656,0.0376787697573577,1.4180245926281347,0,1
BGD,Rajshahi,Jaipurhat,2022-11-01,2178.718505859375,0.4369601905345917,0.5192238755441344,9.107301712036133,0.055860885926899,1.1596627261696522,0,1
BGD,Mymensingh,Jamalpur,2022-11-01,3264.408935546875,0.3087794780731201,0.4066600016956547,7.988890647888184,0.0406660001695654,0.9809310896564732,0,1
BGD,Khulna,Jashore,2022-11-01,7656.0390625,0.5822758674621582,0.5526339437600125,40.05120849609375,0.0639568657682641,1.5262115692823286,1,1
BGD,Barishal,Jhalakati,2022-11-01,532.6904296875,0.1477800011634826,0.2945013276993315,18.208703994750977,0.0294501327699331,0.7124334441197447,1,1
BGD,Khulna,Jhenaidah,2022-11-01,3381.567626953125,0.338045597076416,0.4329993307104198,7.693103313446045,0.0432999330710419,1.0966811860451189,1,1
BGD,Chattogram,Khagrachari,2022-11-01,1109.9490966796875,0.0765669494867324,0.2725742421647084,7.21823787689209,0.0272574242164708,0.6588996465163045,0,1
BGD,Khulna,Khulna,2022-11-01,5470.85400390625,0.5311175584793091,0.361008627426916,48.325965881347656,0.0361008627426916,2.2347590160723363,1,1
BGD,Dhaka,Kishoreganj,2022-11-01,4115.14990234375,0.3137592375278473,0.3836278704876508,10.930142402648926,0.038362787048765,1.0914274491478844,0,1
BGD,Rangpur,Kurigram,2022-11-01,2203.6318359375,0.1879980862140655,0.3272433191908412,5.588682174682617,0.0327243319190841,0.8437100639288181,0,1
BGD,Khulna,Kushtia,2022-11-01,5672.6416015625,0.675778865814209,0.5909843142353514,38.96616363525391,0.0740026871960394,1.8354307969125232,1,1
BGD,Chattogram,Lakshmipur,2022-11-01,2157.16064453125,0.3530085980892181,0.475672148777291,6.018565654754639,0.0475672148777291,0.97227076004586,0,1
BGD,Rangpur,Lalmonirhat,2022-11-01,3428.401611328125,0.5326512455940247,0.5597605348735641,8.213702201843262,0.067623688428961,1.4470747462543898,0,1
BGD,Dhaka,Madaripur,2022-11-01,1907.1107177734373,0.3421093225479126,0.4005297928175945,9.197678565979004,0.0400529792817594,1.2574557711300185,1,1
BGD,Khulna,Magura,2022-11-01,1475.018798828125,0.2774253785610199,0.3925404957726305,8.123955726623535,0.039254049577263,0.9239471491724274,1,1
BGD,Dhaka,Manikganj,2022-11-01,3114.2880859375,0.4673109054565429,0.3811817530614416,20.606090545654297,0.0381181753061441,1.5022194146651262,0,1
BGD,Khulna,Meherpur,2022-11-01,1884.504638671875,0.5116918683052063,0.5570633704608965,5.419160842895508,0.0640888252959689,1.3500381944400588,1,1
BGD,Sylhet,Moulvibazar,2022-11-01,4144.00634765625,0.2998635470867157,0.3794632876994317,23.134912490844727,0.0379463287699431,1.0618270790074549,0,1
BGD,Dhaka,Munshiganj,2022-11-01,5407.75439453125,1.264819860458374,0.7830756383018417,57.7015495300293,0.1172024979274346,4.17031918811227,0,1
BGD,Mymensingh,Mymensingh,2022-11-01,13902.484375,0.6228562593460083,0.5449912140705873,34.314186096191406,0.0615836225120108,1.6055872866983625,0,1
BGD,Rajshahi,Naogaon,2022-11-01,4211.5810546875,0.2388234436511993,0.3584487733121734,7.045550346374512,0.0358448773312173,0.9204538536444494,0,1
BGD,Khulna,Narail,2022-11-01,881.3409423828125,0.1768951714038849,0.3285213885343927,4.271707534790039,0.0328521388534392,0.8123757646503855,1,1
BGD,Dhaka,Narayanganj,2022-11-01,17651.701171875,4.883982658386231,2.3331209411693656,67.58464050292969,0.5892124998864346,18.128784566693568,0,1
BGD,Dhaka,Narsingdi,2022-11-01,6219.4296875,1.079287886619568,0.7221568394911072,22.726280212402344,0.1267663564756442,3.359362443772003,0,1
BGD,Rajshahi,Natore,2022-11-01,3996.833251953125,0.4091415703296661,0.5033708268268291,9.594085693359377,0.050747524426058,1.1597718376777095,0,1
BGD,Mymensingh,Netrakona,2022-11-01,2254.574951171875,0.1558825820684433,0.3165777699847931,10.23284912109375,0.0316577769984793,0.7176481172515647,0,1
BGD,Rangpur,Nilphamari,2022-11-01,2910.85595703125,0.3394423127174377,0.3900955910514114,9.330427169799805,0.0390095591051411,1.228621790309652,0,1
BGD,Chattogram,Noakhali,2022-11-01,3932.3935546875,0.3160899877548218,0.4017314953638087,12.46890354156494,0.0401731495363808,1.0458505837283605,0,1
BGD,Rajshahi,Pabna,2022-11-01,7917.39501953125,0.6511968374252319,0.5352934126040324,91.7082290649414,0.0553894103167166,1.9194114511203848,0,1
BGD,Rangpur,Panchagarh,2022-11-01,2925.014892578125,0.4124011397361755,0.4969275837278959,5.826146125793457,0.0496927583727896,1.3020207617701756,0,1
BGD,Chattogram,Parbattya Chattagram,2022-11-01,588.6581420898438,0.020159438252449,0.0752883263366618,5.9526543617248535,0.0075288326336661,0.1430478200396575,0,1
BGD,Barishal,Patuakhali,2022-11-01,2235.4833984375,0.1939386427402496,0.2816252250980715,68.6938705444336,0.0281625225098071,0.713959776571653,1,1
BGD,Barishal,Pirojpur,2022-11-01,646.169677734375,0.1094490811228752,0.2882988137377267,4.109415054321289,0.0288298813737726,0.6727334760842976,1,1
BGD,Dhaka,Rajbari,2022-11-01,1901.2154541015625,0.3418794572353363,0.4384669887214342,7.35133695602417,0.0438466988721434,1.108541236790053,1,1
BGD,Rajshahi,Rajshahi,2022-11-01,7709.787109375,0.628254771232605,0.5124926494235144,39.41211318969727,0.0532614924263346,1.4703237701916274,0,1
BGD,Rangpur,Rangpur,2022-11-01,5783.20361328125,0.483595997095108,0.4753281378819453,18.71572494506836,0.0475328137881945,1.4652869885913753,0,1
BGD,Khulna,Satkhira,2022-11-01,3849.7841796875,0.3369764387607574,0.3194893484441101,5.925168991088867,0.031948934844411,1.0421728116609097,1,1
BGD,Dhaka,Shariatpur,2022-11-01,1943.451904296875,0.3535175919532776,0.42439274134289,21.42713165283203,0.042439274134289,1.018208688648796,1,1
BGD,Mymensingh,Sherpur,2022-11-01,2920.453125,0.4283172488212585,0.5048045208495062,12.282333374023438,0.0512443903496026,1.1307799499882278,0,1
BGD,Rajshahi,Sirajganj,2022-11-01,5383.31201171875,0.4203306436538696,0.4411060929384147,23.08267593383789,0.0441106092938414,1.276246644652144,0,1
BGD,Sylhet,Sunamganj,2022-11-01,1497.5977783203125,0.0790502205491066,0.2714213279276748,18.537931442260746,0.0271421327927674,0.5684466724631517,0,1
BGD,Sylhet,Sylhet,2022-11-01,8594.01953125,0.4875968098640442,0.3574027456842428,219.3621368408203,0.0357402745684242,1.4888675559721327,0,1
BGD,Dhaka,Tangail,2022-11-01,8886.7421875,0.5159885883331299,0.5261268603909173,24.43431282043457,0.0560689434751315,1.402625839759805,0,1
BGD,Rangpur,Thakurgaon,2022-11-01,3044.33544921875,0.3237755000591278,0.4065388706995993,14.30831241607666,0.0406538870699599,1.0742397519298006,0,1
BGD,Khulna,Bagerhat,2022-12-01,3607.0869140625,0.3569954633712768,0.2969621308429984,125.86206817626952,0.0296962130842998,1.02558615709597,1,1
BGD,Chattogram,Bandarban,2022-12-01,653.7640991210938,0.0285889245569705,0.2574214230508527,7.37059211730957,0.0257421423050852,0.4891007037966202,0,1
BGD,Barishal,Barguna,2022-12-01,543.0074462890625,0.0858833342790603,0.2679783937521538,25.332120895385746,0.0267978393752153,0.5497105057511694,1,1
BGD,Barishal,Barisal,2022-12-01,2974.259765625,0.2718713581562042,0.3079335010148055,18.140405654907227,0.0307933501014805,1.049313356624683,1,1
BGD,Barishal,Bhola,2022-12-01,1655.1656494140625,0.1888583153486251,0.247424156580979,39.29075622558594,0.0247424156580979,0.8785480753305539,1,1
BGD,Rajshahi,Bogura,2022-12-01,7359.201171875,0.4909550547599792,0.2172860005217869,14.722455024719238,0.0217286000521786,2.0325513943612945,0,1
BGD,Chattogram,Brahmanbaria,2022-12-01,7739.9150390625,0.8000078797340393,0.6756627278462436,25.72872543334961,0.0686961100554519,2.0685422782548626,0,1
BGD,Chattogram,Chandpur,2022-12-01,3476.21630859375,0.4677354991436004,0.5281063317126046,13.537577629089355,0.0584416155647564,1.1360655663627162,0,1
BGD,Rajshahi,Chapainawabganj,2022-12-01,2749.32568359375,0.3092975616455078,0.3476967960463604,9.012739181518556,0.034769679604636,1.422427528615263,0,1
BGD,Chattogram,Chittagong,2022-12-01,35580.765625,1.64441180229187,0.6208152030298942,211.40493774414065,0.0413759194539235,6.275684933042892,0,1
BGD,Khulna,Chuadanga,2022-12-01,2597.546875,0.4453313052654266,0.501160260253796,8.79562759399414,0.050190328084246,1.405437059782159,1,1
BGD,Chattogram,Cox's Bazar,2022-12-01,6634.08056640625,0.6427518725395203,0.0112616722304155,44.46911239624024,0.0011261672230415,2.344183018041224,0,1
BGD,Chattogram,Cumilla,2022-12-01,17138.552734375,1.096535563468933,0.7952200368178963,53.76107406616211,0.2550914913655782,2.8533996736818303,0,1
BGD,Dhaka,Dhaka,2022-12-01,56035.0234375,7.589407920837402,1.7105681133253812,465.3343811035156,0.2729083726468114,34.92818907900907,0,1
BGD,Rangpur,Dinajpur,2022-12-01,6079.16162109375,0.3404103219509125,0.3869820748052805,13.912293434143066,0.038698207480528,1.2532089451237916,0,1
BGD,Dhaka,Faridpur,2022-12-01,4920.87158203125,0.5069100856781006,0.4920591760285859,30.25383758544922,0.0492059176028586,1.5365570640280604,1,1
BGD,Chattogram,Feni,2022-12-01,4455.8037109375,0.9881068468093872,0.7448884622179059,29.459367752075195,0.1918165961593245,2.437958160491185,0,1
BGD,Rangpur,Gaibandha,2022-12-01,2151.5771484375,0.1921698749065399,0.3214551046695014,11.92473030090332,0.0321455104669501,0.886561522224359,0,1
BGD,Dhaka,Gazipur,2022-12-01,22779.615234375,2.526808738708496,1.0284795025643307,38.72709274291992,0.3959938286793959,10.274820518672454,0,1
BGD,Dhaka,Gopalganj,2022-12-01,2327.275146484375,0.3138794004917145,0.3610752879240864,12.552862167358398,0.0361075287924086,1.1543163744350362,1,1
BGD,Sylhet,Habiganj,2022-12-01,6522.73876953125,0.4927966296672821,0.386002361033974,222.39663696289065,0.0386002361033974,1.6547546671014723,0,1
BGD,Rajshahi,Jaipurhat,2022-12-01,1762.6812744140625,0.3535204529762268,0.4067892072901415,10.418665885925291,0.0406789207290141,1.266586157185137,0,1
BGD,Mymensingh,Jamalpur,2022-12-01,2757.83154296875,0.2609612047672272,0.3495330201326658,9.485032081604004,0.0349533020132665,1.0464120262959369,0,1
BGD,Khulna,Jashore,2022-12-01,8065.0390625,0.6133821606636047,0.5479014532933656,37.942020416259766,0.0616990778590247,1.7263454736842316,1,1
BGD,Barishal,Jhalakati,2022-12-01,588.0457763671875,0.1631367802619934,0.2934421294820336,17.763174057006836,0.0293442129482033,0.8037388134086376,1,1
BGD,Khulna,Jhenaidah,2022-12-01,3215.4599609375,0.3214403092861175,0.3990237726791737,10.888198852539062,0.0399023772679173,1.1908637200783634,1,1
BGD,Chattogram,Khagrachari,2022-12-01,1283.5462646484375,0.088542103767395,0.2747198972125548,6.2343926429748535,0.0274719897212554,0.7042993022334527,0,1
BGD,Khulna,Khulna,2022-12-01,5919.0205078125,0.5746261477470398,0.3432103752317376,50.1314582824707,0.0343210375231737,2.584985216686001,1,1
BGD,Dhaka,Kishoreganj,2022-12-01,4881.4306640625,0.3722410202026367,0.3082954331786255,12.524934768676758,0.0308295433178625,1.2898291269885551,0,1
BGD,Rangpur,Kurigram,2022-12-01,2088.10400390625,0.1783550977706909,0.3161263594146554,6.215588569641113,0.0316126359414655,0.9032407662767742,0,1
BGD,Khulna,Kushtia,2022-12-01,5570.408203125,0.6635998487472534,0.559018821478907,27.61109161376953,0.062332801394303,1.9795537268058456,1,1
BGD,Chattogram,Lakshmipur,2022-12-01,2273.966796875,0.3722030222415924,0.4690354721273567,6.825191974639893,0.0469035472127356,1.1144813822265351,0,1
BGD,Rangpur,Lalmonirhat,2022-12-01,2959.808349609375,0.4598485827445984,0.5107614831727333,9.227277755737305,0.0517331337108179,1.403708701305192,0,1
BGD,Dhaka,Madaripur,2022-12-01,2049.910888671875,0.3694688379764557,0.407571593243113,8.73647403717041,0.0407571593243113,1.3775592322907984,1,1
BGD,Khulna,Magura,2022-12-01,1234.984130859375,0.2322790473699569,0.3481372524826149,9.209227561950684,0.0348137252482614,0.9399685446492352,1,1
BGD,Dhaka,Manikganj,2022-12-01,3756.369384765625,0.5658512115478516,0.5332757838770217,21.21103858947754,0.054431940272747,1.7079414524212213,0,1
BGD,Khulna,Meherpur,2022-12-01,2249.677734375,0.6108458638191223,0.5896562383857169,5.605023384094238,0.0718144399005757,1.6875418402311684,1,1
BGD,Sylhet,Moulvibazar,2022-12-01,6292.97705078125,0.4553647339344024,0.112833880894493,1214.5487060546875,0.0112833880894493,1.1287848689010398,0,1
BGD,Dhaka,Munshiganj,2022-12-01,5923.35205078125,1.3871642351150513,0.841636435137451,51.23881530761719,0.1204720871329388,4.44966894867254,0,1
BGD,Mymensingh,Mymensingh,2022-12-01,14424.62109375,0.6462488770484924,0.5395230779144377,33.458953857421875,0.0562603323845473,1.8169399117625813,0,1
BGD,Rajshahi,Naogaon,2022-12-01,3324.521240234375,0.1885215044021606,0.3121050498942953,7.600537776947021,0.0312105049894295,0.9427261907229352,0,1
BGD,Khulna,Narail,2022-12-01,819.1310424804686,0.1644089221954345,0.3133795674524257,4.166075229644775,0.0313379567452425,0.846017861397239,1,1
BGD,Dhaka,Narayanganj,2022-12-01,19851.83203125,5.4927287101745605,2.624104006825796,75.42411041259766,0.7009276624315608,19.91027696633845,0,1
BGD,Dhaka,Narsingdi,2022-12-01,7413.0732421875,1.286426663398743,0.8148552358134001,27.92757797241211,0.1742049581210565,4.22267781315941,0,1
BGD,Rajshahi,Natore,2022-12-01,3481.37939453125,0.3563763797283172,0.4206464369477958,8.470046043395996,0.0420646436947795,1.216616810722038,0,1
BGD,Mymensingh,Netrakona,2022-12-01,1965.2381591796875,0.1358776837587356,0.2987069207897594,9.70366382598877,0.0298706920789759,0.7359954219723029,0,1
BGD,Rangpur,Nilphamari,2022-12-01,2397.0625,0.2795275449752807,0.333549311880419,12.449536323547363,0.0333549311880419,1.2070623885381164,0,1
BGD,Chattogram,Noakhali,2022-12-01,5423.07666015625,0.4359126985073089,0.4904236928584364,11.007546424865724,0.0490423692858436,1.308572800937071,0,1
BGD,Rajshahi,Pabna,2022-12-01,7955.19482421875,0.6545073390007019,0.5091595585439366,81.75398254394531,0.0513925408944985,1.958302775613348,0,1
BGD,Rangpur,Panchagarh,2022-12-01,1929.5413818359373,0.2720482051372528,0.3468762398293739,7.124758243560791,0.0346876239829373,1.2360714664766597,0,1
BGD,Chattogram,Parbattya Chattagram,2022-12-01,630.0538940429688,0.0216606836766004,0.0069032729998806,5.493678569793701,0.000690327299988,0.0131162186997732,0,1
BGD,Barishal,Patuakhali,2022-12-01,2413.400146484375,0.2093637287616729,0.2781127867129288,92.5886001586914,0.0278112786712928,0.7611516160501409,1,1
BGD,Barishal,Pirojpur,2022-12-01,582.41796875,0.0986507311463356,0.2769272192628957,4.4236345291137695,0.0276927219262895,0.6968096921626622,1,1
BGD,Dhaka,Rajbari,2022-12-01,1754.82421875,0.3156893849372864,0.3979579055044628,6.656182289123535,0.0397957905504462,1.1345975777848416,1,1
BGD,Rajshahi,Rajshahi,2022-12-01,7235.56689453125,0.5896115303039551,0.4099871021875252,39.4761848449707,0.0409987102187525,1.5560487829858864,0,1
BGD,Rangpur,Rangpur,2022-12-01,5469.50732421875,0.4573644697666168,0.4174732627133154,21.83866310119629,0.0417473262713315,1.5380262991999016,0,1
BGD,Khulna,Satkhira,2022-12-01,3113.7373046875,0.2725493311882019,0.3688070035508431,6.956277370452881,0.0368807003550843,1.0576163980657654,1,1
BGD,Dhaka,Shariatpur,2022-12-01,2212.032958984375,0.4027611017227173,0.462150918846713,26.93297576904297,0.0462150918846713,1.149979029130883,1,1
BGD,Mymensingh,Sherpur,2022-12-01,2534.336669921875,0.3716889321804046,0.4106754580309327,14.2068452835083,0.0410675458030932,1.2356755751405628,0,1
BGD,Rajshahi,Sirajganj,2022-12-01,5180.9443359375,0.4050458669662475,0.2527705360274302,28.16308784484864,0.025277053602743,1.3507952741114857,0,1
BGD,Sylhet,Sunamganj,2022-12-01,1705.8236083984375,0.0900413542985916,0.2740533425807481,18.35818672180176,0.0274053342580748,0.6210039253122973,0,1
BGD,Sylhet,Sylhet,2022-12-01,9613.935546875,0.5454635620117188,0.3641911832582687,361.88385009765625,0.0364191183258268,1.72635886388273,0,1
BGD,Dhaka,Tangail,2022-12-01,9415.390625,0.5469272136688232,0.5298997086767758,26.19454002380371,0.0561264020466121,1.5947762729072397,0,1
BGD,Rangpur,Thakurgaon,2022-12-01,2476.25390625,0.2633580863475799,0.346641998049526,10.150036811828612,0.0346641998049526,1.095219561251655,0,1
BGD,Khulna,Bagerhat,2023-01-01,4709.05615234375,0.4665659070014953,0.3206775965525239,209.4354248046875,0.0320677596552523,1.2232822255360598,1,1
BGD,Chattogram,Bandarban,2023-01-01,903.5870361328124,0.0390626490116119,0.2599833025632547,9.64499855041504,0.0259983302563254,0.493968274870184,0,1
BGD,Barishal,Barguna,2023-01-01,916.751220703125,0.1449955254793167,0.2955427699237908,29.72737503051757,0.029554276992379,0.7096585544188545,1,1
BGD,Barishal,Barisal,2023-01-01,4337.64794921875,0.3964729309082031,0.3830750741039159,18.53051376342773,0.0383075074103915,1.2758116127099142,1,1
BGD,Barishal,Bhola,2023-01-01,2683.578125,0.30635666847229,0.3633494022933885,34.69939041137695,0.0363349402293388,1.065490713629871,1,1
BGD,Rajshahi,Bogura,2023-01-01,10509.4296875,0.7015377879142761,0.5691087797561102,13.063858032226562,0.0276015627538702,2.403981294345064,0,1
BGD,Chattogram,Brahmanbaria,2023-01-01,9676.8779296875,0.998872697353363,0.7981577144205704,27.15063095092773,0.1188634604973856,2.4320776642403983,0,1
BGD,Chattogram,Chandpur,2023-01-01,5347.64453125,0.720182478427887,0.6689385701733936,12.468575477600098,0.1651353648814764,1.3994723887635574,0,1
BGD,Rajshahi,Chapainawabganj,2023-01-01,3710.04248046875,0.41737762093544,0.3321134417218257,13.398804664611816,0.0332113441721825,1.6013134110038905,0,1
BGD,Chattogram,Chittagong,2023-01-01,38696.52734375,1.7884109020233154,0.7114790984071124,237.4869537353516,0.0738232136778193,6.923449842919806,0,1
BGD,Khulna,Chuadanga,2023-01-01,3459.55078125,0.5931158661842346,0.5879080585609582,8.098623275756836,0.0748820647492716,1.5810285883392785,1,1
BGD,Chattogram,Cox's Bazar,2023-01-01,7698.77734375,0.7456074953079224,0.2955969243970129,49.48823547363281,0.0295596924397013,2.642306367371144,0,1
BGD,Chattogram,Cumilla,2023-01-01,20388.265625,1.304454326629639,0.947025074037332,26.357162475585938,0.5738681190541388,3.1958536565029627,0,1
BGD,Dhaka,Dhaka,2023-01-01,54712.08203125,7.410265922546387,1.8599974276305684,167.5390167236328,0.5303756478924488,33.08396427844377,0,1
BGD,Rangpur,Dinajpur,2023-01-01,8926.0537109375,0.4998256266117096,0.5289616963827932,11.2984619140625,0.0573963016967887,1.3989915459637272,0,1
BGD,Dhaka,Faridpur,2023-01-01,6663.791015625,0.6868027448654175,0.6099296232538582,37.25676727294922,0.0725578459844567,1.7276041823140715,1,1
BGD,Chattogram,Feni,2023-01-01,5237.75390625,1.161509990692139,0.8662780444919326,33.69355773925781,0.3002818376642864,2.6806754694737207,0,1
BGD,Rangpur,Gaibandha,2023-01-01,3751.219970703125,0.3352229297161102,0.4331671727436971,9.89288330078125,0.0433167172743697,1.0320371132367143,0,1
BGD,Dhaka,Gazipur,2023-01-01,24932.236328125,2.765586376190185,1.1107103211117522,45.015716552734375,0.5217719327731811,11.290030922036308,0,1
BGD,Dhaka,Gopalganj,2023-01-01,3400.140625,0.4585766494274139,0.4908810260457718,14.44240951538086,0.0490881026045771,1.3036649327361318,1,1
BGD,Sylhet,Habiganj,2023-01-01,8495.1318359375,0.6418120265007019,0.5000954669585528,51.39430618286133,0.0231210613663866,1.9320470725981604,0,1
BGD,Rajshahi,Jaipurhat,2023-01-01,2671.21337890625,0.5357341766357422,0.5520877155227333,11.078094482421877,0.0654239643386486,1.4266180120848573,0,1
BGD,Mymensingh,Jamalpur,2023-01-01,5122.72119140625,0.4847401082515716,0.5238287692901564,13.420421600341797,0.0411551405112423,1.3371981838820368,0,1
BGD,Khulna,Jashore,2023-01-01,185505.359375,14.108509063720703,0.652108782110313,747.2384643554686,0.0608317436666949,73.2009320230143,1,1
BGD,Barishal,Jhalakati,2023-01-01,881.6863403320312,0.2445991188287735,0.3309008054452613,18.53051376342773,0.0330900805445261,0.9908568727642046,1,1
BGD,Khulna,Jhenaidah,2023-01-01,15562.65234375,1.5557537078857422,0.5193848601061936,317.74078369140625,0.0323311469493968,1.6635558348595394,1,1
BGD,Chattogram,Khagrachari,2023-01-01,1767.32763671875,0.1219145059585571,0.2870062231753361,7.087026596069336,0.0287006223175336,0.8510581773556477,0,1
BGD,Khulna,Khulna,2023-01-01,7073.9384765625,0.6867470145225525,0.2894633901550704,38.78268814086914,0.028946339015507,2.8916974037777177,1,1
BGD,Dhaka,Kishoreganj,2023-01-01,5979.36328125,0.4558960497379303,0.4470108279167664,13.704954147338867,0.0447010827916766,1.4592883581647869,0,1
BGD,Rangpur,Kurigram,2023-01-01,4053.80224609375,0.3469364941120147,0.4133570713819145,6.4281840324401855,0.0413357071381914,1.2501240809892535,0,1
BGD,Khulna,Kushtia,2023-01-01,6687.35791015625,0.7967564463615417,0.6267987795663672,34.19899368286133,0.0533482210128625,2.3247404617948715,1,1
BGD,Chattogram,Lakshmipur,2023-01-01,3766.304443359375,0.6166202425956726,0.6143182649742611,8.071383476257324,0.0942011340809997,1.415359406727375,0,1
BGD,Rangpur,Lalmonirhat,2023-01-01,4719.20166015625,0.7331954836845398,0.6801926112514151,8.710277557373047,0.1026660183291607,1.7952272252727837,0,1
BGD,Dhaka,Madaripur,2023-01-01,3557.953125,0.6434304118156433,0.597391756844682,13.141765594482422,0.070092935647695,1.6440003869773456,1,1
BGD,Khulna,Magura,2023-01-01,1968.2620849609373,0.3701958656311035,0.4772235104965934,7.48005199432373,0.0477223510496593,1.0619576564490174,1,1
BGD,Dhaka,Manikganj,2023-01-01,4879.54638671875,0.7366736531257629,0.6526087376193465,17.30695915222168,0.082283133680284,1.9389208467739167,0,1
BGD,Khulna,Meherpur,2023-01-01,2638.768310546875,0.7164940237998962,0.6605745981682335,5.957776069641113,0.0955645293446338,1.8292464853511083,1,1
BGD,Sylhet,Moulvibazar,2023-01-01,7065.85107421875,0.5112904906272888,0.5388309495455169,20.838054656982425,0.056108664908656,1.389474438616712,0,1
BGD,Dhaka,Munshiganj,2023-01-01,7068.44580078125,1.657009840011597,1.0003570217633562,47.98967361450195,0.2168361816713047,5.127043999401476,0,1
BGD,Mymensingh,Mymensingh,2023-01-01,19240.51171875,0.8620094060897827,0.6715899988575057,32.93448638916016,0.110796503951853,2.0464889484229727,0,1
BGD,Rajshahi,Naogaon,2023-01-01,4989.28564453125,0.2829242348670959,0.3714048330792458,10.272441864013672,0.0371404833079245,1.1180324293428492,0,1
BGD,Khulna,Narail,2023-01-01,1429.4200439453125,0.2869008779525757,0.4034704095320395,4.368560791015625,0.0403470409532039,0.9688442791339744,1,1
BGD,Dhaka,Narayanganj,2023-01-01,20676.87109375,5.721005916595459,2.947325636680888,101.9825210571289,0.7947537343082947,21.0559075577452,0,1
BGD,Dhaka,Narsingdi,2023-01-01,8106.27587890625,1.4067214727401731,0.9021827074121388,38.25300979614258,0.2631484996430794,4.492268277840303,0,1
BGD,Rajshahi,Natore,2023-01-01,4931.17919921875,0.5047872066497803,0.5437251970929261,8.027387619018555,0.0651060677532939,1.3403015306024464,0,1
BGD,Mymensingh,Netrakona,2023-01-01,4205.03515625,0.2907385230064392,0.4102327238605389,8.284391403198242,0.0410232723860539,0.9167059761984366,0,1
BGD,Rangpur,Nilphamari,2023-01-01,3957.97216796875,0.4615491926670074,0.4963427821798711,12.90760898590088,0.0496342782179871,1.4169853536036234,0,1
BGD,Chattogram,Noakhali,2023-01-01,7233.8701171875,0.5814677476882935,0.5994400266549996,11.61189079284668,0.068356471228554,1.4877154762585014,0,1
BGD,Rajshahi,Pabna,2023-01-01,9777.6962890625,0.8045942187309265,0.5989254792774455,90.5594482421875,0.0683945217508391,2.259882690428403,0,1
BGD,Rangpur,Panchagarh,2023-01-01,4252.9765625,0.5996319651603699,0.5708681775137482,8.285428047180176,0.073304752009461,1.7603805880483503,0,1
BGD,Chattogram,Parbattya Chattagram,2023-01-01,755.8441772460938,0.0258991550654172,0.1602983011021644,5.858954429626465,0.0160298301102164,0.3045667720941125,0,1
BGD,Barishal,Patuakhali,2023-01-01,3209.74365234375,0.2784882187843323,0.2291947734844484,78.22001647949219,0.0229194773484448,0.8954970109164029,1,1
BGD,Barishal,Pirojpur,2023-01-01,1059.398681640625,0.1794423609972,0.3159081911270129,5.9128618240356445,0.0315908191127013,0.8445467234281863,1,1
BGD,Dhaka,Rajbari,2023-01-01,2526.577392578125,0.4552280008792877,0.5232779708665699,6.751214027404785,0.0278961452201753,1.286819505527805,1,1
BGD,Rajshahi,Rajshahi,2023-01-01,8702.91015625,0.7091823220252991,0.5129323983404617,30.44713020324707,0.0533220635905347,1.7305184099878472,0,1
BGD,Rangpur,Rangpur,2023-01-01,8041.140625,0.6724064350128174,0.5771340075567912,18.26617431640625,0.0801868203440861,1.7392910056820607,0,1
BGD,Khulna,Satkhira,2023-01-01,4634.0078125,0.4056560397148132,0.3763366988410459,24.1845760345459,0.0376336698841045,1.2509594110533144,1,1
BGD,Dhaka,Shariatpur,2023-01-01,3527.769775390625,0.6424059867858887,0.6150162718497123,22.069137573242188,0.0971238279207533,1.3503215857276984,1,1
BGD,Mymensingh,Sherpur,2023-01-01,4503.955078125,0.6605556011199951,0.612890452722277,13.307687759399414,0.1011193742849192,1.4738505603038068,0,1
BGD,Rajshahi,Sirajganj,2023-01-01,7487.8427734375,0.5865146517753601,0.5505286388754657,32.202049255371094,0.0205201262818738,1.7171589019482405,0,1
BGD,Sylhet,Sunamganj,2023-01-01,2671.630126953125,0.1410211473703384,0.1201190172415569,19.204833984375,0.0120119017241557,0.7294240829987553,0,1
BGD,Sylhet,Sylhet,2023-01-01,11023.974609375,0.6254645586013794,0.4321106202603794,77.02790832519531,0.0432110620260379,1.997893911344124,0,1
BGD,Dhaka,Tangail,2023-01-01,14145.890625,0.8218429088592529,0.7015356330360683,32.6878662109375,0.1159057956632231,1.879016516525318,0,1
BGD,Rangpur,Thakurgaon,2023-01-01,3583.76513671875,0.3811456859111786,0.4604785587431917,10.899650573730469,0.0460478558743191,1.2099119250673538,0,1
BGD,Khulna,Bagerhat,2023-02-01,4742.98876953125,0.4691841304302215,0.3744306526582222,96.81798553466795,0.0374430652658222,1.2635340019414585,1,1
BGD,Chattogram,Bandarban,2023-02-01,1081.6978759765625,0.0467624962329864,0.2615707913689459,8.978754997253418,0.0261570791368945,0.4969845036009973,0,1
BGD,Barishal,Barguna,2023-02-01,908.8386840820312,0.1437440663576126,0.2971322379011997,30.002965927124023,0.0297132237901199,0.6950626315725045,1,1
BGD,Barishal,Barisal,2023-02-01,4393.82763671875,0.4015724062919616,0.3811739245101567,16.09363555908203,0.0381173924510156,1.3842502842684807,1,1
BGD,Barishal,Bhola,2023-02-01,2539.108154296875,0.2895986139774322,0.3612399050829828,29.37653541564941,0.0361239905082982,1.0533173540999652,1,1
BGD,Rajshahi,Bogura,2023-02-01,7318.529296875,0.4883068799972534,0.4106663935019626,14.630786895751951,0.0410666393501962,2.0376644669681965,0,1
BGD,Chattogram,Brahmanbaria,2023-02-01,9610.4267578125,0.9916040301322936,0.8010067295197949,30.875282287597656,0.0779598886476787,2.453487990621769,0,1
BGD,Chattogram,Chandpur,2023-02-01,4642.86669921875,0.6247060894966125,0.6435398711556013,10.59109878540039,0.0922100578644406,1.3164734264023956,0,1
BGD,Rajshahi,Chapainawabganj,2023-02-01,2877.01708984375,0.3237355947494507,0.3628473509800985,9.426773071289062,0.0362847350980098,1.3876677336633052,0,1
BGD,Chattogram,Chittagong,2023-02-01,42462.48046875,1.9624593257904053,0.7782261812197836,284.09521484375,0.0798218771236944,7.271150805177649,0,1
BGD,Khulna,Chuadanga,2023-02-01,2129.238525390625,0.3650431036949157,0.4220647326392099,8.591157913208008,0.042206473263921,1.2513331617060353,1,1
BGD,Chattogram,Cox's Bazar,2023-02-01,7536.7490234375,0.7300959229469299,0.2079288724257551,45.70636749267578,0.0207928872425755,2.786197590476084,0,1
BGD,Chattogram,Cumilla,2023-02-01,20424.349609375,1.3067630529403689,0.9719540466428512,27.256017684936523,0.518328597754667,3.1408379674129194,0,1
BGD,Dhaka,Dhaka,2023-02-01,57222.29296875,7.751534461975098,2.0374847858271377,405.68792724609375,0.5215248562335789,34.35928161961193,0,1
BGD,Rangpur,Dinajpur,2023-02-01,8696.5556640625,0.4869745671749115,0.5214159978401058,12.041601181030272,0.0549407480436504,1.4029306857549178,0,1
BGD,Dhaka,Faridpur,2023-02-01,6317.60986328125,0.6470791101455688,0.5779747532781102,37.49538040161133,0.0673568907824909,1.7686955533074251,1,1
BGD,Chattogram,Feni,2023-02-01,5605.82470703125,1.2431323528289795,0.9632880055317596,30.053497314453125,0.4173478562840776,2.7588752350331576,0,1
BGD,Rangpur,Gaibandha,2023-02-01,2536.8046875,0.2265970408916473,0.3438124877752954,11.358256340026855,0.0343812487775295,0.939298736190958,0,1
BGD,Dhaka,Gazipur,2023-02-01,24901.279296875,2.7621524333953857,1.1633760112996154,38.159793853759766,0.5251752162641353,10.62675439704453,0,1
BGD,Dhaka,Gopalganj,2023-02-01,3099.022216796875,0.4179648458957672,0.4600474342163483,14.132806777954102,0.0460047434216348,1.2842968899636291,1,1
BGD,Sylhet,Habiganj,2023-02-01,8689.5908203125,0.6565034985542297,0.5057136766245531,32.88932800292969,0.0506821501329524,2.193139900969307,0,1
BGD,Rajshahi,Jaipurhat,2023-02-01,2098.010009765625,0.4207734167575836,0.4784117103454991,10.473844528198242,0.0478411710345499,1.3168417697209658,0,1
BGD,Mymensingh,Jamalpur,2023-02-01,3951.571044921875,0.3738840520381927,0.4309089848288395,10.715295791625977,0.0430908984828839,1.1699796187916518,0,1
BGD,Khulna,Jashore,2023-02-01,7899.3369140625,0.6007797718048096,0.5412295262197907,36.33006286621094,0.0600699762324848,1.6611631986997268,1,1
BGD,Barishal,Jhalakati,2023-02-01,957.2930908203124,0.2655740678310394,0.3408506906971243,15.254250526428224,0.0340850690697124,1.0438700836501005,1,1
BGD,Khulna,Jhenaidah,2023-02-01,3078.830810546875,0.3077818751335144,0.3880002876682207,11.76820468902588,0.038800028766822,1.1376083008684907,1,1
BGD,Chattogram,Khagrachari,2023-02-01,1786.1075439453125,0.1232099831104278,0.2843111361580019,6.0659499168396,0.0284311136158002,0.8873113011554485,0,1
BGD,Khulna,Khulna,2023-02-01,6341.93115234375,0.61568284034729,0.2865122705559676,48.45026397705078,0.0286512270555967,2.76701459426623,1,1
BGD,Dhaka,Kishoreganj,2023-02-01,6034.4130859375,0.4600933194160461,0.2681852922086065,11.39556121826172,0.0268185292208606,1.4945979708360455,0,1
BGD,Rangpur,Kurigram,2023-02-01,3255.471923828125,0.278237372636795,0.3818786240550101,6.263352870941162,0.038187862405501,1.0639135076454749,0,1
BGD,Khulna,Kushtia,2023-02-01,5212.70361328125,0.6210606694221497,0.5296392421570093,35.658782958984375,0.0552526486654047,2.029333405661544,1,1
BGD,Chattogram,Lakshmipur,2023-02-01,3427.406494140625,0.5604283213615417,0.610543955692732,7.643682479858398,0.0756263624907683,1.296519305571385,0,1
BGD,Rangpur,Lalmonirhat,2023-02-01,4096.26025390625,0.6364126205444336,0.6168567532331525,8.862103462219238,0.0780147967947256,1.6839886448804988,0,1
BGD,Dhaka,Madaripur,2023-02-01,3373.62451171875,0.6074144244194031,0.5975320353802018,14.14250373840332,0.0733443704786637,1.5470277713753664,1,1
BGD,Khulna,Magura,2023-02-01,1442.3876953125,0.2712880373001098,0.3810660068889219,9.661584854125977,0.0381066006888922,0.9413058488849256,1,1
BGD,Dhaka,Manikganj,2023-02-01,4379.42626953125,0.6582739949226379,0.5933006095145742,15.803683280944824,0.0684122439473567,1.8441481161948845,0,1
BGD,Khulna,Meherpur,2023-02-01,1876.8814697265625,0.5096219778060913,0.531492628783825,5.458122253417969,0.055264534605386,1.511876272604573,1,1
BGD,Sylhet,Moulvibazar,2023-02-01,7323.26708984375,0.5299173593521118,0.5556303646397832,19.488649368286133,0.0590310919003899,1.4396578155646016,0,1
BGD,Dhaka,Munshiganj,2023-02-01,6625.1728515625,1.550626277923584,1.037368626362198,36.537723541259766,0.1939986683872024,4.739555387556183,0,1
BGD,Mymensingh,Mymensingh,2023-02-01,17691.578125,0.7926144003868103,0.6193090304426588,37.60226821899414,0.0902719267304542,1.943560854680097,0,1
BGD,Rajshahi,Naogaon,2023-02-01,3532.165283203125,0.2002962529659271,0.3186789199119313,9.151212692260742,0.0318678919911931,1.0126422514538689,0,1
BGD,Khulna,Narail,2023-02-01,1036.8984375,0.2081173211336136,0.341106860277961,4.348425388336182,0.0341106860277961,0.8953502908126562,1,1
BGD,Dhaka,Narayanganj,2023-02-01,21087.72265625,5.834682464599609,3.382540456454937,63.94027328491211,0.8747565468510218,20.33234926941248,0,1
BGD,Dhaka,Narsingdi,2023-02-01,8167.3896484375,1.417326807975769,0.9039356078912946,34.06771469116211,0.2963559613089107,4.431881900023064,0,1
BGD,Rajshahi,Natore,2023-02-01,2613.8857421875,0.2675741612911224,0.354207660995071,8.16571044921875,0.0354207660995071,1.10318945957317,0,1
BGD,Mymensingh,Netrakona,2023-02-01,4258.22900390625,0.2944163680076599,0.4097460390852763,9.66740608215332,0.0409746039085276,0.9306150801807844,0,1
BGD,Rangpur,Nilphamari,2023-02-01,3729.495361328125,0.4349059164524078,0.459698410375548,11.573236465454102,0.0459698410375548,1.4162084891666042,0,1
BGD,Chattogram,Noakhali,2023-02-01,7145.58251953125,0.5743695497512817,0.5908794900677218,20.141361236572266,0.0636801853121209,1.5169209585735626,0,1
BGD,Rajshahi,Pabna,2023-02-01,7493.31787109375,0.6164417266845703,0.4632801167496685,96.0583724975586,0.0463280116749668,2.032661421564087,0,1
BGD,Rangpur,Panchagarh,2023-02-01,4019.046630859375,0.5666499137878418,0.574059582388416,10.14887809753418,0.0708670055462941,1.5509350747720574,0,1
BGD,Chattogram,Parbattya Chattagram,2023-02-01,889.3558959960938,0.0304603930562734,0.2582189264447541,5.267828464508057,0.0258218926444754,0.4906159602450329,0,1
BGD,Barishal,Patuakhali,2023-02-01,2990.27099609375,0.2594075798988342,0.2998616675341524,70.79621887207031,0.0299861667534152,0.9116329922399438,1,1
BGD,Barishal,Pirojpur,2023-02-01,1010.5805053710938,0.1711734682321548,0.3105321599926057,5.016117572784424,0.0310532159992605,0.8583879013868375,1,1
BGD,Dhaka,Rajbari,2023-02-01,1823.6119384765625,0.3281922340393066,0.3993010029772704,8.227455139160156,0.039930100297727,1.2012919887124969,1,1
BGD,Rajshahi,Rajshahi,2023-02-01,7024.75830078125,0.5724331736564636,0.3776077717946653,34.690975189208984,0.0377607771794665,1.5321817452186253,0,1
BGD,Rangpur,Rangpur,2023-02-01,6704.939453125,0.5606722831726074,0.5179149689441424,19.261951446533203,0.053807912130242,1.6567263530829692,0,1
BGD,Khulna,Satkhira,2023-02-01,3069.927734375,0.2687146365642547,0.3661157688283765,7.943926334381103,0.0366115768828376,1.0402557545001423,1,1
BGD,Dhaka,Shariatpur,2023-02-01,2980.288330078125,0.5426616668701172,0.5750708876377931,23.65238571166992,0.0687695085357438,1.293037041062044,1,1
BGD,Mymensingh,Sherpur,2023-02-01,4012.103515625,0.588420033454895,0.5800945254494405,13.62368869781494,0.084112750789494,1.3387455685052096,0,1
BGD,Rajshahi,Sirajganj,2023-02-01,6083.611328125,0.4762459993362427,0.4559884761886086,31.77179908752441,0.0455988476188608,1.5150925440513725,0,1
BGD,Sylhet,Sunamganj,2023-02-01,3062.4169921875,0.1616487056016922,0.3090083342356249,17.1387939453125,0.0309008334235624,0.7714567713263601,0,1
BGD,Sylhet,Sylhet,2023-02-01,11641.603515625,0.6605068445205688,0.4531314758162889,115.0775146484375,0.0453131475816288,2.156502405864185,0,1
BGD,Dhaka,Tangail,2023-02-01,11916.2939453125,0.6922450661659241,0.6154884886094271,26.964019775390625,0.0753114694884652,1.77393855648493,0,1
BGD,Rangpur,Thakurgaon,2023-02-01,3904.35498046875,0.4152415096759796,0.4941315779773924,27.37504768371582,0.0494131577977392,1.2401441587692987,0,1
BGD,Khulna,Bagerhat,2023-03-01,4314.63330078125,0.4268527328968048,0.3705979467137058,98.76095581054688,0.0370597946713705,1.184351920606381,1,1
BGD,Chattogram,Bandarban,2023-03-01,1764.7406005859375,0.0762908682227134,0.2672221711261702,114.93961334228516,0.026722217112617,0.5547083303832635,0,1
BGD,Barishal,Barguna,2023-03-01,745.0062255859375,0.1178319379687309,0.2870264008196045,31.947784423828125,0.0287026400819604,0.6289529209720971,1,1
BGD,Barishal,Barisal,2023-03-01,4192.68408203125,0.3831669390201568,0.3881075398252245,16.108524322509766,0.0388107539825224,1.2593892639447477,1,1
BGD,Barishal,Bhola,2023-03-01,2288.90234375,0.2611412703990936,0.3474766145423006,34.463741302490234,0.03474766145423,0.9515146932978216,1,1
BGD,Rajshahi,Bogura,2023-03-01,8545.005859375,0.5698094367980957,0.5026257157494505,14.34227466583252,0.0504566975468561,2.068764595581423,0,1
BGD,Chattogram,Brahmanbaria,2023-03-01,9028.5693359375,0.9315679669380188,0.757043302746775,31.689626693725582,0.1186522317187544,2.228139324226784,0,1
BGD,Chattogram,Chandpur,2023-03-01,4774.0546875,0.6424580216407776,0.6254718416605802,12.287524223327637,0.1242720869331177,1.240136202139509,0,1
BGD,Rajshahi,Chapainawabganj,2023-03-01,3244.708740234375,0.3649868071079254,0.4089142388231418,11.338878631591797,0.0408914238823141,1.3060715455365508,0,1
BGD,Chattogram,Chittagong,2023-03-01,39388.83984375,1.820407032966613,0.7894514873152306,204.4416656494141,0.0902775177790325,6.679593478511803,0,1
BGD,Khulna,Chuadanga,2023-03-01,3746.8408203125,0.6423697471618652,0.6300006633725007,6.829850196838379,0.0948237026803865,1.5083177382998902,1,1
BGD,Chattogram,Cox's Bazar,2023-03-01,7957.79150390625,0.7705567479133606,0.5446232955493661,34.90453338623047,0.0413336629868381,2.561569741708184,0,1
BGD,Chattogram,Cumilla,2023-03-01,19860.71875,1.27070152759552,0.9335551198907992,46.3739128112793,0.5676006320095911,2.9800660698356167,0,1
BGD,Dhaka,Dhaka,2023-03-01,56097.1328125,7.598012924194336,2.1950715640652843,638.3497924804688,0.5422675861562392,33.70485418808156,0,1
BGD,Rangpur,Dinajpur,2023-03-01,9552.677734375,0.5349141955375671,0.550473686559873,14.657197952270508,0.0668894298592244,1.3573995050684873,0,1
BGD,Dhaka,Faridpur,2023-03-01,6488.91650390625,0.6637045741081238,0.6009825643643448,34.800254821777344,0.0776462094944318,1.7197454497374791,1,1
BGD,Chattogram,Feni,2023-03-01,5302.353515625,1.1758354902267456,0.9220607471634308,19.344221115112305,0.5334404932716968,2.466212662104998,0,1
BGD,Rangpur,Gaibandha,2023-03-01,3871.472412109375,0.3461876213550567,0.4635644557995247,11.074664115905762,0.0463564455799524,0.9938882915733944,0,1
BGD,Dhaka,Gazipur,2023-03-01,24864.224609375,2.758042097091675,1.2807082748343113,37.36075592041016,0.5672446396064025,10.052171828104338,0,1
BGD,Dhaka,Gopalganj,2023-03-01,2926.519287109375,0.3946993947029114,0.447153129983081,10.808643341064451,0.0447153129983081,1.2275266593782477,1,1
BGD,Sylhet,Habiganj,2023-03-01,8339.52734375,0.6300560235977173,0.5231520270011815,30.5137996673584,0.0527359781988383,1.858618545907916,0,1
BGD,Rajshahi,Jaipurhat,2023-03-01,2064.66796875,0.4140864014625549,0.4801891427335579,13.483622550964355,0.0480189142733557,1.2663174393831378,0,1
BGD,Mymensingh,Jamalpur,2023-03-01,5788.7978515625,0.5478716492652893,0.5777602387535278,9.698020935058594,0.0706358221050099,1.3022386624593214,0,1
BGD,Khulna,Jashore,2023-03-01,10587.9130859375,0.8052579760551453,0.6711152615901586,29.74005889892578,0.1418149886925331,1.8544223998490168,1,1
BGD,Barishal,Jhalakati,2023-03-01,971.977783203125,0.2696479260921478,0.3605741613899225,15.00408172607422,0.0360574161389922,0.9676563041644792,1,1
BGD,Khulna,Jhenaidah,2023-03-01,4871.56005859375,0.4869958758354187,0.5366093866729176,12.48524570465088,0.0607666953022202,1.389192314219749,1,1
BGD,Chattogram,Khagrachari,2023-03-01,2075.191162109375,0.1431516706943512,0.2940266418548194,38.16314315795898,0.0294026641854819,0.880204610658522,0,1
BGD,Khulna,Khulna,2023-03-01,6725.65283203125,0.6529350280761719,0.4182104219778846,25.323400497436523,0.0418210421977884,2.7415479389287527,1,1
BGD,Dhaka,Kishoreganj,2023-03-01,6174.609375,0.4707825481891632,0.4477924432850709,11.574440002441406,0.044779244328507,1.432612476273279,0,1
BGD,Rangpur,Kurigram,2023-03-01,4858.75537109375,0.4146779179573059,0.5218810069048546,6.796367645263672,0.0539751583453863,1.1260106241296384,0,1
BGD,Khulna,Kushtia,2023-03-01,6911.8232421875,0.823401927947998,0.6857798054821004,27.96566390991211,0.1019636473202877,2.19825849689978,1,1
BGD,Chattogram,Lakshmipur,2023-03-01,3544.1884765625,0.5796185731887817,0.6085320313924796,7.616607189178467,0.0876562808589621,1.3034907239260003,0,1
BGD,Rangpur,Lalmonirhat,2023-03-01,3914.5546875,0.6081820726394653,0.5991372633255734,8.540905952453613,0.0855848806282773,1.5171663355804696,0,1
BGD,Dhaka,Madaripur,2023-03-01,2969.96923828125,0.5335392355918884,0.5508991717488532,15.072539329528809,0.0622157909020034,1.464173891502646,1,1
BGD,Khulna,Magura,2023-03-01,1877.8214111328125,0.3531855642795563,0.4667155236718345,8.899441719055176,0.0466715523671834,1.0144475097262622,1,1
BGD,Dhaka,Manikganj,2023-03-01,5183.1650390625,0.7811839580535889,0.684372337414204,17.510570526123047,0.0927944661092697,2.028540136386009,0,1
BGD,Khulna,Meherpur,2023-03-01,2641.240478515625,0.7171652913093567,0.6954985116542914,5.000720977783203,0.1269232355711591,1.5428168191916598,1,1
BGD,Sylhet,Moulvibazar,2023-03-01,7950.09326171875,0.5752749443054199,0.6054238431031658,16.840438842773438,0.0753136310779541,1.3362527479568658,0,1
BGD,Dhaka,Munshiganj,2023-03-01,6361.78271484375,1.488961696624756,1.0236529442381417,46.05525970458984,0.2093508460768321,4.399318615497125,0,1
BGD,Mymensingh,Mymensingh,2023-03-01,20140.82421875,0.9023450613021852,0.6756204312426851,27.994590759277344,0.1550374043451539,2.1330312967129936,0,1
BGD,Rajshahi,Naogaon,2023-03-01,2903.36279296875,0.1646391451358795,0.3047490551516248,10.406633377075195,0.0304749055151624,0.8762386448675091,0,1
BGD,Khulna,Narail,2023-03-01,1332.8033447265625,0.2675088047981262,0.395012400989469,3.683661699295044,0.0395012400989469,0.9156578632172564,1,1
BGD,Dhaka,Narayanganj,2023-03-01,20028.01171875,5.541475296020508,3.131610111797168,82.6802978515625,0.8057168310648766,19.387642716977545,0,1
BGD,Dhaka,Narsingdi,2023-03-01,7700.80029296875,1.336357355117798,0.8690109344755141,39.79267501831055,0.2262043558969527,4.057131735823507,0,1
BGD,Rajshahi,Natore,2023-03-01,3395.029052734375,0.3476081788539886,0.4255518260980322,8.223011016845703,0.0425551826098032,1.1803571475832353,0,1
BGD,Mymensingh,Netrakona,2023-03-01,5464.2275390625,0.377799779176712,0.5085878146357841,8.219557762145996,0.0522329654038593,0.9620364334707512,0,1
BGD,Rangpur,Nilphamari,2023-03-01,3137.459716796875,0.3658671379089355,0.3878530990704549,11.847177505493164,0.0387853099070455,1.3673848922882186,0,1
BGD,Chattogram,Noakhali,2023-03-01,7404.59375,0.5951907634735107,0.6082572304091222,15.14631175994873,0.0731236400818744,1.4537838961079868,0,1
BGD,Rajshahi,Pabna,2023-03-01,9195.115234375,0.7567599415779114,0.6056225986463698,69.1634292602539,0.0729869348694106,2.138055706045753,0,1
BGD,Rangpur,Panchagarh,2023-03-01,5154.3408203125,0.7267163395881653,0.6725303512464224,9.258212089538574,0.1504387816079732,1.534138101027516,0,1
BGD,Chattogram,Parbattya Chattagram,2023-03-01,1121.13671875,0.0384067669510841,0.1738452966495856,31.42914390563965,0.0173845296649585,0.3303060636342128,0,1
BGD,Barishal,Patuakhali,2023-03-01,2951.747802734375,0.2560656666755676,0.2992009007765664,55.03804016113281,0.0299200900776566,0.904403892818428,1,1
BGD,Barishal,Pirojpur,2023-03-01,804.9886474609375,0.1363500505685806,0.2961248503795353,4.693873405456543,0.0296124850379535,0.7796969588887785,1,1
BGD,Dhaka,Rajbari,2023-03-01,2338.805419921875,0.4208201467990875,0.5052115137364026,5.758194446563721,0.0514337011287459,1.2346739761788286,1,1
BGD,Rajshahi,Rajshahi,2023-03-01,7765.69482421875,0.6328105330467224,0.4140796436968959,32.16468048095703,0.0414079643696896,1.7158124884388166,0,1
BGD,Rangpur,Rangpur,2023-03-01,7789.0166015625,0.6513236165046692,0.5646286880674598,21.99048042297364,0.0732957198697547,1.678140243123027,0,1
BGD,Khulna,Satkhira,2023-03-01,4749.31494140625,0.4157499074935913,0.5050252664974374,6.995710372924805,0.0510636498903017,1.17598913549004,1,1
BGD,Dhaka,Shariatpur,2023-03-01,2912.163818359375,0.529981255531311,0.5623783555383689,20.110376358032227,0.0723063986061269,1.2166598475258692,1,1
BGD,Mymensingh,Sherpur,2023-03-01,4979.10791015625,0.7302420735359192,0.6614509312057092,10.670055389404297,0.1711034678648098,1.4375671871360738,0,1
BGD,Rajshahi,Sirajganj,2023-03-01,7767.08837890625,0.6076845526695251,0.5703320721540731,27.34601593017578,0.0591400159669248,1.6615199699467555,0,1
BGD,Sylhet,Sunamganj,2023-03-01,3354.90087890625,0.1770873665809631,0.3207154080004597,13.633684158325195,0.0320715408000459,0.7996575099766715,0,1
BGD,Sylhet,Sylhet,2023-03-01,12428.7587890625,0.7051674723625183,0.5308547742520268,91.82258605957033,0.0546402117314756,2.105903703648027,0,1
BGD,Dhaka,Tangail,2023-03-01,14635.0146484375,0.8499709963798523,0.7356556199321893,20.45715713500977,0.1138050513527502,1.9607082617670368,0,1
BGD,Rangpur,Thakurgaon,2023-03-01,5317.55322265625,0.5655399560928345,0.578149016744253,16.46579360961914,0.0909190051068594,1.2379948807529508,0,1
BGD,Khulna,Bagerhat,2023-04-01,5234.466796875,0.5179044008255005,0.2487501695263192,86.78814697265625,0.0248750169526319,1.308789087519583,1,1
BGD,Chattogram,Bandarban,2023-04-01,5049.99267578125,0.2183144241571426,0.297145574333772,96.61418914794922,0.0297145574333772,0.7594046773052404,0,1
BGD,Barishal,Barguna,2023-04-01,1573.703857421875,0.2489006966352462,0.380365780571819,27.32168960571289,0.0380365780571819,0.709557385952714,1,1
BGD,Barishal,Barisal,2023-04-01,4806.7470703125,0.4392846822738647,0.146358302413211,24.25870513916016,0.0146358302413211,1.2942097567544164,1,1
BGD,Barishal,Bhola,2023-04-01,2613.43701171875,0.2980776131153106,0.375877948336294,36.711238861083984,0.0375877948336294,1.003861233880457,1,1
BGD,Rajshahi,Bogura,2023-04-01,9511.6337890625,0.633536159992218,0.5656107382790778,12.887168884277344,0.072650545322826,1.8867602832287684,0,1
BGD,Chattogram,Brahmanbaria,2023-04-01,10762.263671875,1.1104506254196167,0.7677692106678514,542.7612915039064,0.1118126260306417,2.2687133320332853,0,1
BGD,Chattogram,Chandpur,2023-04-01,4648.041015625,0.6253219246864319,0.6246592363681328,11.807682991027832,0.0810363589999664,1.213984764920449,0,1
BGD,Rajshahi,Chapainawabganj,2023-04-01,2779.17236328125,0.3126201033592224,0.3910902812444944,9.370564460754396,0.0391090281244494,1.0981794630737696,0,1
BGD,Chattogram,Chittagong,2023-04-01,40909.296875,1.890676975250244,0.7991271940451385,194.99234008789065,0.1079096269138008,7.098673528031365,0,1
BGD,Khulna,Chuadanga,2023-04-01,2636.6796875,0.4520403742790222,0.5112255690896675,7.364983081817627,0.0522196656620242,1.3656470505428244,1,1
BGD,Chattogram,Cox's Bazar,2023-04-01,8512.0703125,0.8242191076278687,0.5951873111754441,44.515892028808594,0.0389992405842418,2.515802087088685,0,1
BGD,Chattogram,Cumilla,2023-04-01,19693.57421875,1.2600075006484983,0.8976388036157061,68.05469512939453,0.5331093701626759,3.0419600524853867,0,1
BGD,Dhaka,Dhaka,2023-04-01,60838.671875,8.239605903625488,2.2711738636228382,1185.3040771484375,0.5764859243521091,35.64604386639919,0,1
BGD,Rangpur,Dinajpur,2023-04-01,10893.11328125,0.6099736094474792,0.5949594697199793,13.480147361755373,0.0917636010245275,1.3537420698300986,0,1
BGD,Dhaka,Faridpur,2023-04-01,4404.60693359375,0.4504219591617584,0.4312703236262628,41.50065994262695,0.0431270323626262,1.5067126621869276,1,1
BGD,Chattogram,Feni,2023-04-01,4324.529296875,0.9589958190917968,0.7440617086300534,26.90622901916504,0.1718187680928714,2.3029071758142994,0,1
BGD,Rangpur,Gaibandha,2023-04-01,5249.27880859375,0.4686343669891357,0.5583243628681195,9.17210578918457,0.0688804612193667,1.0263001916338754,0,1
BGD,Dhaka,Gazipur,2023-04-01,25011.580078125,2.77438759803772,1.2664049401381303,37.78050994873047,0.527660717280382,10.390385870504872,0,1
BGD,Dhaka,Gopalganj,2023-04-01,1962.4637451171875,0.2646773159503937,0.3352872895074971,13.945101737976074,0.0335287289507497,1.096859514775144,1,1
BGD,Sylhet,Habiganj,2023-04-01,7109.88916015625,0.5371561646461487,0.4522110711015248,65.47262573242188,0.0452211071101524,1.6647002681827612,0,1
BGD,Rajshahi,Jaipurhat,2023-04-01,3040.862548828125,0.6098703742027283,0.5933467585024659,9.570058822631836,0.115023508723318,1.2351784734124605,0,1
BGD,Mymensingh,Jamalpur,2023-04-01,5142.61328125,0.4865303337574005,0.5385875961023731,10.556543350219728,0.0616490757347948,1.209986406423917,0,1
BGD,Khulna,Jashore,2023-04-01,8027.40869140625,0.6105201840400696,0.5638502283682882,33.39154815673828,0.0660845525104208,1.6695042394952666,1,1
BGD,Barishal,Jhalakati,2023-04-01,1271.74462890625,0.3528098165988922,0.4578567402278162,16.117061614990234,0.0457856740227816,0.9956704969249822,1,1
BGD,Khulna,Jhenaidah,2023-04-01,2972.38037109375,0.2971403300762176,0.3795725544150107,17.043807983398438,0.037957255441501,1.1723707422790506,1,1
BGD,Chattogram,Khagrachari,2023-04-01,2921.676025390625,0.2015442252159118,0.3243383469468731,45.5921516418457,0.0324338346946873,0.9415588032644444,0,1
BGD,Khulna,Khulna,2023-04-01,6892.34521484375,0.6691177487373352,0.4340930236704859,34.02908706665039,0.0434093023670486,2.6971285162637315,1,1
BGD,Dhaka,Kishoreganj,2023-04-01,5903.1298828125,0.4500836431980133,0.4635164993063985,14.2020902633667,0.0463516499306398,1.3627529853223717,0,1
BGD,Rangpur,Kurigram,2023-04-01,5038.970703125,0.4298374652862549,0.5297023711761681,5.8293962478637695,0.0338515209583304,1.1467141435111243,0,1
BGD,Khulna,Kushtia,2023-04-01,5865.25,0.6987242102622986,0.5945796310921454,32.27435302734375,0.0728402034530566,1.9854721419895467,1,1
BGD,Chattogram,Lakshmipur,2023-04-01,3353.036376953125,0.5482677817344666,0.5834597784060603,9.27406311035156,0.0365137266856641,1.2572115891642852,0,1
BGD,Rangpur,Lalmonirhat,2023-04-01,5181.09765625,0.8049576282501221,0.7555726879498894,8.486513137817383,0.1745774400833116,1.702718481896849,0,1
BGD,Dhaka,Madaripur,2023-04-01,2292.34521484375,0.411288857460022,0.411935395235734,96.36165618896484,0.0411935395235734,1.3872722176039485,1,1
BGD,Khulna,Magura,2023-04-01,1024.0731201171875,0.19261035323143,0.3258555797237968,7.087693214416504,0.0325855579723796,0.858565706920006,1,1
BGD,Dhaka,Manikganj,2023-04-01,5204.8271484375,0.7826916575431824,0.6854118390014846,17.80093765258789,0.1000258450872778,1.9326498075986696,0,1
BGD,Khulna,Meherpur,2023-04-01,1993.7398681640625,0.5413520932197571,0.5764280930952856,5.007112503051758,0.0715631772363618,1.3551400624473289,1,1
BGD,Sylhet,Moulvibazar,2023-04-01,6555.13427734375,0.4743346273899078,0.5319536220755238,19.92673110961914,0.0240266099706494,1.2435524122257564,0,1
BGD,Dhaka,Munshiganj,2023-04-01,6646.66015625,1.5545947551727295,1.0719465208714674,50.270694732666016,0.2810900604674538,4.341155609338033,0,1
BGD,Mymensingh,Mymensingh,2023-04-01,17770.509765625,0.7961506843566895,0.6260659099270459,31.30347442626953,0.0912035536273277,1.945772679553046,0,1
BGD,Rajshahi,Naogaon,2023-04-01,4388.166015625,0.2488369345664978,0.3754034222576807,10.741006851196287,0.037540342225768,0.8521728310637431,0,1
BGD,Khulna,Narail,2023-04-01,701.5288696289064,0.1408048272132873,0.3028932362170604,3.896506786346436,0.030289323621706,0.7589780912519682,1,1
BGD,Dhaka,Narayanganj,2023-04-01,20852.703125,5.769656181335449,3.258996919794286,71.88397216796875,0.8653041801136439,20.182496032384005,0,1
BGD,Dhaka,Narsingdi,2023-04-01,8260.6015625,1.433502435684204,0.8999571279480258,63.11392974853516,0.3149824961795048,4.172463770677665,0,1
BGD,Rajshahi,Natore,2023-04-01,3532.396484375,0.3615988194942474,0.4467637399536173,6.9287614822387695,0.0446763739953617,1.119583608697248,0,1
BGD,Mymensingh,Netrakona,2023-04-01,2343.85693359375,0.1620555967092514,0.3184193910451976,8.889265060424805,0.0318419391045197,0.7405901430751294,0,1
BGD,Rangpur,Nilphamari,2023-04-01,5857.78125,0.6830907464027405,0.6177107510953175,16.395301818847656,0.1083160365916228,1.5569524518608662,0,1
BGD,Chattogram,Noakhali,2023-04-01,6495.79736328125,0.5221391320228577,0.5607835291048482,11.530084609985352,0.02967658752018,1.409549047040987,0,1
BGD,Rajshahi,Pabna,2023-04-01,7855.03662109375,0.6463922262191772,0.5302495181105232,81.58694458007811,0.0560799088126979,1.8693530953550035,0,1
BGD,Rangpur,Panchagarh,2023-04-01,4554.416015625,0.6421322226524353,0.6145278871577464,15.66833782196045,0.0841956079885006,1.6879308151342618,0,1
BGD,Chattogram,Parbattya Chattagram,2023-04-01,6145.52392578125,0.2105055004358291,0.0086629138626151,81.07734680175781,0.0008662913862615,0.7154388924336114,0,1
BGD,Barishal,Patuakhali,2023-04-01,3411.60986328125,0.295958936214447,0.1806505149623943,51.42564010620117,0.0180650514962394,0.9010695202139024,1,1
BGD,Barishal,Pirojpur,2023-04-01,1246.7318115234375,0.2111730873584747,0.3532752794025313,5.135880470275879,0.0353275279402531,0.7679481699097012,1,1
BGD,Dhaka,Rajbari,2023-04-01,1943.0982666015625,0.349418967962265,0.4186820155878624,5.906243324279785,0.0418682015587862,1.1536277915862834,1,1
BGD,Rajshahi,Rajshahi,2023-04-01,8608.4404296875,0.7014841437339783,0.4780887709245673,47.16812133789063,0.0478088770924567,1.652088949257573,0,1
BGD,Rangpur,Rangpur,2023-04-01,9818.9208984375,0.8210658431053162,0.6642191454082189,21.124839782714844,0.1738394318804369,1.7744605235449806,0,1
BGD,Khulna,Satkhira,2023-04-01,4382.51708984375,0.3836072385311126,0.3670472321667063,6.291722774505615,0.0367047232166706,1.114587597035532,1,1
BGD,Dhaka,Shariatpur,2023-04-01,2787.300048828125,0.506957471370697,0.5549183235374034,23.466856002807617,0.063008747607758,1.1633988405023727,1,1
BGD,Mymensingh,Sherpur,2023-04-01,4592.51708984375,0.6735442280769348,0.6214319596226049,15.046649932861328,0.1248210087038147,1.3437057572553628,0,1
BGD,Rajshahi,Sirajganj,2023-04-01,7392.12646484375,0.5781379342079163,0.5581691020144668,24.43712615966797,0.0604871386467431,1.504418833986915,0,1
BGD,Sylhet,Sunamganj,2023-04-01,1945.2381591796875,0.1026787757873535,0.2826319848741335,14.4662446975708,0.0282631984874133,0.6273709944362487,0,1
BGD,Sylhet,Sylhet,2023-04-01,10913.541015625,0.6191989183425903,0.4586574979359299,99.68521881103516,0.045865749793593,1.8517969168501724,0,1
BGD,Dhaka,Tangail,2023-04-01,13626.0888671875,0.7912951707839966,0.6981632450253407,26.789934158325195,0.0782579689092971,1.7410778695482376,0,1
BGD,Rangpur,Thakurgaon,2023-04-01,4052.5966796875,0.4310075342655182,0.5122025585788444,16.513696670532227,0.0532191277356234,1.1483649577719883,0,1
BGD,Khulna,Bagerhat,2023-05-01,4508.48974609375,0.4459871053695678,0.36819782765729,127.88983154296876,0.036819782765729,1.1532972556422594,1,1
BGD,Chattogram,Bandarban,2023-05-01,2078.230712890625,0.0898432508111,0.2855644284037179,10.318880081176758,0.0285564428403717,0.6116335505209325,0,1
BGD,Barishal,Barguna,2023-05-01,651.5588989257812,0.1030520871281623,0.2808552947245378,20.91153335571289,0.0280855294724537,0.6112171367180343,1,1
BGD,Barishal,Barisal,2023-05-01,3438.131103515625,0.3142051100730896,0.2635094973667713,20.861312866210938,0.0263509497366771,1.0463789619873547,1,1
BGD,Barishal,Bhola,2023-05-01,6003.3037109375,0.684708297252655,0.2188149055809338,802.7095336914062,0.0218814905580933,1.3146029279107494,1,1
BGD,Rajshahi,Bogura,2023-05-01,11672.9365234375,0.7766651511192322,0.6579990199736568,13.609761238098145,0.0828799784831957,2.2092608735468304,0,1
BGD,Chattogram,Brahmanbaria,2023-05-01,9789.03515625,1.0100328922271729,0.6598467950858348,574.037109375,0.087699454083507,2.3227792816539905,0,1
BGD,Chattogram,Chandpur,2023-05-01,2232.7548828125,0.3003825843334198,0.4054123584402967,13.760952949523926,0.0405412358440296,0.8811164682163305,0,1
BGD,Rajshahi,Chapainawabganj,2023-05-01,6780.45751953125,0.7627542018890381,0.7168792073518245,10.311077117919922,0.1765501679486842,1.5123768367107615,0,1
BGD,Chattogram,Chittagong,2023-05-01,38282.3828125,1.769270658493042,0.7772688166180527,175.81382751464844,0.1191106159637464,6.461542466857342,0,1
BGD,Khulna,Chuadanga,2023-05-01,4060.322509765625,0.6961140036582947,0.6601285405584215,7.184128284454346,0.1565325836393835,1.459122491994674,1,1
BGD,Chattogram,Cox's Bazar,2023-05-01,8097.5478515625,0.7842304706573486,0.5860609080782072,44.54583740234375,0.0572066027613408,2.382372647283188,0,1
BGD,Chattogram,Cumilla,2023-05-01,16653.435546875,1.0654975175857544,0.7805450247538757,99.59082794189452,0.2013424534738951,2.759074671410467,0,1
BGD,Dhaka,Dhaka,2023-05-01,54957.68359375,7.442993640899658,1.930219600702078,530.7989501953125,0.3981375828446492,34.351658137130926,0,1
BGD,Rangpur,Dinajpur,2023-05-01,16061.775390625,0.8993993401527405,0.7717456748800978,12.63128662109375,0.5432467735880603,1.5951453533380744,0,1
BGD,Dhaka,Faridpur,2023-05-01,4968.66259765625,0.5067338347434998,0.5122739531532815,37.40844345092773,0.0524739030224767,1.4465295351573566,1,1
BGD,Chattogram,Feni,2023-05-01,4782.76123046875,1.0606120824813845,0.8455338273900875,21.0583724975586,0.4269776130383279,2.2269261226096355,0,1
BGD,Rangpur,Gaibandha,2023-05-01,3317.94482421875,0.296186238527298,0.3976595453601582,9.251712799072266,0.0397659545360158,0.9948727310826496,0,1
BGD,Dhaka,Gazipur,2023-05-01,23530.626953125,2.610114097595215,1.1719579312114334,42.30386352539063,0.5432650136273425,9.760501693259952,0,1
BGD,Dhaka,Gopalganj,2023-05-01,2418.29931640625,0.326155811548233,0.3989898290091432,14.038263320922852,0.0398989829009143,1.0424630779201154,1,1
BGD,Sylhet,Habiganj,2023-05-01,8770.8916015625,0.6626458168029785,0.546098765754157,93.38361358642578,0.0569960919056659,1.850753504247312,0,1
BGD,Rajshahi,Jaipurhat,2023-05-01,3801.496337890625,0.7624218463897705,0.706027226872908,11.017837524414062,0.2664904669464605,1.3502810851020832,0,1
BGD,Mymensingh,Jamalpur,2023-05-01,3529.617431640625,0.3338654935359955,0.414599110889816,11.03749179840088,0.0414599110889816,1.04294314587122,0,1
BGD,Khulna,Jashore,2023-05-01,10646.95703125,0.8097485303878784,0.6990686902541289,42.59806060791016,0.1481082405896468,1.76493116397434,1,1
BGD,Barishal,Jhalakati,2023-05-01,875.0311279296875,0.242752805352211,0.3471856523223025,26.23576164245605,0.0347185652322302,0.8709305759792132,1,1
BGD,Khulna,Jhenaidah,2023-05-01,4932.3486328125,0.4930727481842041,0.548588886338956,12.441823959350586,0.0725694414469601,1.1918447017551843,1,1
BGD,Chattogram,Khagrachari,2023-05-01,3092.571533203125,0.2133330106735229,0.344878406857376,5.805966377258301,0.0344878406857376,0.9291478706273166,0,1
BGD,Khulna,Khulna,2023-05-01,6981.13623046875,0.6777376532554626,0.4999704144437479,39.311973571777344,0.0499970414443747,2.4568761948322804,1,1
BGD,Dhaka,Kishoreganj,2023-05-01,4626.04150390625,0.3527121245861053,0.4131731824180069,11.896296501159668,0.0413173182418006,1.1218264015587087,0,1
BGD,Rangpur,Kurigram,2023-05-01,4136.4287109375,0.3528904616832733,0.4419769337085596,5.771282196044922,0.0441976933708559,1.1178979200237196,0,1
BGD,Khulna,Kushtia,2023-05-01,7684.15576171875,0.915518581867218,0.7523323943965077,17.835033416748047,0.1613747028003181,2.186397930194125,1,1
BGD,Chattogram,Lakshmipur,2023-05-01,2072.493408203125,0.3388813138008117,0.4512727969423962,5.977126121520996,0.0451272796942396,1.0074242527332364,0,1
BGD,Rangpur,Lalmonirhat,2023-05-01,6267.1484375,0.9736911654472352,0.8949991109210281,43.904178619384766,0.3306819033923443,1.849942751146513,0,1
BGD,Dhaka,Madaripur,2023-05-01,2132.435546875,0.3825365900993347,0.4462360573135426,9.137561798095703,0.0446236057313542,1.184013916366794,1,1
BGD,Khulna,Magura,2023-05-01,2162.60888671875,0.4067491292953491,0.5182308343612599,8.031895637512207,0.0549209051539481,0.984666979745276,1,1
BGD,Dhaka,Manikganj,2023-05-01,4146.96484375,0.6202564835548401,0.5804240136252304,14.915708541870115,0.0511887433050908,1.6908841090280926,0,1
BGD,Khulna,Meherpur,2023-05-01,3488.62060546875,0.9472509622573853,0.846274207058592,5.451454162597656,0.5527246116164533,1.731329345423608,1,1
BGD,Sylhet,Moulvibazar,2023-05-01,8189.552734375,0.5926024317741394,0.6141705364422989,19.1838321685791,0.0890248357660575,1.2818506433787076,0,1
BGD,Dhaka,Munshiganj,2023-05-01,6018.09619140625,1.4075735807418823,0.9100627454051526,53.723262786865234,0.2084374536732385,4.122359340430687,0,1
BGD,Mymensingh,Mymensingh,2023-05-01,14801.0146484375,0.6631119847297668,0.5558045649897299,30.182701110839844,0.0594923749742022,1.7921265195312237,0,1
BGD,Rajshahi,Naogaon,2023-05-01,9889.623046875,0.560804545879364,0.5962705466270446,10.463435173034668,0.0903555736571045,1.0569366105077955,0,1
BGD,Khulna,Narail,2023-05-01,1513.7591552734375,0.3038287162780761,0.4464520689384052,3.3506200313568115,0.0446452068938405,0.879562259066192,1,1
BGD,Dhaka,Narayanganj,2023-05-01,19635.767578125,5.432946681976318,2.8920563522868346,86.4796142578125,0.6543182128464818,19.654657323683104,0,1
BGD,Dhaka,Narsingdi,2023-05-01,6934.05810546875,1.2033008337020874,0.7452139856116703,75.29583740234375,0.1582309521883394,3.697314985599016,0,1
BGD,Rajshahi,Natore,2023-05-01,5646.9755859375,0.5780607461929321,0.6071393845130817,8.14604377746582,0.0664534208070037,1.2798831571927505,0,1
BGD,Mymensingh,Netrakona,2023-05-01,1064.396240234375,0.0735929608345031,0.2729175994368922,7.589930534362793,0.0272917599436892,0.6028048049690933,0,1
BGD,Rangpur,Nilphamari,2023-05-01,7869.1591796875,0.9176425933837892,0.7743534053071266,17.58833885192871,0.5565006801509746,1.6168754590873085,0,1
BGD,Chattogram,Noakhali,2023-05-01,5349.70654296875,0.4300151169300079,0.4977864839332321,10.46045970916748,0.0497786483933232,1.2598271409534578,0,1
BGD,Rajshahi,Pabna,2023-05-01,9975.994140625,0.8205916285514832,0.6387889736306523,64.82334899902344,0.0718619538058245,2.2785842566477084,0,1
BGD,Rangpur,Panchagarh,2023-05-01,7344.240234375,1.035472750663757,0.9088683111374836,9.136359214782717,0.6249652578035889,1.92335859356859,0,1
BGD,Chattogram,Parbattya Chattagram,2023-05-01,1871.083740234375,0.0641416385769844,0.2759238435101997,5.644406318664551,0.0275923843510199,0.5770710242321729,0,1
BGD,Barishal,Patuakhali,2023-05-01,2690.88330078125,0.2334355413913726,0.2967887158794754,48.710899353027344,0.0296788715879475,0.8318642241716844,1,1
BGD,Barishal,Pirojpur,2023-05-01,606.2759399414064,0.1026918217539787,0.2860614932862327,4.45234489440918,0.0286061493286232,0.6559433335052754,1,1
BGD,Dhaka,Rajbari,2023-05-01,1444.863525390625,0.2597896754741668,0.3866566318052111,5.689653396606445,0.0386656631805211,0.8998305979299069,1,1
BGD,Rajshahi,Rajshahi,2023-05-01,12864.03515625,1.0482639074325562,0.682544485798765,40.88028335571289,0.1920155785749,1.9510714612177336,0,1
BGD,Rangpur,Rangpur,2023-05-01,9131.3876953125,0.7635737657546997,0.6688741767760017,18.08753776550293,0.126011434978939,1.6339279860301503,0,1
BGD,Khulna,Satkhira,2023-05-01,4878.3447265625,0.427007645368576,0.5127721792270267,6.486069679260254,0.0408164967565506,1.1732683623534936,1,1
BGD,Dhaka,Shariatpur,2023-05-01,2368.154052734375,0.4307720363140106,0.5182450766422664,23.3995361328125,0.0551521434626867,1.0039654183236648,1,1
BGD,Mymensingh,Sherpur,2023-05-01,2555.229248046875,0.3747530579566955,0.4601677702863795,10.48739242553711,0.0460167770286379,1.0082429160859396,0,1
BGD,Rajshahi,Sirajganj,2023-05-01,8802.181640625,0.6872233748435974,0.664808715009032,30.938697814941406,0.0715116687668962,1.7039449971193714,0,1
BGD,Sylhet,Sunamganj,2023-05-01,1372.9561767578125,0.0724710524082183,0.272432872837012,9.47335720062256,0.0272432872837012,0.5804051998978631,0,1
BGD,Sylhet,Sylhet,2023-05-01,11325.3349609375,0.6425628066062927,0.5150062924285721,200.228515625,0.0458765753127362,1.8324689935403389,0,1
BGD,Dhaka,Tangail,2023-05-01,13325.8701171875,0.7735119462013245,0.6842516674128541,26.98271369934082,0.1425819648596029,1.6706928547935196,0,1
BGD,Rangpur,Thakurgaon,2023-05-01,8210.3779296875,0.8732017874717712,0.7828931777052545,20.11980056762696,0.5542876298181553,1.4209989134357877,0,1
BGD,Khulna,Bagerhat,2023-06-01,3932.889892578125,0.3894725143909454,0.3323756863176934,137.6722869873047,0.0332375686317693,0.9837708878391576,1,1
BGD,Chattogram,Bandarban,2023-06-01,2383.582275390625,0.103043794631958,0.2960486849361104,9.129852294921877,0.029604868493611,0.6219041411283264,0,1
BGD,Barishal,Barguna,2023-06-01,966.5872802734376,0.1528777182102203,0.3035616047973185,26.31929016113281,0.0303561604797318,0.6439780244993841,1,1
BGD,Barishal,Barisal,2023-06-01,5338.716796875,0.4878965020179748,0.5142407566205099,32.80462646484375,0.0471047486535013,1.099448064840519,1,1
BGD,Barishal,Bhola,2023-06-01,2625.283203125,0.2994821667671203,0.3487820071881403,105.4796142578125,0.034878200718814,0.8453971220439477,1,1
BGD,Rajshahi,Bogura,2023-06-01,7992.24658203125,0.5317684412002563,0.5317862716800192,10.447114944458008,0.0598792462831138,1.6606216826109603,0,1
BGD,Chattogram,Brahmanbaria,2023-06-01,11665.8818359375,1.2039934396743774,0.7527502934785518,514.8198852539064,0.2361161982901099,2.632536587340475,0,1
BGD,Chattogram,Chandpur,2023-06-01,4561.19921875,0.6135586500167847,0.6136155722024556,8.639595985412598,0.1443968735278241,1.1058506255448275,0,1
BGD,Rajshahi,Chapainawabganj,2023-06-01,2579.302001953125,0.2901373505592346,0.3548046079347994,11.550253868103027,0.0354804607934799,1.2256947508855085,0,1
BGD,Chattogram,Chittagong,2023-06-01,42095.015625,1.9455664157867432,0.801085479218366,162.32720947265625,0.1136724136461506,7.716763037171269,0,1
BGD,Khulna,Chuadanga,2023-06-01,2254.889892578125,0.3865851461887359,0.4957773877743167,5.541654586791992,0.0495777387774316,1.154670381036604,1,1
BGD,Chattogram,Cox's Bazar,2023-06-01,7457.0693359375,0.7242534160614014,0.5756978431332325,46.309696197509766,0.0414103492732686,2.06268264562086,0,1
BGD,Chattogram,Cumilla,2023-06-01,20879.8203125,1.3359043598175049,0.8670045487911124,34.040809631347656,0.5271386003910921,3.5588686047303715,0,1
BGD,Dhaka,Dhaka,2023-06-01,38390.8984375,5.199331283569336,1.991886856903036,1033.646240234375,0.580456335067914,18.39278792631477,0,1
BGD,Rangpur,Dinajpur,2023-06-01,10032.2177734375,0.5617666840553284,0.5691994311791387,13.209980964660645,0.0742665505843816,1.357100074546279,0,1
BGD,Dhaka,Faridpur,2023-06-01,4891.74560546875,0.499077707529068,0.5292726760848379,21.892240524291992,0.0564485663227602,1.3597960500243549,1,1
BGD,Chattogram,Feni,2023-06-01,5862.52734375,1.3000580072402954,0.9471575649889112,31.03411293029785,0.2591210130871726,3.454749333345089,0,1
BGD,Rangpur,Gaibandha,2023-06-01,4301.10986328125,0.3839513957500458,0.5178813928192213,16.00267791748047,0.0554767074900412,0.9036606871334306,0,1
BGD,Dhaka,Gazipur,2023-06-01,22783.8203125,2.5272750854492188,1.176810404503239,37.54476165771485,0.6018157968722861,8.581844534169424,0,1
BGD,Dhaka,Gopalganj,2023-06-01,2260.13525390625,0.3048242330551147,0.3880978141755046,17.29813003540039,0.0388097814175504,0.9683187473419256,1,1
BGD,Sylhet,Habiganj,2023-06-01,9974.3603515625,0.7535685896873474,0.6328716581691805,59.23451614379883,0.0819135719803232,2.0084228134871283,0,1
BGD,Rajshahi,Jaipurhat,2023-06-01,2330.74609375,0.4674505889415741,0.5345080923938853,10.697285652160645,0.0628703575556958,1.1800512132184335,0,1
BGD,Mymensingh,Jamalpur,2023-06-01,3445.021240234375,0.3258635699748993,0.4295493490424104,7.755013942718506,0.042954934904241,0.949311072605178,0,1
BGD,Khulna,Jashore,2023-06-01,6695.44580078125,0.5092184543609619,0.517399299385737,29.063522338867188,0.0547647871851608,1.4168689764027422,1,1
BGD,Barishal,Jhalakati,2023-06-01,1152.8089599609375,0.3198144733905792,0.4015875809873859,30.36162376403809,0.0401587580987385,0.8869481911314241,1,1
BGD,Khulna,Jhenaidah,2023-06-01,3995.576171875,0.3994262814521789,0.5086083660389149,15.309917449951172,0.0524989288655585,1.0983533754646733,1,1
BGD,Chattogram,Khagrachari,2023-06-01,3888.17919921875,0.268215924501419,0.3757590479211525,5.624500751495361,0.0375759047921152,0.9976847226670512,0,1
BGD,Khulna,Khulna,2023-06-01,4604.53857421875,0.447272777557373,0.2926795410161693,44.77274703979492,0.0292679541016169,1.8292188800789912,1,1
BGD,Dhaka,Kishoreganj,2023-06-01,5728.6826171875,0.4367829263210296,0.5203427887291583,14.06643295288086,0.0562860682390298,1.121302139768504,0,1
BGD,Rangpur,Kurigram,2023-06-01,4743.70361328125,0.4049752056598663,0.5159134662626089,4.626444816589356,0.0535152702811771,1.1097419136119375,0,1
BGD,Khulna,Kushtia,2023-06-01,5434.7685546875,0.6475196480751038,0.5696941156949928,23.253387451171875,0.0700071320561382,1.8463414419368136,1,1
BGD,Chattogram,Lakshmipur,2023-06-01,2984.112060546875,0.487943559885025,0.5584357710831003,7.134788513183594,0.069164808485886,1.0025286973377854,0,1
BGD,Rangpur,Lalmonirhat,2023-06-01,5010.96240234375,0.7785246968269348,0.7182618603926001,9.71045207977295,0.1842312856460345,1.641755817968187,0,1
BGD,Dhaka,Madaripur,2023-06-01,3153.298828125,0.5657597780227661,0.5591314168099656,11.625239372253418,0.0689876814481806,1.7641168509618124,1,1
BGD,Khulna,Magura,2023-06-01,1240.2852783203125,0.2332760989665985,0.3709559294156494,5.861094951629639,0.0370955929415649,0.8041652670827262,1,1
BGD,Dhaka,Manikganj,2023-06-01,3959.447998046875,0.591590404510498,0.5846608135945424,14.69101619720459,0.0495963402310017,1.5192386113906824,0,1
BGD,Khulna,Meherpur,2023-06-01,2079.305419921875,0.5645853281021118,0.58002005476764,4.258528709411621,0.0809842563550534,1.427725776570724,1,1
BGD,Sylhet,Moulvibazar,2023-06-01,9224.3984375,0.667484700679779,0.660938163083538,22.873188018798828,0.1718885149143641,1.173891114394738,0,1
BGD,Dhaka,Munshiganj,2023-06-01,6398.87353515625,1.496632695198059,0.974863070632244,54.46051406860352,0.5300453774227961,4.170306178415366,0,1
BGD,Mymensingh,Mymensingh,2023-06-01,15382.978515625,0.6891850233078003,0.5915682814485568,22.927640914916992,0.0862998422411926,1.7525907918996844,0,1
BGD,Rajshahi,Naogaon,2023-06-01,3020.2802734375,0.1712788194417953,0.3184956705362439,8.477686882019043,0.0318495670536243,0.8242205506336454,0,1
BGD,Khulna,Narail,2023-06-01,689.1612548828125,0.1383225172758102,0.311478789990073,3.492699146270752,0.0311478789990073,0.7118940327052253,1,1
BGD,Dhaka,Narayanganj,2023-06-01,16343.583984375,4.522044658660889,3.054893180090696,76.08716583251953,0.8414344743821889,12.623924623851636,0,1
BGD,Dhaka,Narsingdi,2023-06-01,6686.8525390625,1.1619192361831665,0.7487321240517455,26.09311866760254,0.4337517180281607,3.267874877650774,0,1
BGD,Rajshahi,Natore,2023-06-01,3176.097900390625,0.3251917958259582,0.4422942700939379,6.747696876525879,0.0442294270093937,0.957164121501273,0,1
BGD,Mymensingh,Netrakona,2023-06-01,4561.61572265625,0.3153927028179168,0.4831217449759962,8.229743003845215,0.0483121744975996,0.7802397278357627,0,1
BGD,Rangpur,Nilphamari,2023-06-01,5587.77880859375,0.6516050696372986,0.6004933095813425,23.894407272338867,0.1115946121025337,1.3708264942648871,0,1
BGD,Chattogram,Noakhali,2023-06-01,6401.849609375,0.5146592259407043,0.5376903454622812,19.562429428100582,0.0338329229099505,1.2684294679817396,0,1
BGD,Rajshahi,Pabna,2023-06-01,6274.63232421875,0.5160795450210571,0.4808808514412777,46.96965789794922,0.0480880851441277,1.5862101378379123,0,1
BGD,Rangpur,Panchagarh,2023-06-01,5199.955078125,0.7331475019454956,0.6541191503193529,17.293052673339844,0.1206245207593645,1.7665416429081502,0,1
BGD,Chattogram,Parbattya Chattagram,2023-06-01,2995.45703125,0.1034159883856773,0.1113302528085645,5.745866298675537,0.0111330252808564,0.6838877182023678,0,1
BGD,Barishal,Patuakhali,2023-06-01,3211.76318359375,0.2786717712879181,0.3063251607518371,66.71349334716797,0.0306325160751837,0.8600760879216242,1,1
BGD,Barishal,Pirojpur,2023-06-01,832.9395751953125,0.1410844177007675,0.2222698041452226,5.415370941162109,0.0222269804145222,0.6914909656736208,1,1
BGD,Dhaka,Rajbari,2023-06-01,1908.9320068359373,0.3432197570800781,0.4960583617173298,4.227535247802734,0.0496058361717329,0.8980567831312647,1,1
BGD,Rajshahi,Rajshahi,2023-06-01,7600.0341796875,0.6193112134933472,0.3807601553436008,46.2366828918457,0.03807601553436,1.4360043767836252,0,1
BGD,Rangpur,Rangpur,2023-06-01,8405.9794921875,0.7029145359992981,0.6048740705871365,20.563526153564453,0.1164929868528529,1.5585532638553652,0,1
BGD,Khulna,Satkhira,2023-06-01,3123.724609375,0.2753759026527405,0.3949931412534019,5.501224517822266,0.0394993141253401,0.9348228796399186,1,1
BGD,Dhaka,Shariatpur,2023-06-01,3547.02001953125,0.6450972557067871,0.6081649580335687,19.384218215942383,0.1284378102303958,1.0474797648827652,1,1
BGD,Mymensingh,Sherpur,2023-06-01,3574.723876953125,0.5242733955383301,0.560967996381014,11.536834716796877,0.0762667244079222,1.1265058677095066,0,1
BGD,Rajshahi,Sirajganj,2023-06-01,6353.87744140625,0.4960911571979522,0.52670666573144,26.4838981628418,0.0569895337831837,1.3539354842635372,0,1
BGD,Sylhet,Sunamganj,2023-06-01,5361.75,0.2830929756164551,0.3012930619357812,20.496801376342773,0.0301293061935781,0.7764647711331802,0,1
BGD,Sylhet,Sylhet,2023-06-01,14273.0576171875,0.8098230957984924,0.6291456395793048,93.89657592773438,0.0846061464495423,2.1939532724077275,0,1
BGD,Dhaka,Tangail,2023-06-01,10133.2919921875,0.5883856415748596,0.5768795948306535,34.88407516479492,0.0825141767288823,1.4113661433452904,0,1
BGD,Rangpur,Thakurgaon,2023-06-01,4460.2080078125,0.4743583798408508,0.5339370931659817,15.812570571899414,0.0595644129448298,1.16925573150415,0,1
BGD,Khulna,Bagerhat,2023-07-01,3358.5126953125,0.3325692415237427,0.2673372696440344,137.6722869873047,0.0267337269644034,0.8483224474352407,1,1
BGD,Chattogram,Bandarban,2023-07-01,488.88275146484375,0.021134715527296,0.2570227712414485,7.207876205444336,0.0257022771241448,0.4883432653587523,0,1
BGD,Barishal,Barguna,2023-07-01,637.798095703125,0.1008756458759307,0.2835757387729977,28.49527359008789,0.0283575738772997,0.6303570567998399,1,1
BGD,Barishal,Barisal,2023-07-01,1801.328369140625,0.1650113612413406,0.2822690942918986,23.62322235107422,0.0282269094291898,0.7589253521006925,1,1
BGD,Barishal,Bhola,2023-07-01,1484.6998291015625,0.1698274612426757,0.3047688570870696,35.147682189941406,0.0304768857087069,0.6982319307262435,1,1
BGD,Rajshahi,Bogura,2023-07-01,8619.185546875,0.5734821557998657,0.5336150409724456,16.11859703063965,0.0255997804392248,1.8466230497657248,0,1
BGD,Chattogram,Brahmanbaria,2023-07-01,5328.92529296875,0.5508613586425781,0.5119546403668642,74.2138671875,0.0517979813430153,1.6031738605215278,0,1
BGD,Chattogram,Chandpur,2023-07-01,1304.7752685546875,0.1757258623838424,0.1702775505054164,10.314075469970703,0.0170277550505416,0.7571544660892743,0,1
BGD,Rajshahi,Chapainawabganj,2023-07-01,3772.152099609375,0.4243171811103821,0.4814796121693003,8.489580154418945,0.04814796121693,1.4460820550732307,0,1
BGD,Chattogram,Chittagong,2023-07-01,31194.357421875,1.445292830467224,0.5994203188452035,164.53890991210938,0.0672157345525025,5.366402477199281,0,1
BGD,Khulna,Chuadanga,2023-07-01,2789.839111328125,0.4782984852790832,0.5410093200839681,8.175848007202148,0.065493169283588,1.1719090595711272,1,1
BGD,Chattogram,Cox's Bazar,2023-07-01,6795.30859375,0.6707817912101746,0.4866643182852674,36.1601791381836,0.0486664318285267,2.4825103594584688,0,1
BGD,Chattogram,Cumilla,2023-07-01,10866.7451171875,0.6953502893447876,0.5342763877443619,25.969446182250977,0.0563178126147134,2.472499928971549,0,1
BGD,Dhaka,Dhaka,2023-07-01,42788.95703125,5.795742511749268,1.4962964166970063,223.9623107910156,0.1364825182450067,26.50508699269245,0,1
BGD,Rangpur,Dinajpur,2023-07-01,8336.1982421875,0.4667959213256836,0.5196822503940504,34.879364013671875,0.0552820329023755,1.3082734188318426,0,1
BGD,Dhaka,Faridpur,2023-07-01,3395.05126953125,0.346656858921051,0.4050112342473562,12.98333740234375,0.0405011234247356,1.1540392563305195,1,1
BGD,Chattogram,Feni,2023-07-01,3369.520263671875,0.7472156286239624,0.6636845429467361,24.204364776611328,0.1087374012376989,1.7128014256212774,0,1
BGD,Rangpur,Gaibandha,2023-07-01,4207.4404296875,0.3756232559680938,0.1497849986709793,8.061573028564453,0.0149784998670979,0.9566580505124164,0,1
BGD,Dhaka,Gazipur,2023-07-01,19758.947265625,2.191743850708008,0.99497030762425,48.326454162597656,0.1335802213687032,8.703913946657458,0,1
BGD,Dhaka,Gopalganj,2023-07-01,2187.902587890625,0.2950822412967682,0.3790044434805566,12.081539154052734,0.0379004443480556,0.9854902986972236,1,1
BGD,Sylhet,Habiganj,2023-07-01,6741.1923828125,0.5326005220413208,0.4926861478053907,80.94683837890625,0.049268614780539,1.4892592185010929,0,1
BGD,Rajshahi,Jaipurhat,2023-07-01,3105.662109375,0.6228664517402649,0.6277375154643556,11.074355125427246,0.0993812995564971,1.2285750347519673,0,1
BGD,Mymensingh,Jamalpur,2023-07-01,2984.966796875,0.2824540138244629,0.1759582452019434,9.235824584960936,0.0175958245201943,0.9768779708133464,0,1
BGD,Khulna,Jashore,2023-07-01,5469.57080078125,0.4159852266311645,0.4308142174360894,32.24224853515625,0.0430814217436089,1.3428975295559669,1,1
BGD,Barishal,Jhalakati,2023-07-01,318.74371337890625,0.0884264931082725,0.2667419814673508,62.6840705871582,0.026674198146735,0.5403358710987751,1,1
BGD,Khulna,Jhenaidah,2023-07-01,4358.169921875,0.4356737434864044,0.5271223845960032,12.655515670776367,0.0449000219836036,1.104666075347983,1,1
BGD,Chattogram,Khagrachari,2023-07-01,1088.7144775390625,0.0751073211431503,0.2760544873981598,6.10663366317749,0.0276054487398159,0.6060109769324544,0,1
BGD,Khulna,Khulna,2023-07-01,4712.40869140625,0.4580684602260589,0.353477272190632,33.58541488647461,0.0353477272190632,1.913893096971876,1,1
BGD,Dhaka,Kishoreganj,2023-07-01,4297.83056640625,0.3482421934604645,0.2693805359471681,10.59162139892578,0.0269380535947168,1.0430757322984383,0,1
BGD,Rangpur,Kurigram,2023-07-01,3525.219970703125,0.3006695508956909,0.0438493816358425,5.803697109222412,0.0043849381635842,0.9340880268543682,0,1
BGD,Khulna,Kushtia,2023-07-01,5468.3701171875,0.6515993475914001,0.5829160975442935,57.79178237915039,0.0611637342208912,1.7627155970859427,1,1
BGD,Chattogram,Lakshmipur,2023-07-01,814.4832153320312,0.133218228816986,0.2999370878837822,6.114607810974121,0.0299937087883782,0.7074452262098518,0,1
BGD,Rangpur,Lalmonirhat,2023-07-01,3451.21875,0.536196231842041,0.5769244286388542,9.314143180847168,0.0610206020160295,1.1592815120796467,0,1
BGD,Dhaka,Madaripur,2023-07-01,1442.0557861328125,0.2585918009281158,0.3523264546503196,12.98333740234375,0.0352326454650319,0.9485059744876788,1,1
BGD,Khulna,Magura,2023-07-01,1435.67822265625,0.2700261175632477,0.4018709597464803,5.210376739501953,0.040187095974648,0.852811462019328,1,1
BGD,Dhaka,Manikganj,2023-07-01,3029.751220703125,0.4527606070041656,0.2722465426971698,31.52117729187012,0.0272246542697169,1.2596674412322957,0,1
BGD,Khulna,Meherpur,2023-07-01,2306.670654296875,0.6263208985328674,0.6151579805851098,5.010138511657715,0.1179624478084075,1.365307730288558,1,1
BGD,Sylhet,Moulvibazar,2023-07-01,7236.74609375,0.5328248143196106,0.5851650482840964,44.01342010498047,0.0602855924941606,1.1047869999277742,0,1
BGD,Dhaka,Munshiganj,2023-07-01,4628.26318359375,1.0847554206848145,0.6221512333035069,53.74983215332031,0.0688356550930918,4.517178379854186,0,1
BGD,Mymensingh,Mymensingh,2023-07-01,14610.705078125,0.6615796089172363,0.5600455599771212,29.170700073242188,0.0522733432581996,1.893288100416305,0,1
BGD,Rajshahi,Naogaon,2023-07-01,5725.65185546875,0.3246993124485016,0.1693643972547065,7.019516944885254,0.0169364397254706,0.9480802785334386,0,1
BGD,Khulna,Narail,2023-07-01,852.0684204101561,0.1710198372602462,0.3345102321117147,3.661062479019165,0.0334510232111714,0.7104530471768843,1,1
BGD,Dhaka,Narayanganj,2023-07-01,18448.9453125,5.1064300537109375,3.575355972454647,47.85231018066406,0.2703296325459069,15.63315583255858,0,1
BGD,Dhaka,Narsingdi,2023-07-01,5346.38525390625,0.9282683730125428,0.5451915759633513,98.28775024414062,0.0563752971170552,3.328700329417626,0,1
BGD,Rajshahi,Natore,2023-07-01,4893.8740234375,0.5009684562683105,0.5575383738533916,9.675098419189451,0.0671279299565948,1.1579832526858245,0,1
BGD,Mymensingh,Netrakona,2023-07-01,1478.8638916015625,0.1056685820221901,0.1388566749004517,11.718624114990234,0.0138856674900451,0.705709345168205,0,1
BGD,Rangpur,Nilphamari,2023-07-01,4045.12939453125,0.4717127978801727,0.5204241427706268,33.90449905395508,0.0538048275684357,1.1576975018482225,0,1
BGD,Chattogram,Noakhali,2023-07-01,3408.19189453125,0.2747433483600616,0.3923071787433274,11.37456226348877,0.0392307178743327,0.8535653117364954,0,1
BGD,Rajshahi,Pabna,2023-07-01,8316.0341796875,0.6841239929199219,0.5849251409066916,91.34181213378906,0.0452467151783145,1.5357671457021838,0,1
BGD,Rangpur,Panchagarh,2023-07-01,4787.892578125,0.677276074886322,0.6112836425729286,8.069260597229004,0.1203357234060808,1.721371700592086,0,1
BGD,Chattogram,Parbattya Chattagram,2023-07-01,635.0408935546875,0.0220806021243333,0.2560751005302318,4.094848155975342,0.0256075100530231,0.4865426910074404,0,1
BGD,Barishal,Patuakhali,2023-07-01,2387.072021484375,0.2071856260299682,0.2492340830733545,57.7043571472168,0.0249234083073354,0.6863586354636125,1,1
BGD,Barishal,Pirojpur,2023-07-01,212.1133270263672,0.0359280370175838,0.2607978281692792,3.4987332820892334,0.0260797828169279,0.4955158735216305,1,1
BGD,Dhaka,Rajbari,2023-07-01,1857.3033447265625,0.3339981436729431,0.1821722200100896,7.414538383483887,0.0182172220010089,0.9690041830412855,1,1
BGD,Rajshahi,Rajshahi,2023-07-01,7953.20263671875,0.6480901837348938,0.3017968904068789,47.16647720336914,0.0301796890406878,1.713592655006582,0,1
BGD,Rangpur,Rangpur,2023-07-01,6881.68310546875,0.5754517316818237,0.5485699088818551,21.667984008789062,0.0526043042584472,1.4251477019910843,0,1
BGD,Khulna,Satkhira,2023-07-01,2250.39111328125,0.1970174461603164,0.3372199518754109,5.692289352416992,0.0337219951875411,0.8553993427215432,1,1
BGD,Dhaka,Shariatpur,2023-07-01,1042.3741455078125,0.1904655992984771,0.3103638327248575,26.516521453857425,0.0310363832724857,0.7676119923301845,1,1
BGD,Mymensingh,Sherpur,2023-07-01,2026.67578125,0.2972347736358642,0.3806636722642166,11.469208717346191,0.0380663672264216,0.9436911126730488,0,1
BGD,Rajshahi,Sirajganj,2023-07-01,6636.6533203125,0.518633246421814,0.5191177856563015,28.50050926208496,0.0145473138862787,1.3668828684558942,0,1
BGD,Sylhet,Sunamganj,2023-07-01,2403.861328125,0.1277270764112472,0.0059253977785565,8.919695854187012,0.0005925397778556,0.6892743444570085,0,1
BGD,Sylhet,Sylhet,2023-07-01,8933.228515625,0.5169639587402344,0.3237632237274069,97.9548110961914,0.0323763223727406,1.637884348410188,0,1
BGD,Dhaka,Tangail,2023-07-01,10305.3154296875,0.5981499552726746,0.5704738694073673,19.402971267700195,0.0473397036206503,1.623619174355511,0,1
BGD,Rangpur,Thakurgaon,2023-07-01,4750.49951171875,0.5052318572998047,0.5569929108026184,20.57864570617676,0.0711476105824664,1.1418150676994294,0,1
BGD,Khulna,Bagerhat,2023-08-01,4219.16650390625,0.4180157482624054,0.3313856014608113,82.23816680908203,0.0331385601460811,1.2026111500221066,1,1
BGD,Chattogram,Bandarban,2023-08-01,711.3965454101562,0.0307581182569265,0.2580773644969786,9.55785846710205,0.0258077364496978,0.4903469925442594,0,1
BGD,Barishal,Barguna,2023-08-01,669.8256225585938,0.1126182302832603,0.2819664411666371,23.3752555847168,0.0281966441166637,0.5810471224349357,1,1
BGD,Barishal,Barisal,2023-08-01,3504.17724609375,0.3229932487010956,0.3238677805140194,37.34050750732422,0.0323867780514019,0.95449809005275,1,1
BGD,Barishal,Bhola,2023-08-01,2087.47021484375,0.2665193974971771,0.3169552419270424,97.45516967773438,0.0316955241927042,0.8203487894216563,1,1
BGD,Rajshahi,Bogura,2023-08-01,6912.11767578125,0.4611905217170715,0.4484148418658575,21.49112129211425,0.0448414841865857,1.7144360582543203,0,1
BGD,Chattogram,Brahmanbaria,2023-08-01,11111.8349609375,1.147027611732483,0.6431450428997325,132.45127868652344,0.1032545421183589,3.265685980785749,0,1
BGD,Chattogram,Chandpur,2023-08-01,2458.65087890625,0.3370220363140106,0.4190388217642733,11.869026184082031,0.0419038821764273,0.9437061780537372,0,1
BGD,Rajshahi,Chapainawabganj,2023-08-01,3549.569580078125,0.3995760977268219,0.2752586310658645,16.191429138183594,0.0275258631065864,1.6339985813471882,0,1
BGD,Chattogram,Chittagong,2023-08-01,45587.90234375,2.115817070007324,0.6462005073035054,153.10379028320312,0.0814782812172432,8.851575835716723,0,1
BGD,Khulna,Chuadanga,2023-08-01,2909.615234375,0.4992612302303314,0.5056369101673196,10.888992309570312,0.052043479132657,2.085700347733709,1,1
BGD,Chattogram,Cox's Bazar,2023-08-01,7255.72314453125,0.7049368619918823,0.4621619674845447,37.5687370300293,0.0462161967484544,2.8026225606017303,0,1
BGD,Chattogram,Cumilla,2023-08-01,20615.72265625,1.3196845054626465,0.7083109308184883,29.51823806762696,0.2637204559913539,4.160550725347744,0,1
BGD,Dhaka,Dhaka,2023-08-01,58921.421875,8.631516456604004,3.803590920875859,157.82855224609375,0.5283764988795954,32.95936663729231,0,1
BGD,Rangpur,Dinajpur,2023-08-01,9310.4619140625,0.5215262770652771,0.553387784465513,17.341754913330078,0.0673752081617505,1.2716474434775782,0,1
BGD,Dhaka,Faridpur,2023-08-01,4850.0146484375,0.5502590537071228,0.492398654646584,18.42258071899414,0.0492398654646584,2.237445487469043,1,1
BGD,Chattogram,Feni,2023-08-01,4720.1875,1.0596848726272583,0.6644742774358368,22.52141189575196,0.2275743361542032,3.014536648182802,0,1
BGD,Rangpur,Gaibandha,2023-08-01,1782.035400390625,0.1596445888280868,0.3117080243828296,12.202607154846191,0.0311708024382829,0.6741148057218818,0,1
BGD,Dhaka,Gazipur,2023-08-01,34037.1875,3.805692434310913,2.094614490126576,56.2762336730957,0.5544473149013067,14.36149348036473,0,1
BGD,Dhaka,Gopalganj,2023-08-01,2967.569580078125,0.4013183712959289,0.4122766379855744,21.532285690307617,0.0412276637985574,1.4161854779362997,1,1
BGD,Sylhet,Habiganj,2023-08-01,9617.6796875,0.7267858982086182,0.5122855851763085,46.98689651489258,0.052045234476039,2.663482636864379,0,1
BGD,Rajshahi,Jaipurhat,2023-08-01,1925.3673095703125,0.3861484825611114,0.4602545026781248,17.283727645874023,0.0460254502678124,1.0646115130146825,0,1
BGD,Mymensingh,Jamalpur,2023-08-01,2835.456787109375,0.270763486623764,0.2423538494717653,12.214744567871094,0.0242353849471765,0.969907164948584,0,1
BGD,Khulna,Jashore,2023-08-01,9409.7158203125,0.7156507968902588,0.5912804356261945,18.59394645690918,0.0887118011599451,2.0807799666543128,1,1
BGD,Barishal,Jhalakati,2023-08-01,665.7489013671875,0.1848569065332412,0.3058954664167688,30.093162536621094,0.0305895466416768,0.7689829350627756,1,1
BGD,Khulna,Jhenaidah,2023-08-01,4259.35595703125,0.4347342550754547,0.4694456375242514,14.76088047027588,0.0469445637524251,1.5029518051043371,1,1
BGD,Chattogram,Khagrachari,2023-08-01,1468.6102294921875,0.1024531871080398,0.2815904550368684,6.947883605957031,0.0281590455036868,0.6304458567042689,0,1
BGD,Khulna,Khulna,2023-08-01,6671.5498046875,0.6514483690261841,0.2767193129016545,31.858448028564453,0.0276719312901654,2.9829521390103224,1,1
BGD,Dhaka,Kishoreganj,2023-08-01,5053.33154296875,0.3855250179767608,0.3958063455531445,14.978551864624023,0.0395806345553144,1.6747851326046872,0,1
BGD,Rangpur,Kurigram,2023-08-01,2620.262939453125,0.2334054857492447,0.3502748961202723,12.791314125061035,0.0350274896120272,0.9461269826567184,0,1
BGD,Khulna,Kushtia,2023-08-01,7305.58740234375,0.8846469521522522,0.5762522630630095,39.9732666015625,0.081697382297575,3.099140032909661,1,1
BGD,Chattogram,Lakshmipur,2023-08-01,1843.2548828125,0.3022679686546325,0.3955201824288363,6.904441356658936,0.0395520182428836,0.9704256400732238,0,1
BGD,Rangpur,Lalmonirhat,2023-08-01,3401.197021484375,0.5284246206283569,0.5694565822538951,7.884634017944336,0.0686905617931305,1.3578703047461045,0,1
BGD,Dhaka,Madaripur,2023-08-01,2684.487548828125,0.49362912774086,0.4993906736479941,10.539794921875,0.0499390673647994,2.130392217440187,1,1
BGD,Khulna,Magura,2023-08-01,950.427795410156,0.1891295164823532,0.3369869426329128,10.909979820251465,0.0336986942632912,0.7301381855251757,1,1
BGD,Dhaka,Manikganj,2023-08-01,5368.19921875,0.870210587978363,0.5744081602315448,35.85601806640625,0.0769663039623185,2.9156542991773904,0,1
BGD,Khulna,Meherpur,2023-08-01,2648.515380859375,0.7191406488418579,0.5803251269486486,10.340161323547363,0.0917761163974455,2.209614398705552,1,1
BGD,Sylhet,Moulvibazar,2023-08-01,7096.44140625,0.5138387084007263,0.5366804905123654,44.07441711425781,0.0646058982973615,1.6677884194139676,0,1
BGD,Dhaka,Munshiganj,2023-08-01,8594.0703125,2.0398924350738525,1.0872432765948437,53.55173873901367,0.3433914201839784,6.002552095188149,0,1
BGD,Mymensingh,Mymensingh,2023-08-01,17216.80078125,0.7732349634170532,0.5502369114534567,43.03730773925781,0.0634637273761693,2.478650652409073,0,1
BGD,Rajshahi,Naogaon,2023-08-01,3864.611328125,0.2192226499319076,0.3423007130799064,9.828170776367188,0.0342300713079906,0.910577998286275,0,1
BGD,Khulna,Narail,2023-08-01,961.8699340820312,0.1930970102548599,0.340461976358054,7.687662124633789,0.0340461976358054,0.755183191336904,1,1
BGD,Dhaka,Narayanganj,2023-08-01,26869.0390625,7.553834915161133,5.145703851133421,61.55940628051758,0.9931044469819,22.332085826700947,0,1
BGD,Dhaka,Narsingdi,2023-08-01,9445.2099609375,1.6409627199172974,0.6834422552066661,83.45417022705078,0.2234352191740111,5.367695830118781,0,1
BGD,Rajshahi,Natore,2023-08-01,4484.1162109375,0.4593521356582641,0.512162612475395,12.574885368347168,0.0541758358726165,1.203152972004628,0,1
BGD,Mymensingh,Netrakona,2023-08-01,2406.492431640625,0.166537269949913,0.1740154867221949,10.94679069519043,0.0174015486722194,0.7058165443798947,0,1
BGD,Rangpur,Nilphamari,2023-08-01,3601.005615234375,0.4200203716754913,0.4866617522078218,31.491931915283203,0.0486661752207821,1.17069967624328,0,1
BGD,Chattogram,Noakhali,2023-08-01,4935.1435546875,0.4050865471363067,0.4367667506755729,19.46923065185547,0.0436766750675572,1.582380406553364,0,1
BGD,Rajshahi,Pabna,2023-08-01,9349.119140625,0.7810997366905212,0.5007056821870431,72.34284973144531,0.0501454138208896,2.932208479758048,0,1
BGD,Rangpur,Panchagarh,2023-08-01,3092.806396484375,0.4360582530498504,0.5128093707151238,7.691300392150879,0.0525589178953432,1.3210562801350023,0,1
BGD,Chattogram,Parbattya Chattagram,2023-08-01,673.2808227539064,0.0231664422899484,0.1523215350765981,14.008095741271973,0.0152321535076598,0.2894109166455364,0,1
BGD,Barishal,Patuakhali,2023-08-01,2925.327392578125,0.2755350172519684,0.2110359537115797,65.97921752929688,0.0211035953711579,0.8276710951441635,1,1
BGD,Barishal,Pirojpur,2023-08-01,542.5816040039064,0.0919499173760414,0.2822518362290959,4.802618503570557,0.0282251836229095,0.6013526778787138,1,1
BGD,Dhaka,Rajbari,2023-08-01,1470.9117431640625,0.3480538725852966,0.4067762483722604,6.841615200042725,0.040677624837226,1.2253849562849266,1,1
BGD,Rajshahi,Rajshahi,2023-08-01,8467.7705078125,0.6908841729164124,0.4896798994903129,70.8286361694336,0.0489679899490313,1.6404852145756603,0,1
BGD,Rangpur,Rangpur,2023-08-01,4027.462646484375,0.3367851674556732,0.3880603977542561,18.688623428344727,0.0388060397754256,1.0499763476396369,0,1
BGD,Khulna,Satkhira,2023-08-01,4243.41650390625,0.3767063617706299,0.4747752356699017,5.211173057556152,0.0474775235669901,1.1718623654761269,1,1
BGD,Dhaka,Shariatpur,2023-08-01,2279.58251953125,0.4248857796192169,0.4803613853647764,26.97598457336425,0.0480361385364776,1.1508780354987762,1,1
BGD,Mymensingh,Sherpur,2023-08-01,2076.110595703125,0.3050665855407715,0.3553819131154933,11.797653198242188,0.0355381913115493,1.119372633449609,0,1
BGD,Rajshahi,Sirajganj,2023-08-01,6476.689453125,0.5144896507263184,0.263495848028723,29.31817626953125,0.0263495848028723,1.943161350977329,0,1
BGD,Sylhet,Sunamganj,2023-08-01,2276.43359375,0.121041789650917,0.1316880119199701,19.640411376953125,0.013168801191997,0.6185604438838439,0,1
BGD,Sylhet,Sylhet,2023-08-01,12256.8359375,0.695768415927887,0.4638537050118462,118.12714385986328,0.0463853705011846,2.952350171458179,0,1
BGD,Dhaka,Tangail,2023-08-01,11351.5771484375,0.6706755757331848,0.5387531806528542,38.33950805664063,0.0616956871074151,2.242490469984114,0,1
BGD,Rangpur,Thakurgaon,2023-08-01,5056.97119140625,0.5378261804580688,0.5740231764787721,11.905145645141602,0.0902044366658554,1.1187112321471824,0,1
BGD,Khulna,Bagerhat,2023-09-01,4944.10693359375,0.4896080493927002,0.3005090141274203,97.22938537597656,0.030050901412742,1.132623844507499,1,1
BGD,Chattogram,Bandarban,2023-09-01,1914.6749267578125,0.0827726274728775,0.2878130862897581,5.14478063583374,0.0287813086289758,0.5773155640856663,0,1
BGD,Barishal,Barguna,2023-09-01,634.9365234375,0.1018747314810752,0.283978991052883,23.30244255065918,0.0283978991052883,0.5925182831484879,1,1
BGD,Barishal,Barisal,2023-09-01,3859.826416015625,0.3536533415317535,0.1653447691113775,35.76384735107422,0.0165344769111377,1.212668432510916,1,1
BGD,Barishal,Bhola,2023-09-01,2567.753662109375,0.2950217127799988,0.2566530508459803,95.05630493164062,0.025665305084598,0.9638638705238012,1,1
BGD,Rajshahi,Bogura,2023-09-01,7495.056640625,0.4987208247184753,0.4978414823823477,13.77074146270752,0.0497841482382347,1.6826279861462772,0,1
BGD,Chattogram,Brahmanbaria,2023-09-01,8298.8623046875,0.8563651442527771,0.4827170556909649,694.4099731445312,0.0482717055690965,2.21671778276615,0,1
BGD,Chattogram,Chandpur,2023-09-01,2846.238037109375,0.3838026225566864,0.4728824663224258,14.192296028137209,0.0472882466322425,0.932649810155203,0,1
BGD,Rajshahi,Chapainawabganj,2023-09-01,2822.31103515625,0.3175798058509826,0.3916662782370293,7.291447162628174,0.0391666278237029,1.276717392210281,0,1
BGD,Chattogram,Chittagong,2023-09-01,37727.4921875,1.8074064254760744,0.6919170369309661,140.78831481933594,0.1132824622656742,6.017563645607988,0,1
BGD,Khulna,Chuadanga,2023-09-01,2994.901611328125,0.5134550333023071,0.5560714888608314,8.37257194519043,0.0674656851148464,1.287687425582681,1,1
BGD,Chattogram,Cox's Bazar,2023-09-01,7505.90283203125,0.7276381254196167,0.5295503122951898,41.44900131225586,0.0518150024773021,2.2766223659972966,0,1
BGD,Chattogram,Cumilla,2023-09-01,17382.33203125,1.1122039556503296,0.6944798225885527,43.43948745727539,0.0913214970262945,3.719270776460071,0,1
BGD,Dhaka,Dhaka,2023-09-01,54887.83984375,7.444406032562256,2.493178255524896,204.4691772460937,0.2404039400562292,32.74519011092128,0,1
BGD,Rangpur,Dinajpur,2023-09-01,11742.1640625,0.6575172543525696,0.6176992600309599,13.8672456741333,0.1172042273676809,1.3971080734247754,0,1
BGD,Dhaka,Faridpur,2023-09-01,5935.86328125,0.6090545654296875,0.5314074870505391,16.70982551574707,0.0619530293621086,2.2414839604414567,1,1
BGD,Chattogram,Feni,2023-09-01,5036.87939453125,1.1172845363616943,0.7195599804466496,31.195974349975582,0.38314723729966,3.064491285373515,0,1
BGD,Rangpur,Gaibandha,2023-09-01,2584.989990234375,0.2307568490505218,0.3497294079961169,15.705850601196287,0.0349729407996117,0.8262331003581415,0,1
BGD,Dhaka,Gazipur,2023-09-01,20217.697265625,2.242630243301392,0.8383787702266003,50.66411972045898,0.0703487983801158,9.736496194439765,0,1
BGD,Dhaka,Gopalganj,2023-09-01,3109.320556640625,0.4193537831306457,0.3573241832278176,14.318631172180176,0.0357324183227817,1.2980189649244591,1,1
BGD,Sylhet,Habiganj,2023-09-01,5960.33056640625,0.4503063559532165,0.3868284791411496,42.30232238769531,0.0386828479141149,1.364461087954276,0,1
BGD,Rajshahi,Jaipurhat,2023-09-01,2165.796630859375,0.4343686103820801,0.5221825844613662,13.8672456741333,0.0556480244176083,1.096457394740067,0,1
BGD,Mymensingh,Jamalpur,2023-09-01,2432.52490234375,0.2300918251276016,0.3428544729801374,8.314404487609863,0.0342854472980137,0.8925977537162922,0,1
BGD,Khulna,Jashore,2023-09-01,8769.3056640625,0.6669447422027588,0.5610556382518175,57.61447525024414,0.075081529028704,1.8256932781612976,1,1
BGD,Barishal,Jhalakati,2023-09-01,1031.00341796875,0.2860229313373565,0.3533893450261954,30.366924285888672,0.0353389345026195,0.9890569161365262,1,1
BGD,Khulna,Jhenaidah,2023-09-01,3340.541748046875,0.3339443802833557,0.437693908203657,17.946775436401367,0.0437693908203657,1.0180801784032194,1,1
BGD,Chattogram,Khagrachari,2023-09-01,2824.243896484375,0.1979065090417862,0.3372353167921462,9.242486953735352,0.0337235316792146,0.8006281627153803,0,1
BGD,Khulna,Khulna,2023-09-01,6725.54052734375,0.652928352355957,0.3902689706205124,32.03217697143555,0.0390268970620512,3.1862871628166176,1,1
BGD,Dhaka,Kishoreganj,2023-09-01,2748.218994140625,0.2096496075391769,0.3157010320073877,12.888287544250488,0.0315701032007387,0.9376182217096932,0,1
BGD,Rangpur,Kurigram,2023-09-01,2991.3232421875,0.2551112174987793,0.3684022759434996,10.477523803710938,0.0368402275943499,0.9568318870449204,0,1
BGD,Khulna,Kushtia,2023-09-01,5161.85546875,0.61492919921875,0.5318090576780311,41.12318801879883,0.0475223067220915,1.906202138644812,1,1
BGD,Chattogram,Lakshmipur,2023-09-01,1925.1326904296875,0.316849023103714,0.410932868247406,6.985939025878906,0.0410932868247406,0.9763819560551664,0,1
BGD,Rangpur,Lalmonirhat,2023-09-01,4052.109375,0.6295531392097473,0.6331640914575669,6.312572956085205,0.0978434060114079,1.4181847976511333,0,1
BGD,Dhaka,Madaripur,2023-09-01,2676.060791015625,0.483254611492157,0.4919990699793253,12.184103965759276,0.0491999069979325,2.141077159279869,1,1
BGD,Khulna,Magura,2023-09-01,1121.9332275390625,0.2110161334276199,0.3457658868473945,8.16100788116455,0.0345765886847394,0.7387114743435915,1,1
BGD,Dhaka,Manikganj,2023-09-01,5256.5400390625,0.7900924682617188,0.5973108762699043,35.09050369262695,0.0822661048324366,2.4780371540900488,0,1
BGD,Khulna,Meherpur,2023-09-01,2182.098876953125,0.5924964547157288,0.5979042527217572,7.285436153411865,0.0789137647331508,1.4766820995016636,1,1
BGD,Sylhet,Moulvibazar,2023-09-01,6286.9931640625,0.4549317359924316,0.5327410456706851,20.79545211791992,0.0566827299267444,1.157959326438702,0,1
BGD,Dhaka,Munshiganj,2023-09-01,8405.796875,1.96840238571167,0.9914653374362914,67.01373291015625,0.3609898284101937,5.872459391271972,0,1
BGD,Mymensingh,Mymensingh,2023-09-01,14034.453125,0.6287686824798584,0.439956890598608,43.39538192749024,0.0439956890598608,2.392667495610493,0,1
BGD,Rajshahi,Naogaon,2023-09-01,5847.455078125,0.3315879106521606,0.2873394611887292,6.843903541564941,0.0287339461188729,0.962783285109546,0,1
BGD,Khulna,Narail,2023-09-01,1319.1358642578125,0.264765590429306,0.3904571088539379,9.145129203796388,0.0390457108853937,0.7830138197512515,1,1
BGD,Dhaka,Narayanganj,2023-09-01,22172.5859375,6.136547088623047,3.623861660743464,75.16328430175781,0.1377607204140588,20.79403821824259,0,1
BGD,Dhaka,Narsingdi,2023-09-01,5759.61279296875,0.9994936585426332,0.4802599785663732,155.36827087402344,0.0480259978566373,3.9249314468198033,0,1
BGD,Rajshahi,Natore,2023-09-01,3968.342041015625,0.4062250256538391,0.5030524880387249,13.62189769744873,0.0351883992253016,1.1107903507391828,0,1
BGD,Mymensingh,Netrakona,2023-09-01,1527.8062744140625,0.1056333929300308,0.2918173717131769,8.705429077148438,0.0291817371713176,0.6438780177603219,0,1
BGD,Rangpur,Nilphamari,2023-09-01,4298.18896484375,0.5012227296829224,0.5303850998207151,17.63515853881836,0.0644229200629761,1.2054484851926903,0,1
BGD,Chattogram,Noakhali,2023-09-01,5680.0673828125,0.4584003090858459,0.5051314344789971,19.43426513671875,0.0514938872044793,1.5999095068307858,0,1
BGD,Rajshahi,Pabna,2023-09-01,7722.98876953125,0.6351625323295593,0.5360623435224467,89.23545837402344,0.0250593340415308,1.9078686750957807,0,1
BGD,Rangpur,Panchagarh,2023-09-01,4842.8466796875,0.6827983856201172,0.619342944871388,10.760785102844238,0.1362463772696689,1.593610509435447,0,1
BGD,Chattogram,Parbattya Chattagram,2023-09-01,2369.02685546875,0.084087997674942,0.005728733125037,13.92858600616455,0.0005728733125037,0.5801276493136821,0,1
BGD,Barishal,Patuakhali,2023-09-01,2942.24267578125,0.2556106150150299,0.3002138492506312,65.53705596923828,0.0300213849250631,0.7143699650819917,1,1
BGD,Barishal,Pirojpur,2023-09-01,876.9549560546875,0.1485397964715957,0.2224134704023744,3.9840612411499023,0.0222413470402374,0.7755785588835636,1,1
BGD,Dhaka,Rajbari,2023-09-01,1835.712158203125,0.3300811946392059,0.4230677410487177,6.76853609085083,0.0423067741048717,0.943228569301946,1,1
BGD,Rajshahi,Rajshahi,2023-09-01,8794.6982421875,0.7166619300842285,0.486927219084011,43.591400146484375,0.0486927219084011,1.3647488837172843,0,1
BGD,Rangpur,Rangpur,2023-09-01,5529.83740234375,0.4624093174934387,0.4945497530273846,31.59409713745117,0.0494549753027384,1.3092563056124662,0,1
BGD,Khulna,Satkhira,2023-09-01,4201.76171875,0.36780646443367,0.4109286831307558,17.476322174072266,0.0410928683130755,1.705441876356852,1,1
BGD,Dhaka,Shariatpur,2023-09-01,2679.867431640625,0.487822026014328,0.5294773864493384,25.48430252075196,0.0619703203052617,0.9994935245918524,1,1
BGD,Mymensingh,Sherpur,2023-09-01,1601.5572509765625,0.2348863631486892,0.3347132554415447,11.345453262329102,0.0334713255441544,0.9549844489179204,0,1
BGD,Rajshahi,Sirajganj,2023-09-01,7460.14111328125,0.5823991298675537,0.5165601908689559,26.33794403076172,0.0378431386059524,2.0594525899075307,0,1
BGD,Sylhet,Sunamganj,2023-09-01,1839.5135498046875,0.0971032604575157,0.1586737591416116,24.09356117248535,0.0158673759141611,0.5982802806266727,0,1
BGD,Sylhet,Sylhet,2023-09-01,8921.705078125,0.5061886310577393,0.4402544272104836,98.20597076416016,0.0440254427210483,1.4628911328577616,0,1
BGD,Dhaka,Tangail,2023-09-01,11533.8154296875,0.6694905161857605,0.5521421996542665,37.39253234863281,0.0630015210219487,2.2070366474903045,0,1
BGD,Rangpur,Thakurgaon,2023-09-01,5727.2626953125,0.6091139912605286,0.5880361692347589,13.00986385345459,0.0979606875936061,1.3411750945958276,0,1
BGD,Khulna,Bagerhat,2023-10-01,7634.08154296875,0.7554742693901062,0.6054048618621651,93.90719604492188,0.1071839605290694,1.3568504503564272,1,1
BGD,Chattogram,Bandarban,2023-10-01,2937.534423828125,0.1269914954900741,0.3084668491614593,10.472519874572754,0.0308466849161459,0.6596562233057865,0,1
BGD,Barishal,Barguna,2023-10-01,966.801513671875,0.1529116034507751,0.3121924996373266,18.95969009399414,0.0312192499637326,0.6944241433430249,1,1
BGD,Barishal,Barisal,2023-10-01,3618.93896484375,0.3307288289070129,0.3747425433286542,17.4212703704834,0.0374742543328654,1.0204151802215342,1,1
BGD,Barishal,Bhola,2023-10-01,2450.474365234375,0.2794894576072693,0.2181934450884574,33.14146423339844,0.0218193445088457,0.9201778827024552,1,1
BGD,Rajshahi,Bogura,2023-10-01,11973.0595703125,0.796580970287323,0.6711957141442142,13.773752212524414,0.1273149453418743,1.870072845205308,0,1
BGD,Chattogram,Brahmanbaria,2023-10-01,9818.3369140625,1.0130561590194702,0.8078631837412115,209.3922271728516,0.2115358475223887,2.257996107266336,0,1
BGD,Chattogram,Chandpur,2023-10-01,3254.2451171875,0.4377511739730835,0.5354553887645095,8.703579902648926,0.0586168373009161,1.045135082521805,0,1
BGD,Rajshahi,Chapainawabganj,2023-10-01,6123.68603515625,0.6888336539268494,0.6162503198188278,8.606233596801758,0.2263679912746563,1.4559676258973728,0,1
BGD,Chattogram,Chittagong,2023-10-01,37154.67578125,1.7171522378921509,0.681524646336997,261.1070556640625,0.0812733974036565,6.3957897431036095,0,1
BGD,Khulna,Chuadanga,2023-10-01,4731.74169921875,0.8112241625785828,0.7062817202623407,8.370160102844238,0.5164989044054156,1.4819130478240652,1,1
BGD,Chattogram,Cox's Bazar,2023-10-01,7132.7265625,0.6906538605690002,0.5232004321679175,60.142704010009766,0.0343312016141681,2.100333799909138,0,1
BGD,Chattogram,Cumilla,2023-10-01,17099.4609375,1.0940344333648682,0.8336129452835987,35.71893310546875,0.3488579228789025,2.681878493835168,0,1
BGD,Dhaka,Dhaka,2023-10-01,55304.32421875,7.4899396896362305,1.830580817179898,816.5575561523436,0.6093287353072437,32.92299568148793,0,1
BGD,Rangpur,Dinajpur,2023-10-01,15571.41015625,0.8719407320022583,0.7299134314590688,12.487408638000488,0.555893706054129,1.6143002573861984,0,1
BGD,Dhaka,Faridpur,2023-10-01,7087.32373046875,0.7224116325378418,0.6588136574049147,19.882061004638672,0.137440056812178,1.4580687994411858,1,1
BGD,Chattogram,Feni,2023-10-01,3745.1025390625,0.8305037021636963,0.6820676182697291,23.714689254760746,0.0992323346924474,2.2668863040904563,0,1
BGD,Rangpur,Gaibandha,2023-10-01,7252.62353515625,0.6474270820617676,0.6381390617467568,11.41799545288086,0.177189176308653,1.0805191382437525,0,1
BGD,Dhaka,Gazipur,2023-10-01,23671.79296875,2.625772714614868,1.268341840444169,37.88862991333008,0.6014352234817485,9.476495028775078,0,1
BGD,Dhaka,Gopalganj,2023-10-01,4524.1787109375,0.6101755499839783,0.6015904992004292,9.599132537841797,0.1115621966967979,1.2063529780594755,1,1
BGD,Sylhet,Habiganj,2023-10-01,9756.4052734375,0.7371019721031189,0.5973672028114808,130.0778350830078,0.0761200207418808,1.8382837576963824,0,1
BGD,Rajshahi,Jaipurhat,2023-10-01,3716.774658203125,0.7454301714897156,0.6729437969567502,9.44655990600586,0.3136980741215495,1.3515364970335582,0,1
BGD,Mymensingh,Jamalpur,2023-10-01,7258.6630859375,0.6865948438644409,0.6468483475852184,9.496387481689451,0.1848047443826878,1.2905632946256236,0,1
BGD,Khulna,Jashore,2023-10-01,12161.1259765625,0.9249078035354614,0.7432719781276762,34.4617805480957,0.5268247235658614,1.810701336928563,1,1
BGD,Barishal,Jhalakati,2023-10-01,890.1436157226561,0.2469453513622284,0.357064615246383,17.4212703704834,0.0357064615246383,0.8273607716484515,1,1
BGD,Khulna,Jhenaidah,2023-10-01,6999.0029296875,0.6996702551841736,0.6352742046783123,12.246655464172363,0.2620441354242692,1.385672086516777,1,1
BGD,Chattogram,Khagrachari,2023-10-01,2424.700439453125,0.1672616600990295,0.3197116266738142,6.533849716186523,0.0319711626673814,0.8018678030219621,0,1
BGD,Khulna,Khulna,2023-10-01,9761.287109375,0.9476382732391356,0.6407599432249755,33.099979400634766,0.1760309969688688,2.626655856006575,1,1
BGD,Dhaka,Kishoreganj,2023-10-01,7366.4736328125,0.5616561770439148,0.5848040526581955,11.327214241027832,0.0704324462003597,1.3341679021948296,0,1
BGD,Rangpur,Kurigram,2023-10-01,7563.78857421875,0.6450681090354919,0.6310625117996578,7.477169990539551,0.1084631382342555,1.5211780595935769,0,1
BGD,Khulna,Kushtia,2023-10-01,7848.80029296875,0.935023546218872,0.719113730961305,31.92626571655273,0.5049444190327189,2.001347154665576,1,1
BGD,Chattogram,Lakshmipur,2023-10-01,1973.4036865234373,0.3226787745952606,0.2624129328833248,7.082623958587647,0.0262412932883324,0.9177965537338963,0,1
BGD,Rangpur,Lalmonirhat,2023-10-01,6471.904296875,1.0055029392242432,0.8582757760926211,7.382619857788086,0.548344632628195,2.018565421592226,0,1
BGD,Dhaka,Madaripur,2023-10-01,3546.12353515625,0.6357834339141846,0.6303601164271061,8.29539680480957,0.1073049416118729,1.3984214301316953,1,1
BGD,Khulna,Magura,2023-10-01,3149.1953125,0.5923088788986206,0.5991631446047135,7.076407432556152,0.1783348113009126,0.9496981556574629,1,1
BGD,Dhaka,Manikganj,2023-10-01,5387.60986328125,0.8048551678657532,0.6995353745132221,20.407804489135746,0.1149008458381456,1.831235610205216,0,1
BGD,Khulna,Meherpur,2023-10-01,3205.1962890625,0.870293915271759,0.7444506035532368,6.671611309051514,0.5272399956534456,1.6467598346036538,1,1
BGD,Sylhet,Moulvibazar,2023-10-01,13127.1435546875,0.9498903751373292,0.6608964759433351,1260.0404052734375,0.1156316505323966,1.5830022575354463,0,1
BGD,Dhaka,Munshiganj,2023-10-01,6265.35302734375,1.4654035568237305,0.9451477126457783,49.76082229614258,0.2746860181983747,4.283954135437571,0,1
BGD,Mymensingh,Mymensingh,2023-10-01,21142.662109375,0.9472291469573976,0.7327069418441244,27.16462516784668,0.228246094356911,2.116097955221227,0,1
BGD,Rajshahi,Naogaon,2023-10-01,10677.2333984375,0.6054670810699463,0.6007301756323531,8.306597709655762,0.1602981511816569,1.125146151385937,0,1
BGD,Khulna,Narail,2023-10-01,2343.705322265625,0.4704083502292633,0.5650133132633454,3.644618511199951,0.0812400815740129,0.901874721199073,1,1
BGD,Dhaka,Narayanganj,2023-10-01,20493.513671875,5.670273303985596,3.208524831295262,71.96177673339844,0.8627647677816642,18.828018104826725,0,1
BGD,Dhaka,Narsingdi,2023-10-01,8973.650390625,1.5572412014007568,0.8984989784997938,95.7489318847656,0.5634788562409455,4.656755005421999,0,1
BGD,Rajshahi,Natore,2023-10-01,6922.03662109375,0.708584189414978,0.6666962465497432,8.251611709594727,0.2768176798132055,1.204564305623083,0,1
BGD,Mymensingh,Netrakona,2023-10-01,5904.7890625,0.4082604646682739,0.5318191596052732,8.146016120910645,0.0606098552662186,0.8979751524364173,0,1
BGD,Rangpur,Nilphamari,2023-10-01,7235.03125,0.843695342540741,0.7239062958148167,16.50367546081543,0.5377092292802248,1.4930701561005035,0,1
BGD,Chattogram,Noakhali,2023-10-01,5525.017578125,0.4441080093383789,0.5100464848745355,12.703075408935549,0.0516247028334237,1.2151981392885547,0,1
BGD,Rajshahi,Pabna,2023-10-01,11042.3154296875,0.9081541895866394,0.6831939976576012,59.81461715698242,0.2128598193091586,1.922098978563524,0,1
BGD,Rangpur,Panchagarh,2023-10-01,6915.90380859375,0.9750810861587524,0.8260972509126351,6.721466541290283,0.621911869248,1.8603211634387224,0,1
BGD,Chattogram,Parbattya Chattagram,2023-10-01,3096.654296875,0.1060457155108451,0.1926615834017536,4.9512553215026855,0.0192661583401753,0.6378920878522414,0,1
BGD,Barishal,Patuakhali,2023-10-01,3085.456787109375,0.2676649987697601,0.2636927657102428,68.05818176269531,0.0263692765710242,0.9148169772990952,1,1
BGD,Barishal,Pirojpur,2023-10-01,1550.335205078125,0.2625978291034698,0.4111279836287797,4.145702838897705,0.0411127983628779,0.7753963269677748,1,1
BGD,Dhaka,Rajbari,2023-10-01,3360.2998046875,0.6040807366371155,0.6042708917546784,6.075436592102051,0.1404230209700969,1.1306438018909917,1,1
BGD,Rajshahi,Rajshahi,2023-10-01,12348.4482421875,1.0062497854232788,0.6371040091219641,45.62273025512695,0.1703728694230657,1.6791244323353085,0,1
BGD,Rangpur,Rangpur,2023-10-01,11142.1259765625,0.9317132830619812,0.7346484489187668,23.863969802856445,0.548142816135387,1.8046958126919483,0,1
BGD,Khulna,Satkhira,2023-10-01,8224.8896484375,0.7199349403381348,0.6647970472351649,7.784483909606934,0.2390817606386298,1.357585676726443,1,1
BGD,Dhaka,Shariatpur,2023-10-01,2917.39501953125,0.5305872559547424,0.5714350625129899,24.889055252075195,0.0724401783827386,1.1313664087562731,1,1
BGD,Mymensingh,Sherpur,2023-10-01,4931.2275390625,0.7232198715209961,0.6745031083900406,12.417681694030762,0.1943722215310662,1.2859881249636873,0,1
BGD,Rajshahi,Sirajganj,2023-10-01,9478.1826171875,0.7398860454559326,0.6547442148032844,35.85982894897461,0.1342640523589209,1.5820289915288048,0,1
BGD,Sylhet,Sunamganj,2023-10-01,6351.45068359375,0.3352592885494232,0.4236050040905328,14.208783149719238,0.0423605004090532,0.7962170304039164,0,1
BGD,Sylhet,Sylhet,2023-10-01,13271.255859375,0.7529680132865906,0.5879606152027285,129.89071655273438,0.0752728215176459,1.80264048374994,0,1
BGD,Dhaka,Tangail,2023-10-01,14032.7158203125,0.8144468665122986,0.7054708573182268,23.027711868286133,0.2360185260325603,1.6034052109991894,0,1
BGD,Rangpur,Thakurgaon,2023-10-01,8149.796875,0.8667587637901306,0.746128576120051,16.807153701782227,0.5738269018265855,1.5869250261979475,0,1
BGD,Khulna,Bagerhat,2023-11-01,5284.509765625,0.5227522850036621,0.3292575453048684,105.8648681640625,0.0329257545304868,1.1672089536453591,1,1
BGD,Chattogram,Bandarban,2023-11-01,1843.5877685546875,0.0798029825091362,0.2819166932876606,11.474623680114746,0.028191669328766,0.5919667104243075,0,1
BGD,Barishal,Barguna,2023-11-01,986.2666015625,0.1559902429580688,0.3126219942040868,15.44961929321289,0.0312621994204086,0.6652419006559254,1,1
BGD,Barishal,Barisal,2023-11-01,3970.65185546875,0.3628712892532348,0.3945542100327467,18.676240921020508,0.0394554210032746,1.0859783658896658,1,1
BGD,Barishal,Bhola,2023-11-01,2664.6318359375,0.3041945397853851,0.3927575999622419,45.53628540039063,0.0392757599962241,0.9103693091875044,1,1
BGD,Rajshahi,Bogura,2023-11-01,9271.4482421875,0.6180322170257568,0.5628449543042495,13.881372451782228,0.0679536817185024,1.8450292194388087,0,1
BGD,Chattogram,Brahmanbaria,2023-11-01,8784.015625,0.9063349366188048,0.7303099582336698,85.60973358154297,0.1085679523782517,2.2138396944847614,0,1
BGD,Chattogram,Chandpur,2023-11-01,4520.93408203125,0.6086599230766296,0.6215061995010299,10.103394508361816,0.1086442528044715,1.16657246458907,0,1
BGD,Rajshahi,Chapainawabganj,2023-11-01,4975.7841796875,0.5597098469734192,0.5528862575485105,11.092103958129885,0.0660536349144044,1.633825860725226,0,1
BGD,Chattogram,Chittagong,2023-11-01,36919.7265625,1.706293702125549,0.6578410353230032,220.16387939453125,0.0714290873195672,6.304481278779524,0,1
BGD,Khulna,Chuadanga,2023-11-01,3916.796630859375,0.6715074777603149,0.631453739417018,8.08389949798584,0.1205358940739371,1.5376291689735029,1,1
BGD,Chattogram,Cox's Bazar,2023-11-01,7200.34228515625,0.6974602937698364,0.3572079081860455,55.01469802856445,0.0357207908186045,2.133625392336081,0,1
BGD,Chattogram,Cumilla,2023-11-01,17147.07421875,1.0970808267593384,0.8046486582136835,50.65830612182617,0.4466557060554939,2.7151394574207086,0,1
BGD,Dhaka,Dhaka,2023-11-01,58877.2890625,7.973995685577393,1.777614201380548,1719.392822265625,0.516211376159793,35.19385717359566,0,1
BGD,Rangpur,Dinajpur,2023-11-01,10353.7392578125,0.5797706842422485,0.5642107511817033,15.79090976715088,0.0792065685520876,1.4621968555460692,0,1
BGD,Dhaka,Faridpur,2023-11-01,6275.3466796875,0.6437632441520691,0.5929009273191469,17.71999168395996,0.0794903859571465,1.5289445544656053,1,1
BGD,Chattogram,Feni,2023-11-01,4357.93017578125,0.9664027094841005,0.7544817855604654,31.88771247863769,0.2159797192027746,2.237975396508558,0,1
BGD,Rangpur,Gaibandha,2023-11-01,3254.088623046875,0.2907353937625885,0.3922845519943953,13.110219955444336,0.0392284551994395,0.8907775474474394,0,1
BGD,Dhaka,Gazipur,2023-11-01,22108.81640625,2.452400922775269,1.0817953569355474,35.20734024047852,0.5587160388919762,9.426356346343992,0,1
BGD,Dhaka,Gopalganj,2023-11-01,2954.100341796875,0.3984192609786987,0.4801376304252209,10.941627502441406,0.0480137630425221,1.0857833689990355,1,1
BGD,Sylhet,Habiganj,2023-11-01,7983.83154296875,0.6031830310821533,0.4844418348167028,166.34896850585938,0.0484441834816702,1.6625021709926482,0,1
BGD,Rajshahi,Jaipurhat,2023-11-01,2755.354248046875,0.5526093244552612,0.563509728220421,9.525399208068848,0.0806486984459059,1.296506762533421,0,1
BGD,Mymensingh,Jamalpur,2023-11-01,5223.18798828125,0.494293600320816,0.5404166299142878,9.656267166137695,0.06315251381583,1.2484876523620727,0,1
BGD,Khulna,Jashore,2023-11-01,11048.001953125,0.84024977684021,0.6971007218880981,33.33429718017578,0.1765910437087143,1.8593786143081168,1,1
BGD,Barishal,Jhalakati,2023-11-01,1014.3322143554688,0.2813979983329773,0.390224101969805,13.696282386779783,0.0390224101969805,0.8829780859237484,1,1
BGD,Khulna,Jhenaidah,2023-11-01,5623.22900390625,0.5621380805969238,0.5680429706966981,10.02391242980957,0.0817752842966085,1.4425737207417528,1,1
BGD,Chattogram,Khagrachari,2023-11-01,1821.8009033203125,0.1256808638572693,0.294463530653958,7.112107276916504,0.0294463530653958,0.7552867475014494,0,1
BGD,Khulna,Khulna,2023-11-01,7096.9921875,0.6889851093292236,0.501611244014945,26.89901733398437,0.0369191859199589,2.551119821975627,1,1
BGD,Dhaka,Kishoreganj,2023-11-01,5335.8125,0.4068285524845123,0.4530152242101932,17.1418399810791,0.0453015224210193,1.2119725762289266,0,1
BGD,Rangpur,Kurigram,2023-11-01,4152.08642578125,0.3544799387454986,0.3713975874279486,11.471741676330566,0.0371397587427948,1.1231946848548524,0,1
BGD,Khulna,Kushtia,2023-11-01,6541.15478515625,0.7792444229125977,0.6389193228032796,31.8569278717041,0.1115388559697866,2.061950466345812,1,1
BGD,Chattogram,Lakshmipur,2023-11-01,3369.423828125,0.5512728691101074,0.6029566803138242,7.0325188636779785,0.0830921424241153,1.19602556407703,0,1
BGD,Rangpur,Lalmonirhat,2023-11-01,4403.142578125,0.6840912103652954,0.6417917007387183,9.076946258544922,0.1046041059923768,1.6870200739236765,0,1
BGD,Dhaka,Madaripur,2023-11-01,3049.4013671875,0.5492592453956604,0.5488519661831602,25.79611015319824,0.0641338581230832,1.4611141079029064,1,1
BGD,Khulna,Magura,2023-11-01,2423.533203125,0.455824464559555,0.5446548982187253,7.688526153564453,0.0683433658818845,0.9797655471194352,1,1
BGD,Dhaka,Manikganj,2023-11-01,4733.0517578125,0.7126544117927551,0.6438962709443812,17.099727630615234,0.0790713310291806,1.900107927610764,0,1
BGD,Khulna,Meherpur,2023-11-01,2906.887939453125,0.789295494556427,0.6974278973616358,4.903474807739258,0.2036155302727653,1.7046939743801306,1,1
BGD,Sylhet,Moulvibazar,2023-11-01,5883.33203125,0.4257533252239227,0.5035702474127502,21.490753173828125,0.0506607467075515,1.1886424961570283,0,1
BGD,Dhaka,Munshiganj,2023-11-01,6088.39892578125,1.4247692823410034,0.887701430185885,59.45843124389648,0.1949188924786602,4.261466976865248,0,1
BGD,Mymensingh,Mymensingh,2023-11-01,18444.546875,0.8263487815856934,0.6411955102390324,35.641090393066406,0.12628342374211,1.796282153543674,0,1
BGD,Rajshahi,Naogaon,2023-11-01,7156.71337890625,0.4058311879634857,0.5108372034375476,9.30785846710205,0.0541658698902111,1.0793514165963802,0,1
BGD,Khulna,Narail,2023-11-01,1269.839111328125,0.2548711597919464,0.3845978345685158,4.890302658081055,0.0384597834568515,0.8859308444244749,1,1
BGD,Dhaka,Narayanganj,2023-11-01,19890.130859375,5.503325462341309,2.6551947754878538,69.14787292480469,0.7362933338484874,20.052297298366856,0,1
BGD,Dhaka,Narsingdi,2023-11-01,7722.5146484375,1.340125560760498,0.7827156430965981,123.85704040527344,0.2230296402671746,3.763752715098881,0,1
BGD,Rajshahi,Natore,2023-11-01,4607.73828125,0.4716777503490448,0.542764884093299,7.989573001861572,0.064982982834886,1.1423221535867756,0,1
BGD,Mymensingh,Netrakona,2023-11-01,4216.2158203125,0.2915115356445312,0.4237293509398065,9.555533409118652,0.0423729350939806,0.8577463978503486,0,1
BGD,Rangpur,Nilphamari,2023-11-01,3726.389404296875,0.4345437288284302,0.4877525657953986,24.39652442932129,0.0487752565795398,1.2552737823671307,0,1
BGD,Chattogram,Noakhali,2023-11-01,6325.798828125,0.5085984468460083,0.5506727608811608,16.29763412475586,0.0592453838170974,1.3146877990912402,0,1
BGD,Rajshahi,Pabna,2023-11-01,8500.5234375,0.6995809078216553,0.5735627122893127,74.60591125488281,0.0685104821998025,1.881830920599305,0,1
BGD,Rangpur,Panchagarh,2023-11-01,4623.39892578125,0.6518582105636597,0.5965393817567566,7.877737998962402,0.0962545303399341,1.748054197512469,0,1
BGD,Chattogram,Parbattya Chattagram,2023-11-01,1516.7022705078125,0.0519406348466873,0.2695822538877448,7.179059982299805,0.0269582253887744,0.5358351878320482,0,1
BGD,Barishal,Patuakhali,2023-11-01,3258.632080078125,0.2826880514621734,0.3122382925018536,108.05310821533205,0.0312238292501853,0.8117690608805512,1,1
BGD,Barishal,Pirojpur,2023-11-01,1180.3837890625,0.1999349743127823,0.3395844964266297,10.957590103149414,0.0339584496426629,0.7869464469257142,1,1
BGD,Dhaka,Rajbari,2023-11-01,2300.650390625,0.4138441979885101,0.5118418276810255,5.673223495483398,0.0531059223736343,1.193306903173828,1,1
BGD,Rajshahi,Rajshahi,2023-11-01,10946.2880859375,0.891990602016449,0.5679205452612819,49.62946701049805,0.0837864623691506,1.5808490849955046,0,1
BGD,Rangpur,Rangpur,2023-11-01,7289.30126953125,0.6095370650291443,0.5457203723734968,26.980342864990234,0.067054415736288,1.665173964199394,0,1
BGD,Khulna,Satkhira,2023-11-01,5995.9638671875,0.5248342752456665,0.5713578338930018,8.366510391235352,0.0554192526483332,1.3222245126148386,1,1
BGD,Dhaka,Shariatpur,2023-11-01,2984.265625,0.5429887771606445,0.5663973448812416,27.58178901672364,0.0744096839701971,1.2076066490385504,1,1
BGD,Mymensingh,Sherpur,2023-11-01,4269.91796875,0.6262314319610596,0.5979423962162255,12.859966278076172,0.1116331533076001,1.27033331155185,0,1
BGD,Rajshahi,Sirajganj,2023-11-01,6513.03759765625,0.5094749927520752,0.5307668526690771,29.99672508239746,0.0563249120064829,1.382797799029343,0,1
BGD,Sylhet,Sunamganj,2023-11-01,2802.922607421875,0.1479591876268386,0.3047625083972622,18.48974800109864,0.0304762508397262,0.6873397619115171,0,1
BGD,Sylhet,Sylhet,2023-11-01,10247.6337890625,0.5814175009727478,0.4454463875772767,96.3152313232422,0.0445446387577276,1.7009781504028378,0,1
BGD,Dhaka,Tangail,2023-11-01,12257.5517578125,0.7120581865310669,0.6425354847329177,20.486873626708984,0.1172161221014005,1.5710700367322388,0,1
BGD,Rangpur,Thakurgaon,2023-11-01,5558.40966796875,0.5911558866500854,0.5754163836668071,15.59516716003418,0.0849281127496811,1.4169137984696774,0,1
BGD,Khulna,Bagerhat,2023-12-01,4282.69677734375,0.4239446520805359,0.3351808467917134,97.79153442382812,0.0335180846791713,1.1815049238003243,1,1
BGD,Chattogram,Bandarban,2023-12-01,870.0360107421875,0.0380078256130218,0.2596708961379815,13.122427940368652,0.0259670896137981,0.4933747026621647,0,1
BGD,Barishal,Barguna,2023-12-01,681.4278564453125,0.1077762320637703,0.2763894170890176,28.622997283935547,0.0276389417089017,0.643132530572285,1,1
BGD,Barishal,Barisal,2023-12-01,4006.63037109375,0.3661694824695587,0.3482111900177572,23.328237533569336,0.0348211190017757,1.237033854244513,1,1
BGD,Barishal,Bhola,2023-12-01,2270.224853515625,0.2590683996677398,0.3329804673467073,42.29557037353516,0.0332980467346707,0.9798530520052304,1,1
BGD,Rajshahi,Bogura,2023-12-01,6125.47998046875,0.4083500504493713,0.3462404671628711,18.6693058013916,0.0346240467162871,1.9521942108217245,0,1
BGD,Chattogram,Brahmanbaria,2023-12-01,8033.71875,0.8289192914962769,0.610006296026424,97.901123046875,0.0685659883160493,2.3341491335491336,0,1
BGD,Chattogram,Chandpur,2023-12-01,3817.974609375,0.5142041444778442,0.5527312493912843,11.147305488586426,0.0654995406991087,1.2265884084496856,0,1
BGD,Rajshahi,Chapainawabganj,2023-12-01,3120.32177734375,0.3509949147701263,0.3520710019394752,10.73211669921875,0.0352071001939475,1.7081040446795184,0,1
BGD,Chattogram,Chittagong,2023-12-01,38320.51171875,1.7710328102111816,0.6223979997224776,355.8090209960937,0.0613263041981197,6.878132969969588,0,1
BGD,Khulna,Chuadanga,2023-12-01,2164.29638671875,0.371053546667099,0.401927386623032,8.225512504577637,0.0401927386623032,1.4408685459289603,1,1
BGD,Chattogram,Cox's Bazar,2023-12-01,7790.1455078125,0.7553691864013672,0.4185481288818658,48.45688247680664,0.0418548128881865,2.6241729492973715,0,1
BGD,Chattogram,Cumilla,2023-12-01,16613.8359375,1.062963843345642,0.7740863703576601,33.763092041015625,0.1583759255012763,2.942464770077041,0,1
BGD,Dhaka,Dhaka,2023-12-01,62631.67578125,8.483444213867188,1.882240615361394,985.8709716796876,0.3523292797649267,38.85461773229306,0,1
BGD,Rangpur,Dinajpur,2023-12-01,7368.2890625,0.4125966131687164,0.4106975166085068,18.07766532897949,0.0410697516608506,1.4914209336046742,0,1
BGD,Dhaka,Faridpur,2023-12-01,5074.390625,0.5229306817054749,0.5017627407839403,19.082761764526367,0.0503760987450813,1.6304060202088222,1,1
BGD,Chattogram,Feni,2023-12-01,4127.99853515625,0.9154136776924132,0.6832229007381525,26.40824508666992,0.0896439566289211,2.6580011852367065,0,1
BGD,Rangpur,Gaibandha,2023-12-01,2163.092041015625,0.1931810826063156,0.3010837358721711,14.956239700317385,0.0301083735872171,0.8987231648145698,0,1
BGD,Dhaka,Gazipur,2023-12-01,23976.048828125,2.65952205657959,1.0410975581389874,36.115970611572266,0.4004607541931169,10.940054099429515,0,1
BGD,Dhaka,Gopalganj,2023-12-01,2492.48046875,0.3361606299877167,0.3899413291296522,14.579670906066896,0.0389941329129652,1.1803273565323598,1,1
BGD,Sylhet,Habiganj,2023-12-01,5908.24853515625,0.4463715255260467,0.3395113801061474,166.02865600585938,0.0339511380106147,1.5839392593922863,0,1
BGD,Rajshahi,Jaipurhat,2023-12-01,1549.489013671875,0.3107629716396332,0.3506456604966877,12.86279582977295,0.0350645660496687,1.306463777535135,0,1
BGD,Mymensingh,Jamalpur,2023-12-01,3896.2041015625,0.3685756623744964,0.3917510240165088,14.048924446105955,0.0391751024016508,1.3320258662253208,0,1
BGD,Khulna,Jashore,2023-12-01,8057.51708984375,0.6128100752830505,0.5385305963535963,34.583553314208984,0.058065620453872,1.8758513723229149,1,1
BGD,Barishal,Jhalakati,2023-12-01,870.3010864257811,0.2414405941963195,0.2667547790501829,15.208561897277832,0.0266754779050182,1.0719822421216822,1,1
BGD,Khulna,Jhenaidah,2023-12-01,2879.0087890625,0.2878062427043915,0.3458642840035534,10.65052890777588,0.0345864284003553,1.3393361867323348,1,1
BGD,Chattogram,Khagrachari,2023-12-01,1454.0687255859375,0.1003051474690437,0.2786961827525729,8.627664566040039,0.0278696182752572,0.7425863589001883,0,1
BGD,Khulna,Khulna,2023-12-01,6547.169921875,0.6356076598167419,0.3687403133999042,36.44517135620117,0.0368740313399904,2.709793002056068,1,1
BGD,Dhaka,Kishoreganj,2023-12-01,4265.71728515625,0.3252392411231994,0.3655808166713875,18.953929901123047,0.0365580816671387,1.1946248963091843,0,1
BGD,Rangpur,Kurigram,2023-12-01,2949.4912109375,0.2518873214721679,0.3301952106110699,11.63546371459961,0.0330195210611069,1.1480823191749856,0,1
BGD,Khulna,Kushtia,2023-12-01,4661.03857421875,0.5553332567214966,0.4425520640053152,40.47042465209961,0.0442552064005315,2.1309926106691632,1,1
BGD,Chattogram,Lakshmipur,2023-12-01,2754.255126953125,0.4506978690624237,0.515907083987258,9.012822151184082,0.0534493007257163,1.3316972489976442,0,1
BGD,Rangpur,Lalmonirhat,2023-12-01,3532.287841796875,0.5487914681434631,0.5119626217906245,11.440773010253906,0.0519095742374465,1.9649452776722929,0,1
BGD,Dhaka,Madaripur,2023-12-01,2759.64892578125,0.4978207051753998,0.5014704547623321,20.22993469238281,0.043853552197771,1.6452298180485765,1,1
BGD,Khulna,Magura,2023-12-01,1460.6727294921875,0.2747271358966827,0.3715409294679619,8.988815307617188,0.0371540929467961,0.9802922346898958,1,1
BGD,Dhaka,Manikganj,2023-12-01,4257.0,0.6414610147476196,0.5528925882020141,18.959056854248047,0.0578551190080351,2.02427332795849,0,1
BGD,Khulna,Meherpur,2023-12-01,1898.97412109375,0.5156207084655762,0.5155531213233105,6.07550859451294,0.0528258783546336,1.6606086680332786,1,1
BGD,Sylhet,Moulvibazar,2023-12-01,3205.1884765625,0.2319299429655075,0.3232480932319436,26.734882354736328,0.0323248093231943,0.9959739851210015,0,1
BGD,Dhaka,Munshiganj,2023-12-01,6654.7841796875,1.559300184249878,0.934591484259142,126.83496856689452,0.1815324414313177,5.075066421795849,0,1
BGD,Mymensingh,Mymensingh,2023-12-01,16247.521484375,0.7279180884361267,0.5563599802241139,34.657894134521484,0.0605488468392567,2.024798603501985,0,1
BGD,Rajshahi,Naogaon,2023-12-01,3725.096435546875,0.2112366706132888,0.3128439885692149,10.791935920715332,0.0312843988569215,1.03140208330288,0,1
BGD,Khulna,Narail,2023-12-01,991.8513793945312,0.1990758627653122,0.3329183491724881,4.874305725097656,0.0332918349172488,0.8729030972519995,1,1
BGD,Dhaka,Narayanganj,2023-12-01,22319.486328125,6.17549467086792,2.8970964140243427,130.90541076660156,0.7294491508941963,22.53795005665731,0,1
BGD,Dhaka,Narsingdi,2023-12-01,8278.81640625,1.4369126558303833,0.7804805686206228,139.7752227783203,0.1965210952566226,4.461572887723157,0,1
BGD,Rajshahi,Natore,2023-12-01,2676.0771484375,0.2739404737949371,0.3568790872034494,7.092241764068604,0.0356879087203449,1.1392559430662426,0,1
BGD,Mymensingh,Netrakona,2023-12-01,2090.97216796875,0.1445710062980651,0.3013043224666256,10.55943775177002,0.0301304322466625,0.7337017722569956,0,1
BGD,Rangpur,Nilphamari,2023-12-01,3272.80419921875,0.3816500008106231,0.3904774409497993,26.09227561950684,0.0390477440949799,1.2932745320679184,0,1
BGD,Chattogram,Noakhali,2023-12-01,5192.0205078125,0.4173401594161987,0.4416655772249899,15.898613929748535,0.0441665577224989,1.3843388628829036,0,1
BGD,Rajshahi,Pabna,2023-12-01,7044.62548828125,0.57957524061203,0.4126929027341053,69.16207122802734,0.0412692902734105,1.947988056796395,0,1
BGD,Rangpur,Panchagarh,2023-12-01,2602.921630859375,0.3669888377189636,0.3825070448212118,17.173534393310547,0.0382507044821211,1.6368680703446836,0,1
BGD,Chattogram,Parbattya Chattagram,2023-12-01,1135.9989013671875,0.0389379523694515,0.1082789944007463,8.044831275939941,0.0108278994400746,0.205730089361418,0,1
BGD,Barishal,Patuakhali,2023-12-01,2970.52197265625,0.2577283978462219,0.1782328244604139,71.03114318847656,0.0178232824460413,0.8742040049460418,1,1
BGD,Barishal,Pirojpur,2023-12-01,747.5718383789062,0.1266247183084488,0.2891848962303636,5.190589427947998,0.0289184896230363,0.7648597982019336,1,1
BGD,Dhaka,Rajbari,2023-12-01,1373.5496826171875,0.2471124678850174,0.3397590199767582,7.6052446365356445,0.0339759019976758,1.146742698018545,1,1
BGD,Rajshahi,Rajshahi,2023-12-01,8177.283203125,0.6663500666618347,0.3358166575030955,49.427345275878906,0.0335816657503095,1.6031361050396102,0,1
BGD,Rangpur,Rangpur,2023-12-01,6011.95751953125,0.5027245879173279,0.3982330636249692,28.3924617767334,0.0398233063624969,1.853939179841775,0,1
BGD,Khulna,Satkhira,2023-12-01,3700.99609375,0.3240362107753753,0.3896245751170849,10.992534637451172,0.0389624575117084,1.2318384205973267,1,1
BGD,Dhaka,Shariatpur,2023-12-01,2706.8544921875,0.4924235343933105,0.5322597864165929,19.034320831298828,0.0580812311074998,1.2596100923009763,1,1
BGD,Mymensingh,Sherpur,2023-12-01,3504.7294921875,0.5140079259872437,0.52974226201818,14.903093338012695,0.0577640979464383,1.3970831169356144,0,1
BGD,Rajshahi,Sirajganj,2023-12-01,4707.6142578125,0.368438571691513,0.3716560850400132,37.29176712036133,0.0371656085040013,1.355299164756036,0,1
BGD,Sylhet,Sunamganj,2023-12-01,1630.5875244140625,0.0860700383782386,0.270239653302086,17.908281326293945,0.0270239653302086,0.5790374324637798,0,1
BGD,Sylhet,Sylhet,2023-12-01,8334.779296875,0.4728883504867553,0.3391343861888962,76.01358032226561,0.0339134386188896,1.6411092413069792,0,1
BGD,Dhaka,Tangail,2023-12-01,9444.1220703125,0.5484749674797058,0.5122926501952858,24.18816375732422,0.0526572761954035,1.7029354289742211,0,1
BGD,Rangpur,Thakurgaon,2023-12-01,2740.571533203125,0.2914691567420959,0.3372833603904228,12.679341316223145,0.0337283360390422,1.249025395757897,0,1
BGD,Khulna,Bagerhat,2024-01-01,3793.842529296875,0.3754785656929016,0.3022845927225337,139.75100708007812,0.0302284592722533,1.0514268630601875,1,1
BGD,Chattogram,Bandarban,2024-01-01,801.0850830078125,0.0349776968359947,0.2587952641904224,8.922067642211914,0.0258795264190422,0.4917110019618026,0,1
BGD,Barishal,Barguna,2024-01-01,506.1509399414063,0.0800540223717689,0.2662876502707764,27.08576774597168,0.0266287650270776,0.5373991903812374,1,1
BGD,Barishal,Barisal,2024-01-01,3386.045654296875,0.3094919919967651,0.3082098232321092,28.76858329772949,0.0308209823232109,1.1770226585159418,1,1
BGD,Barishal,Bhola,2024-01-01,1593.70556640625,0.1818853914737701,0.2951609396619198,32.38054275512695,0.0295160939661919,0.904991660746493,1,1
BGD,Rajshahi,Bogura,2024-01-01,6569.4521484375,0.4386781752109527,0.3800138101015181,15.885723114013672,0.0380013810101518,1.8779228866645143,0,1
BGD,Chattogram,Brahmanbaria,2024-01-01,7969.51708984375,0.8223797678947449,0.5386210709588767,143.6317138671875,0.0329816932871602,2.688208685966852,0,1
BGD,Chattogram,Chandpur,2024-01-01,3649.921630859375,0.4914701282978058,0.5373608208641711,11.741280555725098,0.0569231325486395,1.2843960851248275,0,1
BGD,Rajshahi,Chapainawabganj,2024-01-01,2834.68115234375,0.3190435469150543,0.2405995567104157,11.862248420715332,0.0240599556710415,1.7196229188465724,0,1
BGD,Chattogram,Chittagong,2024-01-01,40223.83203125,1.8589972257614136,0.6610160112819554,256.8855285644531,0.0614668143874545,7.420264177536558,0,1
BGD,Khulna,Chuadanga,2024-01-01,2816.896484375,0.4829372763633728,0.477942853578129,12.115479469299316,0.0477942853578129,1.6516054775839222,1,1
BGD,Chattogram,Cox's Bazar,2024-01-01,11703.16015625,1.1341170072555542,0.4152043585316941,1906.728759765625,0.0415204358531694,2.6987150965103988,0,1
BGD,Chattogram,Cumilla,2024-01-01,16696.921875,1.06827974319458,0.752742666471825,31.31999015808105,0.1194793317163729,3.204637682376143,0,1
BGD,Dhaka,Dhaka,2024-01-01,62985.31640625,8.530503273010254,2.0378402493936822,845.6788940429686,0.2167499469399015,38.701746253396,0,1
BGD,Rangpur,Dinajpur,2024-01-01,9266.7783203125,0.5189339518547058,0.5092611477804774,16.608673095703125,0.0518922617343631,1.677361199418558,0,1
BGD,Dhaka,Faridpur,2024-01-01,4493.1865234375,0.4644216001033783,0.4185621431929999,20.714757919311523,0.0418562143192999,1.5921777586507155,1,1
BGD,Chattogram,Feni,2024-01-01,3672.90380859375,0.8144931197166443,0.598205423894143,24.653852462768555,0.0627043239254316,2.585756715889396,0,1
BGD,Rangpur,Gaibandha,2024-01-01,2301.462646484375,0.2056601196527481,0.3109753466210673,14.629883766174316,0.0310975346621067,0.9187184796799286,0,1
BGD,Dhaka,Gazipur,2024-01-01,24184.150390625,2.682605504989624,1.0647064716726986,99.06455993652344,0.1452801151392807,11.260665383189831,0,1
BGD,Dhaka,Gopalganj,2024-01-01,2200.141357421875,0.2967328727245331,0.3450106448167613,17.42987060546875,0.0345010644816761,1.161144392344801,1,1
BGD,Sylhet,Habiganj,2024-01-01,6188.12890625,0.4675166606903076,0.3293749111385254,56.723052978515625,0.0329374911138525,1.9979044663494057,0,1
BGD,Rajshahi,Jaipurhat,2024-01-01,2098.572998046875,0.4208863377571106,0.4306096089977949,11.516823768615724,0.0430609608997794,1.5111640736097396,0,1
BGD,Mymensingh,Jamalpur,2024-01-01,3417.3720703125,0.323339968919754,0.362677280213206,10.81074047088623,0.0362677280213206,1.2932865305042744,0,1
BGD,Khulna,Jashore,2024-01-01,8769.107421875,0.6669296622276306,0.569784757935479,40.37353515625,0.0641422916028187,1.9711180403909767,1,1
BGD,Barishal,Jhalakati,2024-01-01,752.5751342773436,0.2087808400392532,0.30320374078986,19.845659255981445,0.030320374078986,0.93196438273527,1,1
BGD,Khulna,Jhenaidah,2024-01-01,3462.96044921875,0.3461822271347046,0.3826579704444857,14.722336769104004,0.0382657970444485,1.4652297278414497,1,1
BGD,Chattogram,Khagrachari,2024-01-01,1345.357666015625,0.0928060039877891,0.2754499553703163,5.988979816436768,0.0275449955370316,0.7117876275136417,0,1
BGD,Khulna,Khulna,2024-01-01,5946.341796875,0.5773906111717224,0.3378912831606558,40.27872085571289,0.0337891283160655,2.704005243073686,1,1
BGD,Dhaka,Kishoreganj,2024-01-01,3167.84619140625,0.2415321618318557,0.2547888835375358,12.615949630737305,0.0254788883537535,1.1380598390415728,0,1
BGD,Rangpur,Kurigram,2024-01-01,3109.658447265625,0.2664071321487427,0.3215083964997184,14.19338607788086,0.0321508396499718,1.3725893727052163,0,1
BGD,Khulna,Kushtia,2024-01-01,5156.73779296875,0.6143926978111267,0.00974300869518,32.157470703125,0.000974300869518,2.343951528582747,1,1
BGD,Chattogram,Lakshmipur,2024-01-01,2778.2431640625,0.4548831284046173,0.5126180977786439,7.735820770263672,0.0520708572698239,1.323201660101613,0,1
BGD,Rangpur,Lalmonirhat,2024-01-01,4651.7568359375,0.7227169871330261,0.621714671645177,11.791454315185549,0.0625951477148226,2.428814299669821,0,1
BGD,Dhaka,Madaripur,2024-01-01,2457.93701171875,0.4438304007053375,0.4047742531434305,20.340858459472656,0.040477425314343,1.64972886159246,1,1
BGD,Khulna,Magura,2024-01-01,974.9711303710936,0.1833751201629638,0.3129164136175053,7.973470211029053,0.0312916413617505,0.9008649398851192,1,1
BGD,Dhaka,Manikganj,2024-01-01,3636.28759765625,0.5517193078994751,0.4513214504946465,22.154211044311523,0.0451321450494646,1.9792734539071808,0,1
BGD,Khulna,Meherpur,2024-01-01,2252.1708984375,0.6115227937698364,0.5687543055206816,5.620450019836426,0.0607890565763215,1.86056878695287,1,1
BGD,Sylhet,Moulvibazar,2024-01-01,4106.951171875,0.2972036898136139,0.3403899364320696,31.90985107421875,0.0340389936432069,1.3384114957450073,0,1
BGD,Dhaka,Munshiganj,2024-01-01,6651.24072265625,1.558290719985962,0.9716296938026704,126.15935516357422,0.1181944993024181,4.808449984453345,0,1
BGD,Mymensingh,Mymensingh,2024-01-01,14939.939453125,0.6693360805511475,0.521425947609049,32.762939453125,0.0532322532146642,1.9181926053142664,0,1
BGD,Rajshahi,Naogaon,2024-01-01,4283.23779296875,0.2428868412971496,0.3254809687183713,14.42928695678711,0.0325480968718371,1.130197486606708,0,1
BGD,Khulna,Narail,2024-01-01,772.9899291992188,0.1551478803157806,0.3017410240066792,5.411318778991699,0.0301741024006679,0.8577136210683305,1,1
BGD,Dhaka,Narayanganj,2024-01-01,22916.2890625,6.340621948242188,2.975233886739596,126.15935516357422,0.6765164499397432,23.20945260927304,0,1
BGD,Dhaka,Narsingdi,2024-01-01,7625.7392578125,1.323331594467163,0.6930172899183513,102.9737548828125,0.0868834068934534,4.712095265271175,0,1
BGD,Rajshahi,Natore,2024-01-01,2604.3291015625,0.2666231691837311,0.3521849592977177,9.028128623962402,0.0352184959297717,1.0644305734482926,0,1
BGD,Mymensingh,Netrakona,2024-01-01,1838.382568359375,0.1271068155765533,0.2905703575663989,11.476363182067873,0.0290570357566398,0.7420210072842156,0,1
BGD,Rangpur,Nilphamari,2024-01-01,4303.6748046875,0.5018624663352966,0.5053659856831184,20.45208740234375,0.0512506292365629,1.594500126974698,0,1
BGD,Chattogram,Noakhali,2024-01-01,6781.95263671875,0.5451666116714478,0.5390143930106229,19.11176300048828,0.0539848732221195,1.5835437895091222,0,1
BGD,Rajshahi,Pabna,2024-01-01,6599.798828125,0.5432469248771667,0.3707337500616131,58.53515625,0.0370733750061613,2.0127807906884803,0,1
BGD,Rangpur,Panchagarh,2024-01-01,4456.71533203125,0.6283572912216187,0.5666763639412383,14.727704048156738,0.0686785060644765,1.9176830788146493,0,1
BGD,Chattogram,Parbattya Chattagram,2024-01-01,651.6817016601562,0.0223453193902969,0.2121351402922522,6.125494480133057,0.0212135140292252,0.4030567665552792,0,1
BGD,Barishal,Patuakhali,2024-01-01,2391.476318359375,0.2074793130159378,0.2732403879087989,65.98711395263672,0.0273240387908798,0.7069296303713754,1,1
BGD,Barishal,Pirojpur,2024-01-01,608.6259155273438,0.1030898690223693,0.2776803286714883,5.622400283813477,0.0277680328671488,0.6860295543538649,1,1
BGD,Dhaka,Rajbari,2024-01-01,1458.1495361328125,0.2630351483821869,0.3421707136679057,8.051136016845703,0.0342170713667905,1.2084740990901768,1,1
BGD,Rajshahi,Rajshahi,2024-01-01,8867.978515625,0.722633421421051,0.3257288038228702,57.72589111328125,0.032572880382287,1.849109524372753,0,1
BGD,Rangpur,Rangpur,2024-01-01,6069.580078125,0.5075430274009705,0.4275967695390101,25.15303039550781,0.042759676953901,1.8547938769454209,0,1
BGD,Khulna,Satkhira,2024-01-01,3809.66064453125,0.3335492312908172,0.134824770664962,8.651496887207031,0.0134824770664962,1.242281914806456,1,1
BGD,Dhaka,Shariatpur,2024-01-01,2068.77197265625,0.3764562308788299,0.4060432213690968,27.475452423095703,0.0406043221369096,1.263952929906983,1,1
BGD,Mymensingh,Sherpur,2024-01-01,3103.547607421875,0.4551700949668884,0.4968200377637057,11.828654289245604,0.0496820037763705,1.3107750663014246,0,1
BGD,Rajshahi,Sirajganj,2024-01-01,4155.5078125,0.3260683715343475,0.3388814089310935,39.7064323425293,0.0338881408931093,1.431360059914608,0,1
BGD,Sylhet,Sunamganj,2024-01-01,2002.875732421875,0.1057211533188819,0.249819824448942,19.199737548828125,0.0249819824448942,0.6642530423295611,0,1
BGD,Sylhet,Sylhet,2024-01-01,9902.642578125,0.5618438720703125,0.2328713973530137,162.48410034179688,0.0232871397353013,2.086675020862081,0,1
BGD,Dhaka,Tangail,2024-01-01,8719.306640625,0.5066773891448975,0.457410749804231,26.9006404876709,0.0457410749804231,1.7149096382392164,0,1
BGD,Rangpur,Thakurgaon,2024-01-01,4612.99560546875,0.4907644689083099,0.4927794481680526,15.051952362060549,0.0492779448168052,1.568505294377083,0,1
BGD,Khulna,Bagerhat,2024-02-01,4273.80615234375,0.4228551089763641,0.140551373439293,126.69416046142578,0.0140551373439293,1.2499559494304835,1,1
BGD,Chattogram,Bandarban,2024-02-01,876.0347290039062,0.0378715433180332,0.2590408827326025,12.288596153259276,0.0259040882732602,0.4921776771919448,0,1
BGD,Barishal,Barguna,2024-02-01,750.2446899414062,0.1186604648828506,0.2807843481721819,23.59839057922364,0.0280784348172181,0.6527341385983433,1,1
BGD,Barishal,Barisal,2024-02-01,3831.628173828125,0.3501981496810913,0.3311305584732483,21.001867294311523,0.0331130558473248,1.3333165510914164,1,1
BGD,Barishal,Bhola,2024-02-01,2169.42041015625,0.2474518418312072,0.3257865813523505,40.14421844482422,0.032578658135235,1.0706366284364726,1,1
BGD,Rajshahi,Bogura,2024-02-01,9345.0478515625,0.6233954429626465,0.5114084407702038,18.27042961120605,0.052088475894646,2.3287670188751006,0,1
BGD,Chattogram,Brahmanbaria,2024-02-01,9989.6318359375,1.030730366706848,0.7472498235157656,241.28274536132807,0.1013727074388526,2.606552848511281,0,1
BGD,Chattogram,Chandpur,2024-02-01,3664.92236328125,0.4930048286914825,0.5474811594397604,10.410426139831545,0.0626807780249941,1.2076925442288522,0,1
BGD,Rajshahi,Chapainawabganj,2024-02-01,4295.54541015625,0.4833007454872131,0.4729299728527059,11.442819595336914,0.0472929972852706,1.7528731047110817,0,1
BGD,Chattogram,Chittagong,2024-02-01,43399.453125,2.005762815475464,0.7843547475463497,372.5158996582031,0.0786326045161454,7.850880595289648,0,1
BGD,Khulna,Chuadanga,2024-02-01,2554.07958984375,0.4378791451454162,0.4632168498906715,10.432360649108888,0.0463216849890671,1.458104522777783,1,1
BGD,Chattogram,Cox's Bazar,2024-02-01,8498.7158203125,0.8230293989181519,0.5093056095657269,47.93069076538086,0.050755568905255,2.720390982742481,0,1
BGD,Chattogram,Cumilla,2024-02-01,18785.9609375,1.2019377946853638,0.8724228980159131,25.80772590637207,0.397970703520314,3.042925432298952,0,1
BGD,Dhaka,Dhaka,2024-02-01,62455.93359375,8.458463668823242,2.3202348954364127,909.0023193359376,0.4528909384840748,37.41103330330538,0,1
BGD,Rangpur,Dinajpur,2024-02-01,10802.7734375,0.6049149036407471,0.5589145152017845,16.61827278137207,0.0677245647798435,1.7407351687007138,0,1
BGD,Dhaka,Faridpur,2024-02-01,5445.484375,0.55852872133255,0.5116639588925225,16.436756134033203,0.044575520441527,1.723421269598831,1,1
BGD,Chattogram,Feni,2024-02-01,5518.4599609375,1.223758578300476,0.9438579686384708,22.359813690185547,0.4073216331320104,2.808585954032726,0,1
BGD,Rangpur,Gaibandha,2024-02-01,3745.837890625,0.3347303867340088,0.4018275002194272,14.080933570861816,0.0401827500219427,1.0900275824777328,0,1
BGD,Dhaka,Gazipur,2024-02-01,25888.669921875,2.871677875518799,1.2703258491595768,39.33082580566406,0.5458503236042349,10.843007412256297,0,1
BGD,Dhaka,Gopalganj,2024-02-01,2248.99462890625,0.3033217191696167,0.3601454390992302,12.725234031677246,0.036014543909923,1.142494230874168,1,1
BGD,Sylhet,Habiganj,2024-02-01,8037.7373046875,0.6072556376457214,0.449317719471752,40.90374374389648,0.0449317719471752,2.0874638862529102,0,1
BGD,Rajshahi,Jaipurhat,2024-02-01,2501.632568359375,0.5017232894897461,0.5218098773674077,11.265884399414062,0.0557165445545256,1.4699262196941028,0,1
BGD,Mymensingh,Jamalpur,2024-02-01,6167.95166015625,0.5835903286933899,0.5822288611795785,11.035358428955078,0.0690522815696326,1.5633578020949133,0,1
BGD,Khulna,Jashore,2024-02-01,7953.3876953125,0.6048905849456787,0.5362778318594954,47.42382049560547,0.056296773539535,1.8750965783580849,1,1
BGD,Barishal,Jhalakati,2024-02-01,889.9058837890625,0.2468793988227844,0.3239824201948106,15.568825721740724,0.032398242019481,1.082763619178006,1,1
BGD,Khulna,Jhenaidah,2024-02-01,3095.716552734375,0.3094699084758758,0.3673099808481091,13.153589248657228,0.0367309980848109,1.2981885827535264,1,1
BGD,Chattogram,Khagrachari,2024-02-01,1780.8485107421875,0.122847206890583,0.2844277237177467,6.744447708129883,0.0284427723717746,0.8729150945088622,0,1
BGD,Khulna,Khulna,2024-02-01,6249.1513671875,0.6066756248474121,0.0845048214925457,42.47179412841797,0.0084504821492545,2.867837262618131,1,1
BGD,Dhaka,Kishoreganj,2024-02-01,5516.16796875,0.4205797612667084,0.4253582095521027,13.845723152160645,0.0425358209552102,1.4026157916455786,0,1
BGD,Rangpur,Kurigram,2024-02-01,4932.533203125,0.4218299984931946,0.4483968694780716,10.410740852355955,0.0448396869478071,1.4700015564296016,0,1
BGD,Khulna,Kushtia,2024-02-01,5351.8388671875,0.6376377940177917,0.5315472718739371,27.87313270568848,0.0424085201515792,2.1827983816997163,1,1
BGD,Chattogram,Lakshmipur,2024-02-01,3259.506591796875,0.5335960984230042,0.5744282890627678,7.778770446777344,0.065224992635821,1.3905800251774187,0,1
BGD,Rangpur,Lalmonirhat,2024-02-01,5193.28125,0.8068505525588989,0.7095594603905969,7.603529930114746,0.1055818967934437,2.228467262176043,0,1
BGD,Dhaka,Madaripur,2024-02-01,2466.848876953125,0.4429306089878082,0.4401557467135386,11.983038902282717,0.0440155746713538,1.516009742269739,1,1
BGD,Khulna,Magura,2024-02-01,1098.830322265625,0.206670880317688,0.3298926025277485,7.41118860244751,0.0329892602527748,0.8850223983435549,1,1
BGD,Dhaka,Manikganj,2024-02-01,4857.66357421875,0.7319746017456055,0.6281532598830207,17.44306182861328,0.0688528302174954,2.184888249849805,0,1
BGD,Khulna,Meherpur,2024-02-01,2381.112548828125,0.6465338468551636,0.6231293503558128,5.762852191925049,0.0779574730343101,1.6654147728611297,1,1
BGD,Sylhet,Moulvibazar,2024-02-01,6287.59814453125,0.4549755156040191,0.4804294572227712,21.66123962402344,0.0480429457222771,1.4185526678431628,0,1
BGD,Dhaka,Munshiganj,2024-02-01,6335.34033203125,1.4821195602416992,0.9142260196740196,87.17487335205078,0.1349167719864987,4.85994762959838,0,1
BGD,Mymensingh,Mymensingh,2024-02-01,19762.787109375,0.8854082822799683,0.6644216737738644,31.76955223083496,0.104350635996772,2.2260836536148734,0,1
BGD,Rajshahi,Naogaon,2024-02-01,4023.966552734375,0.2281845062971115,0.3245329252794919,9.93462371826172,0.0324532925279492,1.0801676492050238,0,1
BGD,Khulna,Narail,2024-02-01,852.2300415039062,0.1710522770881652,0.3159348470984667,4.342425346374512,0.0315934847098466,0.8689107396742735,1,1
BGD,Dhaka,Narayanganj,2024-02-01,22828.04296875,6.3162055015563965,3.4869307293600644,95.36749267578124,0.7892462212778283,21.069550427804018,0,1
BGD,Dhaka,Narsingdi,2024-02-01,8222.2744140625,1.4268512725830078,0.8552249804838716,97.25643920898436,0.219484753498112,4.4125239798674665,0,1
BGD,Rajshahi,Natore,2024-02-01,2910.89697265625,0.2979781329631805,0.3730996301328445,8.399107933044434,0.0373099630132844,1.1435917589288291,0,1
BGD,Mymensingh,Netrakona,2024-02-01,3751.70703125,0.2593951523303985,0.367245343161704,10.755271911621094,0.0367245343161704,0.9604535791667898,0,1
BGD,Rangpur,Nilphamari,2024-02-01,4709.1328125,0.54914391040802,0.5327845979000959,20.997478485107425,0.059404120449546,1.54242120723227,0,1
BGD,Chattogram,Noakhali,2024-02-01,7459.97119140625,0.5996420383453369,0.5888583511671193,14.852157592773438,0.0308851827409207,1.6907473847065368,0,1
BGD,Rajshahi,Pabna,2024-02-01,7730.0703125,0.6360035538673401,0.289315392015081,59.07881164550781,0.0289315392015081,2.046602745363748,0,1
BGD,Rangpur,Panchagarh,2024-02-01,5720.4375,0.8065308928489685,0.6564244436180943,7.859231472015381,0.1442562161159332,2.234034815223032,0,1
BGD,Chattogram,Parbattya Chattagram,2024-02-01,747.8092651367188,0.0256089195609092,0.2566454436479115,6.564234733581543,0.0256645443647911,0.4876263429310319,0,1
BGD,Barishal,Patuakhali,2024-02-01,3007.729736328125,0.2609221339225769,0.2925122966869293,67.69927215576172,0.0292512296686929,0.9333796531923948,1,1
BGD,Barishal,Pirojpur,2024-02-01,708.3518676757812,0.1199815794825553,0.2849376981305309,4.498839855194092,0.028493769813053,0.7650261102169094,1,1
BGD,Dhaka,Rajbari,2024-02-01,1777.293212890625,0.3199166655540466,0.38490312315436,6.225866317749023,0.038490312315436,1.259976922121651,1,1
BGD,Rajshahi,Rajshahi,2024-02-01,9378.025390625,0.7641960978507996,0.407887716574121,44.20488357543945,0.0407887716574121,1.8848947889627063,0,1
BGD,Rangpur,Rangpur,2024-02-01,8452.7802734375,0.7068280577659607,0.57701034943162,28.76890182495117,0.0710713219546364,1.9744167215212391,0,1
BGD,Khulna,Satkhira,2024-02-01,3683.936767578125,0.322487860918045,0.3858556762685439,10.670608520507812,0.0385855676268543,1.1975302669266554,1,1
BGD,Dhaka,Shariatpur,2024-02-01,2212.219970703125,0.4025290310382843,0.4578489323719859,17.11920166015625,0.0457848932371986,1.221345306097798,1,1
BGD,Mymensingh,Sherpur,2024-02-01,4828.74853515625,0.7081902027130127,0.6373286556400177,11.944147109985352,0.1373318675399147,1.4988923198877997,0,1
BGD,Rajshahi,Sirajganj,2024-02-01,7217.767578125,0.5647633671760559,0.5329418212314833,33.85078430175781,0.0155501271532993,1.6767325263777968,0,1
BGD,Sylhet,Sunamganj,2024-02-01,2627.933349609375,0.1387146264314651,0.2921157306337341,19.913366317749023,0.0292115730633734,0.7496056545206886,0,1
BGD,Sylhet,Sylhet,2024-02-01,10660.24609375,0.6048278212547302,0.408738554444795,91.61753845214844,0.0408738554444795,2.1249916129326434,0,1
BGD,Dhaka,Tangail,2024-02-01,14406.0361328125,0.8367029428482056,0.7201490218024349,21.21525001525879,0.1147190213610124,2.008264623067759,0,1
BGD,Rangpur,Thakurgaon,2024-02-01,6466.3291015625,0.6877162456512451,0.6040396689934805,11.754335403442385,0.1098964184144927,1.8053270569548228,0,1
BGD,Khulna,Bagerhat,2024-03-01,7208.0849609375,0.7132471203804016,0.5576406183894005,125.4359130859375,0.0524183671275045,1.4230177564641278,1,1
BGD,Chattogram,Bandarban,2024-03-01,2088.073486328125,0.0902687609195709,0.2802872704682804,13.954936027526855,0.028028727046828,0.643951480878944,0,1
BGD,Barishal,Barguna,2024-03-01,1825.968994140625,0.2887995541095733,0.4127899144975078,24.308374404907227,0.0412789914497507,0.7907913240973553,1,1
BGD,Barishal,Barisal,2024-03-01,6828.28515625,0.6240257024765015,0.5607874546660818,25.073102951049805,0.0712990728657073,1.4104800744242136,1,1
BGD,Barishal,Bhola,2024-03-01,3965.506103515625,0.4525518119335174,0.5176633995137515,45.10773849487305,0.0541193773821029,1.1174013500381517,1,1
BGD,Rajshahi,Bogura,2024-03-01,11209.521484375,0.746725857257843,0.618857986065627,16.297595977783203,0.0978556995703548,2.0856822616767614,0,1
BGD,Chattogram,Brahmanbaria,2024-03-01,11836.5751953125,1.221298098564148,0.8442131279175231,281.1830444335937,0.1880266973961111,2.7467390474359594,0,1
BGD,Chattogram,Chandpur,2024-03-01,6059.03662109375,0.8150432109832764,0.7635500930710523,10.936866760253906,0.2566703071533102,1.4208854718515684,0,1
BGD,Rajshahi,Chapainawabganj,2024-03-01,3528.875,0.396996408700943,0.4429111753274892,10.0523681640625,0.0442911175327489,1.3704825802599176,0,1
BGD,Chattogram,Chittagong,2024-03-01,48828.890625,2.2566914558410645,1.0026292272683877,281.3446350097656,0.1829985295776969,8.137081508835607,0,1
BGD,Khulna,Chuadanga,2024-03-01,4497.35595703125,0.7710403203964233,0.6894023312512917,10.052748680114746,0.1760558234427263,1.6648653520076293,1,1
BGD,Chattogram,Cox's Bazar,2024-03-01,11265.9296875,1.0909051895141602,0.7189819911839275,81.70111846923828,0.0359015751156059,2.9807883881479835,0,1
BGD,Chattogram,Cumilla,2024-03-01,19569.171875,1.252048134803772,0.9336751472229058,66.2357406616211,0.5357030011762371,2.934911739818448,0,1
BGD,Dhaka,Dhaka,2024-03-01,65635.9765625,8.889322280883789,2.2436410025710325,836.610107421875,0.6471482325306913,39.02107689804303,0,1
BGD,Rangpur,Dinajpur,2024-03-01,14298.3291015625,0.8006529211997986,0.6749957643805596,17.536588668823242,0.2527418743948494,1.635522503634232,0,1
BGD,Dhaka,Faridpur,2024-03-01,7515.86279296875,0.7669751644134521,0.6424879191325965,17.709325790405273,0.117527008607153,1.849463368422068,1,1
BGD,Chattogram,Feni,2024-03-01,6054.517578125,1.3426332473754885,1.0779471796006117,30.352394104003903,0.6343149271841001,2.56424357786296,0,1
BGD,Rangpur,Gaibandha,2024-03-01,5985.6181640625,0.534610390663147,0.5767833032455535,10.93738842010498,0.0764494998974601,1.1487834727002633,0,1
BGD,Dhaka,Gazipur,2024-03-01,26123.5390625,2.897730588912964,1.2874219021782736,41.99599456787109,0.6602435423318005,10.806231066384663,0,1
BGD,Dhaka,Gopalganj,2024-03-01,4008.698974609375,0.540652871131897,0.5464274073385131,14.398998260498049,0.065354550424804,1.3612716852175542,1,1
BGD,Sylhet,Habiganj,2024-03-01,9683.9609375,0.7316287159919739,0.5893434604862683,33.40338516235352,0.0631890115349133,2.018220792943405,0,1
BGD,Rajshahi,Jaipurhat,2024-03-01,3556.81884765625,0.7133496999740601,0.643325183276981,11.71218204498291,0.1680519435614283,1.475368701447204,0,1
BGD,Mymensingh,Jamalpur,2024-03-01,6678.8564453125,0.631930410861969,0.6203342835260396,11.767708778381348,0.0938215795363662,1.428555064593559,0,1
BGD,Khulna,Jashore,2024-03-01,11507.4033203125,0.8751893043518066,0.7085422580579441,48.73087310791016,0.2150905933766934,1.952864954457361,1,1
BGD,Barishal,Jhalakati,2024-03-01,2081.99560546875,0.5775911808013916,0.5802575557146966,21.906333923339844,0.0868258643573911,1.1387789427356698,1,1
BGD,Khulna,Jhenaidah,2024-03-01,6312.92626953125,0.6310850977897644,0.603174722129247,9.29031753540039,0.1102431376716333,1.4433652749465018,1,1
BGD,Chattogram,Khagrachari,2024-03-01,2680.64111328125,0.1849170625209808,0.3192224562490152,8.247566223144531,0.0319222456249015,0.9532977321922872,0,1
BGD,Khulna,Khulna,2024-03-01,8704.23828125,0.8450186252593994,0.5577514199245935,35.70840072631836,0.0673399955703783,2.889239296424602,1,1
BGD,Dhaka,Kishoreganj,2024-03-01,7464.95458984375,0.5691648125648499,0.5647231143385515,18.93518829345703,0.0579343696727475,1.528374704787053,0,1
BGD,Rangpur,Kurigram,2024-03-01,7138.0751953125,0.6092930436134338,0.619794318120991,8.149885177612305,0.0495415404956753,1.4757022120863836,0,1
BGD,Khulna,Kushtia,2024-03-01,8362.4150390625,0.9962102174758912,0.7623873534426047,34.52240753173828,0.1913544727186758,2.3572192447218456,1,1
BGD,Chattogram,Lakshmipur,2024-03-01,4295.58642578125,0.7025026082992554,0.7065254856075958,8.585312843322754,0.1178642069413341,1.4819458485030068,0,1
BGD,Rangpur,Lalmonirhat,2024-03-01,5987.9462890625,0.9303131103515624,0.8245146067817929,7.3593292236328125,0.2464873581258063,2.0771209895493694,0,1
BGD,Dhaka,Madaripur,2024-03-01,3826.906982421875,0.6861250400543213,0.6380680717742093,14.076579093933104,0.0895986560545099,1.704425866949537,1,1
BGD,Khulna,Magura,2024-03-01,2662.458740234375,0.5007622241973877,0.5592302353661509,7.667949676513672,0.076434925907927,1.0714800341690094,1,1
BGD,Dhaka,Manikganj,2024-03-01,6101.466796875,0.9145374298095704,0.7723254807562568,21.41944694519043,0.1202154826646614,2.23227609937929,0,1
BGD,Khulna,Meherpur,2024-03-01,3078.6376953125,0.8359299898147583,0.7350762567782518,6.473315238952637,0.3103964282955102,1.653936781492546,1,1
BGD,Sylhet,Moulvibazar,2024-03-01,8130.00390625,0.5882934331893921,0.5898365708641656,17.87787628173828,0.0674353766378659,1.5220805467689258,0,1
BGD,Dhaka,Munshiganj,2024-03-01,6945.58447265625,1.6245028972625732,1.0761414458159584,113.5079116821289,0.3021935224950981,4.622060471871382,0,1
BGD,Mymensingh,Mymensingh,2024-03-01,21859.66796875,0.9793522953987122,0.7344338996875874,33.759403228759766,0.2335456454849624,2.0946989757186105,0,1
BGD,Rajshahi,Naogaon,2024-03-01,7282.7265625,0.4129769504070282,0.5096646216172349,8.118406295776367,0.0540009126371344,1.144153233052956,0,1
BGD,Khulna,Narail,2024-03-01,2174.05419921875,0.4363574385643005,0.5359099875419879,4.417786121368408,0.062927016944651,1.0140943821357002,1,1
BGD,Dhaka,Narayanganj,2024-03-01,21607.3671875,5.978461265563965,3.0470222087403704,113.5079116821289,0.7578701238447982,21.342309999705943,0,1
BGD,Dhaka,Narsingdi,2024-03-01,8957.34375,1.5544114112854004,0.9553003444580904,117.88990020751952,0.4202095441854327,4.139421041698129,0,1
BGD,Rajshahi,Natore,2024-03-01,6232.5,0.6379988193511963,0.6139824905726815,9.374974250793455,0.1198194386919873,1.378383753409824,0,1
BGD,Mymensingh,Netrakona,2024-03-01,4927.59814453125,0.3406969308853149,0.4440568017184451,18.032730102539062,0.0444056801718445,1.003962407419065,0,1
BGD,Rangpur,Nilphamari,2024-03-01,6266.826171875,0.7307904958724976,0.6322354624586907,23.52358627319336,0.1357902985888069,1.628505782676692,0,1
BGD,Chattogram,Noakhali,2024-03-01,9957.69921875,0.8004748225212097,0.7439925699897381,45.31999206542969,0.1298881033677821,1.6570473824530731,0,1
BGD,Rajshahi,Pabna,2024-03-01,10654.2314453125,0.8764399290084839,0.6517892527348895,58.20730209350586,0.1047331009499978,2.193713963541461,0,1
BGD,Rangpur,Panchagarh,2024-03-01,6114.03955078125,0.8620253205299377,0.7073986345567493,11.373455047607422,0.326469121534409,2.038585675046664,0,1
BGD,Chattogram,Parbattya Chattagram,2024-03-01,1945.203857421875,0.0666208490729332,0.2727471022676692,6.39890718460083,0.0272747102267669,0.5752878226044615,0,1
BGD,Barishal,Patuakhali,2024-03-01,4350.0087890625,0.3773655593395233,0.3679554690925071,50.29106140136719,0.0367955469092507,1.0335184508870627,1,1
BGD,Barishal,Pirojpur,2024-03-01,2509.645751953125,0.4250871241092682,0.5279742067298181,16.59383201599121,0.0611855800731813,0.9594060841949889,1,1
BGD,Dhaka,Rajbari,2024-03-01,3061.819580078125,0.5504230260848999,0.5778478423668343,8.216083526611328,0.0824655336023127,1.298861299870274,1,1
BGD,Rajshahi,Rajshahi,2024-03-01,11636.7568359375,0.9482554793357848,0.5607605269884911,51.34674072265625,0.0744281809456774,1.9981818596720613,0,1
BGD,Rangpur,Rangpur,2024-03-01,11067.671875,0.9254873394966124,0.7025792878411256,23.771434783935547,0.2621576333281393,2.092212027093844,0,1
BGD,Khulna,Satkhira,2024-03-01,6821.00927734375,0.5970515012741089,0.6119586541089796,7.634763240814209,0.0839289398341753,1.295735811859737,1,1
BGD,Dhaka,Shariatpur,2024-03-01,3821.175537109375,0.6952213048934937,0.6623237042178313,25.756425857543945,0.1136243258805982,1.4118157688315254,1,1
BGD,Mymensingh,Sherpur,2024-03-01,4795.74609375,0.7033500075340271,0.6513475497386167,14.158061981201172,0.1443122054528585,1.388698151586205,0,1
BGD,Rajshahi,Sirajganj,2024-03-01,8792.078125,0.6883803606033325,0.6302015263305699,29.36665725708008,0.0469630932637532,1.7010074173555174,0,1
BGD,Sylhet,Sunamganj,2024-03-01,4303.18798828125,0.2271424084901809,0.3420465187801429,17.373735427856445,0.0342046518780142,0.8967799708434899,0,1
BGD,Sylhet,Sylhet,2024-03-01,14689.1640625,0.8334155678749084,0.5547435834128339,261.83837890625,0.058404130691556,2.3784898333385125,0,1
BGD,Dhaka,Tangail,2024-03-01,15346.154296875,0.8912878632545471,0.7547707794738135,22.15550994873047,0.142995844972686,1.8461623772190257,0,1
BGD,Rangpur,Thakurgaon,2024-03-01,6762.6005859375,0.7192257046699524,0.6411798258124946,11.789436340332031,0.1866663955724112,1.49288711228377,0,1
BGD,Khulna,Bagerhat,2024-04-01,7705.5185546875,0.7622423768043518,0.5776328615408985,146.7105255126953,0.038321038741744,1.6803045777194507,1,1
BGD,Chattogram,Bandarban,2024-04-01,4414.59619140625,0.1908458322286605,0.3261108720049617,45.59078979492188,0.0326110872004961,0.746989189554832,0,1
BGD,Barishal,Barguna,2024-04-01,3266.357666015625,0.5166147947311401,0.5744090596777621,15.920382499694824,0.0920387674099248,0.9360099627447754,1,1
BGD,Barishal,Barisal,2024-04-01,8171.55224609375,0.7467846274375916,0.6220710706309017,19.39421463012696,0.0678895877165642,1.6647886011352395,1,1
BGD,Barishal,Bhola,2024-04-01,4281.205078125,0.4885725378990173,0.5379405811204169,37.97301483154297,0.0365447633048749,1.1653279857446814,1,1
BGD,Rajshahi,Bogura,2024-04-01,10074.9296875,0.6710105538368225,0.5616933512242269,22.550350189208984,0.0669225319498481,2.115537739606828,0,1
BGD,Chattogram,Brahmanbaria,2024-04-01,11332.1845703125,1.169255018234253,0.8829546580615766,52.820068359375,0.2847341470273291,2.755238315739915,0,1
BGD,Chattogram,Chandpur,2024-04-01,5794.13525390625,0.7797045707702637,0.7164993257810532,9.830760955810549,0.0715474879096153,1.4227954602061728,0,1
BGD,Rajshahi,Chapainawabganj,2024-04-01,4730.73779296875,0.5322052836418152,0.543117108877962,12.246081352233888,0.0667304587241129,1.4288489164170266,0,1
BGD,Chattogram,Chittagong,2024-04-01,42375.78125,1.9584524631500244,0.8628111117481925,137.53097534179688,0.1422324441568258,7.555655595738995,0,1
BGD,Khulna,Chuadanga,2024-04-01,4783.3671875,0.8200749754905701,0.7424504965642291,10.988265991210938,0.1669729539756109,1.7081275478858038,1,1
BGD,Chattogram,Cox's Bazar,2024-04-01,10748.0615234375,1.0407594442367554,0.6820201383394552,155.08139038085938,0.0739423613061114,2.838785036852268,0,1
BGD,Chattogram,Cumilla,2024-04-01,21268.75390625,1.3607885837554932,1.0099568031368396,39.363319396972656,0.5474445734328672,3.2607027807241766,0,1
BGD,Dhaka,Dhaka,2024-04-01,62049.8515625,8.403640747070312,2.408906139573859,245.37615966796875,0.564962884105273,37.93059868185862,0,1
BGD,Rangpur,Dinajpur,2024-04-01,14271.9140625,0.7991737723350525,0.6763934456691296,17.679832458496094,0.2158314018786777,1.7109873375112554,0,1
BGD,Dhaka,Faridpur,2024-04-01,7835.72265625,0.8016396760940552,0.7086963479114194,14.80933666229248,0.0875975596102583,2.087077756780656,1,1
BGD,Chattogram,Feni,2024-04-01,5626.4111328125,1.2476975917816162,0.9879602381971908,23.846019744873047,0.5258487995207815,2.63032630131032,0,1
BGD,Rangpur,Gaibandha,2024-04-01,4347.31494140625,0.388214647769928,0.467119841589496,18.20453453063965,0.0467119841589495,1.074819899061349,0,1
BGD,Dhaka,Gazipur,2024-04-01,25093.96875,2.7835264205932617,1.2654456016390307,35.90050506591797,0.4042344466327832,10.683692307938362,0,1
BGD,Dhaka,Gopalganj,2024-04-01,5544.15283203125,0.7477393746376038,0.6849262190074095,12.167085647583008,0.1685398351826794,1.448547028817896,1,1
BGD,Sylhet,Habiganj,2024-04-01,10742.697265625,0.8116168975830078,0.6354545554557306,35.067665100097656,0.0801167470329553,2.173837176610084,0,1
BGD,Rajshahi,Jaipurhat,2024-04-01,3326.21435546875,0.6671000719070435,0.6134526785993348,12.932517051696776,0.1288571761380542,1.4362471832820702,0,1
BGD,Mymensingh,Jamalpur,2024-04-01,5597.64404296875,0.5295796990394592,0.5487311270600006,14.204448699951172,0.0625035197576874,1.3732395755509423,0,1
BGD,Khulna,Jashore,2024-04-01,13056.3603515625,0.9929943680763244,0.8153983008882307,50.44358825683594,0.3768599951552129,2.027094968751131,1,1
BGD,Barishal,Jhalakati,2024-04-01,2454.013916015625,0.6807972192764282,0.6322880456798878,14.176003456115724,0.1441079848415963,1.3357581881990328,1,1
BGD,Khulna,Jhenaidah,2024-04-01,7413.74609375,0.7411309480667114,0.6978584879638573,9.351924896240234,0.1602180775245462,1.5521296338305282,1,1
BGD,Chattogram,Khagrachari,2024-04-01,4516.05322265625,0.311528205871582,0.3981919961150471,7.555601596832275,0.0398191996115047,1.091595357317798,0,1
BGD,Khulna,Khulna,2024-04-01,8622.7529296875,0.8371079564094543,0.5539030061605483,29.72909545898437,0.0247328510859732,3.023660410641048,1,1
BGD,Dhaka,Kishoreganj,2024-04-01,5962.24755859375,0.4545910656452179,0.4458929379368155,13.43218994140625,0.0445892937936815,1.3666504723597592,0,1
BGD,Rangpur,Kurigram,2024-04-01,5304.6630859375,0.4529035985469818,0.4769123384843982,15.812350273132324,0.0476912338484398,1.4397307757249007,0,1
BGD,Khulna,Kushtia,2024-04-01,8748.119140625,1.042283058166504,0.8080779033817549,31.42154693603516,0.3048193599910871,2.484385562972164,1,1
BGD,Chattogram,Lakshmipur,2024-04-01,4127.77099609375,0.6749476194381714,0.6688468320374653,7.681714057922363,0.072152733557893,1.311885486936491,0,1
BGD,Rangpur,Lalmonirhat,2024-04-01,5894.67529296875,0.9158221483230592,0.8352663910612198,9.863940238952637,0.1603052116478067,2.0702472831599543,0,1
BGD,Dhaka,Madaripur,2024-04-01,4300.14892578125,0.7710123062133789,0.670010237437281,11.592666625976562,0.1607825636107493,1.7573782382485308,1,1
BGD,Khulna,Magura,2024-04-01,3024.9853515625,0.5689471364021301,0.6150523956305731,10.13117504119873,0.0961794971000346,1.0836433283255982,1,1
BGD,Dhaka,Manikganj,2024-04-01,5749.208984375,0.8624523878097534,0.7040527453493273,17.720855712890625,0.1001995923703927,2.3152061897818847,0,1
BGD,Khulna,Meherpur,2024-04-01,3226.557373046875,0.8760940432548523,0.7689764732666776,6.538625240325928,0.4806738752787694,1.667149784431302,1,1
BGD,Sylhet,Moulvibazar,2024-04-01,9703.5615234375,0.7021573185920715,0.6657456868159718,19.95983123779297,0.1248183078382779,1.5189270523995622,0,1
BGD,Dhaka,Munshiganj,2024-04-01,7779.82373046875,1.82193386554718,1.25250515095591,57.65009307861328,0.5558829107065888,4.9534828831197935,0,1
BGD,Mymensingh,Mymensingh,2024-04-01,16842.572265625,0.7545774579048157,0.5980404242053582,30.20467567443848,0.0741774871729202,1.967162644682224,0,1
BGD,Rajshahi,Naogaon,2024-04-01,6978.36572265625,0.3957177400588989,0.5007078821915162,11.36026382446289,0.0502271473782709,1.1706809678914378,0,1
BGD,Khulna,Narail,2024-04-01,1723.182373046875,0.345862329006195,0.4811894212912382,4.481401443481445,0.0481189421291238,0.9456176395973628,1,1
BGD,Dhaka,Narayanganj,2024-04-01,23294.25,6.4451985359191895,3.662085253260357,111.69049835205078,0.9912346550725336,21.041910336843177,0,1
BGD,Dhaka,Narsingdi,2024-04-01,7586.43310546875,1.3165106773376465,0.7665800143010475,102.27017974853516,0.1146258973743311,4.209816430144365,0,1
BGD,Rajshahi,Natore,2024-04-01,5550.30224609375,0.5682228207588196,0.581894383681457,10.145223617553713,0.0882354711347278,1.2346796005592902,0,1
BGD,Mymensingh,Netrakona,2024-04-01,2556.845947265625,0.1767817735671997,0.3195495407128063,10.41331672668457,0.0319549540712806,0.7654433484702707,0,1
BGD,Rangpur,Nilphamari,2024-04-01,7047.6669921875,0.8218463063240051,0.6780582634338014,18.37647247314453,0.2183767649620101,1.717765395479263,0,1
BGD,Chattogram,Noakhali,2024-04-01,8094.9609375,0.6507339477539062,0.6494190204536345,13.857298851013184,0.092382831290074,1.4850338995108483,0,1
BGD,Rajshahi,Pabna,2024-04-01,9859.12109375,0.811091959476471,0.6314086115827116,49.969146728515625,0.0579278661223034,2.2395297920658668,0,1
BGD,Rangpur,Panchagarh,2024-04-01,6758.72265625,0.952919900417328,0.7687996635079631,8.253866195678711,0.5202662492812368,2.1452607982481124,0,1
BGD,Chattogram,Parbattya Chattagram,2024-04-01,4386.8681640625,0.1502757370471954,0.080631986566122,128.41444396972656,0.0080631986566122,0.6963407710874038,0,1
BGD,Barishal,Patuakhali,2024-04-01,6808.29638671875,0.5906233191490173,0.5537612717847471,54.37347030639648,0.0622259577133842,1.2406157263611657,1,1
BGD,Barishal,Pirojpur,2024-04-01,2777.751220703125,0.470499187707901,0.5528720604281763,5.257179260253906,0.0744462862803986,0.9864748532999624,1,1
BGD,Dhaka,Rajbari,2024-04-01,2567.452880859375,0.4617868959903717,0.533865712866254,7.501889228820801,0.05689244003995,1.2737938043741692,1,1
BGD,Rajshahi,Rajshahi,2024-04-01,11252.705078125,0.9169598817825316,0.5583733921285036,55.1938591003418,0.0710773820881694,1.905570666180508,0,1
BGD,Rangpur,Rangpur,2024-04-01,9674.9609375,0.8090277910232544,0.6597987750452575,21.96540641784668,0.1211216986917276,1.931598788803039,0,1
BGD,Khulna,Satkhira,2024-04-01,8502.431640625,0.7442285418510437,0.7345702217323071,8.379889488220215,0.0950453264049919,1.4917464477878226,1,1
BGD,Dhaka,Shariatpur,2024-04-01,3521.55029296875,0.6406691074371338,0.6153495461876681,22.264196395874023,0.1297634763782455,1.204713510484815,1,1
BGD,Mymensingh,Sherpur,2024-04-01,4187.46142578125,0.6141382455825806,0.5988192661961462,13.668561935424805,0.0967567691672905,1.2618991924164338,0,1
BGD,Rajshahi,Sirajganj,2024-04-01,8627.009765625,0.6748902201652527,0.6252423934959375,32.84480285644531,0.0612612874404881,1.66086532881342,0,1
BGD,Sylhet,Sunamganj,2024-04-01,5632.345703125,0.2973015606403351,0.3229415976853553,15.231355667114258,0.0322941597685355,0.8933869191876308,0,1
BGD,Sylhet,Sylhet,2024-04-01,16048.3564453125,0.9105316996574402,0.6836589799618447,84.8583984375,0.125450459832696,2.226180593115265,0,1
BGD,Dhaka,Tangail,2024-04-01,14867.5712890625,0.8632419109344482,0.7115466349234553,21.02347183227539,0.0407582816056015,1.981664926575934,0,1
BGD,Rangpur,Thakurgaon,2024-04-01,7573.89013671875,0.8055091500282288,0.6788557062481861,12.561460494995115,0.3063663718247945,1.7195455587496151,0,1
BGD,Khulna,Bagerhat,2024-05-01,5444.79638671875,0.5386080741882324,0.3391435773575348,132.16897583007812,0.0339143577357534,1.343398287954457,1,1
BGD,Chattogram,Bandarban,2024-05-01,1096.38916015625,0.0473976098001003,0.2655309051869579,11.099746704101562,0.0265530905186957,0.5149169906793981,0,1
BGD,Barishal,Barguna,2024-05-01,739.9225463867188,0.1170278862118721,0.2894437045585928,16.961742401123047,0.0289443704558592,0.6398407772540206,1,1
BGD,Barishal,Barisal,2024-05-01,2949.74951171875,0.2695727348327636,0.316659054164902,18.87708282470703,0.0316659054164902,1.0390688213599475,1,1
BGD,Barishal,Bhola,2024-05-01,1353.3433837890625,0.1544263660907745,0.2902834513714411,35.00872039794922,0.0290283451371441,0.7432945662323825,1,1
BGD,Rajshahi,Bogura,2024-05-01,8278.638671875,0.5510070323944092,0.509864542182281,12.442638397216797,0.0519037417629762,1.97239440665171,0,1
BGD,Chattogram,Brahmanbaria,2024-05-01,7513.1220703125,0.775204062461853,0.6307925307998877,58.08329391479492,0.0738115026552488,2.111802892807858,0,1
BGD,Chattogram,Chandpur,2024-05-01,3299.699951171875,0.4438655972480774,0.5321928463652443,9.425213813781738,0.0569908000516279,1.079094703326679,0,1
BGD,Rajshahi,Chapainawabganj,2024-05-01,4829.05615234375,0.5432049036026001,0.5581062842613094,8.981646537780762,0.0683633481814722,1.493130312645613,0,1
BGD,Chattogram,Chittagong,2024-05-01,35857.55859375,1.6572041511535645,0.6368281580859085,173.3260040283203,0.0681809338258574,6.079190383055779,0,1
BGD,Khulna,Chuadanga,2024-05-01,1818.248779296875,0.3117260932922363,0.3837619081215852,8.369922637939453,0.0383761908121585,1.179351834467119,1,1
BGD,Chattogram,Cox's Bazar,2024-05-01,7561.6650390625,0.7326579093933105,0.2129531354671773,54.15174102783203,0.0212953135467177,2.225155131507767,0,1
BGD,Chattogram,Cumilla,2024-05-01,15361.798828125,0.9828577637672424,0.7229886241336481,25.2386417388916,0.1210983791803793,2.767370922098759,0,1
BGD,Dhaka,Dhaka,2024-05-01,49252.9375,6.670370101928711,2.126378054455324,179.7166748046875,0.3544784548581467,27.430675031668503,0,1
BGD,Rangpur,Dinajpur,2024-05-01,10682.65234375,0.598188579082489,0.5923714578507244,13.813408851623535,0.0750151435565321,1.4869653944098344,0,1
BGD,Dhaka,Faridpur,2024-05-01,5181.64306640625,0.5279447436332703,0.53453381933357,11.998130798339844,0.0565738342332071,1.4892351867178506,1,1
BGD,Chattogram,Feni,2024-05-01,4289.0791015625,0.951134443283081,0.7199696199056934,24.89476776123047,0.1485099530013733,2.405124334060674,0,1
BGD,Rangpur,Gaibandha,2024-05-01,1821.4832763671875,0.162643700838089,0.3018344779525929,12.261609077453612,0.0301834477952592,0.8267242496623063,0,1
BGD,Dhaka,Gazipur,2024-05-01,23382.734375,2.5937092304229736,1.2900692227456725,51.56246566772461,0.6310962073046926,9.180420685344858,0,1
BGD,Dhaka,Gopalganj,2024-05-01,2264.28125,0.3053834140300751,0.3789398507455404,10.693811416625977,0.037893985074554,1.0544850244759807,1,1
BGD,Sylhet,Habiganj,2024-05-01,7556.95751953125,0.5709324479103088,0.4996773617350022,52.64540863037109,0.0499677361735002,1.7092626846208463,0,1
BGD,Rajshahi,Jaipurhat,2024-05-01,2062.33984375,0.4136194884777069,0.4794038966884057,9.537359237670898,0.0479403896688405,1.2892569498653754,0,1
BGD,Mymensingh,Jamalpur,2024-05-01,2869.774658203125,0.2714511454105377,0.2794869410557642,7.8201904296875,0.0279486941055764,1.0135609834038353,0,1
BGD,Khulna,Jashore,2024-05-01,8526.572265625,0.6484838128089905,0.5968254463073437,30.62115859985352,0.074778245996924,1.673153156777583,1,1
BGD,Barishal,Jhalakati,2024-05-01,662.4948120117188,0.1837905794382095,0.3081331586432265,13.256881713867188,0.0308133158643226,0.876689612062946,1,1
BGD,Khulna,Jhenaidah,2024-05-01,3372.87255859375,0.3371763825416565,0.4060202684577755,8.655021667480469,0.0406020268457775,1.2358412812553914,1,1
BGD,Chattogram,Khagrachari,2024-05-01,1360.817138671875,0.0938724353909492,0.2784544249192768,5.6826934814453125,0.0278454424919276,0.728146385421169,0,1
BGD,Khulna,Khulna,2024-05-01,7352.7255859375,0.7138120532035828,0.5345722508064025,30.42731285095215,0.026156452396507,2.5014874380764835,1,1
BGD,Dhaka,Kishoreganj,2024-05-01,3888.39111328125,0.2964926660060882,0.3699297071265165,12.90582275390625,0.0369929707126516,1.0645469167240629,0,1
BGD,Rangpur,Kurigram,2024-05-01,2609.17529296875,0.2225434780120849,0.3346588263435686,9.681187629699709,0.0334658826343568,0.986947251365449,0,1
BGD,Khulna,Kushtia,2024-05-01,5292.7568359375,0.6306736469268799,0.5408982924698249,24.37263870239257,0.0481671453270803,2.1248533199266624,1,1
BGD,Chattogram,Lakshmipur,2024-05-01,1469.823974609375,0.240336537361145,0.1747492549536304,8.136825561523438,0.017474925495363,0.9370118778474088,0,1
BGD,Rangpur,Lalmonirhat,2024-05-01,4062.1103515625,0.631106972694397,0.6060438674911188,7.532244682312012,0.066730126017619,1.7813264414605778,0,1
BGD,Dhaka,Madaripur,2024-05-01,2814.451904296875,0.5046022534370422,0.5380910136059458,11.80979347229004,0.0583263865604404,1.3963068833729382,1,1
BGD,Khulna,Magura,2024-05-01,1021.3733520507812,0.1921025663614273,0.3343602574806594,7.639288425445557,0.0334360257480659,0.7720605751749771,1,1
BGD,Dhaka,Manikganj,2024-05-01,3896.06884765625,0.5820338129997253,0.5467368310899478,16.241329193115234,0.0576513516693575,1.7727728119657178,0,1
BGD,Khulna,Meherpur,2024-05-01,1868.3377685546875,0.5073021650314331,0.5608084095107386,4.851767063140869,0.0652972913542728,1.2605060837968904,1,1
BGD,Sylhet,Moulvibazar,2024-05-01,6439.6435546875,0.4659776389598846,0.5418302558500898,12.188554763793944,0.0617515651267361,1.151309078964209,0,1
BGD,Dhaka,Munshiganj,2024-05-01,6618.40771484375,1.5479795932769775,1.053890213367937,101.9902572631836,0.415210224353976,4.337526492632329,0,1
BGD,Mymensingh,Mymensingh,2024-05-01,13901.185546875,0.6227980256080627,0.528705016035253,28.29477882385254,0.0547524671211996,1.7459791944401228,0,1
BGD,Rajshahi,Naogaon,2024-05-01,5593.70703125,0.317198783159256,0.4044165638270502,6.353597640991211,0.040441656382705,1.2100987674510877,0,1
BGD,Khulna,Narail,2024-05-01,1101.714111328125,0.2211265712976455,0.366733549008959,3.8824639320373535,0.0366733549008959,0.7984767877346566,1,1
BGD,Dhaka,Narayanganj,2024-05-01,19749.642578125,5.464454174041748,3.153314258653057,118.01980590820312,0.751718671074637,17.350284972532297,0,1
BGD,Dhaka,Narsingdi,2024-05-01,6760.75048828125,1.1732258796691897,0.6850994140051218,83.54711151123047,0.1205187077823973,3.6988094816474018,0,1
BGD,Rajshahi,Natore,2024-05-01,4016.7646484375,0.4111818671226501,0.5175568665448114,6.452081680297852,0.0542897366331366,1.0808082661807847,0,1
BGD,Mymensingh,Netrakona,2024-05-01,2926.345703125,0.2023292034864425,0.3475878502411474,8.091939926147461,0.0347587850241147,0.8016659939552516,0,1
BGD,Rangpur,Nilphamari,2024-05-01,4554.23193359375,0.5310805439949036,0.555239728980975,21.07956314086914,0.0691237780435989,1.2255965319005928,0,1
BGD,Chattogram,Noakhali,2024-05-01,4515.30615234375,0.3629743158817291,0.2412844288241414,12.070573806762695,0.0241284428824141,1.3062706110305906,0,1
BGD,Rajshahi,Pabna,2024-05-01,8348.6494140625,0.6866188049316406,0.5576525704886002,41.66794204711914,0.0486692060617854,2.015372051614143,0,1
BGD,Rangpur,Panchagarh,2024-05-01,5076.71923828125,0.7157723307609558,0.6653619790144878,5.776957035064697,0.1191880931375596,1.683343503141612,0,1
BGD,Chattogram,Parbattya Chattagram,2024-05-01,820.550048828125,0.0281105358153581,0.2582122130526168,6.624547004699707,0.0258212213052616,0.4906032047999719,0,1
BGD,Barishal,Patuakhali,2024-05-01,2410.166259765625,0.2090831845998764,0.2906542010391095,51.22010040283203,0.0290654201039109,0.866685268258312,1,1
BGD,Barishal,Pirojpur,2024-05-01,635.736572265625,0.1076819077134132,0.2867611807163875,3.5792887210845947,0.0286761180716387,0.7162032910182891,1,1
BGD,Dhaka,Rajbari,2024-05-01,2211.561767578125,0.397572249174118,0.5019799091255691,7.463534355163574,0.0379473382802348,1.1328639366440032,1,1
BGD,Rajshahi,Rajshahi,2024-05-01,10577.5966796875,0.861946702003479,0.5178683240569683,53.61473846435547,0.054467096235873,2.08917801501348,0,1
BGD,Rangpur,Rangpur,2024-05-01,5569.63330078125,0.4657370746135711,0.4260525106186373,19.00448989868164,0.0426052510618637,1.6156492796297066,0,1
BGD,Khulna,Satkhira,2024-05-01,5332.626953125,0.4667715430259704,0.5386565609026858,11.335360527038574,0.0325173837609153,1.2284442003638998,1,1
BGD,Dhaka,Shariatpur,2024-05-01,2404.521484375,0.4373108148574829,0.5201457762853194,16.100053787231445,0.0465324485989972,1.1247258962424398,1,1
BGD,Mymensingh,Sherpur,2024-05-01,1259.240478515625,0.1846817582845688,0.3045199660152468,12.509936332702637,0.0304519966015246,0.8468397744528792,0,1
BGD,Rajshahi,Sirajganj,2024-05-01,6971.0908203125,0.5443049073219299,0.5446705633265525,33.40483093261719,0.0329378195902117,1.5028599440510857,0,1
BGD,Sylhet,Sunamganj,2024-05-01,2332.06591796875,0.1230973526835441,0.2943758911714263,15.575958251953123,0.0294375891171426,0.6824599405893278,0,1
BGD,Sylhet,Sylhet,2024-05-01,10669.2109375,0.6053364276885986,0.5090239753359843,37.48329162597656,0.0513278758487251,1.847373603797939,0,1
BGD,Dhaka,Tangail,2024-05-01,11093.0771484375,0.6438327431678772,0.5995903722870953,21.451509475708008,0.0701898025192675,1.6945227347611866,0,1
BGD,Rangpur,Thakurgaon,2024-05-01,4552.4677734375,0.484170526266098,0.5369135355239553,12.307329177856444,0.0599828998157374,1.2768002102822795,0,1
BGD,Khulna,Bagerhat,2024-06-01,5918.24169921875,0.58597332239151,0.4022334691948827,135.87652587890625,0.0402233469194882,1.466958312747248,1,1
BGD,Chattogram,Bandarban,2024-06-01,931.55419921875,0.0427551567554473,0.2654805519979818,4.590133666992188,0.0265480551997981,0.5177486931815163,0,1
BGD,Barishal,Barguna,2024-06-01,1790.007080078125,0.2832978665828705,0.4133980637556881,23.542404174804688,0.0413398063755688,0.7516553953205435,1,1
BGD,Barishal,Barisal,2024-06-01,5085.45849609375,0.4647516310214996,0.3417332416555568,21.83429336547852,0.0341733241655556,1.3021479732360148,1,1
BGD,Barishal,Bhola,2024-06-01,2706.146240234375,0.309286892414093,0.3984151964516819,53.37818145751953,0.0398415196451681,0.8831812263888661,1,1
BGD,Rajshahi,Bogura,2024-06-01,8073.935546875,0.5402952432632446,0.5234417947833842,11.669632911682127,0.0154845348765393,1.8702543531147315,0,1
BGD,Chattogram,Brahmanbaria,2024-06-01,10397.4892578125,1.0742443799972534,0.8366229647684944,20.76757049560547,0.2978864224665463,2.614409115342932,0,1
BGD,Chattogram,Chandpur,2024-06-01,4003.114990234375,0.5384868383407593,0.5992886578841934,14.312955856323242,0.038407014173619,1.136508154875495,0,1
BGD,Rajshahi,Chapainawabganj,2024-06-01,3610.634033203125,0.4087090194225311,0.365253694945973,11.26963996887207,0.0365253694945973,1.5925634344742636,0,1
BGD,Chattogram,Chittagong,2024-06-01,37272.8671875,1.7230923175811768,0.7692437056375989,292.0471496582031,0.1052461834966196,6.469096629615867,0,1
BGD,Khulna,Chuadanga,2024-06-01,2587.38916015625,0.443589836359024,0.4484328742664467,13.573389053344728,0.0448432874266446,1.4982173241800627,1,1
BGD,Chattogram,Cox's Bazar,2024-06-01,6691.23779296875,0.7118685841560364,0.6011121059200006,44.663368225097656,0.0288964522116308,2.2878397838516564,0,1
BGD,Chattogram,Cumilla,2024-06-01,18303.2734375,1.1710551977157593,0.9130070987553704,31.91620635986328,0.5584903121034833,2.632552802368691,0,1
BGD,Dhaka,Dhaka,2024-06-01,68398.84375,9.306086540222168,3.4913649564737432,171.14666748046875,0.6324535049524902,36.83532054775136,0,1
BGD,Rangpur,Dinajpur,2024-06-01,10256.595703125,0.5743309855461121,0.5708366847445081,11.90900707244873,0.0689952422254142,1.7205839527093567,0,1
BGD,Dhaka,Faridpur,2024-06-01,7569.04638671875,0.7775828242301941,0.68741408094885,12.342019081115724,0.1406529886260267,1.7003962878174734,1,1
BGD,Chattogram,Feni,2024-06-01,4164.26220703125,0.9234554171562196,0.7630131972499318,18.10969924926757,0.4663735065522447,1.8377159297999064,0,1
BGD,Rangpur,Gaibandha,2024-06-01,5263.99853515625,0.4699065387248993,0.5322004360181019,12.486498832702637,0.0254996241498832,1.298746711817142,0,1
BGD,Dhaka,Gazipur,2024-06-01,32998.51953125,3.784548759460449,2.30433092771665,129.87649536132812,0.5716574187789019,13.081440409135,0,1
BGD,Dhaka,Gopalganj,2024-06-01,3934.13818359375,0.5305968523025513,0.5578819016664578,10.6933012008667,0.0667093207993111,1.315958769158641,1,1
BGD,Sylhet,Habiganj,2024-06-01,9803.009765625,0.741014838218689,0.5700093373386752,41.03521728515625,0.0652676979430126,2.454796469762205,0,1
BGD,Rajshahi,Jaipurhat,2024-06-01,3522.805419921875,0.7065280675888062,0.645425993792664,5.260359287261963,0.1380472452551737,1.727351760654543,0,1
BGD,Mymensingh,Jamalpur,2024-06-01,4049.03173828125,0.3840502202510834,0.134168295090335,10.305374145507812,0.0134168295090335,1.1239720693978856,0,1
BGD,Khulna,Jashore,2024-06-01,9612.5546875,0.7310776114463806,0.5831792044432113,31.487314224243164,0.0650068908687427,2.415271891877265,1,1
BGD,Barishal,Jhalakati,2024-06-01,1638.8779296875,0.4546606540679931,0.5328702463290488,18.596792221069336,0.0613845727125831,0.9983898092476275,1,1
BGD,Khulna,Jhenaidah,2024-06-01,2264.638427734375,0.2263894081115722,0.3329625727722693,13.837459564208984,0.0332962572772269,0.9561076215136136,1,1
BGD,Chattogram,Khagrachari,2024-06-01,2310.796875,0.1594373136758804,0.3195204867061779,5.030078411102295,0.0319520486706178,0.7875318472972078,0,1
BGD,Khulna,Khulna,2024-06-01,8626.76953125,0.8398897647857666,0.5371839264856465,51.72176742553711,0.044732193245844,3.497176768815744,1,1
BGD,Dhaka,Kishoreganj,2024-06-01,6668.99072265625,0.5087481737136841,0.5265822471654508,19.09269142150879,0.0352722476093438,1.3341479564863294,0,1
BGD,Rangpur,Kurigram,2024-06-01,5678.85302734375,0.4844377338886261,0.5014499379447875,17.630298614501953,0.0503133062622206,1.94796978220421,0,1
BGD,Khulna,Kushtia,2024-06-01,6618.14111328125,0.7894566655158997,0.6316252474946789,20.977895736694336,0.0700936294921996,2.312386687446301,1,1
BGD,Chattogram,Lakshmipur,2024-06-01,2569.300048828125,0.4201160669326782,0.5299127560410124,9.06098747253418,0.0606383915003689,0.9727983428069428,0,1
BGD,Rangpur,Lalmonirhat,2024-06-01,6430.4736328125,0.9990660548210144,0.7524353356872303,15.466312408447266,0.1806274659672929,2.7543726156591384,0,1
BGD,Dhaka,Madaripur,2024-06-01,3714.512451171875,0.6797897219657898,0.6498120580956527,11.025470733642578,0.1116413734560368,1.560368091249282,1,1
BGD,Khulna,Magura,2024-06-01,1417.9337158203125,0.2666886746883392,0.3085762885367168,6.043992519378662,0.0308576288536716,0.9050469068863484,1,1
BGD,Dhaka,Manikganj,2024-06-01,5630.505859375,0.846325159072876,0.7014944813049001,25.630102157592773,0.0911231648154529,2.54840521261372,0,1
BGD,Khulna,Meherpur,2024-06-01,3307.2548828125,0.898005485534668,0.7384129840798881,8.378501892089844,0.1043674313495438,2.6712910334214834,1,1
BGD,Sylhet,Moulvibazar,2024-06-01,7460.47265625,0.540393054485321,0.5676605030430582,21.59137535095215,0.06488732569683,1.3998355159885172,0,1
BGD,Dhaka,Munshiganj,2024-06-01,8589.189453125,2.013955354690552,1.095904688852783,99.06383514404295,0.3186747495598704,6.206605994535332,0,1
BGD,Mymensingh,Mymensingh,2024-06-01,19416.220703125,0.8701531291007996,0.5995283901802517,50.81105422973633,0.0790222229541542,2.846124050799636,0,1
BGD,Rajshahi,Naogaon,2024-06-01,5373.19287109375,0.3047806322574615,0.2459486892640343,6.248373985290527,0.0245948689264034,1.3328644172462931,0,1
BGD,Khulna,Narail,2024-06-01,1496.304443359375,0.300325334072113,0.4502416502676759,2.9971601963043213,0.0450241650267675,0.8529585459589534,1,1
BGD,Dhaka,Narayanganj,2024-06-01,30628.56640625,8.633329391479492,5.681448727291413,99.06383514404295,0.9018123125455528,26.2047469752818,0,1
BGD,Dhaka,Narsingdi,2024-06-01,8597.8515625,1.5101981163024902,0.7416363622042345,129.87649536132812,0.214188667536208,5.316879769462315,0,1
BGD,Rajshahi,Natore,2024-06-01,5938.55908203125,0.6097196936607361,0.5901239014286742,7.688962936401367,0.0628748410073553,1.713419929792198,0,1
BGD,Mymensingh,Netrakona,2024-06-01,3034.30029296875,0.2110496908426284,0.3439750765819431,9.470065116882324,0.0343975076581943,0.7530100144957435,0,1
BGD,Rangpur,Nilphamari,2024-06-01,4131.71923828125,0.4818102717399597,0.5125268905880006,17.77816390991211,0.0276883398310145,1.2599306289913703,0,1
BGD,Chattogram,Noakhali,2024-06-01,5456.68994140625,0.4391354918479919,0.527022738715268,8.219734191894531,0.0433550654408011,1.1114194999384923,0,1
BGD,Rajshahi,Pabna,2024-06-01,8799.5634765625,0.7240703105926514,0.5517047237784442,44.0866813659668,0.0531665936293168,2.343927058541372,0,1
BGD,Rangpur,Panchagarh,2024-06-01,5582.14599609375,0.7900655269622803,0.5974088436898765,13.633919715881348,0.07197208621381,3.02402399152886,0,1
BGD,Chattogram,Parbattya Chattagram,2024-06-01,2193.172119140625,0.075514331459999,0.2824112216170787,10.367938041687012,0.0282411221617078,0.5859406270741054,0,1
BGD,Barishal,Patuakhali,2024-06-01,4977.2431640625,0.4318814277648926,0.3752065883074784,76.30827331542969,0.0375206588307478,0.9880496484137468,1,1
BGD,Barishal,Pirojpur,2024-06-01,1923.13134765625,0.3257425427436828,0.3579234807794431,5.056309223175049,0.0357923480779443,0.8372531119415397,1,1
BGD,Dhaka,Rajbari,2024-06-01,2316.5400390625,0.4170929789543152,0.4914571717873847,3.90326452255249,0.0491457171787384,1.2549437271283073,1,1
BGD,Rajshahi,Rajshahi,2024-06-01,11759.236328125,0.9718691110610962,0.5459655291404868,45.990379333496094,0.0378710199870801,3.339409817860329,0,1
BGD,Rangpur,Rangpur,2024-06-01,10177.552734375,0.851482093334198,0.632072962443024,23.55571937561035,0.1084225435245101,2.840908041075941,0,1
BGD,Khulna,Satkhira,2024-06-01,5209.71435546875,0.4572042524814605,0.5177631471848338,10.784738540649414,0.0042589318014106,1.2974255689349283,1,1
BGD,Dhaka,Shariatpur,2024-06-01,2952.754150390625,0.5370994210243225,0.5739272895413499,23.541507720947266,0.0667623357377125,1.209954009964059,1,1
BGD,Mymensingh,Sherpur,2024-06-01,2088.757080078125,0.306339681148529,0.3921984994528482,8.709159851074219,0.0392198499452848,0.9896837262376516,0,1
BGD,Rajshahi,Sirajganj,2024-06-01,8710.4931640625,0.6871418356895447,0.587846717649611,31.144948959350582,0.0662831832978411,2.264600829268486,0,1
BGD,Sylhet,Sunamganj,2024-06-01,3855.338623046875,0.2041890770196914,0.2046479473008043,12.950702667236328,0.0204647947300804,0.7506202608797524,0,1
BGD,Sylhet,Sylhet,2024-06-01,14299.90234375,0.8151224255561829,0.5807810986308882,48.26374053955078,0.0376986804384573,2.7591674435762017,0,1
BGD,Dhaka,Tangail,2024-06-01,11314.4091796875,0.6572540402412415,0.5542450377540455,30.45711708068848,0.0596520250780042,2.2463387487680047,0,1
BGD,Rangpur,Thakurgaon,2024-06-01,4350.68212890625,0.4627222418785095,0.50467741803047,8.053706169128418,0.0511729024871295,1.6666198806306955,0,1
BGD,Khulna,Bagerhat,2024-07-01,4536.41796875,0.4828621745109558,0.3302165064184278,136.44125366210938,0.0330216506418427,2.291113329415349,1,1
BGD,Chattogram,Bandarban,2024-07-01,251.0276641845703,0.020204197615385,0.2559857839860173,4.387248516082764,0.0255985783986017,0.4863729895734329,0,1
BGD,Barishal,Barguna,2024-07-01,648.58740234375,0.1055823490023613,0.2760256376332452,23.542404174804688,0.0276025637633245,0.5855672283576983,1,1
BGD,Barishal,Barisal,2024-07-01,3663.3359375,0.4094129204750061,0.310881007026517,24.24463081359864,0.0310881007026517,2.113764792676052,1,1
BGD,Barishal,Bhola,2024-07-01,1394.001708984375,0.1763845533132553,0.2896649304088481,52.09551239013672,0.0289664930408848,0.7488778029091716,1,1
BGD,Rajshahi,Bogura,2024-07-01,9413.099609375,0.6817063689231873,0.5247954078598435,17.839805603027344,0.0556668920636043,2.7683925387631403,0,1
BGD,Chattogram,Brahmanbaria,2024-07-01,8338.8134765625,0.9282944202423096,0.5852909693645165,71.9277572631836,0.0695951993749251,3.298300313196413,0,1
BGD,Chattogram,Chandpur,2024-07-01,3132.400146484375,0.4749048054218292,0.5219579097756674,14.312955856323242,0.0572939822066709,1.2797644400209605,0,1
BGD,Rajshahi,Chapainawabganj,2024-07-01,4445.17236328125,0.504575788974762,0.470975542670684,10.669670104980469,0.0470975542670684,2.279502715992579,0,1
BGD,Chattogram,Chittagong,2024-07-01,46302.484375,2.416903257369995,0.654484347155915,288.98651123046875,0.071988872864777,10.669369259323387,0,1
BGD,Khulna,Chuadanga,2024-07-01,2128.61376953125,0.5534322261810303,0.511175633666159,13.515952110290527,0.0523412241094938,2.340541803799449,1,1
BGD,Chattogram,Cox's Bazar,2024-07-01,2825.150390625,0.84457927942276,0.469574732316776,38.91204452514648,0.0469574732316776,3.603572989587586,0,1
BGD,Chattogram,Cumilla,2024-07-01,20572.931640625,1.3886452913284302,0.7722311805043657,31.91620635986328,0.3014437482451168,4.143638161972139,0,1
BGD,Dhaka,Dhaka,2024-07-01,64051.796875,9.242908477783203,3.719816459458172,182.4379119873047,0.3575382550202316,37.11782555133759,0,1
BGD,Rangpur,Dinajpur,2024-07-01,6590.1494140625,0.60569828748703,0.5472849518700791,8.785409927368164,0.0674224666557131,2.324980164568313,0,1
BGD,Dhaka,Faridpur,2024-07-01,4606.2783203125,0.4983562231063843,0.4154989189402665,14.88910961151123,0.0415498918940266,2.3018738486031816,1,1
BGD,Chattogram,Feni,2024-07-01,4281.0576171875,1.107405662536621,0.7006324174605812,18.28734016418457,0.1965263697912494,2.98853250689488,0,1
BGD,Rangpur,Gaibandha,2024-07-01,3763.364990234375,0.3361147344112396,0.4306783094199274,12.17868709564209,0.0430678309419927,0.9270209844228362,0,1
BGD,Dhaka,Gazipur,2024-07-01,27694.845703125,3.4729857444763184,2.1462319250446256,39.196876525878906,0.389947005238461,12.08907267022708,0,1
BGD,Dhaka,Gopalganj,2024-07-01,2299.786865234375,0.3439116477966308,0.3501745789102954,10.602106094360352,0.0350174578910295,1.993074951127624,1,1
BGD,Sylhet,Habiganj,2024-07-01,4198.30615234375,0.3980501890182495,0.3509136583085638,38.34143829345703,0.0350913658308563,2.093113879936496,0,1
BGD,Rajshahi,Jaipurhat,2024-07-01,2732.3271484375,0.5542474389076233,0.5299695550674224,8.396079063415527,0.0590788158987801,2.1497279008172963,0,1
BGD,Mymensingh,Jamalpur,2024-07-01,3772.520263671875,0.3880267441272735,0.4110296682608251,9.91475772857666,0.0411029668260825,1.871287215520948,0,1
BGD,Khulna,Jashore,2024-07-01,10362.4931640625,0.7946832180023193,0.5631487687540329,39.63853073120117,0.0678226745799062,2.900194278200735,1,1
BGD,Barishal,Jhalakati,2024-07-01,566.8816528320312,0.2068610340356826,0.2910614904890095,24.24463081359864,0.0291061490489009,0.795449652825538,1,1
BGD,Khulna,Jhenaidah,2024-07-01,3115.9814453125,0.4893445074558258,0.4207749058680221,12.14078426361084,0.0420774905868022,2.276583164750997,1,1
BGD,Chattogram,Khagrachari,2024-07-01,851.3819580078125,0.0733861252665519,0.2723328568233332,5.6735358238220215,0.0272332856823333,0.5817578018970307,0,1
BGD,Khulna,Khulna,2024-07-01,8575.763671875,0.9268962740898132,0.3906261294246401,39.26466369628906,0.039062612942464,4.609693657798252,1,1
BGD,Dhaka,Kishoreganj,2024-07-01,2444.818603515625,0.2328291684389114,0.315258893882594,18.68477249145508,0.0315258893882594,1.1156293138607234,0,1
BGD,Rangpur,Kurigram,2024-07-01,5583.6435546875,0.5168018937110901,0.5087209799173292,17.4867000579834,0.0520963946071186,2.14380417149621,0,1
BGD,Khulna,Kushtia,2024-07-01,6298.11962890625,0.9135631918907166,0.5940804411260032,28.366107940673828,0.0663003518347152,3.26373484220755,1,1
BGD,Chattogram,Lakshmipur,2024-07-01,634.7561645507812,0.1838910281658172,0.3335893746712466,5.984157085418701,0.0333589374671246,0.7675184692852685,0,1
BGD,Rangpur,Lalmonirhat,2024-07-01,5427.81640625,0.9521591663360596,0.7369231206693074,15.466312408447266,0.1810451901009084,2.5706513158459856,0,1
BGD,Dhaka,Madaripur,2024-07-01,2478.0458984375,0.4487763047218323,0.3982852884093176,10.787561416625977,0.0398285288409317,2.2853747588102014,1,1
BGD,Khulna,Magura,2024-07-01,295.3359069824219,0.079880341887474,0.2807972356336592,3.79632568359375,0.0280797235633659,0.5982248056004078,1,1
BGD,Dhaka,Manikganj,2024-07-01,3039.320068359375,1.0333147048950195,0.6109943694856907,14.079105377197266,0.0689485814622061,3.3537289423617693,0,1
BGD,Khulna,Meherpur,2024-07-01,2571.180908203125,0.8321421146392822,0.6592392467169224,9.265300750732422,0.1275262861212884,2.4213734910269507,1,1
BGD,Sylhet,Moulvibazar,2024-07-01,3200.857421875,0.3168845474720001,0.4028026510927323,11.714879989624023,0.0402802651092732,1.0304503363534796,0,1
BGD,Dhaka,Munshiganj,2024-07-01,9135.5673828125,2.212188482284546,1.4261664233055953,99.06383514404295,0.1870701703418902,6.7259562096442576,0,1
BGD,Mymensingh,Mymensingh,2024-07-01,9219.03515625,0.5479388236999512,0.5326241390419783,18.00554847717285,0.0589020150020851,2.122780736123137,0,1
BGD,Rajshahi,Naogaon,2024-07-01,5342.2177734375,0.3095561861991882,0.2216195462221854,14.961548805236816,0.0221619546222185,1.6418004919186229,0,1
BGD,Khulna,Narail,2024-07-01,708.1631469726562,0.1423077881336212,0.2922732666753355,4.774409294128418,0.0292273266675335,0.7148736877610042,1,1
BGD,Dhaka,Narayanganj,2024-07-01,21928.541015625,8.523746490478516,4.966863852579714,99.06383514404295,0.6994007953376564,27.39009215183745,0,1
BGD,Dhaka,Narsingdi,2024-07-01,2430.0556640625,1.4791637659072876,0.5010420285388499,23.387470245361328,0.0501909634993521,6.932315276910083,0,1
BGD,Rajshahi,Natore,2024-07-01,4304.29541015625,0.5484769940376282,0.5531643369214265,7.688962936401367,0.0662037276082392,1.947904404973662,0,1
BGD,Mymensingh,Netrakona,2024-07-01,1218.021728515625,0.1267393976449966,0.2999462659448944,5.7847185134887695,0.0299946265944894,0.6503096040018161,0,1
BGD,Rangpur,Nilphamari,2024-07-01,2330.765625,0.7104390859603882,0.550034930778586,18.47612953186035,0.0735190227024748,2.532621109224634,0,1
BGD,Chattogram,Noakhali,2024-07-01,3777.405517578125,0.4146345257759094,0.4139722874148869,14.190790176391602,0.0413972287414886,2.0384955265027367,0,1
BGD,Rajshahi,Pabna,2024-07-01,7243.9404296875,0.8265182971954346,0.5008312018548593,36.41141128540039,0.0502572151715552,3.447766878700285,0,1
BGD,Rangpur,Panchagarh,2024-07-01,3584.607666015625,0.833095371723175,0.5798021332747633,13.633919715881348,0.0849494721626281,2.955066362597659,0,1
BGD,Chattogram,Parbattya Chattagram,2024-07-01,699.656982421875,0.0309787355363369,0.2576254279341678,10.367938041687012,0.0257625427934167,0.4894883130749188,0,1
BGD,Barishal,Patuakhali,2024-07-01,2882.08203125,0.260366678237915,0.2796660726554409,75.46702575683594,0.027966607265544,0.8473286150295417,1,1
BGD,Barishal,Pirojpur,2024-07-01,445.21868896484375,0.0916694924235344,0.2704647660331017,4.915773868560791,0.0270464766033101,0.5879966993472532,1,1
BGD,Dhaka,Rajbari,2024-07-01,1007.2210693359376,0.2363107651472091,0.3425178318765171,5.037432670593262,0.0342517831876517,1.131404946016822,1,1
BGD,Rajshahi,Rajshahi,2024-07-01,10369.5556640625,0.9686064720153807,0.5346599754759742,45.990379333496094,0.059476752159292,3.510493200521745,0,1
BGD,Rangpur,Rangpur,2024-07-01,7560.2734375,0.7151691317558289,0.5686780162801469,20.991743087768555,0.0795132858803868,2.602489733516908,0,1
BGD,Khulna,Satkhira,2024-07-01,4979.6201171875,0.567244291305542,0.4999430037268432,9.373700141906738,0.0499943003726843,2.339196024648217,1,1
BGD,Dhaka,Shariatpur,2024-07-01,2034.9310302734373,0.4155361354351043,0.4367516872199008,22.867979049682617,0.04367516872199,1.4181399653746738,1,1
BGD,Mymensingh,Sherpur,2024-07-01,3365.681396484375,0.4977109134197235,0.5266914240988291,8.8533353805542,0.0604117689692986,1.6509526936236214,0,1
BGD,Rajshahi,Sirajganj,2024-07-01,6118.0087890625,0.6350594162940979,0.5417280188813873,11.615235328674316,0.0592057446903181,2.3868690730983992,0,1
BGD,Sylhet,Sunamganj,2024-07-01,1195.17041015625,0.0655844286084175,0.2700572229003193,12.950702667236328,0.0270057222900319,0.5470937267899453,0,1
BGD,Sylhet,Sylhet,2024-07-01,7191.248046875,0.4713819324970245,0.3795745053259291,29.42691993713379,0.0379574505325929,2.236339422732869,0,1
BGD,Dhaka,Tangail,2024-07-01,5564.189453125,0.5655761957168579,0.5028605561391196,29.50860977172852,0.0506525424065378,2.2056423644685186,0,1
BGD,Rangpur,Thakurgaon,2024-07-01,1642.264892578125,0.5911777019500732,0.5535525617123144,13.014769554138184,0.0788892070284772,2.09529361391965,0,1
BGD,Khulna,Bagerhat,2024-08-01,5207.3486328125,0.5156081914901733,0.240253546310677,146.6613006591797,0.0240253546310676,1.0497784817305882,1,1
BGD,Chattogram,Bandarban,2024-08-01,1432.5953369140625,0.0619680136442184,0.2716414550783496,6.316442489624023,0.0271641455078349,0.5612972175826991,0,1
BGD,Barishal,Barguna,2024-08-01,996.9166259765624,0.174489215016365,0.3364120950512596,20.167455673217773,0.0336412095051259,0.6490763938053772,1,1
BGD,Barishal,Barisal,2024-08-01,3031.7734375,0.2787307500839233,0.3263752779007854,24.322242736816406,0.0326375277900785,0.9733168526815674,1,1
BGD,Barishal,Bhola,2024-08-01,1408.5333251953125,0.1729078590869903,0.2694232299691245,51.350372314453125,0.0269423229969124,0.762856038375791,1,1
BGD,Rajshahi,Bogura,2024-08-01,10369.9033203125,0.6913471817970276,0.6217579626955642,12.225107192993164,0.0186644944161919,1.9988478763291293,0,1
BGD,Chattogram,Brahmanbaria,2024-08-01,7768.10400390625,0.8321196436882019,0.5661268636153153,62.06786346435547,0.0625324740910613,3.0097161850941845,0,1
BGD,Chattogram,Chandpur,2024-08-01,2919.547119140625,0.3951919078826904,0.4728738492106298,14.013090133666992,0.0472873849210629,1.0763850686503948,0,1
BGD,Rajshahi,Chapainawabganj,2024-08-01,3520.79833984375,0.3960572779178619,0.4968602561075865,9.253725051879885,0.0496860256107586,1.1232538695393224,0,1
BGD,Chattogram,Chittagong,2024-08-01,37369.25,1.776058554649353,0.6652038459474091,162.274169921875,0.0783788665497354,5.911850089578855,0,1
BGD,Khulna,Chuadanga,2024-08-01,2022.8231201171875,0.3467989265918731,0.4066695259795453,8.183550834655762,0.0406669525979545,1.3735137728841074,1,1
BGD,Chattogram,Cox's Bazar,2024-08-01,8144.99267578125,0.8035531044006348,0.548411774439688,55.910770416259766,0.0428414183675341,2.7594599239590942,0,1
BGD,Chattogram,Cumilla,2024-08-01,18416.71875,1.1818941831588743,0.7000908245757604,31.870296478271484,0.1550615873898665,3.9455235761563294,0,1
BGD,Dhaka,Dhaka,2024-08-01,54459.9140625,7.631796360015869,2.067467891361386,82.0948715209961,0.4019465516756518,30.83684188322242,0,1
BGD,Rangpur,Dinajpur,2024-08-01,9744.6083984375,0.5457227230072021,0.5615666005379901,14.24501132965088,0.0731798529573267,1.3135203786867626,0,1
BGD,Dhaka,Faridpur,2024-08-01,4216.296875,0.4459106028079986,0.2986704639280801,16.53884506225586,0.029867046392808,1.39845486483954,1,1
BGD,Chattogram,Feni,2024-08-01,4316.46728515625,0.9902215003967284,0.6636514036742457,18.473426818847656,0.1485365893053588,2.8986150543432907,0,1
BGD,Rangpur,Gaibandha,2024-08-01,3817.12939453125,0.3410822749137878,0.1242048552858949,11.276918411254885,0.0124204855285894,0.9266768178563416,0,1
BGD,Dhaka,Gazipur,2024-08-01,27443.55859375,3.115475654602051,2.058468715245557,59.9205322265625,0.3588402269533672,10.663280025670272,0,1
BGD,Dhaka,Gopalganj,2024-08-01,2346.15234375,0.3164253532886505,0.4059965002995722,9.020063400268556,0.0405996500299572,0.921071001297362,1,1
BGD,Sylhet,Habiganj,2024-08-01,6835.484375,0.5219526290893555,0.2740135836588315,37.41440963745117,0.0274013583658831,2.2598868797765768,0,1
BGD,Rajshahi,Jaipurhat,2024-08-01,2564.936279296875,0.5146257877349854,0.5504626942935127,15.560626983642578,0.063693702151338,1.2750347894061869,0,1
BGD,Mymensingh,Jamalpur,2024-08-01,4355.013671875,0.415888249874115,0.4993455813887851,8.475602149963379,0.0499345581388785,1.1663611123579027,0,1
BGD,Khulna,Jashore,2024-08-01,7985.15625,0.607306718826294,0.5285857269409001,53.77593231201172,0.0571810523871622,2.1145897993816547,1,1
BGD,Barishal,Jhalakati,2024-08-01,939.0101318359376,0.2605255842208862,0.3744813780165211,24.322242736816406,0.0374481378016521,0.7786796768848776,1,1
BGD,Khulna,Jhenaidah,2024-08-01,2892.89501953125,0.289223313331604,0.3669581544652942,10.69858169555664,0.0366958154465294,1.1376543401293813,1,1
BGD,Chattogram,Khagrachari,2024-08-01,2478.302490234375,0.1710681766271591,0.3253214126123388,5.6735358238220215,0.0325321412612338,0.8027283904667164,0,1
BGD,Khulna,Khulna,2024-08-01,6608.35107421875,0.642501175403595,0.5157539187847866,36.50459671020508,0.024385415686415,2.12936001971904,1,1
BGD,Dhaka,Kishoreganj,2024-08-01,3223.15185546875,0.2521111071109772,0.3170556931305461,15.383909225463867,0.0317055693130546,1.3300147600589087,0,1
BGD,Rangpur,Kurigram,2024-08-01,4384.77392578125,0.3741485476493835,0.1204926003263845,17.390968322753906,0.0120492600326384,1.1538843017732168,0,1
BGD,Khulna,Kushtia,2024-08-01,4932.7197265625,0.5921133160591125,0.531442810091594,28.33594512939453,0.0576735915047111,1.992468530644275,1,1
BGD,Chattogram,Lakshmipur,2024-08-01,1393.0625,0.2342849224805832,0.3491126955657586,9.32973861694336,0.0349112695565758,0.8809595582042151,0,1
BGD,Rangpur,Lalmonirhat,2024-08-01,3862.989013671875,0.6001706123352051,0.6047105262518975,8.94237995147705,0.0921413009260337,1.3025834263473213,0,1
BGD,Dhaka,Madaripur,2024-08-01,2382.7568359375,0.4330863356590271,0.4355411740613942,10.26170253753662,0.0435541174061394,1.8121156807439869,1,1
BGD,Khulna,Magura,2024-08-01,932.8238525390624,0.1791927516460418,0.3192390331177485,8.447728157043457,0.0319239033117748,0.7011681137999051,1,1
BGD,Dhaka,Manikganj,2024-08-01,3290.170166015625,0.499065637588501,0.5125811125481212,18.372982025146484,0.0525383516537698,1.4596880202629892,0,1
BGD,Khulna,Meherpur,2024-08-01,2423.935302734375,0.658285915851593,0.5955263601006104,6.820082664489746,0.0735460191714717,2.1325800057082795,1,1
BGD,Sylhet,Moulvibazar,2024-08-01,6607.6962890625,0.4804796874523163,0.5287148414744484,10.658868789672852,0.0184663419989396,1.357145873209023,0,1
BGD,Dhaka,Munshiganj,2024-08-01,6904.16064453125,1.6644175052642822,0.8697376818123947,42.94268035888672,0.1627986680367676,5.643963827103521,0,1
BGD,Mymensingh,Mymensingh,2024-08-01,17099.8671875,0.7686724662780762,0.5524973051419068,32.18174362182617,0.0623072499221278,2.685702024233443,0,1
BGD,Rajshahi,Naogaon,2024-08-01,5254.89794921875,0.2997539341449737,0.3733957662318626,12.101442337036133,0.0373395766231862,1.059804546734366,0,1
BGD,Khulna,Narail,2024-08-01,1092.2177734375,0.2192205488681793,0.359374495681708,20.083696365356445,0.0359374495681708,0.7626058098397775,1,1
BGD,Dhaka,Narayanganj,2024-08-01,26984.0625,7.818598747253418,5.340219068757929,91.82960510253906,0.7827047127708038,23.49192760195216,0,1
BGD,Dhaka,Narsingdi,2024-08-01,7531.611328125,1.3833742141723633,0.636685405780472,74.95557403564453,0.0922910455474625,4.815246238226594,0,1
BGD,Rajshahi,Natore,2024-08-01,3710.3369140625,0.3800596892833709,0.4600829764628951,7.688962936401367,0.0460082976462895,1.1402095998223798,0,1
BGD,Mymensingh,Netrakona,2024-08-01,1539.536376953125,0.124124489724636,0.2906926716411097,6.483792781829834,0.0290692671641109,0.6718030200313083,0,1
BGD,Rangpur,Nilphamari,2024-08-01,4399.615234375,0.5130503177642822,0.5468918616898949,31.630434036254883,0.0685873704596845,1.195517674479851,0,1
BGD,Chattogram,Noakhali,2024-08-01,4582.86572265625,0.3814207315444946,0.3972116293629929,14.147350311279297,0.0397211629362992,1.6770166222332468,0,1
BGD,Rajshahi,Pabna,2024-08-01,6030.7109375,0.4962573647499084,0.4199333804480458,42.6510124206543,0.0419933380448045,1.4858014667605266,0,1
BGD,Rangpur,Panchagarh,2024-08-01,4597.15771484375,0.6481584310531616,0.6026269389200104,11.641728401184082,0.0995140358039491,1.696244582496367,0,1
BGD,Chattogram,Parbattya Chattagram,2024-08-01,3424.162353515625,0.1189990937709808,0.051825444253754,9.938901901245115,0.0051825444253754,0.6994483886913567,0,1
BGD,Barishal,Patuakhali,2024-08-01,2075.294189453125,0.227979689836502,0.2762350121363712,63.74533081054688,0.0276235012136371,0.7500655773345131,1,1
BGD,Barishal,Pirojpur,2024-08-01,1234.8546142578125,0.2097388356924057,0.3551823725051306,4.747739315032959,0.035518237250513,0.769978815226957,1,1
BGD,Dhaka,Rajbari,2024-08-01,1342.8419189453125,0.2436604499816894,0.3576521273740047,5.260200500488281,0.0357652127374004,0.9272469132641712,1,1
BGD,Rajshahi,Rajshahi,2024-08-01,11346.2626953125,0.9265345931053162,0.5224197255373847,45.990379333496094,0.0549882064027685,3.374460633535189,0,1
BGD,Rangpur,Rangpur,2024-08-01,7286.31298828125,0.609338104724884,0.5623661111212522,27.24173164367676,0.0696570963905038,1.509006607301104,0,1
BGD,Khulna,Satkhira,2024-08-01,5194.26123046875,0.4568998217582702,0.3712258171171663,10.894736289978027,0.0371225817117166,1.9128714631239565,1,1
BGD,Dhaka,Shariatpur,2024-08-01,1969.3975830078125,0.3611853420734405,0.4391115552581451,11.502848625183104,0.0439111555258145,1.0160392827343796,1,1
BGD,Mymensingh,Sherpur,2024-08-01,3765.716796875,0.5550382137298584,0.6014575667665576,9.276963233947754,0.042271141851703,1.220724786641957,0,1
BGD,Rajshahi,Sirajganj,2024-08-01,5785.70703125,0.4532558917999267,0.5010910904868264,13.12009620666504,0.050310771166935,1.3949752630075634,0,1
BGD,Sylhet,Sunamganj,2024-08-01,1321.575439453125,0.0859082415699958,0.1519275537790759,12.950702667236328,0.0151927553779075,0.5505867655828101,0,1
BGD,Sylhet,Sylhet,2024-08-01,10890.22265625,0.6226094365119934,0.5150229723507221,25.06748390197754,0.0366739802513954,2.1913889308302594,0,1
BGD,Dhaka,Tangail,2024-08-01,9630.2666015625,0.5598987340927124,0.5486999925406518,21.2192440032959,0.0630749617504213,1.5632603908433176,0,1
BGD,Rangpur,Thakurgaon,2024-08-01,5070.8251953125,0.5392996072769165,0.5780579399920751,13.789496421813965,0.0843055057927758,1.187135969151658,0,1
BGD,Khulna,Bagerhat,2024-09-01,4627.5361328125,0.4605133831501007,0.2955149015696067,138.48556518554688,0.0295514901569606,1.3306346674346865,1,1
BGD,Chattogram,Bandarban,2024-09-01,887.6226806640625,0.0383907556533813,0.2599871498264257,8.706991195678711,0.0259987149826425,0.4939755846702087,0,1
BGD,Barishal,Barguna,2024-09-01,807.4596557617188,0.1277101039886474,0.28221460212652,22.91221809387207,0.028221460212652,0.6040964403870114,1,1
BGD,Barishal,Barisal,2024-09-01,3481.284423828125,0.3196525871753692,0.3005954580098274,24.43651390075684,0.0300595458009827,1.3810432077086032,1,1
BGD,Barishal,Bhola,2024-09-01,1245.7779541015625,0.1452527493238449,0.2787802505598444,51.24870681762695,0.0278780250559844,0.6806533861917954,1,1
BGD,Rajshahi,Bogura,2024-09-01,5694.126953125,0.3789626657962799,0.3747616719350314,20.0779037475586,0.0374761671935031,1.4749983839043448,0,1
BGD,Chattogram,Brahmanbaria,2024-09-01,8747.908203125,0.9036782383918762,0.5692193562071716,78.63048553466797,0.063249759366024,2.9020169288320234,0,1
BGD,Chattogram,Chandpur,2024-09-01,2783.479248046875,0.3775499165058136,0.4493007027686965,13.898855209350586,0.0449300702768696,1.0836052549200346,0,1
BGD,Rajshahi,Chapainawabganj,2024-09-01,2461.106201171875,0.2768418788909912,0.3662463208253343,8.567255973815918,0.0366246320825334,1.0322042625730166,0,1
BGD,Chattogram,Chittagong,2024-09-01,50569.5390625,2.3743114471435547,0.6649267571259997,288.98651123046875,0.0682625889124645,10.35405755438622,0,1
BGD,Khulna,Chuadanga,2024-09-01,869.9539184570312,0.1491475403308868,0.2825687890516185,11.762998580932615,0.0282568789051618,0.8102728039483104,1,1
BGD,Chattogram,Cox's Bazar,2024-09-01,9066.962890625,0.8816864490509033,0.5071490063576776,56.7368278503418,0.0509620661892682,3.3066423192172407,0,1
BGD,Chattogram,Cumilla,2024-09-01,17097.26953125,1.1112072467803955,0.7206959133015103,52.8173942565918,0.1568408364046661,3.2331854244437723,0,1
BGD,Dhaka,Dhaka,2024-09-01,61221.8515625,8.295577049255371,3.4946284762216973,176.5019989013672,0.3305154208472408,31.92605280784701,0,1
BGD,Rangpur,Dinajpur,2024-09-01,8977.7880859375,0.5027225613594055,0.4700669428282324,25.01044464111328,0.0470066942828232,1.7845985415401275,0,1
BGD,Dhaka,Faridpur,2024-09-01,4617.2578125,0.4717318415641784,0.4142294209438206,14.545746803283691,0.041422942094382,2.150962861124151,1,1
BGD,Chattogram,Feni,2024-09-01,4689.6953125,1.046951174736023,0.668146845586343,18.473426818847656,0.1556809190201377,3.002453665051206,0,1
BGD,Rangpur,Gaibandha,2024-09-01,2679.393310546875,0.2393335849046707,0.349957148932691,14.061319351196287,0.0349957148932691,0.8092633718136975,0,1
BGD,Dhaka,Gazipur,2024-09-01,30390.822265625,3.371830940246582,2.1146319385329853,89.78052520751953,0.514176535201589,10.98725222598961,0,1
BGD,Dhaka,Gopalganj,2024-09-01,2074.11962890625,0.2798495590686798,0.3354218520433009,11.93516445159912,0.0335421852043301,1.3680930901901351,1,1
BGD,Sylhet,Habiganj,2024-09-01,7737.228515625,0.5852594971656799,0.4048731838506217,36.94300079345703,0.0404873183850621,2.403522464001343,0,1
BGD,Rajshahi,Jaipurhat,2024-09-01,1030.8212890625,0.2067398130893707,0.3108316998362195,15.532363891601562,0.0310831699836219,0.9204926445959108,0,1
BGD,Mymensingh,Jamalpur,2024-09-01,1404.48193359375,0.1328746676445007,0.2895210950051922,9.103265762329102,0.0289521095005192,0.7368199989306976,0,1
BGD,Khulna,Jashore,2024-09-01,8416.2412109375,0.6400926113128662,0.5066197716902114,45.18788146972656,0.0514211800781769,2.558145303479218,1,1
BGD,Barishal,Jhalakati,2024-09-01,719.277587890625,0.1995987445116043,0.3022626965497743,24.43651390075684,0.0302262696549774,0.7676932968594594,1,1
BGD,Khulna,Jhenaidah,2024-09-01,2421.060546875,0.2420264780521392,0.309297758800697,11.68499755859375,0.0309297758800697,1.1456968575232616,1,1
BGD,Chattogram,Khagrachari,2024-09-01,1220.9158935546875,0.088328517973423,0.2767271896769572,8.405686378479004,0.0276727189676957,0.6285153420264729,0,1
BGD,Khulna,Khulna,2024-09-01,7123.29638671875,0.7130677700042725,0.3856292244860719,34.17698287963867,0.0385629224486072,3.71627437140699,1,1
BGD,Dhaka,Kishoreganj,2024-09-01,3400.337646484375,0.2592979967594147,0.3216030007955688,19.77006149291992,0.0321603000795568,1.2278806864854477,0,1
BGD,Rangpur,Kurigram,2024-09-01,4289.3525390625,0.3660617470741272,0.497729588340659,12.907987594604492,0.0497729588340659,0.9264474796824156,0,1
BGD,Khulna,Kushtia,2024-09-01,6472.53369140625,0.7718051671981812,0.539662345120588,23.182207107543945,0.0597370863395605,2.972587814984136,1,1
BGD,Chattogram,Lakshmipur,2024-09-01,1140.5701904296875,0.2164294719696045,0.3317650795823073,9.32973861694336,0.0331765079582307,0.867789622985901,0,1
BGD,Rangpur,Lalmonirhat,2024-09-01,4725.802734375,0.7342210412025452,0.633448687346713,18.84059715270996,0.0866775720306835,2.050805815935345,0,1
BGD,Dhaka,Madaripur,2024-09-01,2193.438232421875,0.3939902186393738,0.3786387559343653,10.064766883850098,0.0378638755934365,2.0786097069213887,1,1
BGD,Khulna,Magura,2024-09-01,754.2657470703125,0.1418642699718475,0.2922626619376471,8.202856063842773,0.0292262661937647,0.69190576157454,1,1
BGD,Dhaka,Manikganj,2024-09-01,4812.58447265625,0.7207529544830322,0.5120463053904367,23.30701065063477,0.0523498162167039,2.7663004157862647,0,1
BGD,Khulna,Meherpur,2024-09-01,2118.136474609375,0.575128972530365,0.5201551322262736,8.305558204650879,0.0542162203737577,2.317695753003778,1,1
BGD,Sylhet,Moulvibazar,2024-09-01,5507.189453125,0.3986199200153351,0.4249785366545283,20.973709106445312,0.0424978536654528,1.5511730238171804,0,1
BGD,Dhaka,Munshiganj,2024-09-01,8901.8779296875,2.083545446395874,1.229749622155022,95.94556427001952,0.1759451211030143,6.5339769911905,0,1
BGD,Mymensingh,Mymensingh,2024-09-01,14504.279296875,0.6498461961746216,0.4550462805855093,32.71638107299805,0.0455046280585509,2.490767206727931,0,1
BGD,Rajshahi,Naogaon,2024-09-01,2957.22021484375,0.1676931977272033,0.2971893536856854,34.92925262451172,0.0297189353685685,0.7206655007471765,0,1
BGD,Khulna,Narail,2024-09-01,665.8123779296875,0.1336361318826675,0.2861433892484203,12.663634300231934,0.028614338924842,0.6880433029406753,1,1
BGD,Dhaka,Narayanganj,2024-09-01,28692.384765625,7.943183422088623,5.258048551325925,101.83537292480467,0.9034030077067056,23.91803886253305,0,1
BGD,Dhaka,Narsingdi,2024-09-01,8588.5224609375,1.4908071756362915,0.6451688693730647,71.20079040527344,0.0965015702189617,5.591435599906291,0,1
BGD,Rajshahi,Natore,2024-09-01,3438.927490234375,0.3520307540893554,0.4204459128790377,8.291839599609375,0.0420445912879037,1.2775947052223946,0,1
BGD,Mymensingh,Netrakona,2024-09-01,1225.8204345703125,0.0847832262516021,0.2770678488995272,13.180150985717772,0.0277067848899527,0.5937302309424093,0,1
BGD,Rangpur,Nilphamari,2024-09-01,4534.720703125,0.5288053154945374,0.5130783301837878,30.72116470336914,0.0523609329948882,1.4256468607358102,0,1
BGD,Chattogram,Noakhali,2024-09-01,3722.964111328125,0.332232803106308,0.3672334774301553,14.147350311279297,0.0367233477430155,1.618043173964875,0,1
BGD,Rajshahi,Pabna,2024-09-01,7839.98193359375,0.6454777121543884,0.4034403934671224,42.45548629760742,0.0403440393467122,2.781660795328216,0,1
BGD,Rangpur,Panchagarh,2024-09-01,4860.73388671875,0.6853203177452087,0.6317189019336247,16.059654235839844,0.0740214180547849,1.788661047843905,0,1
BGD,Chattogram,Parbattya Chattagram,2024-09-01,851.270263671875,0.0335269756615161,0.2457068947069397,9.938901901245115,0.0245706894706939,0.4668430999431855,0,1
BGD,Barishal,Patuakhali,2024-09-01,3077.0185546875,0.266959398984909,0.2843385020922698,74.7994613647461,0.0284338502092269,0.7839104706022927,1,1
BGD,Barishal,Pirojpur,2024-09-01,779.8804931640625,0.1322402954101562,0.294258370455235,4.464249134063721,0.0294258370455235,0.6876230540065399,1,1
BGD,Dhaka,Rajbari,2024-09-01,1258.2557373046875,0.2263360172510147,0.3241516514163198,9.334753036499023,0.0324151651416319,0.9668271961701111,1,1
BGD,Rajshahi,Rajshahi,2024-09-01,6620.87841796875,0.5395218133926392,0.3243989652111499,43.71437072753906,0.0324398965211149,1.191842474759016,0,1
BGD,Rangpur,Rangpur,2024-09-01,9086.1904296875,0.7597943544387817,0.6081982011288871,24.544397354125977,0.0974134018196859,2.0082985664975874,0,1
BGD,Khulna,Satkhira,2024-09-01,4954.29248046875,0.4505318701267242,0.3455955696580972,10.891849517822266,0.0345595569658097,2.059744615108704,1,1
BGD,Dhaka,Shariatpur,2024-09-01,1860.0556640625,0.3416640162467956,0.4029001269134521,19.70406913757324,0.0402900126913452,1.1240931063085056,1,1
BGD,Mymensingh,Sherpur,2024-09-01,865.5847778320312,0.1269477307796478,0.2849459974897014,11.614307403564451,0.0284945997489701,0.6757649370503803,0,1
BGD,Rajshahi,Sirajganj,2024-09-01,6276.1044921875,0.4904230833053589,0.4172653024924045,32.19595718383789,0.0417265302492404,2.157324280562838,0,1
BGD,Sylhet,Sunamganj,2024-09-01,2524.496337890625,0.133254736661911,0.2293614758417312,18.126020431518555,0.0229361475841731,0.6597150645368689,0,1
BGD,Sylhet,Sylhet,2024-09-01,9824.9228515625,0.5575608015060425,0.3940025581652913,55.50479507446289,0.0394002558165291,2.3359502916157813,0,1
BGD,Dhaka,Tangail,2024-09-01,10100.5458984375,0.5865675210952759,0.4760993871278269,30.00935745239257,0.0476099387127826,2.3044089966216768,0,1
BGD,Rangpur,Thakurgaon,2024-09-01,6183.58154296875,0.657645046710968,0.5685571381013904,14.68066120147705,0.0745138467114795,2.2067574763657607,0,1
BGD,Khulna,Bagerhat,2024-10-01,5531.73779296875,0.5472084879875183,0.4000472060197763,97.93669128417967,0.0400047206019776,1.5656568401373798,1,1
BGD,Chattogram,Bandarban,2024-10-01,1201.800537109375,0.0519546084105968,0.2672829278923194,10.401684761047363,0.0267282927892319,0.549272894745149,0,1
BGD,Barishal,Barguna,2024-10-01,1004.6065063476562,0.1588909327983856,0.3076684198662964,19.765396118164062,0.0307668419866296,0.7222076022465977,1,1
BGD,Barishal,Barisal,2024-10-01,3962.85009765625,0.3621582984924316,0.3622078716366985,17.661449432373047,0.0362207871636698,1.186376277023723,1,1
BGD,Barishal,Bhola,2024-10-01,1893.1070556640625,0.2160173505544662,0.3274905513757803,26.228286743164062,0.032749055137578,0.9004075853428348,1,1
BGD,Rajshahi,Bogura,2024-10-01,8380.806640625,0.5575844049453735,0.5178409598920726,16.957721710205078,0.053438510732302,1.8115180039988457,0,1
BGD,Chattogram,Brahmanbaria,2024-10-01,9281.7177734375,0.9576878547668456,0.7171627145150747,71.98611450195312,0.1061287176919456,2.641067528126989,0,1
BGD,Chattogram,Chandpur,2024-10-01,3777.079345703125,0.5080812573432922,0.565991643737512,12.672110557556152,0.0713790407858909,1.1176605350937423,0,1
BGD,Rajshahi,Chapainawabganj,2024-10-01,4185.8603515625,0.4708538949489593,0.474362491216089,8.931989669799805,0.0474362491216088,1.7901344231535157,0,1
BGD,Chattogram,Chittagong,2024-10-01,39297.859375,1.8162022829055784,0.7363784671887273,216.453369140625,0.0861579048561858,6.817071829718834,0,1
BGD,Khulna,Chuadanga,2024-10-01,4266.82080078125,0.7315167188644409,0.6757942266225566,10.122783660888672,0.1226381266289316,1.6996387828884527,1,1
BGD,Chattogram,Cox's Bazar,2024-10-01,7625.49365234375,0.7383357286453247,0.5046027157086072,164.04049682617188,0.041745074811261,2.2521064581131784,0,1
BGD,Chattogram,Cumilla,2024-10-01,17037.62109375,1.0900778770446775,0.8175559503883266,23.57637405395508,0.2816664957441634,2.882691501622073,0,1
BGD,Dhaka,Dhaka,2024-10-01,54380.97265625,7.364864349365234,2.483906691968445,122.35076904296876,0.5753057250322633,30.27240684045283,0,1
BGD,Rangpur,Dinajpur,2024-10-01,12305.01953125,0.6890350580215454,0.6079844272694731,11.177555084228516,0.0887381285232411,2.021411045404304,0,1
BGD,Dhaka,Faridpur,2024-10-01,6117.58203125,0.6233052611351013,0.5843726231310221,12.303478240966797,0.0713697768849617,1.601108950466503,1,1
BGD,Chattogram,Feni,2024-10-01,4580.3056640625,1.0157160758972168,0.800726431823937,21.1350212097168,0.502738499156577,2.120527037781468,0,1
BGD,Rangpur,Gaibandha,2024-10-01,2972.956298828125,0.2653898000717163,0.3741212051619336,8.164742469787598,0.0374121205161933,0.8701309115827,0,1
BGD,Dhaka,Gazipur,2024-10-01,26900.861328125,2.983954429626465,1.5660894401420054,75.82080841064453,0.5837052236692571,10.069532318167646,0,1
BGD,Dhaka,Gopalganj,2024-10-01,2814.197998046875,0.3795506358146667,0.4470499020036107,10.597814559936523,0.044704990200361,1.159418135540431,1,1
BGD,Sylhet,Habiganj,2024-10-01,9038.9892578125,0.6829007863998413,0.5463195642509014,26.096603393554688,0.0335578403261105,2.3497629186697817,0,1
BGD,Rajshahi,Jaipurhat,2024-10-01,2086.678955078125,0.4185009002685547,0.45471802286433,12.184590339660645,0.045471802286433,1.4276052133181063,0,1
BGD,Mymensingh,Jamalpur,2024-10-01,4463.654296875,0.4222157597541809,0.5005803931267696,15.264204978942873,0.0500772734988765,1.2408055408966827,0,1
BGD,Khulna,Jashore,2024-10-01,10894.263671875,0.8285573124885559,0.675099781263469,64.35852813720703,0.1339068697669283,2.0922437694002505,1,1
BGD,Barishal,Jhalakati,2024-10-01,1104.7232666015625,0.3064744472503662,0.3960392484893548,16.29205894470215,0.0396039248489354,1.0084924843383725,1,1
BGD,Khulna,Jhenaidah,2024-10-01,5607.80322265625,0.5605959892272949,0.5704045355310002,7.696410655975342,0.0748188012854551,1.5039274754093648,1,1
BGD,Chattogram,Khagrachari,2024-10-01,2475.014404296875,0.1707324385643005,0.3112247355880456,10.869134902954102,0.0311224735588045,0.8725775673607019,0,1
BGD,Khulna,Khulna,2024-10-01,8307.0908203125,0.8064630627632141,0.5128506239760457,36.124305725097656,0.0520630312963053,3.167231070061718,1,1
BGD,Dhaka,Kishoreganj,2024-10-01,5392.35400390625,0.4112022817134857,0.4314512477869856,11.227919578552246,0.0431451247786985,1.3777832516282231,0,1
BGD,Rangpur,Kurigram,2024-10-01,5647.87939453125,0.4816722571849823,0.5201488430213513,17.013145446777344,0.0534890032356527,1.499398916773797,0,1
BGD,Khulna,Kushtia,2024-10-01,6638.05224609375,0.7907877564430237,0.6293357232467479,20.920494079589844,0.0840577268281972,2.479244813634376,1,1
BGD,Chattogram,Lakshmipur,2024-10-01,2137.485107421875,0.3495083749294281,0.4814539482651182,5.511155128479004,0.0481453948265118,0.934502776174338,0,1
BGD,Rangpur,Lalmonirhat,2024-10-01,5205.89404296875,0.8088101148605347,0.7016975181082916,8.628942489624023,0.1360065958306844,2.0551538430638816,0,1
BGD,Dhaka,Madaripur,2024-10-01,3139.83203125,0.5629395842552185,0.5617481721243508,9.101497650146484,0.0655050391962425,1.618509436435433,1,1
BGD,Khulna,Magura,2024-10-01,1756.3577880859375,0.3303403556346893,0.4824541391356147,5.524669170379639,0.0482454139135614,0.8434370772840925,1,1
BGD,Dhaka,Manikganj,2024-10-01,4541.58935546875,0.6784681677818298,0.5921132692718516,10.628233909606934,0.0685525215605484,2.048064196704609,0,1
BGD,Khulna,Meherpur,2024-10-01,2418.4599609375,0.6566746234893799,0.5902240034081255,7.464795112609863,0.0645289106742017,2.080670909023806,1,1
BGD,Sylhet,Moulvibazar,2024-10-01,8420.693359375,0.6093279719352722,0.6071549770195602,13.859532356262209,0.0807868942243369,1.545433932447292,0,1
BGD,Dhaka,Munshiganj,2024-10-01,8844.6162109375,2.068667411804199,1.4760891075729623,119.68771362304688,0.4878075206501004,5.716219654231421,0,1
BGD,Mymensingh,Mymensingh,2024-10-01,20232.75390625,0.9064636826515198,0.6931204178892537,23.4558048248291,0.1067601122787765,2.3575975930344013,0,1
BGD,Rajshahi,Naogaon,2024-10-01,5192.4921875,0.2944473624229431,0.3673567224675861,9.375537872314451,0.0367356722467586,1.2937021553635124,0,1
BGD,Khulna,Narail,2024-10-01,1501.8094482421875,0.3014302551746368,0.431359554159373,16.072568893432617,0.0431359554159373,0.8453953160944733,1,1
BGD,Dhaka,Narayanganj,2024-10-01,23779.244140625,6.579389572143555,4.440254713052731,119.68771362304688,1.1427150229712413,19.093862630624272,0,1
BGD,Dhaka,Narsingdi,2024-10-01,9085.060546875,1.5765748023986816,0.8704665709799831,75.82080841064453,0.2100281540762394,5.614453863866695,0,1
BGD,Rajshahi,Natore,2024-10-01,3946.015625,0.4039809107780456,0.5058831511335822,5.789483070373535,0.0514276395432842,1.1002159959225322,0,1
BGD,Mymensingh,Netrakona,2024-10-01,3955.096435546875,0.2734765112400055,0.3302305264816946,7.776402950286865,0.0330230526481694,0.939493146820302,0,1
BGD,Rangpur,Nilphamari,2024-10-01,4961.14208984375,0.5785313844680786,0.5658067942461945,16.6467342376709,0.0724247143334526,1.567402406755672,0,1
BGD,Chattogram,Noakhali,2024-10-01,5299.01513671875,0.4259747564792633,0.5223697683985687,10.457275390625,0.0540950868381213,1.0984454828532857,0,1
BGD,Rajshahi,Pabna,2024-10-01,8520.482421875,0.7007508873939514,0.5384473509411443,43.261627197265625,0.0588411147542782,2.287182337644903,0,1
BGD,Rangpur,Panchagarh,2024-10-01,6884.361328125,0.970633864402771,0.7369441162658281,9.244880676269531,0.1591597144810359,2.8594377972177663,0,1
BGD,Chattogram,Parbattya Chattagram,2024-10-01,1493.10205078125,0.0511316619813442,0.16881626811637,6.257918357849121,0.016881626811637,0.5488177453188711,0,1
BGD,Barishal,Patuakhali,2024-10-01,2755.701171875,0.2390585243701934,0.302550751778954,38.29012298583984,0.0302550751778954,0.8609018334631291,1,1
BGD,Barishal,Pirojpur,2024-10-01,1127.3634033203125,0.1909543126821518,0.3412256586143085,3.9591450691223145,0.0341225658614308,0.7943029779288115,1,1
BGD,Dhaka,Rajbari,2024-10-01,2227.62744140625,0.4004603624343872,0.5103758337380855,6.377633094787598,0.0520097829851294,1.092137653860046,1,1
BGD,Rajshahi,Rajshahi,2024-10-01,7071.27001953125,0.5762233138084412,0.3985280757192402,28.441104888916016,0.039852807571924,1.5948962817579777,0,1
BGD,Rangpur,Rangpur,2024-10-01,8956.46875,0.7489469051361084,0.5876807695862477,21.660404205322266,0.0740652030350253,2.3605996315809072,0,1
BGD,Khulna,Satkhira,2024-10-01,6145.12744140625,0.5378907322883606,0.539344961629168,8.47866439819336,0.0375597744396703,1.993303981101597,1,1
BGD,Dhaka,Shariatpur,2024-10-01,3105.144775390625,0.5647333264350891,0.5777293769390109,15.29786777496338,0.0683548074464603,1.514205987637764,1,1
BGD,Mymensingh,Sherpur,2024-10-01,3074.322265625,0.4508838951587677,0.5250053098549994,9.597708702087402,0.0559869518548069,1.1341255960826078,0,1
BGD,Rajshahi,Sirajganj,2024-10-01,6710.42529296875,0.5238293409347534,0.5252117274207997,19.92698860168457,0.0505780987790115,1.6602358461097728,0,1
BGD,Sylhet,Sunamganj,2024-10-01,4586.111328125,0.242076426744461,0.2128098430140435,11.603875160217283,0.0212809843014043,0.905038360289932,0,1
BGD,Sylhet,Sylhet,2024-10-01,13148.8330078125,0.7460221648216248,0.5646231166504544,50.556976318359375,0.0598947008113828,2.206299287057618,0,1
BGD,Dhaka,Tangail,2024-10-01,12129.68359375,0.703996479511261,0.6352671699459013,21.703012466430664,0.0951382545626534,1.7782627140844165,0,1
BGD,Rangpur,Thakurgaon,2024-10-01,7658.2744140625,0.8144837021827698,0.6428041336504181,19.93848419189453,0.1214096105185633,2.472699458119916,0,1
BGD,Khulna,Bagerhat,2024-11-01,4185.42333984375,0.4142144918441772,0.3497115499174213,129.99868774414062,0.0349711549917421,1.0864214963358327,1,1
BGD,Chattogram,Bandarban,2024-11-01,2029.229248046875,0.0877248868346214,0.2823706415795539,8.272367477416992,0.0282370641579553,0.6716057319051972,0,1
BGD,Barishal,Barguna,2024-11-01,611.8134765625,0.096765860915184,0.1161480825187255,27.719377517700195,0.0116148082518725,0.5662085764292651,1,1
BGD,Barishal,Barisal,2024-11-01,3755.81982421875,0.3432381451129913,0.1964084885443142,24.17607307434082,0.0196408488544314,1.152546864109153,1,1
BGD,Barishal,Bhola,2024-11-01,1601.7122802734375,0.1827462166547775,0.1286003917112079,39.89048004150391,0.0128600391711207,0.8439505089613566,1,1
BGD,Rajshahi,Bogura,2024-11-01,7468.72412109375,0.4974651932716369,0.4255622716012976,16.533584594726562,0.0425562271601297,1.9829401962365203,0,1
BGD,Chattogram,Brahmanbaria,2024-11-01,9263.73046875,0.9558318853378296,0.7264976989656322,66.68419647216797,0.1158558129424772,2.5069553351102893,0,1
BGD,Chattogram,Chandpur,2024-11-01,3646.061279296875,0.4907078444957733,0.546255291954892,10.215937614440918,0.0468247015755822,1.1339690364668211,0,1
BGD,Rajshahi,Chapainawabganj,2024-11-01,2888.519287109375,0.3249202072620392,0.3498218888942453,11.756387710571287,0.0349821888894245,1.5595648544952168,0,1
BGD,Chattogram,Chittagong,2024-11-01,37009.99609375,1.710465669631958,0.5290279860089887,189.1097412109375,0.0471049741585411,7.359570032053162,0,1
BGD,Khulna,Chuadanga,2024-11-01,2385.798583984375,0.4090285301208496,0.4388309881497801,9.151506423950195,0.043883098814978,1.4784183691730524,1,1
BGD,Chattogram,Cox's Bazar,2024-11-01,6686.5556640625,0.6479798555374146,0.1879758957455335,69.74219512939453,0.0187975895745533,2.485762538702772,0,1
BGD,Chattogram,Cumilla,2024-11-01,17471.076171875,1.1178107261657717,0.7690871881685227,335.9432678222656,0.1898568584924933,2.936083746151624,0,1
BGD,Dhaka,Dhaka,2024-11-01,58099.01953125,7.86840295791626,1.747863983291945,618.8252563476562,0.1462871106276503,35.608677166690555,0,1
BGD,Rangpur,Dinajpur,2024-11-01,9400.7373046875,0.5264061093330383,0.5196302357105562,14.59385871887207,0.0543551776859705,1.7282622497071851,0,1
BGD,Dhaka,Faridpur,2024-11-01,3479.552978515625,0.3551774322986603,0.2187533301342636,14.152335166931152,0.0218753330134263,1.4375416051358632,1,1
BGD,Chattogram,Feni,2024-11-01,4629.287109375,1.026578068733215,0.7928022162300935,20.885398864746094,0.2261375525719824,2.324058770905145,0,1
BGD,Rangpur,Gaibandha,2024-11-01,3138.879638671875,0.2802014648914337,0.3684783763582475,10.615104675292969,0.0368478376358247,0.978113072400522,0,1
BGD,Dhaka,Gazipur,2024-11-01,23642.6953125,2.6225452423095703,1.0811301994187157,220.958251953125,0.2032042211609466,10.8353229710731,0,1
BGD,Dhaka,Gopalganj,2024-11-01,1944.2513427734373,0.2622210085391998,0.3407971694632405,14.766613960266112,0.034079716946324,1.0887606912737091,1,1
BGD,Sylhet,Habiganj,2024-11-01,7540.79296875,0.5697112083435059,0.3713510765803877,35.29742431640625,0.0371351076580387,1.71436700585903,0,1
BGD,Rajshahi,Jaipurhat,2024-11-01,2227.60205078125,0.446764200925827,0.4866862989685059,14.21601104736328,0.0486686298968505,1.4090605240077163,0,1
BGD,Mymensingh,Jamalpur,2024-11-01,3348.19580078125,0.3167048692703247,0.3792384065714018,11.09677505493164,0.0379238406571401,1.1645019495988442,0,1
BGD,Khulna,Jashore,2024-11-01,8327.009765625,0.6333062052726746,0.528018640659643,133.1077880859375,0.0552629811823806,1.910694205124353,1,1
BGD,Barishal,Jhalakati,2024-11-01,665.8777465820312,0.1847290843725204,0.2948497011619778,32.27806854248047,0.0294849701161977,0.8381253076119692,1,1
BGD,Khulna,Jhenaidah,2024-11-01,3027.00830078125,0.3026013374328613,0.361601524113915,9.236431121826172,0.0361601524113915,1.312040091699399,1,1
BGD,Chattogram,Khagrachari,2024-11-01,1087.260498046875,0.075001835823059,0.2696274763565269,9.303733825683594,0.0269627476356526,0.6229503961648027,0,1
BGD,Khulna,Khulna,2024-11-01,7078.27783203125,0.687168300151825,0.4337377019674622,48.16654968261719,0.0433737701967462,2.823401849191454,1,1
BGD,Dhaka,Kishoreganj,2024-11-01,99549.1640625,7.590117454528809,0.2227823899306694,789.5040283203125,0.0222782389930669,40.14428667957422,0,1
BGD,Rangpur,Kurigram,2024-11-01,4168.15966796875,0.3554762303829193,0.308532617221641,14.309236526489258,0.0308532617221641,1.2636387731527658,0,1
BGD,Khulna,Kushtia,2024-11-01,4525.1162109375,0.5390747785568237,0.450338864531026,20.345592498779297,0.0450338864531026,2.015072523103484,1,1
BGD,Chattogram,Lakshmipur,2024-11-01,2013.151123046875,0.3291780352592468,0.4209382798715227,6.657658576965332,0.0420938279871522,1.0917109510446257,0,1
BGD,Rangpur,Lalmonirhat,2024-11-01,3878.379638671875,0.6025617718696594,0.5658034736980657,8.68574333190918,0.0648529068246721,1.8609735659083777,0,1
BGD,Dhaka,Madaripur,2024-11-01,1500.236083984375,0.2690733671188354,0.3326765868331764,11.002355575561523,0.0332676586833176,1.242047155470802,1,1
BGD,Khulna,Magura,2024-11-01,931.4929809570312,0.1751976311206817,0.3155304096717651,7.114169597625732,0.0315530409671765,0.7964185979921936,1,1
BGD,Dhaka,Manikganj,2024-11-01,2784.909423828125,0.4166601598262787,0.4051991847341972,19.12969398498535,0.0405199184734197,1.5147433144755262,0,1
BGD,Khulna,Meherpur,2024-11-01,2111.266845703125,0.5732637047767639,0.5442973226163822,5.290454387664795,0.0571300368781132,1.948706861582936,1,1
BGD,Sylhet,Moulvibazar,2024-11-01,6230.36181640625,0.4508338570594787,0.3291031309967591,16.171865463256836,0.0329103130996759,1.3616819143088206,0,1
BGD,Dhaka,Munshiganj,2024-11-01,6289.5087890625,1.47121000289917,0.8698140709224442,109.77870178222656,0.0956598299127444,4.660290169950461,0,1
BGD,Mymensingh,Mymensingh,2024-11-01,13787.6796875,0.6177127957344055,0.4932070884410072,31.128738403320312,0.0493207088441007,1.8856164570335991,0,1
BGD,Rajshahi,Naogaon,2024-11-01,3313.67724609375,0.1879065930843353,0.3027077949861181,10.226151466369627,0.0302707794986118,1.0413916436598385,0,1
BGD,Khulna,Narail,2024-11-01,878.74072265625,0.1763732731342315,0.3121126501728632,19.645341873168945,0.0312112650172863,0.800433646266995,1,1
BGD,Dhaka,Narayanganj,2024-11-01,21481.57421875,5.943655967712402,3.088903915599421,115.28626251220705,0.8121198900539695,20.30835782679254,0,1
BGD,Dhaka,Narsingdi,2024-11-01,25483.583984375,4.422290325164795,0.8464251989581707,580.0375366210938,0.2653695014498565,9.81239303801622,0,1
BGD,Rajshahi,Natore,2024-11-01,2496.621826171875,0.2555702626705169,0.351407632451044,7.310767650604248,0.0351407632451044,1.0473826592622548,0,1
BGD,Mymensingh,Netrakona,2024-11-01,180450.078125,12.476420402526855,0.2053255712725134,794.6419067382812,0.0205325571272513,65.7255557259104,0,1
BGD,Rangpur,Nilphamari,2024-11-01,3423.755615234375,0.3992528319358825,0.3983323949766122,23.308237075805664,0.0398332394976612,1.4033057587621425,0,1
BGD,Chattogram,Noakhali,2024-11-01,5371.05322265625,0.4317657053470611,0.4927890583607575,11.508597373962402,0.0492789058360757,1.2381578487374638,0,1
BGD,Rajshahi,Pabna,2024-11-01,5775.30029296875,0.4749785959720611,0.2546000775087931,50.12156677246094,0.0254600077508793,1.8690712660957745,0,1
BGD,Rangpur,Panchagarh,2024-11-01,4469.72314453125,0.6301912665367126,0.5676245009900448,12.55418586730957,0.0663718544490084,2.043098500719924,0,1
BGD,Chattogram,Parbattya Chattagram,2024-11-01,2219.28369140625,0.0759999379515647,0.1177130134926636,21.383846282958984,0.0117713013492663,0.6630388629617912,0,1
BGD,Barishal,Patuakhali,2024-11-01,2747.546142578125,0.2383510768413543,0.204471651927741,69.15191650390625,0.0204471651927741,0.779332940047464,1,1
BGD,Barishal,Pirojpur,2024-11-01,667.456298828125,0.1130546331405639,0.1407386039192448,3.946398258209229,0.0140738603919244,0.7279737830599696,1,1
BGD,Dhaka,Rajbari,2024-11-01,1395.611083984375,0.250888854265213,0.3439536705532446,6.3651862144470215,0.0343953670553244,1.17002655074658,1,1
BGD,Rajshahi,Rajshahi,2024-11-01,6632.4765625,0.5404669046401978,0.3570774362249546,33.59648895263672,0.0357077436224954,1.578193144167994,0,1
BGD,Rangpur,Rangpur,2024-11-01,7936.70947265625,0.6636738181114197,0.5399735755659143,25.434276580810547,0.0594496011739031,2.052578896954585,0,1
BGD,Khulna,Satkhira,2024-11-01,5558.64306640625,0.4865550100803375,0.5338801941811693,19.321552276611328,0.0202137292265242,1.4136659874064637,1,1
BGD,Dhaka,Shariatpur,2024-11-01,2385.98095703125,0.4339388310909271,0.5040244296974591,17.33113670349121,0.0343014321291488,1.1836704601687118,1,1
BGD,Mymensingh,Sherpur,2024-11-01,2442.4892578125,0.3582184910774231,0.4162858924800322,12.108726501464844,0.0416285892480032,1.1201605223436677,0,1
BGD,Rajshahi,Sirajganj,2024-11-01,4822.552734375,0.3766051828861236,0.3744209497243418,35.399173736572266,0.0374420949724341,1.4998729635090606,0,1
BGD,Sylhet,Sunamganj,2024-11-01,94981.8359375,5.013586044311523,0.1278056939467272,1022.2215576171876,0.0127805693946727,1.2647204056703556,0,1
BGD,Sylhet,Sylhet,2024-11-01,10254.921875,0.5818310379981995,0.4145301917207389,54.32349395751953,0.0414530191720738,1.8498798484805223,0,1
BGD,Dhaka,Tangail,2024-11-01,7325.36962890625,0.4251828789710998,0.4209508120558943,24.848682403564453,0.0420950812055894,1.474826533181277,0,1
BGD,Rangpur,Thakurgaon,2024-11-01,4494.0888671875,0.4779617190361023,0.4663269506713346,12.238036155700684,0.0466326950671334,1.6864836813407993,0,1
BGD,Khulna,Bagerhat,2024-12-01,4652.4033203125,0.4604507982730865,0.3592087330997558,147.9242401123047,0.0359208733099755,1.1391166229730327,1,1
BGD,Chattogram,Bandarban,2024-12-01,879.2827758789062,0.0380119606852531,0.2608563010571244,11.227742195129396,0.0260856301057124,0.4956269720085363,0,1
BGD,Barishal,Barguna,2024-12-01,960.6521606445312,0.1519390046596527,0.2926811322073236,30.90084457397461,0.0292681132207323,0.7129334911424356,1,1
BGD,Barishal,Barisal,2024-12-01,4336.38916015625,0.396295428276062,0.366774510922362,24.187503814697266,0.0366774510922362,1.3125492143485928,1,1
BGD,Barishal,Bhola,2024-12-01,2416.248291015625,0.2758480608463287,0.3539295147293348,36.78773880004883,0.0353929514729334,0.9838307449694448,1,1
BGD,Rajshahi,Bogura,2024-12-01,7996.48486328125,0.5333990454673767,0.4579150096082954,16.6778564453125,0.0457915009608295,2.004522956610664,0,1
BGD,Chattogram,Brahmanbaria,2024-12-01,8918.2265625,0.920467734336853,0.7260574334389965,76.72176361083984,0.0992265714786933,2.367805563132234,0,1
BGD,Chattogram,Chandpur,2024-12-01,4349.62255859375,0.5859371423721313,0.5963265011235903,13.303271293640137,0.083794858182305,1.30362369244609,0,1
BGD,Rajshahi,Chapainawabganj,2024-12-01,4833.00146484375,0.5436487197875977,0.5116785124448716,11.526004791259766,0.0524330901786506,1.9710526570537863,0,1
BGD,Chattogram,Chittagong,2024-12-01,40961.19140625,1.8930753469467163,0.7683398588119531,215.78366088867188,0.0875643750124898,7.246435415877685,0,1
BGD,Khulna,Chuadanga,2024-12-01,3293.073974609375,0.5645745992660522,0.5499279707778187,9.8901948928833,0.0607884283363317,1.7106407136709634,1,1
BGD,Chattogram,Cox's Bazar,2024-12-01,9298.689453125,0.900965452194214,0.5333946843718315,172.2093505859375,0.0342524798368437,2.5853158472701137,0,1
BGD,Chattogram,Cumilla,2024-12-01,18626.51953125,1.1917366981506348,0.848318180822764,70.7479248046875,0.5008012647291975,3.0801031938988936,0,1
BGD,Dhaka,Dhaka,2024-12-01,62945.26171875,8.525880813598633,1.9028415888876,923.750244140625,0.4547237289783352,38.62156321048239,0,1
BGD,Rangpur,Dinajpur,2024-12-01,12029.2412109375,0.6735925078392029,0.5952830384064282,15.80557918548584,0.0814795233246538,1.93141399538784,0,1
BGD,Dhaka,Faridpur,2024-12-01,5522.02099609375,0.5675734281539917,0.528656917774842,18.716476440429688,0.0556805348357358,1.7008943953360685,1,1
BGD,Chattogram,Feni,2024-12-01,5159.58642578125,1.1441757678985596,0.857075198802159,28.202884674072266,0.4238344787604913,2.567781115565223,0,1
BGD,Rangpur,Gaibandha,2024-12-01,3423.498291015625,0.3058769404888153,0.3847004946844923,11.540971755981444,0.0384700494684492,1.0389861483752822,0,1
BGD,Dhaka,Gazipur,2024-12-01,25265.203125,2.802520513534546,1.1536611036061424,98.86988067626952,0.5515341447331774,11.198663619549684,0,1
BGD,Dhaka,Gopalganj,2024-12-01,2775.273681640625,0.3743009269237518,0.4147885399706207,12.580931663513184,0.041478853997062,1.204553102452168,1,1
BGD,Sylhet,Habiganj,2024-12-01,8570.625,0.647515594959259,0.4710700945275952,75.08026885986328,0.0471070094527595,1.9570705903589176,0,1
BGD,Rajshahi,Jaipurhat,2024-12-01,2645.50341796875,0.5305777788162231,0.5394087819849576,13.221555709838867,0.0598143047340344,1.494258387417407,0,1
BGD,Mymensingh,Jamalpur,2024-12-01,4001.98486328125,0.3785465955734253,0.4198396657550063,18.24165344238281,0.0419839665755006,1.2442526043781978,0,1
BGD,Khulna,Jashore,2024-12-01,10162.220703125,0.7728821635246277,0.6090623487625205,144.1986083984375,0.0779219571600571,2.156245573222073,1,1
BGD,Barishal,Jhalakati,2024-12-01,905.368408203125,0.2511690258979797,0.3369959065139429,23.618053436279297,0.0336995906513942,1.0315807524713074,1,1
BGD,Khulna,Jhenaidah,2024-12-01,3945.31494140625,0.3944018185138702,0.4224514945335353,11.499763488769531,0.0422451494533535,1.4868290779240223,1,1
BGD,Chattogram,Khagrachari,2024-12-01,2000.30859375,0.1379860937595367,0.2925664790023031,15.016950607299805,0.0292566479002303,0.8664198172919547,0,1
BGD,Khulna,Khulna,2024-12-01,6691.298828125,0.6495999097824097,0.373132098377175,33.479347229003906,0.0373132098377175,2.8075829086664643,1,1
BGD,Dhaka,Kishoreganj,2024-12-01,5681.82275390625,0.4332100749015808,0.4287140909946801,13.633954048156738,0.042871409099468,1.3577081387898458,0,1
BGD,Rangpur,Kurigram,2024-12-01,4247.23388671875,0.3630925714969635,0.404311442197982,15.287704467773438,0.0404311442197982,1.2917644851380616,0,1
BGD,Khulna,Kushtia,2024-12-01,6010.7353515625,0.716124951839447,0.5740172633447684,29.2259578704834,0.0661108935075404,2.186069437466079,1,1
BGD,Chattogram,Lakshmipur,2024-12-01,3659.713134765625,0.5989807844161987,0.6050890053983095,8.785717010498047,0.0828483425874303,1.499650200240987,0,1
BGD,Rangpur,Lalmonirhat,2024-12-01,6180.10400390625,0.9601675868034364,0.6521538965327289,116.05307006835938,0.0907079212741499,2.579965467370068,0,1
BGD,Dhaka,Madaripur,2024-12-01,2985.7548828125,0.5410280823707581,0.5367461776732577,13.41102409362793,0.0608324131570063,1.5442122174433628,1,1
BGD,Khulna,Magura,2024-12-01,1490.4656982421875,0.2803306877613067,0.3895521732088322,8.676237106323242,0.0389552173208832,0.9371349170514756,1,1
BGD,Dhaka,Manikganj,2024-12-01,4035.62109375,0.6092764735221863,0.5542323399146261,17.40359115600586,0.0586025041042262,1.8196797395616768,0,1
BGD,Khulna,Meherpur,2024-12-01,2906.02197265625,0.7890603542327881,0.6786047853907718,6.401368618011475,0.1019464373318173,2.0476786220087333,1,1
BGD,Sylhet,Moulvibazar,2024-12-01,7854.8623046875,0.5683839917182922,0.564181916696175,17.914093017578125,0.0313789029963087,1.588779220716324,0,1
BGD,Dhaka,Munshiganj,2024-12-01,6343.5419921875,1.4861456155776978,0.8954292615393459,143.0325469970703,0.1753397568410281,4.359773774938121,0,1
BGD,Mymensingh,Mymensingh,2024-12-01,17472.587890625,0.7828032970428467,0.6032753602514163,32.79299545288086,0.0751304520428647,2.019830818085808,0,1
BGD,Rajshahi,Naogaon,2024-12-01,6229.84375,0.3532717823982239,0.4047867939188787,9.783339500427246,0.0404786793918878,1.3542600622506844,0,1
BGD,Khulna,Narail,2024-12-01,1176.6925048828125,0.2361755818128585,0.3537440223931293,11.135896682739258,0.0353744022393129,0.902418510275422,1,1
BGD,Dhaka,Narayanganj,2024-12-01,21919.33203125,6.064777374267578,2.7502385896255133,156.7803955078125,0.6912885737356884,21.686399222194915,0,1
BGD,Dhaka,Narsingdi,2024-12-01,8503.0986328125,1.4755840301513672,0.8090063946706745,147.95835876464844,0.1827389404170834,4.509574195128129,0,1
BGD,Rajshahi,Natore,2024-12-01,3325.470947265625,0.3404166102409363,0.4104782129830742,8.08466911315918,0.0410478212983074,1.2020549622245669,0,1
BGD,Mymensingh,Netrakona,2024-12-01,3196.0634765625,0.220977634191513,0.3461650430696134,12.209066390991213,0.0346165043069613,0.8538604089036675,0,1
BGD,Rangpur,Nilphamari,2024-12-01,4945.09423828125,0.5766599774360657,0.5292075007992225,46.64125061035156,0.0590735412080906,1.5907344275774074,0,1
BGD,Chattogram,Noakhali,2024-12-01,7481.5703125,0.6014265418052673,0.6153475908062048,13.493535995483398,0.0296488438899522,1.4947679855650249,0,1
BGD,Rajshahi,Pabna,2024-12-01,7452.4599609375,0.613090455532074,0.474120082886844,59.67020034790039,0.0474120082886844,1.9465559804747783,0,1
BGD,Rangpur,Panchagarh,2024-12-01,5924.4248046875,0.83529132604599,0.6485866402074715,8.9149169921875,0.1141243999116395,2.513690234980531,0,1
BGD,Chattogram,Parbattya Chattagram,2024-12-01,950.4293823242188,0.0325476974248886,0.0578639527543886,6.442287445068359,0.0057863952754388,0.1099415102333383,0,1
BGD,Barishal,Patuakhali,2024-12-01,3276.873779296875,0.2842705249786377,0.3015273569912933,73.56330108642578,0.0301527356991293,0.8859869247393873,1,1
BGD,Barishal,Pirojpur,2024-12-01,846.1226196289062,0.1433173716068267,0.2988346019714238,4.917255878448486,0.0298834601971423,0.8070897367501213,1,1
BGD,Dhaka,Rajbari,2024-12-01,1835.1776123046875,0.3302064836025238,0.2783537581515238,5.899440288543701,0.0278353758151523,1.2087206427817947,1,1
BGD,Rajshahi,Rajshahi,2024-12-01,8562.8095703125,0.6977658271789551,0.467129357393354,38.86777114868164,0.0467129357393354,1.815822024722772,0,1
BGD,Rangpur,Rangpur,2024-12-01,8451.3466796875,0.7067081928253174,0.5583018298283015,27.981494903564453,0.0647221290587342,2.059482221333041,0,1
BGD,Khulna,Satkhira,2024-12-01,5078.83984375,0.444557249546051,0.17235753208255,8.3197021484375,0.017235753208255,1.3512153244023235,1,1
BGD,Dhaka,Shariatpur,2024-12-01,2902.81298828125,0.5280377268791199,0.5607937831175858,18.05963706970215,0.0656572987796986,1.2245860353724822,1,1
BGD,Mymensingh,Sherpur,2024-12-01,2442.243408203125,0.358182430267334,0.4054516259617658,11.980297088623049,0.0405451625961765,1.1781231284164349,0,1
BGD,Rajshahi,Sirajganj,2024-12-01,5411.25830078125,0.4235915541648865,0.4177111372487294,54.91866683959961,0.0417711137248729,1.4020281894185898,0,1
BGD,Sylhet,Sunamganj,2024-12-01,3677.412109375,0.19411101937294,0.311726879776601,23.050779342651367,0.0311726879776601,0.8873161380500568,0,1
BGD,Sylhet,Sylhet,2024-12-01,12715.7060546875,0.7214479446411133,0.4926084522056687,74.4081039428711,0.0492608452205668,2.234864313524622,0,1
BGD,Dhaka,Tangail,2024-12-01,9947.03515625,0.5778668522834778,0.549344936311279,20.89891242980957,0.0613794761353615,1.6398069226259262,0,1
BGD,Rangpur,Thakurgaon,2024-12-01,6668.6748046875,0.7092363834381104,0.5998140977183344,19.99764060974121,0.0875636206229791,2.0592526644104514,0,1
BGD,Khulna,Bagerhat,2025-01-01,4742.27490234375,0.4692991971969604,0.244947129381309,213.1011657714844,0.0244947129381309,1.2696819176532748,1,1
BGD,Chattogram,Bandarban,2025-01-01,24543.736328125,1.063800811767578,0.2656647164257099,194.77281188964844,0.0265664716425709,0.5579727017181594,0,1
BGD,Barishal,Barguna,2025-01-01,991.6417236328124,0.1568403840065002,0.2961263536314663,28.752487182617188,0.0296126353631466,0.7309762825788958,1,1
BGD,Barishal,Barisal,2025-01-01,4470.6220703125,0.4085673689842224,0.341974757962407,24.469968795776367,0.0341974757962406,1.4061345624802513,1,1
BGD,Barishal,Bhola,2025-01-01,1935.70068359375,0.2210116684436798,0.3128575246967523,28.41064453125,0.0312857524696752,0.9885547793191116,1,1
BGD,Rajshahi,Bogura,2025-01-01,8055.7958984375,0.5379654169082642,0.4041264212353391,19.122488021850582,0.0404126421235339,2.3854916485449658,0,1
BGD,Chattogram,Brahmanbaria,2025-01-01,9116.935546875,0.9406855702400208,0.7464786965735372,45.97361755371094,0.0960239837918627,2.65780597545266,0,1
BGD,Chattogram,Chandpur,2025-01-01,4164.09521484375,0.5606098175048828,0.5733525516701714,12.11368179321289,0.0679400685029167,1.4012647064790713,0,1
BGD,Rajshahi,Chapainawabganj,2025-01-01,4184.98876953125,0.4708088040351867,0.4107373269729307,11.568671226501465,0.041073732697293,2.1413926809581474,0,1
BGD,Chattogram,Chittagong,2025-01-01,48160.1171875,2.225783109664917,0.8575935883750672,199.13250732421875,0.0841630962574733,9.200438646555934,0,1
BGD,Khulna,Chuadanga,2025-01-01,2669.513671875,0.4576695263385772,0.4361978843091626,11.06017780303955,0.0436197884309162,1.7440618856262873,1,1
BGD,Chattogram,Cox's Bazar,2025-01-01,24728.830078125,2.3948984146118164,0.6018087102071796,360.21484375,0.0176591256883249,4.325664252068424,0,1
BGD,Chattogram,Cumilla,2025-01-01,20167.015625,1.290298581123352,0.9285715442394336,51.832618713378906,0.3512248336928156,3.5339789450297414,0,1
BGD,Dhaka,Dhaka,2025-01-01,62219.75390625,8.426824569702148,2.227118100176717,200.3877410888672,0.3657073223819742,37.45579533501494,0,1
BGD,Rangpur,Dinajpur,2025-01-01,9739.3759765625,0.5454602241516113,0.4731032068762393,15.445629119873049,0.0473103206876239,2.1370691105207023,0,1
BGD,Dhaka,Faridpur,2025-01-01,5102.41650390625,0.5232833027839661,0.4094508262050224,20.905733108520508,0.0409450826205022,1.8598526763437453,1,1
BGD,Chattogram,Feni,2025-01-01,5597.48876953125,1.2412837743759155,0.947305892038982,22.38978385925293,0.3530233859389753,2.9127324931807177,0,1
BGD,Rangpur,Gaibandha,2025-01-01,2674.52294921875,0.2393820583820343,0.1108335092355134,12.062088966369627,0.0110833509235513,1.0623679092492286,0,1
BGD,Dhaka,Gazipur,2025-01-01,28471.806640625,3.158210039138794,1.258990860037473,67.86997985839844,0.5266588218484999,12.59876047093667,0,1
BGD,Dhaka,Gopalganj,2025-01-01,2429.1279296875,0.327616274356842,0.3659982583818987,13.527277946472168,0.0365998258381898,1.263664229094934,1,1
BGD,Sylhet,Habiganj,2025-01-01,7871.75634765625,0.5947156548500061,0.4057584334527203,30.54728889465332,0.040575843345272,2.365373740024644,0,1
BGD,Rajshahi,Jaipurhat,2025-01-01,2129.728515625,0.4271348416805267,0.4140142031147764,12.718117713928224,0.0414014203114776,1.6163126667729866,0,1
BGD,Mymensingh,Jamalpur,2025-01-01,3905.0791015625,0.3696250319480896,0.3852995149195442,16.968852996826172,0.0385299514919544,1.4436197729961155,0,1
BGD,Khulna,Jashore,2025-01-01,9551.6005859375,0.7264418005943298,0.5584496864621955,131.31216430664062,0.058963333031973,2.3690591404351817,1,1
BGD,Barishal,Jhalakati,2025-01-01,920.8289794921876,0.2554581463336944,0.3295285011135163,18.57684326171875,0.0329528501113516,1.0768478765153322,1,1
BGD,Khulna,Jhenaidah,2025-01-01,3320.7841796875,0.3319692611694336,0.3578038047580305,8.924120903015137,0.035780380475803,1.5540837657480913,1,1
BGD,Chattogram,Khagrachari,2025-01-01,1657.2664794921875,0.1143222227692604,0.282173866040575,8.196109771728516,0.0282173866040575,0.7977668340569443,0,1
BGD,Khulna,Khulna,2025-01-01,7166.52001953125,0.695734977722168,0.3423512906270732,33.36579132080078,0.0342351290627073,3.2828040499863262,1,1
BGD,Dhaka,Kishoreganj,2025-01-01,6037.078125,0.4602965116500854,0.4470235828530792,13.901775360107422,0.0447023582853079,1.4835762668269532,0,1
BGD,Rangpur,Kurigram,2025-01-01,4682.3291015625,0.4004667997360229,0.3661027639335883,13.313642501831056,0.0366102763933588,1.8416921507956168,0,1
BGD,Khulna,Kushtia,2025-01-01,5341.2978515625,0.6363818645477295,0.4591005224630964,31.39209747314453,0.0459100522463096,2.58130833444887,1,1
BGD,Chattogram,Lakshmipur,2025-01-01,3327.6806640625,0.5454692244529724,0.5671179144976809,10.09868049621582,0.0627125573121204,1.549822804319615,0,1
BGD,Rangpur,Lalmonirhat,2025-01-01,4416.697265625,0.6861971020698547,0.5105911108343021,11.626338958740234,0.0515839392814192,2.809280120563884,0,1
BGD,Dhaka,Madaripur,2025-01-01,3396.43408203125,0.6115413308143616,0.5328709641943532,89.04173278808594,0.0552129847017077,1.6397960802012286,1,1
BGD,Khulna,Magura,2025-01-01,990.4425659179688,0.1862850338220596,0.3141189548063297,8.789644241333008,0.0314118954806329,0.8633986040161202,1,1
BGD,Dhaka,Manikganj,2025-01-01,4005.76904296875,0.6029691100120544,0.5090970956177355,17.931848526000977,0.050918498241025,2.034558586506216,0,1
BGD,Khulna,Meherpur,2025-01-01,2783.9951171875,0.7559269070625305,0.616837502118935,7.970537185668945,0.0671548824768421,2.4708459358778807,1,1
BGD,Sylhet,Moulvibazar,2025-01-01,5663.3095703125,0.4098015129566192,0.4007507472588348,20.335521697998047,0.0400750747258834,1.591975590164663,0,1
BGD,Dhaka,Munshiganj,2025-01-01,6325.54248046875,1.4809772968292236,0.913583348657842,88.2994155883789,0.1109544836434784,4.890536522628783,0,1
BGD,Mymensingh,Mymensingh,2025-01-01,18548.462890625,0.8310043811798096,0.6131799623251155,32.28559494018555,0.0727437604420233,2.2660316825257274,0,1
BGD,Rajshahi,Naogaon,2025-01-01,4890.35986328125,0.2773145139217376,0.3268498460588908,12.343761444091797,0.032684984605889,1.3665195857991743,0,1
BGD,Khulna,Narail,2025-01-01,907.1463623046876,0.1820746064186096,0.3068092785323132,9.995365142822266,0.0306809278532313,0.9174465676242214,1,1
BGD,Dhaka,Narayanganj,2025-01-01,23316.23046875,6.451280117034912,3.4375293716008173,125.98738861083984,0.6717054896509724,21.902587375176683,0,1
BGD,Dhaka,Narsingdi,2025-01-01,9161.1435546875,1.5897778272628784,0.8974786919894012,87.99617004394531,0.2079830998736085,5.284852549199632,0,1
BGD,Rajshahi,Natore,2025-01-01,3037.53173828125,0.3109412789344787,0.3682432353636308,7.738547325134277,0.036824323536363,1.27586486728412,0,1
BGD,Mymensingh,Netrakona,2025-01-01,3443.69775390625,0.2380992174148559,0.3527302611390316,9.188920021057127,0.0352730261139031,0.9113815444284096,0,1
BGD,Rangpur,Nilphamari,2025-01-01,3147.033935546875,0.3669836223125458,0.342340128959002,25.77186584472656,0.0342340128959002,1.6224473434267277,0,1
BGD,Chattogram,Noakhali,2025-01-01,6811.0986328125,0.547566831111908,0.5339297547233841,13.966248512268066,0.0537790496053857,1.6440943299024244,0,1
BGD,Rajshahi,Pabna,2025-01-01,7414.6572265625,0.6100145578384399,0.4220918138103573,47.502418518066406,0.0422091813810357,2.231483173223753,0,1
BGD,Rangpur,Panchagarh,2025-01-01,3917.1494140625,0.5522832870483398,0.4309751376045416,12.099124908447266,0.0430975137604541,2.5604727207057194,0,1
BGD,Chattogram,Parbattya Chattagram,2025-01-01,5022.6181640625,0.1720126271247863,0.0546320755020513,389.4968872070313,0.0054632075502051,0.1038009434538975,0,1
BGD,Barishal,Patuakhali,2025-01-01,3501.521240234375,0.303784430027008,0.2926065601772207,73.7656478881836,0.029260656017722,1.0042994357612418,1,1
BGD,Barishal,Pirojpur,2025-01-01,844.6856689453125,0.1430739760398864,0.2952756083316772,5.523387432098389,0.0295275608331677,0.8220031556443472,1,1
BGD,Dhaka,Rajbari,2025-01-01,1601.9681396484375,0.2881364822387695,0.3585980479383356,6.832121849060059,0.0358598047938335,1.2550278819006084,1,1
BGD,Rajshahi,Rajshahi,2025-01-01,7700.21435546875,0.6274746656417847,0.3699613924901296,39.13218688964844,0.0369961392490129,1.8566522187969368,0,1
BGD,Rangpur,Rangpur,2025-01-01,6393.01513671875,0.5345889329910278,0.4009855153641397,23.059261322021484,0.0400985515364139,2.036109088688252,0,1
BGD,Khulna,Satkhira,2025-01-01,4795.642578125,0.4198053777217865,0.2879285071967304,7.568909645080566,0.028792850719673,1.413535461387294,1,1
BGD,Dhaka,Shariatpur,2025-01-01,2803.542236328125,0.509884774684906,0.5419979426960866,18.71801948547364,0.0571008441808828,1.307458619448079,1,1
BGD,Mymensingh,Sherpur,2025-01-01,2838.1572265625,0.4162476360797882,0.4433370118581571,12.636713981628418,0.0443337011858157,1.3285645096396488,0,1
BGD,Rajshahi,Sirajganj,2025-01-01,5704.5869140625,0.4472773373126983,0.3837969196813213,62.64137649536133,0.0383796919681321,1.630860599850939,0,1
BGD,Sylhet,Sunamganj,2025-01-01,3456.466064453125,0.182448461651802,0.3005516730944786,18.492036819458008,0.0300551673094478,0.9675106644878744,0,1
BGD,Sylhet,Sylhet,2025-01-01,11046.1953125,0.6267253160476685,0.4025438281322836,57.58198928833008,0.0402543828132283,2.470476670360865,0,1
BGD,Dhaka,Tangail,2025-01-01,10678.1875,0.6203495860099792,0.5595348129691865,30.56283950805664,0.0607798971810964,1.887324616313268,0,1
BGD,Rangpur,Thakurgaon,2025-01-01,4557.89013671875,0.484798789024353,0.3943057043198377,18.08299827575684,0.0394305704319837,2.264876822052533,0,1
BGD,Khulna,Bagerhat,2025-02-01,4821.06298828125,0.4770017266273498,0.3358595786609609,144.03704833984375,0.033585957866096,1.2819768098912456,1,1
BGD,Chattogram,Bandarban,2025-02-01,846.3021240234375,0.0365861840546131,0.2585703240960748,10.407845497131348,0.0258570324096074,0.4912836157825422,0,1
BGD,Barishal,Barguna,2025-02-01,958.0441284179688,0.1515265107154846,0.2938907543954681,23.8565673828125,0.0293890754395468,0.7020716662877255,1,1
BGD,Barishal,Barisal,2025-02-01,4509.83984375,0.4121468067169189,0.3499844481519087,26.200464248657227,0.0349984448151908,1.419240706663216,1,1
BGD,Barishal,Bhola,2025-02-01,1883.8642578125,0.2149626761674881,0.309581935301265,22.09426498413086,0.0309581935301265,0.9990509887867692,1,1
BGD,Rajshahi,Bogura,2025-02-01,10752.345703125,0.7170352339744568,0.5633342000000735,18.58553504943848,0.0595333156688067,2.468612881833341,0,1
BGD,Chattogram,Brahmanbaria,2025-02-01,9678.8232421875,0.9986611604690552,0.7605410700493881,63.03029251098633,0.0960511490449281,2.697840920613421,0,1
BGD,Chattogram,Chandpur,2025-02-01,4454.265625,0.5998631715774536,0.6082484082649484,12.75852108001709,0.0794085722198354,1.3628420765992375,0,1
BGD,Rajshahi,Chapainawabganj,2025-02-01,4951.515625,0.5573561787605286,0.5122867265809372,11.94358253479004,0.0518706623394667,1.9834812861673263,0,1
BGD,Chattogram,Chittagong,2025-02-01,44837.09375,2.072205305099488,0.8458926210862409,190.19241333007807,0.0829339302736866,8.10903043232079,0,1
BGD,Khulna,Chuadanga,2025-02-01,3565.07373046875,0.6112070679664612,0.5733228835084674,9.973787307739258,0.0652554216427449,1.802379415674645,1,1
BGD,Chattogram,Cox's Bazar,2025-02-01,9024.4677734375,0.8740760684013367,0.5305112385878622,89.85432434082031,0.0522642791082165,2.865557305171401,0,1
BGD,Chattogram,Cumilla,2025-02-01,19401.982421875,1.2413512468338013,0.8958431258848553,26.65745735168457,0.3707262908735366,3.2434363219706026,0,1
BGD,Dhaka,Dhaka,2025-02-01,66611.09375,9.021201133728027,2.2053627569590697,1201.193359375,0.5090390274704624,40.29800160931715,0,1
BGD,Rangpur,Dinajpur,2025-02-01,13444.2666015625,0.7528286576271057,0.6487661500228211,13.62240219116211,0.080700793509949,2.208806414461779,0,1
BGD,Dhaka,Faridpur,2025-02-01,6330.52099609375,0.6492858529090881,0.5678358414653917,16.86166763305664,0.0620122457085771,1.951633365849411,1,1
BGD,Chattogram,Feni,2025-02-01,5275.376953125,1.1698532104492188,0.8732209392296145,27.186506271362305,0.3003004305183888,2.912528347462358,0,1
BGD,Rangpur,Gaibandha,2025-02-01,4518.1875,0.403791606426239,0.451626691776124,10.875548362731934,0.0451626691776124,1.192843259966914,0,1
BGD,Dhaka,Gazipur,2025-02-01,28190.560546875,3.1270132064819336,1.2656188218099749,112.81432342529295,0.5370756583784143,12.4362847575069,0,1
BGD,Dhaka,Gopalganj,2025-02-01,2724.536376953125,0.3674579858779907,0.3994256686483076,12.624258995056152,0.0399425668648307,1.2627257814551427,1,1
BGD,Sylhet,Habiganj,2025-02-01,8321.5869140625,0.6287006139755249,0.2081967891662432,40.606693267822266,0.0208196789166243,2.3625778388344125,0,1
BGD,Rajshahi,Jaipurhat,2025-02-01,3162.9052734375,0.6343470811843872,0.5860566415401134,14.128589630126951,0.0689810562961051,1.7628630006124406,0,1
BGD,Mymensingh,Jamalpur,2025-02-01,5798.7666015625,0.5488670468330383,0.5531012824566963,16.391752243041992,0.0599308620092242,1.5569436776099492,0,1
BGD,Khulna,Jashore,2025-02-01,11115.8232421875,0.8454079031944275,0.6814006640256731,110.17098236083984,0.0925993141098596,2.2270016472565723,1,1
BGD,Barishal,Jhalakati,2025-02-01,896.0723876953125,0.2485901117324829,0.3247159894987965,21.12387657165528,0.0324715989498796,1.0753268900581396,1,1
BGD,Khulna,Jhenaidah,2025-02-01,4798.50048828125,0.4796923100948334,0.4813490698525748,12.044071197509766,0.0481349069852574,1.6519310282160833,1,1
BGD,Chattogram,Khagrachari,2025-02-01,1786.01611328125,0.1232036799192428,0.2832064685696212,8.338756561279297,0.0283206468569621,0.8758941361408606,0,1
BGD,Khulna,Khulna,2025-02-01,7304.44580078125,0.7091249823570251,0.3614351030062994,25.32500267028809,0.0361435103006299,3.126187817220763,1,1
BGD,Dhaka,Kishoreganj,2025-02-01,6183.63232421875,0.4714705049991607,0.4414277221502427,14.42294692993164,0.0441427722150242,1.5074643264831773,0,1
BGD,Rangpur,Kurigram,2025-02-01,6085.662109375,0.5203027725219727,0.4675403314061009,11.37972640991211,0.0467540331406101,1.9496382390490248,0,1
BGD,Khulna,Kushtia,2025-02-01,6918.2236328125,0.8241643905639648,0.6192165567443652,30.555883407592773,0.0760307208592587,2.528399115569515,1,1
BGD,Chattogram,Lakshmipur,2025-02-01,3326.996826171875,0.5442559123039246,0.5723431836712816,8.348222732543945,0.0630328481365614,1.4598462055545045,0,1
BGD,Rangpur,Lalmonirhat,2025-02-01,6482.33984375,1.0071241855621338,0.7927787450599729,8.695474624633789,0.1003597509781489,3.0901434531723337,0,1
BGD,Dhaka,Madaripur,2025-02-01,2953.350830078125,0.5337711572647095,0.518503736756565,11.606327056884766,0.052887233593613,1.6089532105937674,1,1
BGD,Khulna,Magura,2025-02-01,1544.5634765625,0.2905055284500122,0.3895501458694045,8.378872871398926,0.0389550145869404,0.9678594699914156,1,1
BGD,Dhaka,Manikganj,2025-02-01,4744.42822265625,0.711707592010498,0.6166304769313534,17.458114624023438,0.0670288766187302,2.053723315586917,0,1
BGD,Khulna,Meherpur,2025-02-01,3158.5537109375,0.8576292395591736,0.7133851951531524,7.120175838470459,0.1130770924616332,2.33940407143639,1,1
BGD,Sylhet,Moulvibazar,2025-02-01,7340.47412109375,0.531162440776825,0.5024563382192941,17.494247436523438,0.0502278920176319,1.7422287289118057,0,1
BGD,Dhaka,Munshiganj,2025-02-01,6654.8828125,1.5642520189285278,0.9706748364553908,113.43761444091795,0.1341979945719814,5.068274122097842,0,1
BGD,Mymensingh,Mymensingh,2025-02-01,19991.546875,0.8956571221351624,0.6713258183348555,32.6097297668457,0.0936979060008473,2.293804250396201,0,1
BGD,Rajshahi,Naogaon,2025-02-01,6685.8017578125,0.3791275024414062,0.396426378880467,11.377206802368164,0.0396426378880467,1.5593259013413323,0,1
BGD,Khulna,Narail,2025-02-01,1205.5770263671875,0.2419730424880981,0.3427804586098102,14.026689529418944,0.034278045860981,0.9949391315070418,1,1
BGD,Dhaka,Narayanganj,2025-02-01,23420.65625,6.480173110961914,3.3835014729390207,123.51720428466795,0.6914858166856627,22.445709594060403,0,1
BGD,Dhaka,Narsingdi,2025-02-01,9119.3935546875,1.58253276348114,0.8854413817153188,112.81432342529295,0.2080852300366723,5.25459580186401,0,1
BGD,Rajshahi,Natore,2025-02-01,3810.656982421875,0.390083372592926,0.4418734990902796,9.428366661071776,0.0441873499090279,1.2952043989594924,0,1
BGD,Mymensingh,Netrakona,2025-02-01,3249.80517578125,0.2246933728456497,0.3307198460821083,11.427796363830566,0.0330719846082108,1.0020272108462391,0,1
BGD,Rangpur,Nilphamari,2025-02-01,5151.64794921875,0.600746750831604,0.5233952913275732,25.27945327758789,0.0542056837025095,2.03465239689216,0,1
BGD,Chattogram,Noakhali,2025-02-01,5937.88330078125,0.4773317873477936,0.4893910885419353,13.175087928771973,0.0489391088541935,1.51214594091095,0,1
BGD,Rajshahi,Pabna,2025-02-01,8543.603515625,0.7026995420455933,0.5298388018324781,40.28903198242188,0.0541646786125445,2.2029729924370263,0,1
BGD,Rangpur,Panchagarh,2025-02-01,6642.1328125,0.936481773853302,0.7065197740026279,10.421900749206545,0.1070818682917349,2.89331261566117,0,1
BGD,Chattogram,Parbattya Chattagram,2025-02-01,752.1973266601561,0.0257591903209686,0.2569415858181219,28.103626251220703,0.0256941585818121,0.4881890130544314,0,1
BGD,Barishal,Patuakhali,2025-02-01,3174.833984375,0.2754185199737549,0.2965192187316335,51.85996627807617,0.0296519218731633,0.9622044856250376,1,1
BGD,Barishal,Pirojpur,2025-02-01,796.1255493164062,0.134848803281784,0.2914492708683128,5.54604959487915,0.0291449270868312,0.7915471282860415,1,1
BGD,Dhaka,Rajbari,2025-02-01,2194.2607421875,0.3947635591030121,0.2612876145472551,6.3287858963012695,0.0261287614547255,1.3018143368901642,1,1
BGD,Rajshahi,Rajshahi,2025-02-01,8827.673828125,0.7193490266799927,0.451134464971102,41.11002731323242,0.0451134464971102,1.9732072680842123,0,1
BGD,Rangpur,Rangpur,2025-02-01,9685.341796875,0.8098958134651184,0.6379395123681866,20.44164085388184,0.0772980480089551,2.36007240554293,0,1
BGD,Khulna,Satkhira,2025-02-01,5369.4345703125,0.4699933528900146,0.5123787749150363,9.323861122131348,0.0187310893675521,1.384184333577413,1,1
BGD,Dhaka,Shariatpur,2025-02-01,3003.036376953125,0.5466215014457703,0.5617878906693051,21.190080642700195,0.0627332652153483,1.34932621843075,1,1
BGD,Mymensingh,Sherpur,2025-02-01,4510.546875,0.6615223288536072,0.6272136389492556,12.473591804504396,0.1007255041638747,1.4650591643204682,0,1
BGD,Rajshahi,Sirajganj,2025-02-01,6888.60302734375,0.539233922958374,0.5019680891027469,40.31233978271485,0.0428857570183044,1.6587032813955749,0,1
BGD,Sylhet,Sunamganj,2025-02-01,3701.916748046875,0.1954044997692108,0.303501329321088,18.67494201660156,0.0303501329321088,1.021930043179225,0,1
BGD,Sylhet,Sylhet,2025-02-01,12573.7333984375,0.7133928537368774,0.4409009778928066,50.28662490844727,0.0440900977892806,2.546990361088333,0,1
BGD,Dhaka,Tangail,2025-02-01,14203.8310546875,0.8246878385543823,0.714568991007602,22.28743934631348,0.1138886435619312,1.982843828331319,0,1
BGD,Rangpur,Thakurgaon,2025-02-01,7096.07861328125,0.7546922564506531,0.6360508100803898,13.919971466064451,0.0863970536654038,2.309850450014823,0,1
BGD,Khulna,Bagerhat,2025-03-01,5967.8779296875,0.5903521180152893,0.4388275839893342,114.12124633789062,0.0438827583989334,1.4684272239706275,1,1
BGD,Chattogram,Bandarban,2025-03-01,1684.9976806640625,0.0728435292840004,0.2671987607080759,11.600296974182127,0.0267198760708076,0.5668890455336828,0,1
BGD,Barishal,Barguna,2025-03-01,1487.384765625,0.2352482676506042,0.2212802976250544,29.99863815307617,0.0221280297625054,0.8318394690721039,1,1
BGD,Barishal,Barisal,2025-03-01,6155.37158203125,0.5625292062759399,0.1611663257285232,31.469276428222656,0.0161166325728523,1.6229446235910203,1,1
BGD,Barishal,Bhola,2025-03-01,2831.408203125,0.3230474889278412,0.0977840465132876,35.869380950927734,0.0097784046513287,1.0538856868228204,1,1
BGD,Rajshahi,Bogura,2025-03-01,10229.033203125,0.6827292442321777,0.5533455943198701,19.490673065185547,0.0617169145243846,2.316607680728355,0,1
BGD,Chattogram,Brahmanbaria,2025-03-01,11295.8935546875,1.1655105352401731,0.862844822681203,56.50953674316406,0.1011181614336997,3.253459673543523,0,1
BGD,Chattogram,Chandpur,2025-03-01,5612.7099609375,0.7550047039985657,0.7064495043520427,15.389174461364746,0.0561735442178222,1.541842403250969,0,1
BGD,Rajshahi,Chapainawabganj,2025-03-01,4864.94921875,0.54816734790802,0.5217860969982437,14.62413501739502,0.053790111417178,1.8562164589740795,0,1
BGD,Chattogram,Chittagong,2025-03-01,52096.953125,2.407729148864746,1.0425870373654684,153.7693328857422,0.1202805226549179,9.142640059272782,0,1
BGD,Khulna,Chuadanga,2025-03-01,3614.76611328125,0.6197264790534973,0.5963076008282476,8.890084266662598,0.0743545712885686,1.6857353388147036,1,1
BGD,Chattogram,Cox's Bazar,2025-03-01,10356.0517578125,1.002721071243286,0.6498888631183044,68.6777572631836,0.0176424463638981,2.9226795920841173,0,1
BGD,Chattogram,Cumilla,2025-03-01,23153.07421875,1.4813485145568848,1.088214267477028,27.988874435424805,0.5800544817379195,3.708537346961488,0,1
BGD,Dhaka,Dhaka,2025-03-01,66156.0859375,8.959762573242188,2.5179167595672216,156.78976440429688,0.6181228422293213,38.850101822489805,0,1
BGD,Rangpur,Dinajpur,2025-03-01,12525.13671875,0.701360821723938,0.6032515998696122,17.206769943237305,0.0940951444494848,1.9056026556423915,0,1
BGD,Dhaka,Faridpur,2025-03-01,7399.80224609375,0.754982054233551,0.6520858994386904,15.691452026367188,0.0770706842503078,2.022733274690794,1,1
BGD,Chattogram,Feni,2025-03-01,6393.11474609375,1.4177196025848389,1.0837767086460532,28.820844650268555,0.5919829951240467,3.0747871025137483,0,1
BGD,Rangpur,Gaibandha,2025-03-01,4423.5263671875,0.395196795463562,0.4641875274918089,12.710902214050291,0.0464187527491809,1.141665308390487,0,1
BGD,Dhaka,Gazipur,2025-03-01,29212.701171875,3.2403931617736816,1.4405144087508033,69.33645629882812,0.6659927352425961,12.03563962424579,0,1
BGD,Dhaka,Gopalganj,2025-03-01,3694.76708984375,0.4983129203319549,0.5290049211694358,11.290307998657228,0.0567443252724865,1.331008684591818,1,1
BGD,Sylhet,Habiganj,2025-03-01,10394.0078125,0.7852731943130493,0.5551015404524638,49.76357650756836,0.0550713910310469,2.4862357883714665,0,1
BGD,Rajshahi,Jaipurhat,2025-03-01,3177.335693359375,0.6372411847114563,0.5872859913191434,15.284689903259276,0.0879297681049374,1.5851899058205308,0,1
BGD,Mymensingh,Jamalpur,2025-03-01,5978.37060546875,0.5656528472900391,0.5688069156051965,16.966026306152344,0.0677015858661008,1.4591491389686837,0,1
BGD,Khulna,Jashore,2025-03-01,11487.919921875,0.8737074732780457,0.6980885868529572,84.59093475341797,0.1244307875751175,2.174804923856961,1,1
BGD,Barishal,Jhalakati,2025-03-01,1600.8118896484375,0.4441002905368805,0.4761541157678487,21.12481689453125,0.0476154115767848,1.276947813951755,1,1
BGD,Khulna,Jhenaidah,2025-03-01,4976.46875,0.4974833130836487,0.5145938331654227,19.27691650390625,0.0531306416512238,1.5855228099849472,1,1
BGD,Chattogram,Khagrachari,2025-03-01,6622.8046875,0.4568569660186767,0.3505244425013462,173.12332153320312,0.0350524442501346,1.457047651553687,0,1
BGD,Khulna,Khulna,2025-03-01,8285.1162109375,0.8043297529220581,0.3114366096372369,32.35662078857422,0.0149651808353542,3.098314588510505,1,1
BGD,Dhaka,Kishoreganj,2025-03-01,6590.47998046875,0.5024905800819397,0.3570407434318255,15.106512069702148,0.0357040743431825,1.5191583703542817,0,1
BGD,Rangpur,Kurigram,2025-03-01,5944.478515625,0.5078769326210022,0.5149897205644515,15.49627685546875,0.0526857790689539,1.589867188295577,0,1
BGD,Khulna,Kushtia,2025-03-01,7272.29638671875,0.8663449287414551,0.6674815454435608,45.52322769165039,0.0951878628061543,2.326256251660654,1,1
BGD,Chattogram,Lakshmipur,2025-03-01,4403.3076171875,0.7200016379356384,0.7128945950646547,10.135424613952637,0.0328346810450427,1.6342643190684716,0,1
BGD,Rangpur,Lalmonirhat,2025-03-01,6401.74169921875,0.9946021437644958,0.8157272440930569,9.198206901550291,0.159260833559889,2.6793513260237174,0,1
BGD,Dhaka,Madaripur,2025-03-01,3801.985595703125,0.6830148696899414,0.6288836120255877,11.49066925048828,0.0801236363581872,1.7643388873448702,1,1
BGD,Khulna,Magura,2025-03-01,1559.7159423828125,0.2933554649353027,0.3876780789033053,9.478486061096191,0.0387678078903305,0.996049183738926,1,1
BGD,Dhaka,Manikganj,2025-03-01,5924.99267578125,0.8889808058738708,0.7625463379443952,19.421836853027344,0.0117700111731986,2.2937884923246905,0,1
BGD,Khulna,Meherpur,2025-03-01,3157.9052734375,0.8574531674385071,0.7216494790872147,6.706442832946777,0.149452932836328,2.157330255206347,1,1
BGD,Sylhet,Moulvibazar,2025-03-01,11008.1162109375,0.7965558767318726,0.7304963630745238,17.644010543823242,0.0976834086511565,1.987227026782793,0,1
BGD,Dhaka,Munshiganj,2025-03-01,7094.52880859375,1.6598082780838013,1.0880269028340026,89.75936126708984,0.2110434545048261,4.867631969383188,0,1
BGD,Mymensingh,Mymensingh,2025-03-01,22497.09375,1.007910132408142,0.7346979498779016,31.46674537658692,0.1801843708514577,2.320395278991377,0,1
BGD,Rajshahi,Naogaon,2025-03-01,5499.890625,0.3118788003921509,0.3728524593775906,10.641357421875,0.037285245937759,1.271981136312089,0,1
BGD,Khulna,Narail,2025-03-01,1266.4508056640625,0.2541911005973816,0.3581882467141988,15.939757347106934,0.0358188246714198,0.9736768662373744,1,1
BGD,Dhaka,Narayanganj,2025-03-01,23805.955078125,6.586780071258545,3.674248363320758,109.61861419677734,0.9296696141475634,21.342900175825783,0,1
BGD,Dhaka,Narsingdi,2025-03-01,9870.4716796875,1.712870955467224,0.9565159354118974,133.02899169921875,0.3493285435299107,5.388390074108249,0,1
BGD,Rajshahi,Natore,2025-03-01,4017.968017578125,0.4113050699234009,0.4804938579546216,8.489877700805664,0.0480493857954621,1.2497109774525503,0,1
BGD,Mymensingh,Netrakona,2025-03-01,4889.87548828125,0.3380887508392334,0.4394024895640776,10.23936367034912,0.0439402489564077,1.0042381940020908,0,1
BGD,Rangpur,Nilphamari,2025-03-01,5668.90185546875,0.6610650420188904,0.5625026146144245,25.205102920532227,0.0692332296910011,1.8337229642687112,0,1
BGD,Chattogram,Noakhali,2025-03-01,9115.662109375,0.7327855825424194,0.7084873201348098,13.108285903930664,0.084465543782455,1.7917290460005302,0,1
BGD,Rajshahi,Pabna,2025-03-01,8707.759765625,0.7162120342254639,0.5654087519733281,40.78485107421875,0.0624823988461476,2.1066480993986074,0,1
BGD,Rangpur,Panchagarh,2025-03-01,7016.5966796875,0.9892778396606444,0.7698737741792328,11.843047142028809,0.2241238524344289,2.5822975930734784,0,1
BGD,Chattogram,Parbattya Chattagram,2025-03-01,10529.607421875,0.3606137931346893,0.1249981288950783,699.0030517578125,0.0124998128895078,0.677902440094574,0,1
BGD,Barishal,Patuakhali,2025-03-01,4338.43701171875,0.3763616979122162,0.0107340125514738,65.04047393798828,0.0010734012551473,1.127665920782078,1,1
BGD,Barishal,Pirojpur,2025-03-01,1438.993408203125,0.2437386214733123,0.3638851458354656,5.357297897338867,0.0363885145835465,0.8919882838483241,1,1
BGD,Dhaka,Rajbari,2025-03-01,2600.4384765625,0.4677617847919464,0.5231870597610011,6.5401716232299805,0.0539940884228342,1.356935514315761,1,1
BGD,Rajshahi,Rajshahi,2025-03-01,8702.4130859375,0.7091417908668518,0.4364348269489516,44.49488830566406,0.0436434826948951,1.9149952764027791,0,1
BGD,Rangpur,Rangpur,2025-03-01,10792.87109375,0.9025083184242249,0.6472917516218301,25.55948638916016,0.116338500409006,2.442458523614081,0,1
BGD,Khulna,Satkhira,2025-03-01,5894.3623046875,0.5159409642219543,0.5539426568260695,10.671152114868164,0.0176273532525154,1.3347772795265245,1,1
BGD,Dhaka,Shariatpur,2025-03-01,3756.7314453125,0.6832665801048279,0.6588982743207952,18.619644165039062,0.0352259862997233,1.5099408055540626,1,1
BGD,Mymensingh,Sherpur,2025-03-01,4795.15380859375,0.7032631635665894,0.6480818531815404,14.008480072021484,0.1240558178298023,1.4694808058684083,0,1
BGD,Rajshahi,Sirajganj,2025-03-01,7218.4873046875,0.5644407868385315,0.5478523040217307,50.97695159912109,0.0571005083197708,1.5476091962385978,0,1
BGD,Sylhet,Sunamganj,2025-03-01,4950.7421875,0.26132333278656,0.3400180719712384,22.29352378845215,0.0340018071971238,1.113996923074129,0,1
BGD,Sylhet,Sylhet,2025-03-01,17246.005859375,0.9784824848175048,0.642149251959129,47.68111801147461,0.0675637759561421,2.8901372669062506,0,1
BGD,Dhaka,Tangail,2025-03-01,14999.2255859375,0.8713217377662659,0.7498756531103341,24.308189392089844,0.1513309763073153,1.961276589211756,0,1
BGD,Rangpur,Thakurgaon,2025-03-01,7019.65869140625,0.7465647459030151,0.6254832623877352,30.11263465881348,0.1140897773847231,1.9420226971484849,0,1
BGD,Khulna,Bagerhat,2025-04-01,7597.916015625,0.7517119646072388,0.5864798594751558,120.23291015625,0.0930220859705059,1.4114970660139057,1,1
BGD,Chattogram,Bandarban,2025-04-01,5421.119140625,0.2343584597110748,0.38586997904323,8.059126853942871,0.038586997904323,0.7649021250210055,0,1
BGD,Barishal,Barguna,2025-04-01,3684.47998046875,0.5827460289001465,0.5983595079488871,26.8781967163086,0.1270323934875622,0.9602979882139708,1,1
BGD,Barishal,Barisal,2025-04-01,7724.9248046875,0.7059680819511414,0.6084480874651209,22.849824905395508,0.0825324942942677,1.5324753565239178,1,1
BGD,Barishal,Bhola,2025-04-01,5232.41845703125,0.5969890356063843,0.6165594219598316,35.67701721191406,0.0636542111277931,1.1510203317093444,1,1
BGD,Rajshahi,Bogura,2025-04-01,13363.748046875,0.8896969556808472,0.7232470830870793,15.299535751342772,0.0555476875393917,2.418399199984776,0,1
BGD,Chattogram,Brahmanbaria,2025-04-01,11028.6669921875,1.137938141822815,0.8648729028609353,47.3018798828125,0.1215705702968501,3.114168728686117,0,1
BGD,Chattogram,Chandpur,2025-04-01,5100.3857421875,0.6860883831977844,0.6659596083548183,12.932132720947266,0.1002064590483255,1.465146471694803,0,1
BGD,Rajshahi,Chapainawabganj,2025-04-01,7681.44287109375,0.8640606999397278,0.7441047563159559,10.422505378723145,0.184391720001339,2.055820216474512,0,1
BGD,Chattogram,Chittagong,2025-04-01,50735.17578125,2.3447928428649902,1.1039671009094945,159.8765106201172,0.2903777379941545,8.280052943841419,0,1
BGD,Khulna,Chuadanga,2025-04-01,5267.50439453125,0.903076946735382,0.7953891014688408,11.46574592590332,0.3665705612493071,1.8109024473591049,1,1
BGD,Chattogram,Cox's Bazar,2025-04-01,12792.013671875,1.2386016845703125,0.8634106096695898,138.75857543945312,0.0485290433619816,2.8342864100604848,0,1
BGD,Chattogram,Cumilla,2025-04-01,22194.646484375,1.420027732849121,1.0861462849043857,26.72266960144043,0.3847444031733007,3.612938020742872,0,1
BGD,Dhaka,Dhaka,2025-04-01,66653.6953125,9.026970863342283,2.77020552542007,542.6434936523438,0.6770257004857064,37.29497712645889,0,1
BGD,Rangpur,Dinajpur,2025-04-01,17285.10546875,0.9679012298583984,0.8178355665467266,11.518595695495604,0.5253369894158559,1.967875934643721,0,1
BGD,Dhaka,Faridpur,2025-04-01,7705.69384765625,0.7862230539321899,0.6885599938930272,15.558199882507324,0.1242163091112036,1.7729995467037758,1,1
BGD,Chattogram,Feni,2025-04-01,6762.23681640625,1.499575138092041,1.224748478075696,23.89239501953125,0.7313202514831278,3.026295810830248,0,1
BGD,Rangpur,Gaibandha,2025-04-01,6631.806640625,0.5920079946517944,0.6357947509897127,8.896257400512695,0.0877895557098098,1.2146126566292754,0,1
BGD,Dhaka,Gazipur,2025-04-01,29819.908203125,3.3077471256256104,1.6437593603539928,78.65165710449219,0.768063806822656,11.453236732099716,0,1
BGD,Dhaka,Gopalganj,2025-04-01,4210.99755859375,0.5679368376731873,0.5723233831819665,16.381515502929688,0.0719566847083746,1.3320726631483564,1,1
BGD,Sylhet,Habiganj,2025-04-01,11675.1337890625,0.8820629715919495,0.6514394265850365,111.26873779296876,0.082460324007765,2.3765334759156462,0,1
BGD,Rajshahi,Jaipurhat,2025-04-01,4247.16357421875,0.8518041372299194,0.770756242726243,12.591588020324709,0.2605912109570533,1.6891982664105092,0,1
BGD,Mymensingh,Jamalpur,2025-04-01,7920.7119140625,0.7492887377738953,0.720991432691887,10.529919624328612,0.140772192383347,1.5725627466220988,0,1
BGD,Khulna,Jashore,2025-04-01,13114.611328125,0.9974246025085448,0.8009891934644641,60.358436584472656,0.3020869766151008,2.181337491186513,1,1
BGD,Barishal,Jhalakati,2025-04-01,2529.1123046875,0.7016311883926392,0.6557393556423409,21.67439079284668,0.1609353619105221,1.2862703617845788,1,1
BGD,Khulna,Jhenaidah,2025-04-01,7187.59912109375,0.7185236811637878,0.6546147857231047,10.610241889953612,0.1864284780385123,1.540657448804785,1,1
BGD,Chattogram,Khagrachari,2025-04-01,3312.356689453125,0.2284943163394928,0.3411469939618348,62.71667098999024,0.0341146993961834,0.9733472390779048,0,1
BGD,Khulna,Khulna,2025-04-01,9675.53515625,0.9393134117126464,0.6093407595635664,41.782493591308594,0.0852627850981194,2.9583638916531423,1,1
BGD,Dhaka,Kishoreganj,2025-04-01,7459.97900390625,0.5687854290008545,0.56421449837981,12.21993637084961,0.0560936432840361,1.5600690324089717,0,1
BGD,Rangpur,Kurigram,2025-04-01,8345.7783203125,0.7118335366249084,0.6721377754187166,11.849308013916016,0.033624797148762,1.95839021289404,0,1
BGD,Khulna,Kushtia,2025-04-01,8937.3876953125,1.0652140378952026,0.8476435725392434,20.45975685119629,0.0062851843562359,2.4617898342452813,1,1
BGD,Chattogram,Lakshmipur,2025-04-01,4724.49658203125,0.7725204825401306,0.7547124959606568,5.994325637817383,0.1663328686185094,1.5562949511452344,0,1
BGD,Rangpur,Lalmonirhat,2025-04-01,6537.10205078125,1.0156322717666626,0.9187726884729218,6.746870040893555,0.2450438203762939,2.2367798085828774,0,1
BGD,Dhaka,Madaripur,2025-04-01,3882.81884765625,0.6963088512420654,0.6715981762942876,13.410675048828123,0.0866681335127817,1.653220407296483,1,1
BGD,Khulna,Magura,2025-04-01,3292.259521484375,0.619216799736023,0.6260407789566284,10.11498737335205,0.1442735902278808,1.1163725836775762,1,1
BGD,Dhaka,Manikganj,2025-04-01,6105.05517578125,0.9149019718170166,0.7888261461001302,17.18328094482422,0.1316265973925071,2.1764356905850875,0,1
BGD,Khulna,Meherpur,2025-04-01,4020.024169921875,1.091540813446045,0.9423974628381436,4.918923377990723,0.5975496829331652,2.121625375934268,1,1
BGD,Sylhet,Moulvibazar,2025-04-01,11787.27734375,0.8529983162879944,0.7774632150113171,26.477371215820312,0.1770934474738898,1.8235605892153524,0,1
BGD,Dhaka,Munshiganj,2025-04-01,7357.1298828125,1.7228386402130127,1.144981253384464,147.19631958007812,0.1634224777537136,5.353950262827849,0,1
BGD,Mymensingh,Mymensingh,2025-04-01,24891.2265625,1.1151715517044067,0.8327896620240415,27.5762882232666,0.3656249966796707,2.410123353864098,0,1
BGD,Rajshahi,Naogaon,2025-04-01,11460.705078125,0.6498948931694031,0.6200509116134219,8.926434516906738,0.1306875487062684,1.460958548411942,0,1
BGD,Khulna,Narail,2025-04-01,2647.85400390625,0.5314544439315796,0.5759053264749695,10.795860290527344,0.080930437326322,1.1211716625389614,1,1
BGD,Dhaka,Narayanganj,2025-04-01,24739.1484375,6.844982147216797,4.507043338146277,147.19631958007812,1.235239033722041,20.172574339838203,0,1
BGD,Dhaka,Narsingdi,2025-04-01,9985.3408203125,1.732804775238037,1.04925687634354,78.65165710449219,0.404480037054074,5.158310725491279,0,1
BGD,Rajshahi,Natore,2025-04-01,7002.09326171875,0.7167792916297913,0.7021144938733977,6.632651329040527,0.1548467099229998,1.376936238924502,0,1
BGD,Mymensingh,Netrakona,2025-04-01,6006.41796875,0.4152871370315552,0.5274136527949201,9.018061637878418,0.0558442704206266,1.0023450868020989,0,1
BGD,Rangpur,Nilphamari,2025-04-01,6972.9453125,0.8131328225135803,0.6762389838923526,22.47542381286621,0.1891591332990562,1.7408528425825949,0,1
BGD,Chattogram,Noakhali,2025-04-01,10116.0576171875,0.8132048845291138,0.75426826704717,12.77875518798828,0.0525209163208702,1.7427325379640242,0,1
BGD,Rajshahi,Pabna,2025-04-01,11788.158203125,0.9699732661247252,0.7703193674170499,29.34255599975586,0.0035721653751327,2.2964368855600346,0,1
BGD,Rangpur,Panchagarh,2025-04-01,7331.78271484375,1.033716320991516,0.8217705516750212,11.35151481628418,0.5170815828232452,2.3601176335739247,0,1
BGD,Chattogram,Parbattya Chattagram,2025-04-01,7782.7470703125,0.2665312886238098,0.0596047842783931,95.22115325927734,0.0059604784278393,0.7005741182579129,0,1
BGD,Barishal,Patuakhali,2025-04-01,7650.76220703125,0.6637076735496521,0.5877061073186794,62.95875930786133,0.0920682815799837,1.2302941592122685,1,1
BGD,Barishal,Pirojpur,2025-04-01,2811.515625,0.4762182533740997,0.5625893084707554,4.69057559967041,0.0772624870628709,0.9506927445105672,1,1
BGD,Dhaka,Rajbari,2025-04-01,3593.00048828125,0.6466107964515686,0.6486065198752354,5.10829496383667,0.089411344396395,1.33830117732899,1,1
BGD,Rajshahi,Rajshahi,2025-04-01,12531.6669921875,1.0211799144744873,0.6872968639851071,27.93468475341797,0.2096607429351934,2.1380454203203367,0,1
BGD,Rangpur,Rangpur,2025-04-01,12691.09765625,1.06123948097229,0.7958929783465106,21.01631546020508,0.4565988613247845,2.314732944799649,0,1
BGD,Khulna,Satkhira,2025-04-01,7105.662109375,0.6220007538795471,0.6372520988433529,7.944591999053955,0.0893860414396169,1.3911292100766126,1,1
BGD,Dhaka,Shariatpur,2025-04-01,3955.243896484375,0.7193410396575928,0.6762838586554094,22.400903701782227,0.0637254029628271,1.442489672679436,1,1
BGD,Mymensingh,Sherpur,2025-04-01,5872.9814453125,0.8613386750221252,0.7990660859460784,9.73926830291748,0.2795373052729885,1.5851272399810574,0,1
BGD,Rajshahi,Sirajganj,2025-04-01,10495.4267578125,0.8207036256790161,0.7594981551540657,32.2197265625,0.0648343001157816,1.941586710899287,0,1
BGD,Sylhet,Sunamganj,2025-04-01,6533.5615234375,0.3448719680309295,0.0086006083453612,14.56093406677246,0.0008600608345361,1.066027387942035,0,1
BGD,Sylhet,Sylhet,2025-04-01,15087.2412109375,0.8560011386871338,0.6357665985031132,42.3853874206543,0.0758415531153451,2.490661914315464,0,1
BGD,Dhaka,Tangail,2025-04-01,17614.353515625,1.0227376222610474,0.8700458133931742,20.01369857788086,0.2065545371998,2.1111485447610496,0,1
BGD,Rangpur,Thakurgaon,2025-04-01,8507.1376953125,0.9047632217407228,0.757004048720381,11.947362899780272,0.3557235876584568,1.9415646500578725,0,1
BGD,Khulna,Bagerhat,2025-05-01,6061.4765625,0.5997294187545776,0.4229642749639051,162.35313415527344,0.0422964274963905,1.323354886717922,1,1
BGD,Chattogram,Bandarban,2025-05-01,1772.7723388671875,0.0766380876302719,0.2771155003086316,8.036493301391602,0.0277115500308631,0.620937391381287,0,1
BGD,Barishal,Barguna,2025-05-01,2346.598388671875,0.3711435198783874,0.4791516860986789,29.13788414001465,0.0479151686098678,0.9051196177732364,1,1
BGD,Barishal,Barisal,2025-05-01,6208.73193359375,0.5674057602882385,0.532909952489924,26.177953720092773,0.0597389253992372,1.4117749697723088,1,1
BGD,Barishal,Bhola,2025-05-01,3999.41357421875,0.4563310444355011,0.521978482192321,27.20207023620605,0.0533739496802562,1.1211554473528582,1,1
BGD,Rajshahi,Bogura,2025-05-01,12444.09375,0.8279194235801697,0.6855602135816274,13.41364860534668,0.1045359666150707,2.297335111994433,0,1
BGD,Chattogram,Brahmanbaria,2025-05-01,10541.4091796875,1.0877749919891355,0.8516652917731308,33.447486877441406,0.1605951904988553,2.7937442182201337,0,1
BGD,Chattogram,Chandpur,2025-05-01,5942.15478515625,0.7994086146354675,0.7493219678142077,12.842658042907717,0.1769474494880537,1.4051074331685407,0,1
BGD,Rajshahi,Chapainawabganj,2025-05-01,7924.05908203125,0.8913517594337463,0.7907288551039611,10.985605239868164,0.1988555110612338,2.0408506360679914,0,1
BGD,Chattogram,Chittagong,2025-05-01,51579.828125,2.383829593658448,1.008899876507234,814.1278686523436,0.1628465434705178,8.009031593746407,0,1
BGD,Khulna,Chuadanga,2025-05-01,5481.806640625,0.9398175477981568,0.8435171083773221,8.360237121582031,0.2600980352820421,1.9537531619101625,1,1
BGD,Chattogram,Cox's Bazar,2025-05-01,11259.6396484375,1.0903974771499634,0.7294559784876136,147.5528106689453,0.0768376825613547,3.093253944173794,0,1
BGD,Chattogram,Cumilla,2025-05-01,23451.205078125,1.5004231929779053,1.1602559456596386,27.174610137939453,0.6568182330330934,3.503641167237604,0,1
BGD,Dhaka,Dhaka,2025-05-01,63588.91015625,8.612274169921875,2.4806872535784232,389.8450927734375,0.5780190052874213,38.17133724248081,0,1
BGD,Rangpur,Dinajpur,2025-05-01,15591.220703125,0.8730500340461731,0.7760714197562536,14.43366527557373,0.1632585606467392,1.923639225887078,0,1
BGD,Dhaka,Faridpur,2025-05-01,7121.26171875,0.7257837057113647,0.6553812883507019,14.604774475097656,0.102447788860871,1.7369684834842785,1,1
BGD,Chattogram,Feni,2025-05-01,6651.77001953125,1.4750783443450928,1.1644334288271505,31.51847648620605,0.7422892305361855,3.042758689676472,0,1
BGD,Rangpur,Gaibandha,2025-05-01,6213.42626953125,0.5546600222587585,0.6071421326465969,7.873164176940918,0.0751124124537759,1.2276766930052454,0,1
BGD,Dhaka,Gazipur,2025-05-01,28174.5390625,3.1252360343933105,1.52346590574261,83.24515533447266,0.7272873390200216,11.171465158239323,0,1
BGD,Dhaka,Gopalganj,2025-05-01,3588.2578125,0.4839480221271515,0.5320591287908292,14.228519439697266,0.0566960067385464,1.28906259808341,1,1
BGD,Sylhet,Habiganj,2025-05-01,10185.2236328125,0.7694994211196899,0.617485471508342,41.46486282348633,0.069270546071726,2.130669739281163,0,1
BGD,Rajshahi,Jaipurhat,2025-05-01,4119.16162109375,0.8261322379112244,0.7358736119463251,12.439719200134276,0.2897498908284993,1.6130945195929136,0,1
BGD,Mymensingh,Jamalpur,2025-05-01,6427.595703125,0.6079844236373901,0.6118158681338126,12.581865310668944,0.0826207837178157,1.4242192831335756,0,1
BGD,Khulna,Jashore,2025-05-01,14097.52734375,1.0721797943115234,0.8608081986408439,99.46458435058594,0.2541358880944754,2.42543871439248,1,1
BGD,Barishal,Jhalakati,2025-05-01,1552.305908203125,0.4306436777114868,0.5110470240184286,12.540857315063477,0.0534134559343145,1.1065077020064025,1,1
BGD,Khulna,Jhenaidah,2025-05-01,7248.775390625,0.7246392965316772,0.6951240170573969,14.481219291687012,0.1225913059610066,1.6575835273941073,1,1
BGD,Chattogram,Khagrachari,2025-05-01,3714.412841796875,0.2562291026115417,0.3662077839968242,7.969254016876221,0.0366207783996824,0.9725923181902753,0,1
BGD,Khulna,Khulna,2025-05-01,8909.7890625,0.864973783493042,0.566944907784049,26.10892105102539,0.0610612685972406,3.254513369662636,1,1
BGD,Dhaka,Kishoreganj,2025-05-01,6083.15380859375,0.4638095498085022,0.4937721215213765,12.87291145324707,0.0493772121521376,1.3594238687745872,0,1
BGD,Rangpur,Kurigram,2025-05-01,7251.927734375,0.6184715032577515,0.5955328274745624,10.851117134094238,0.0432383678192172,1.849479247420316,0,1
BGD,Khulna,Kushtia,2025-05-01,8623.0966796875,1.0275099277496338,0.8151337857864251,19.696378707885746,0.1618887470033986,2.443746279137402,1,1
BGD,Chattogram,Lakshmipur,2025-05-01,4864.798828125,0.7954643368721008,0.7663613507704158,9.760695457458496,0.1438974848537579,1.590102617773081,0,1
BGD,Rangpur,Lalmonirhat,2025-05-01,6878.06396484375,1.068605661392212,0.9100912479455052,22.6826286315918,0.2627815639990751,2.362078068221318,0,1
BGD,Dhaka,Madaripur,2025-05-01,3753.8427734375,0.6731460690498352,0.6396176042852589,10.599076271057127,0.1032290383756146,1.4892283742534758,1,1
BGD,Khulna,Magura,2025-05-01,2606.568603515625,0.4902502298355102,0.5677182286265745,9.365217208862305,0.069192669270883,1.077808694612921,1,1
BGD,Dhaka,Manikganj,2025-05-01,5198.16064453125,0.7794550061225891,0.6623217177971755,15.602746963500977,0.0944628496298195,1.999006714150376,0,1
BGD,Khulna,Meherpur,2025-05-01,4204.501953125,1.1416313648223877,0.9814697898591256,5.324471473693848,0.5649038866178956,2.279333727908462,1,1
BGD,Sylhet,Moulvibazar,2025-05-01,11855.484375,0.8578721284866333,0.808774585971502,11.19434928894043,0.1772343940165884,1.807186801759492,0,1
BGD,Dhaka,Munshiganj,2025-05-01,7530.2744140625,1.761405110359192,1.1996405132189758,106.4834213256836,0.5088950940144542,4.858947598782658,0,1
BGD,Mymensingh,Mymensingh,2025-05-01,19353.447265625,0.8670691251754761,0.682145441088871,31.91532516479492,0.1214048050197962,1.981965061221212,0,1
BGD,Rajshahi,Naogaon,2025-05-01,9132.2587890625,0.5178571939468384,0.5594635568627079,11.588194847106934,0.068697638079949,1.4226536459757253,0,1
BGD,Khulna,Narail,2025-05-01,2401.774658203125,0.4820635318756103,0.5575191003325194,13.289665222167969,0.0671208244924715,1.0435184550201348,1,1
BGD,Dhaka,Narayanganj,2025-05-01,23679.505859375,6.551793575286865,3.945159842755409,128.19778442382812,1.0819206240815649,21.3066284345848,0,1
BGD,Dhaka,Narsingdi,2025-05-01,9972.9951171875,1.7306623458862305,1.0229340684752932,84.34676361083984,0.5862831588715155,4.850801711786712,0,1
BGD,Rajshahi,Natore,2025-05-01,6824.1123046875,0.6985600590705872,0.6840972595786446,6.961542129516602,0.1255981045873067,1.4675328562413796,0,1
BGD,Mymensingh,Netrakona,2025-05-01,5041.9404296875,0.3486026227474212,0.4805834804003181,8.877668380737305,0.0480583480400318,0.9081536313337798,0,1
BGD,Rangpur,Nilphamari,2025-05-01,6673.0517578125,0.7781615257263184,0.6691544042145692,22.525718688964844,0.1020792599526452,1.9445347469638512,0,1
BGD,Chattogram,Noakhali,2025-05-01,9770.1474609375,0.785398006439209,0.7499748619372921,12.55715560913086,0.0671807850856657,1.790495101824603,0,1
BGD,Rajshahi,Pabna,2025-05-01,10265.1640625,0.8442388772964478,0.6583029362129597,27.837722778320312,0.096182545706565,2.263693533731341,0,1
BGD,Rangpur,Panchagarh,2025-05-01,7807.91357421875,1.100846529006958,0.9071567156838484,19.292911529541016,0.2257881602120772,2.65243407929254,0,1
BGD,Chattogram,Parbattya Chattagram,2025-05-01,2204.468017578125,0.0755468979477882,0.2789057489807704,11.384991645812988,0.027890574898077,0.5825428185561703,0,1
BGD,Barishal,Patuakhali,2025-05-01,5920.7783203125,0.5136306285858154,0.5080812687633047,69.5551528930664,0.0520433229282007,1.135850128290761,1,1
BGD,Barishal,Pirojpur,2025-05-01,1787.6495361328125,0.3027944564819336,0.2997598489265606,4.53458833694458,0.029975984892656,0.8734773535261341,1,1
BGD,Dhaka,Rajbari,2025-05-01,2894.700439453125,0.520867645740509,0.5748469399188381,11.454632759094238,0.0677766531238488,1.2760495085478174,1,1
BGD,Rajshahi,Rajshahi,2025-05-01,11795.1396484375,0.961161732673645,0.6702736113677848,31.008373260498047,0.1118895457074785,2.1675525108659386,0,1
BGD,Rangpur,Rangpur,2025-05-01,12117.7919921875,1.0132992267608645,0.766531379047464,21.651233673095703,0.2362305996252806,2.428927627179264,0,1
BGD,Khulna,Satkhira,2025-05-01,6949.50146484375,0.6082985997200012,0.6292421059261321,7.97954511642456,0.0509174434099563,1.5099511925630578,1,1
BGD,Dhaka,Shariatpur,2025-05-01,3912.963134765625,0.7120344638824463,0.6825428312437969,16.20028305053711,0.1351647479244223,1.3653971783375545,1,1
BGD,Mymensingh,Sherpur,2025-05-01,4903.06298828125,0.7190892696380615,0.6832960192690924,12.303504943847656,0.1728325577013913,1.3687785183429366,0,1
BGD,Rajshahi,Sirajganj,2025-05-01,8828.1103515625,0.6894630193710327,0.6573173209381185,33.76430130004883,0.0636559370434993,1.757867040777909,0,1
BGD,Sylhet,Sunamganj,2025-05-01,5414.328125,0.2858237624168396,0.1476252916460658,18.881591796875,0.0147625291646065,0.990833581053244,0,1
BGD,Sylhet,Sylhet,2025-05-01,16903.58984375,0.9590548872947692,0.721736231002259,32.116512298583984,0.0977409162240325,2.6495844639735098,0,1
BGD,Dhaka,Tangail,2025-05-01,13514.3056640625,0.7844498157501221,0.6794004349183029,19.879825592041016,0.1284826443056066,1.8228412691678555,0,1
BGD,Rangpur,Thakurgaon,2025-05-01,9163.2724609375,0.9745453596115112,0.8670244647644247,16.802837371826172,0.1991839460448021,2.070959958131215,0,1
BGD,Khulna,Bagerhat,2025-06-01,6063.47314453125,0.6113007068634033,0.5221885866011733,117.91728973388672,0.0424643763502171,1.6963251539813982,1,1
BGD,Chattogram,Bandarban,2025-06-01,2511.67138671875,0.1086242496967315,0.2919079726684643,13.130393028259276,0.0291907972668464,0.6153375794355914,0,1
BGD,Barishal,Barguna,2025-06-01,1105.5010986328125,0.1749590039253235,0.306168607052268,40.05207061767578,0.0306168607052268,0.6951718936534464,1,1
BGD,Barishal,Barisal,2025-06-01,4895.17529296875,0.4481129944324493,0.3985541777970619,33.669979095458984,0.0398554177797061,1.8213122113176377,1,1
BGD,Barishal,Bhola,2025-06-01,1803.9986572265625,0.2059765607118606,0.146433806323365,35.71798324584961,0.0146433806323365,0.7696063867538319,1,1
BGD,Rajshahi,Bogura,2025-06-01,9337.296875,0.6212620735168457,0.552913683673212,17.371997833251953,0.062255116518781,1.8802724509127848,0,1
BGD,Chattogram,Brahmanbaria,2025-06-01,9050.7685546875,0.9343405365943908,0.6394644328038801,25.871070861816406,0.0382522545136223,3.407772468645098,0,1
BGD,Chattogram,Chandpur,2025-06-01,5281.1103515625,0.7107240557670593,0.6529622596081338,15.907635688781738,0.1180157293075518,1.7293385135931458,0,1
BGD,Rajshahi,Chapainawabganj,2025-06-01,4964.189453125,0.5585623979568481,0.5660145218935742,21.97998237609864,0.0301244729794047,1.5049005449013932,0,1
BGD,Chattogram,Chittagong,2025-06-01,54630.12890625,2.5248031616210938,0.8468273462897689,194.2304077148437,0.0923558055659014,10.210204072648212,0,1
BGD,Khulna,Chuadanga,2025-06-01,4377.41650390625,0.7504775524139404,0.6588869052212983,10.914761543273926,0.1012849915366656,2.243860996765325,1,1
BGD,Chattogram,Cox's Bazar,2025-06-01,12801.1865234375,1.2424914836883545,0.6637998975848297,195.6385803222656,0.0634754471118793,3.906918677796479,0,1
BGD,Chattogram,Cumilla,2025-06-01,20715.01171875,1.3253597021102903,1.0048799421520114,24.972671508789062,0.1840869887042549,3.730902361976284,0,1
BGD,Dhaka,Dhaka,2025-06-01,54426.23046875,7.371992111206055,1.803850836030067,234.95860290527344,0.1165289451266942,33.05171805310723,0,1
BGD,Rangpur,Dinajpur,2025-06-01,10226.2861328125,0.5726337432861328,0.5784657092925594,16.952228546142578,0.0657675163993553,1.5676526888262714,0,1
BGD,Dhaka,Faridpur,2025-06-01,3147.470703125,0.3218784034252167,0.3472481884832928,18.19802474975586,0.0347248188483292,1.2500018521200933,1,1
BGD,Chattogram,Feni,2025-06-01,6141.19140625,1.361853837966919,1.0594543517874042,32.30960464477539,0.610842287662318,3.06370815376491,0,1
BGD,Rangpur,Gaibandha,2025-06-01,5094.623046875,0.4547867178916931,0.5278271737974982,15.876562118530272,0.0570019332830211,1.118118630108908,0,1
BGD,Dhaka,Gazipur,2025-06-01,26197.5390625,2.9059388637542725,1.2499649908181956,68.14925384521484,0.2002122675600934,10.680587342232252,0,1
BGD,Dhaka,Gopalganj,2025-06-01,1763.64599609375,0.2381518483161926,0.3352741478666808,17.845611572265625,0.033527414786668,0.968061593903678,1,1
BGD,Sylhet,Habiganj,2025-06-01,10597.888671875,0.8006765246391296,0.5616842595160192,36.43043518066406,0.0242498453897696,2.872991929938004,0,1
BGD,Rajshahi,Jaipurhat,2025-06-01,3017.556884765625,0.6051962375640869,0.5953374284264983,6.866815090179443,0.0838068768571633,1.4730714917102887,0,1
BGD,Mymensingh,Jamalpur,2025-06-01,3713.075927734375,0.3512187600135803,0.4102911243950423,12.239307403564451,0.0410291124395042,1.1259042480850154,0,1
BGD,Khulna,Jashore,2025-06-01,14752.3193359375,1.121979594230652,0.7101104568184402,80.13896942138672,0.1941569697475547,3.5299762972303643,1,1
BGD,Barishal,Jhalakati,2025-06-01,1094.19189453125,0.3039067089557647,0.3544760697716809,33.669979095458984,0.035447606977168,1.0923250578911343,1,1
BGD,Khulna,Jhenaidah,2025-06-01,6075.69775390625,0.6073700785636902,0.5917548956194996,12.097678184509276,0.0756951691394795,1.694982867152792,1,1
BGD,Chattogram,Khagrachari,2025-06-01,3690.650634765625,0.2545899450778961,0.3448857779873985,7.977108478546143,0.0344885777987398,1.068905153991759,0,1
BGD,Khulna,Khulna,2025-06-01,10551.583984375,1.0261422395706177,0.5866006216794134,31.2191104888916,0.0665702878114816,4.016501645533802,1,1
BGD,Dhaka,Kishoreganj,2025-06-01,6145.955078125,0.4687050282955169,0.1059317907333951,11.449925422668455,0.0105931790733395,1.480757023291413,0,1
BGD,Rangpur,Kurigram,2025-06-01,5388.84423828125,0.4595807492733001,0.144291233259592,9.631977081298828,0.0144291233259592,2.141902219914628,0,1
BGD,Khulna,Kushtia,2025-06-01,6183.888671875,0.7377131581306458,0.6409740699592266,16.549888610839844,0.0489107963455956,2.0950880273881407,1,1
BGD,Chattogram,Lakshmipur,2025-06-01,3670.691162109375,0.6006763577461243,0.6074326947786918,9.158937454223633,0.0764739699375047,1.6241054569739743,0,1
BGD,Rangpur,Lalmonirhat,2025-06-01,5072.39501953125,0.7880691289901733,0.6332466329265304,20.70319366455078,0.0780624799424609,2.536687502423013,0,1
BGD,Dhaka,Madaripur,2025-06-01,2429.3310546875,0.4376100599765777,0.5045174402388732,9.365137100219728,0.050985548823146,1.2340010715195329,1,1
BGD,Khulna,Magura,2025-06-01,474.6397705078125,0.0892714858055114,0.2752901740978039,9.044156074523926,0.0275290174097803,0.6260071839539622,1,1
BGD,Dhaka,Manikganj,2025-06-01,2129.69140625,0.318989098072052,0.1420913677797239,18.880409240722656,0.0142091367779723,1.4785333463516162,0,1
BGD,Khulna,Meherpur,2025-06-01,3083.146240234375,0.8371541500091553,0.6902586621839553,11.470159530639648,0.1196556307253778,2.406680198171532,1,1
BGD,Sylhet,Moulvibazar,2025-06-01,11870.00390625,0.8596069812774658,0.7762829694981697,24.17903709411621,0.0331394650240686,2.214439051116587,0,1
BGD,Dhaka,Munshiganj,2025-06-01,6824.5810546875,1.6008208990097046,0.9806719516891134,182.10821533203125,0.2525514529803404,5.119647520716938,0,1
BGD,Mymensingh,Mymensingh,2025-06-01,14322.583984375,0.6416774392127991,0.5426985257567352,28.898542404174805,0.0562557423772563,1.9837671602229017,0,1
BGD,Rajshahi,Naogaon,2025-06-01,7324.771484375,0.4153611660003662,0.5151006622235849,11.165482521057127,0.0533383858127346,1.0708135847077216,0,1
BGD,Khulna,Narail,2025-06-01,1280.6253662109375,0.2570360898971557,0.3806262131642865,10.29716682434082,0.0380626213164286,0.8101422476783239,1,1
BGD,Dhaka,Narayanganj,2025-06-01,21166.3046875,5.856425285339356,3.0020486491068703,182.10821533203125,0.3952311101878364,20.20396656666781,0,1
BGD,Dhaka,Narsingdi,2025-06-01,8048.99169921875,1.3967807292938232,0.8442861401481662,112.0608139038086,0.1512102766309936,4.165579688085683,0,1
BGD,Rajshahi,Natore,2025-06-01,4234.4619140625,0.4335547387599945,0.5081803136899862,8.62117862701416,0.0287312678067219,1.252403919413106,0,1
BGD,Mymensingh,Netrakona,2025-06-01,3070.8642578125,0.2123212963342666,0.1051635719013374,13.27418041229248,0.0105163571901337,0.819577072388116,0,1
BGD,Rangpur,Nilphamari,2025-06-01,3192.0947265625,0.372238278388977,0.3699340045394145,30.04307174682617,0.0369934004539414,1.3514013166281458,0,1
BGD,Chattogram,Noakhali,2025-06-01,7060.2041015625,0.567734956741333,0.5933745203334725,16.007366180419922,0.0394178394062434,1.388982089472825,0,1
BGD,Rajshahi,Pabna,2025-06-01,6670.02197265625,0.5490134358406067,0.3619150552808742,29.92819023132324,0.0361915055280874,1.7717446428717345,0,1
BGD,Rangpur,Panchagarh,2025-06-01,4993.92724609375,0.7040994167327881,0.5899524063162943,19.941675186157227,0.0603385941543384,2.3672849277818298,0,1
BGD,Chattogram,Parbattya Chattagram,2025-06-01,3411.257080078125,0.1169240996241569,0.0617033216062942,11.384991645812988,0.0061703321606294,0.7866726886058969,0,1
BGD,Barishal,Patuakhali,2025-06-01,4373.857421875,0.3800193667411804,0.323140948583434,63.11101150512695,0.0323140948583434,1.0093542068628552,1,1
BGD,Barishal,Pirojpur,2025-06-01,895.2877807617188,0.1516450345516204,0.3075495521989713,5.235910415649414,0.0307549552198971,0.71092474133098,1,1
BGD,Dhaka,Rajbari,2025-06-01,927.346740722656,0.1670766621828079,0.1310448854674518,7.528439521789551,0.0131044885467451,0.9692366404954282,1,1
BGD,Rajshahi,Rajshahi,2025-06-01,9421.4345703125,0.7677333950996399,0.5575631626984633,43.348175048828125,0.0414430077168744,1.672092499466688,0,1
BGD,Rangpur,Rangpur,2025-06-01,10478.0693359375,0.876184344291687,0.6399428093145048,26.83036231994629,0.0909045244284226,2.474703989511905,0,1
BGD,Khulna,Satkhira,2025-06-01,8265.51953125,0.7317218780517578,0.6271570699299439,14.431739807128906,0.0242118294513192,2.415045403314367,1,1
BGD,Dhaka,Shariatpur,2025-06-01,2918.747802734375,0.5314780473709106,0.5697742344661542,20.185806274414062,0.0696488192592877,1.145785764502215,1,1
BGD,Mymensingh,Sherpur,2025-06-01,2656.333740234375,0.3895811736583709,0.350249464664307,11.29140853881836,0.0350249464664307,1.2166749383200883,0,1
BGD,Rajshahi,Sirajganj,2025-06-01,3790.593017578125,0.2959162890911102,0.0542068355343604,37.68989181518555,0.005420683553436,1.195192725410511,0,1
BGD,Sylhet,Sunamganj,2025-06-01,3526.47509765625,0.1862050294876098,0.0569325606277234,21.804481506347656,0.0056932560627723,0.9034301912327888,0,1
BGD,Sylhet,Sylhet,2025-06-01,16242.8349609375,0.92156583070755,0.5907155261781678,115.97836303710938,0.0386592863487109,3.3833845245475085,0,1
BGD,Dhaka,Tangail,2025-06-01,7996.97265625,0.4643086791038513,0.219889019930207,24.29939842224121,0.0219889019930207,1.6409867048804072,0,1
BGD,Rangpur,Thakurgaon,2025-06-01,6050.86376953125,0.6435300707817078,0.6184240173337673,15.654521942138672,0.0817222755795994,1.616778814121152,0,1
BGD,Khulna,Bagerhat,2025-07-01,3217.474365234375,0.4738736152648926,0.3625038762478073,53.98921585083008,0.0362503876247807,2.360307118149481,1,1
BGD,Chattogram,Bandarban,2025-07-01,1093.927734375,0.0676543712615966,0.2730384473997053,4.728135108947754,0.0273038447399705,0.5878557649414041,0,1
BGD,Barishal,Barguna,2025-07-01,805.8872680664062,0.1790747344493866,0.3055714743007303,40.05207061767578,0.030557147430073,0.7078878923148952,1,1
BGD,Barishal,Barisal,2025-07-01,3913.740234375,0.4485650062561035,0.3404167768971352,33.669979095458984,0.0340416776897135,2.213787980962054,1,1
BGD,Barishal,Bhola,2025-07-01,364.4996948242188,0.1092683374881744,0.280896571890957,4.934154033660889,0.0280896571890957,0.6933785830735087,1,1
BGD,Rajshahi,Bogura,2025-07-01,9918.6826171875,0.663654088973999,0.1728950535513573,18.60867500305176,0.0172895053551357,2.884088575789131,0,1
BGD,Chattogram,Brahmanbaria,2025-07-01,10581.9404296875,1.2068408727645874,0.7141030720903194,22.408803939819336,0.092996369184211,3.846085603809983,0,1
BGD,Chattogram,Chandpur,2025-07-01,5098.04296875,0.6980156898498535,0.6243132130031233,12.936016082763672,0.1030532440663523,2.1100995215768235,0,1
BGD,Rajshahi,Chapainawabganj,2025-07-01,5997.88525390625,0.6911011934280396,0.5632109921070804,16.75299644470215,0.0127805670340399,2.6018620767921563,0,1
BGD,Chattogram,Chittagong,2025-07-01,16843.41015625,0.9304646253585817,0.6747819381899018,127.1159210205078,0.0722174950469597,2.8560251653696787,0,1
BGD,Khulna,Chuadanga,2025-07-01,2730.524169921875,0.5028153657913208,0.5114108857100381,9.782854080200195,0.0531986302695989,1.812216798740772,1,1
BGD,Chattogram,Cox's Bazar,2025-07-01,4421.77392578125,0.754764974117279,0.5831512348912361,36.44889831542969,0.0262730533628236,2.521444717600671,0,1
BGD,Chattogram,Cumilla,2025-07-01,19041.1484375,1.4230867624282837,0.9095841478700806,28.7493839263916,0.3469252819868301,3.920146642183728,0,1
BGD,Dhaka,Dhaka,2025-07-01,59842.1171875,8.14068603515625,1.7859256844128395,162.95175170898438,0.2526987398199704,35.44090971363991,0,1
BGD,Rangpur,Dinajpur,2025-07-01,11227.619140625,0.6287046670913696,0.5586586066048052,16.045074462890625,0.0611191091043566,2.068929012221619,0,1
BGD,Dhaka,Faridpur,2025-07-01,4449.705078125,0.4745182693004608,0.4436748702568084,19.45323181152344,0.0443674870256808,1.9151675527064869,1,1
BGD,Chattogram,Feni,2025-07-01,4651.23779296875,1.3395816087722778,0.9598420968937836,21.769649505615234,0.2284125921269234,3.562058520913508,0,1
BGD,Rangpur,Gaibandha,2025-07-01,3571.926025390625,0.3192635774612427,0.377929440136401,17.406824111938477,0.0377929440136401,0.9950923220879074,0,1
BGD,Dhaka,Gazipur,2025-07-01,34435.29296875,3.8539109230041504,2.191555915676819,68.71770477294922,0.5625560088237854,13.648835061009486,0,1
BGD,Dhaka,Gopalganj,2025-07-01,2174.786865234375,0.2970049083232879,0.3896064065974742,13.672304153442385,0.0389606406597474,1.025654483688594,1,1
BGD,Sylhet,Habiganj,2025-07-01,7449.6904296875,0.5659370422363281,0.3271038371518722,29.09905433654785,0.0327103837151872,2.4330272401054924,0,1
BGD,Rajshahi,Jaipurhat,2025-07-01,2851.3095703125,0.5718539357185364,0.5429156255342605,15.020204544067385,0.0590391121297396,1.9317922440230004,0,1
BGD,Mymensingh,Jamalpur,2025-07-01,3913.77490234375,0.3713095486164093,0.3938697828992952,13.316293716430664,0.0393869782899295,1.4173685685918227,0,1
BGD,Khulna,Jashore,2025-07-01,9268.166015625,0.875547468662262,0.621835533534499,77.12234497070312,0.0872228667695625,3.0309242347422165,1,1
BGD,Barishal,Jhalakati,2025-07-01,826.526611328125,0.4032899141311645,0.3695891101892056,33.669979095458984,0.0369589110189205,2.096559995595252,1,1
BGD,Khulna,Jhenaidah,2025-07-01,2513.24609375,0.3063343167304992,0.3747420968180172,11.60812759399414,0.0374742096818017,1.1127162524603038,1,1
BGD,Chattogram,Khagrachari,2025-07-01,2614.763916015625,0.1804414093494415,0.3082063557962529,6.98839807510376,0.0308206355796252,0.944044886770682,0,1
BGD,Khulna,Khulna,2025-07-01,8914.72265625,1.013497233390808,0.4972737861072117,31.2191104888916,0.0497273786107211,4.736179820158935,1,1
BGD,Dhaka,Kishoreganj,2025-07-01,5670.416015625,0.4334191083908081,0.3561153177739085,13.80521011352539,0.0356115317773908,1.6961957985509817,0,1
BGD,Rangpur,Kurigram,2025-07-01,4780.275390625,0.4136426448822021,0.3369848148228386,14.074329376220703,0.0336984814822838,1.6727994696886197,0,1
BGD,Khulna,Kushtia,2025-07-01,6917.603515625,0.8374520540237427,0.5549745854635241,30.86689186096192,0.0474148406174332,3.1515642045703047,1,1
BGD,Chattogram,Lakshmipur,2025-07-01,3130.96240234375,0.7516125440597534,0.6478432279766276,11.475804328918455,0.1112399321549349,2.286420144044914,0,1
BGD,Rangpur,Lalmonirhat,2025-07-01,4295.130859375,0.6673099994659424,0.6183513369671407,8.945219039916992,0.0659073731933934,1.9318606733439183,0,1
BGD,Dhaka,Madaripur,2025-07-01,1891.2552490234373,0.3457817733287811,0.4237730247546358,7.648494243621826,0.0423773024754635,1.1130613605954442,1,1
BGD,Khulna,Magura,2025-07-01,811.17236328125,0.152596116065979,0.3129325328675957,11.291842460632324,0.0312932532867595,0.7082902731619501,1,1
BGD,Dhaka,Manikganj,2025-07-01,3511.7158203125,0.5492738485336304,0.5191128669202516,23.3083438873291,0.0538519710182439,1.9042393478991253,0,1
BGD,Khulna,Meherpur,2025-07-01,2960.7724609375,0.8511501550674438,0.6275981700451319,10.03388786315918,0.0975777185559463,2.6733704324606364,1,1
BGD,Sylhet,Moulvibazar,2025-07-01,7736.44287109375,0.5740699172019958,0.5582885921976384,14.819448471069336,0.0606289756788856,1.955883883939984,0,1
BGD,Dhaka,Munshiganj,2025-07-01,8748.783203125,2.070516586303711,1.0305941801962095,107.053466796875,0.1822690579632881,7.0284955103064775,0,1
BGD,Mymensingh,Mymensingh,2025-07-01,14274.7939453125,0.6403748393058777,0.525006342712697,28.64345359802246,0.0499444817730778,2.168850855519348,0,1
BGD,Rajshahi,Naogaon,2025-07-01,7401.82373046875,0.4199686646461487,0.0830389472680335,18.31846618652344,0.0083038947268033,1.5529970839317748,0,1
BGD,Khulna,Narail,2025-07-01,1081.171142578125,0.2170469313859939,0.3492272779356791,11.567480087280272,0.0349227277935679,0.8094323472035296,1,1
BGD,Dhaka,Narayanganj,2025-07-01,30810.783203125,8.795940399169922,6.334129880071643,107.053466796875,1.2306342476930272,24.90134784946106,0,1
BGD,Dhaka,Narsingdi,2025-07-01,9692.833984375,1.7134578227996826,0.7637728159763642,68.71770477294922,0.1781919575331006,6.174331625438116,0,1
BGD,Rajshahi,Natore,2025-07-01,3411.097412109375,0.3493795692920685,0.2195336527550528,9.123506546020508,0.0219533652755052,1.2326938280795932,0,1
BGD,Mymensingh,Netrakona,2025-07-01,1900.2171630859373,0.1315361261367797,0.2958703239609311,8.845306396484375,0.0295870323960931,0.7303946857147071,0,1
BGD,Rangpur,Nilphamari,2025-07-01,3524.840087890625,0.4110405445098877,0.4312998356946058,18.112529754638672,0.0431299835694605,1.3073981905712189,0,1
BGD,Chattogram,Noakhali,2025-07-01,5485.435546875,0.7191308736801147,0.6458356879213764,13.317964553833008,0.0216023251944382,2.239374872817894,0,1
BGD,Rajshahi,Pabna,2025-07-01,8455.1015625,0.7141774296760559,0.5006176418583617,30.86689186096192,0.0383598866782786,2.8450044105981105,0,1
BGD,Rangpur,Panchagarh,2025-07-01,6569.0771484375,0.9262773990631104,0.6402899265234488,24.77715301513672,0.0910354559836752,2.953356987343408,0,1
BGD,Chattogram,Parbattya Chattagram,2025-07-01,1169.31640625,0.041204746812582,0.1914385038865532,10.649981498718262,0.0191438503886553,0.504382683152489,0,1
BGD,Barishal,Patuakhali,2025-07-01,935.8890991210936,0.1703581064939499,0.307038499289482,36.9716796875,0.0307038499289482,0.6749868704466863,1,1
BGD,Barishal,Pirojpur,2025-07-01,478.9073486328125,0.0997297465801239,0.2794278328534044,5.333338737487793,0.0279427832853404,0.598499742946199,1,1
BGD,Dhaka,Rajbari,2025-07-01,1513.5582275390625,0.2868517935276031,0.3790718430408015,5.488686561584473,0.0379071843040801,0.9714506990182674,1,1
BGD,Rajshahi,Rajshahi,2025-07-01,7623.43359375,0.6245229244232178,0.3517335654414109,31.4614315032959,0.035173356544141,2.4838439107035284,0,1
BGD,Rangpur,Rangpur,2025-07-01,7524.0048828125,0.6291631460189819,0.5261063942631006,19.522491455078125,0.039153435791794,2.1954365391762245,0,1
BGD,Khulna,Satkhira,2025-07-01,3973.6005859375,0.5250772833824158,0.4870160739249703,10.338820457458496,0.048701607392497,2.2800449272124856,1,1
BGD,Dhaka,Shariatpur,2025-07-01,2866.533935546875,0.5304678082466125,0.5474235446371934,18.507848739624023,0.063705624336905,1.391076437051744,1,1
BGD,Mymensingh,Sherpur,2025-07-01,3339.236572265625,0.4897406697273254,0.5273728301056616,11.19383430480957,0.0588287486009478,1.3400201075476506,0,1
BGD,Rajshahi,Sirajganj,2025-07-01,6211.68359375,0.4955151975154876,0.442994013669623,37.95109176635742,0.0442994013669622,2.1173735457726983,0,1
BGD,Sylhet,Sunamganj,2025-07-01,3168.884033203125,0.172589436173439,0.1872540790619084,21.186220169067383,0.0187254079061908,0.7754756212411791,0,1
BGD,Sylhet,Sylhet,2025-07-01,12589.890625,0.7457118034362793,0.5030795645677452,91.41560363769533,0.0504810402636262,2.706993858810264,0,1
BGD,Dhaka,Tangail,2025-07-01,10876.287109375,0.6325039267539978,0.5411654684837187,30.89792823791504,0.0518589646982521,2.2648833648424955,0,1
BGD,Rangpur,Thakurgaon,2025-07-01,6774.39306640625,0.7204799056053162,0.6156901759524014,15.322916030883787,0.0830154299633479,2.270295155423027,0,1
BGD,Khulna,Bagerhat,2025-08-01,4440.091796875,0.4397588074207306,0.2464843897996884,117.91728973388672,0.0246484389799688,1.2392878695870648,1,1
BGD,Chattogram,Bandarban,2025-08-01,929.4075317382812,0.0401788838207721,0.2624360503977677,9.851922035217283,0.0262436050397767,0.4986284957557587,0,1
BGD,Barishal,Barguna,2025-08-01,598.4971313476562,0.0946711078286171,0.2673721161628578,44.356201171875,0.0267372116162857,0.5478546319033373,1,1
BGD,Barishal,Barisal,2025-08-01,2757.788330078125,0.2554846107959747,0.0628958372532457,17.450698852539062,0.0062895837253245,1.1628657270792255,1,1
BGD,Barishal,Bhola,2025-08-01,934.07373046875,0.1078679487109184,0.2527658270969742,50.73008346557617,0.0252765827096974,0.64024402154209,1,1
BGD,Rajshahi,Bogura,2025-08-01,5640.9697265625,0.4022794663906097,0.0338808234047767,16.376728057861328,0.0033880823404776,1.89940424446874,0,1
BGD,Chattogram,Brahmanbaria,2025-08-01,10055.3486328125,1.1490771770477295,0.7740609331907081,22.408803939819336,0.1126282527614435,3.339000469945584,0,1
BGD,Chattogram,Chandpur,2025-08-01,3783.323486328125,0.6283519268035889,0.6099985881326457,12.525275230407717,0.0965589126761682,1.197835293123394,0,1
BGD,Rajshahi,Chapainawabganj,2025-08-01,2447.55859375,0.275553435087204,0.33656226928791,16.340635299682617,0.033656226928791,1.3527881586323385,0,1
BGD,Chattogram,Chittagong,2025-08-01,38969.64453125,2.206321954727173,0.7185571749564855,194.2304077148437,0.0796359776486374,7.843586751758468,0,1
BGD,Khulna,Chuadanga,2025-08-01,3116.02490234375,0.53431236743927,0.5031476930649692,11.293174743652344,0.0509556567763692,2.173090837108246,1,1
BGD,Chattogram,Cox's Bazar,2025-08-01,8387.095703125,0.8197849988937378,0.5562007634048988,195.6385803222656,0.0355207879406459,2.764376344404498,0,1
BGD,Chattogram,Cumilla,2025-08-01,20045.064453125,1.3741233348846436,0.8370531113407256,47.47684097290039,0.244206612846338,4.170074614300094,0,1
BGD,Dhaka,Dhaka,2025-08-01,51404.50390625,10.474292755126951,3.437657198526184,155.59088134765625,0.2597485680193067,40.626519819451055,0,1
BGD,Rangpur,Dinajpur,2025-08-01,5845.66357421875,0.3273536264896393,0.3800156773484288,13.295318603515623,0.0380015677348428,1.3005238864523292,0,1
BGD,Dhaka,Faridpur,2025-08-01,4840.82470703125,0.5043665170669556,0.1699115693177588,18.55091094970703,0.0169911569317758,2.15798390150218,1,1
BGD,Chattogram,Feni,2025-08-01,3157.08544921875,1.0235141515731812,0.8296093851848585,7.542952060699463,0.2429066815530226,2.253802330047987,0,1
BGD,Rangpur,Gaibandha,2025-08-01,2804.3818359375,0.2509916126728058,0.0551679358792393,15.39587688446045,0.0055167935879239,1.2043879553886152,0,1
BGD,Dhaka,Gazipur,2025-08-01,17976.705078125,3.1232638359069824,1.9602652237207283,68.71770477294922,0.5230495161362875,10.915681593915862,0,1
BGD,Dhaka,Gopalganj,2025-08-01,2602.9326171875,0.3556314408779144,0.3009232589725333,16.089126586914062,0.0300923258972533,1.4073964953043194,1,1
BGD,Sylhet,Habiganj,2025-08-01,5986.1767578125,0.6285979747772217,0.4289376678609367,63.40010452270508,0.0428937667860936,2.4778175983884543,0,1
BGD,Rajshahi,Jaipurhat,2025-08-01,1634.554931640625,0.3293714523315429,0.3906578005558911,8.608712196350098,0.0390657800555891,1.2544885535931751,0,1
BGD,Mymensingh,Jamalpur,2025-08-01,2917.948486328125,0.2773371934890747,0.0526566899951496,13.237979888916016,0.0052656689995149,1.263904794519931,0,1
BGD,Khulna,Jashore,2025-08-01,11948.1484375,0.9087790250778198,0.5988728679602423,62.7511100769043,0.0791818477680489,3.1583626428521585,1,1
BGD,Barishal,Jhalakati,2025-08-01,350.85357666015625,0.0973344668745994,0.268964974368671,18.91914939880371,0.0268964974368671,0.5979194281721945,1,1
BGD,Khulna,Jhenaidah,2025-08-01,3455.120849609375,0.345795065164566,0.3531519978392065,10.394180297851562,0.0353151997839206,2.0611920694379773,1,1
BGD,Chattogram,Khagrachari,2025-08-01,1725.312255859375,0.1451166421175003,0.3042429319259329,7.306329250335693,0.0304242931925932,0.7896629665933314,0,1
BGD,Khulna,Khulna,2025-08-01,8806.2177734375,0.8559975624084473,0.4292275429306405,31.2191104888916,0.042922754293064,4.082784882705416,1,1
BGD,Dhaka,Kishoreganj,2025-08-01,3793.567138671875,0.4866039454936981,0.4769623411402992,13.80521011352539,0.0476962341140299,1.6300814559737826,0,1
BGD,Rangpur,Kurigram,2025-08-01,5748.2900390625,0.5055275559425354,0.0627473005638677,13.97470474243164,0.0062747300563867,1.9258010559241825,0,1
BGD,Khulna,Kushtia,2025-08-01,3933.393798828125,0.5256022810935974,0.4194718778953826,12.960759162902832,0.0419471877895382,2.309414419991288,1,1
BGD,Chattogram,Lakshmipur,2025-08-01,2080.85986328125,0.4220538139343261,0.4575640186790725,11.475804328918455,0.0457564018679072,1.4462740165869654,0,1
BGD,Rangpur,Lalmonirhat,2025-08-01,5063.52197265625,0.8036216497421265,0.6757138101486527,13.335503578186035,0.0349474696585904,2.2774815371033776,0,1
BGD,Dhaka,Madaripur,2025-08-01,2309.67529296875,0.4453828632831573,0.2600262655724451,8.447799682617188,0.0260026265572445,1.981786045754616,1,1
BGD,Khulna,Magura,2025-08-01,768.160888671875,0.1445592790842056,0.1191261050705187,9.612055778503418,0.0119126105070518,0.7724179920239872,1,1
BGD,Dhaka,Manikganj,2025-08-01,3182.48876953125,0.7675099968910217,0.5118413751618647,14.631041526794434,0.0514183584712082,2.816466335851548,0,1
BGD,Khulna,Meherpur,2025-08-01,2833.185302734375,0.7692832946777344,0.6235097765735106,9.507689476013184,0.0725409663665219,2.501659102506092,1,1
BGD,Sylhet,Moulvibazar,2025-08-01,5488.3525390625,0.4885669946670532,0.4958103305371706,14.314191818237305,0.049581033053717,1.991505708672652,0,1
BGD,Dhaka,Munshiganj,2025-08-01,8098.44775390625,2.0372800827026367,1.0606943261906,107.8183135986328,0.1805008896266232,6.832260715094183,0,1
BGD,Mymensingh,Mymensingh,2025-08-01,13474.630859375,0.7314464449882507,0.5591121959943931,28.55048561096192,0.0598110246883844,2.400212652448248,0,1
BGD,Rajshahi,Naogaon,2025-08-01,3670.875732421875,0.210020050406456,0.3245781940973739,15.168047904968262,0.0324578194097373,1.039795218953816,0,1
BGD,Khulna,Narail,2025-08-01,762.1724243164062,0.1532227098941803,0.268920538597083,16.01533317565918,0.0268920538597083,0.958045654705712,1,1
BGD,Dhaka,Narayanganj,2025-08-01,27868.05078125,8.646308898925781,6.038607600655705,107.8183135986328,0.8194788477337073,24.92273626965041,0,1
BGD,Dhaka,Narsingdi,2025-08-01,8760.029296875,1.8330425024032595,0.8246538135721805,68.71770477294922,0.2081046703972866,6.64514427119191,0,1
BGD,Rajshahi,Natore,2025-08-01,1042.113037109375,0.1314073950052261,0.2927142244761249,5.464302062988281,0.0292714224476124,0.833857805108601,0,1
BGD,Mymensingh,Netrakona,2025-08-01,1830.1959228515625,0.1623875051736831,0.3050161274030459,13.111639022827148,0.0305016127403045,0.7096657133610667,0,1
BGD,Rangpur,Nilphamari,2025-08-01,3965.462646484375,0.4624226689338684,0.4821771209981895,17.6224308013916,0.0482177120998189,1.4172784030869752,0,1
BGD,Chattogram,Noakhali,2025-08-01,3971.80908203125,0.3489623665809631,0.1508384865219572,10.568469047546388,0.0150838486521957,1.0975135275527608,0,1
BGD,Rajshahi,Pabna,2025-08-01,3228.17236328125,0.3592423796653747,0.3306391499591961,29.92819023132324,0.0330639149959196,1.7489235531181386,0,1
BGD,Rangpur,Panchagarh,2025-08-01,4537.05078125,0.641846239566803,0.4686796051806803,24.16593170166016,0.046867960518068,2.59240491638224,0,1
BGD,Chattogram,Parbattya Chattagram,2025-08-01,1187.0792236328125,0.0440010279417037,0.1830280441144457,10.99131679534912,0.0183028044114445,0.3477532838174469,0,1
BGD,Barishal,Patuakhali,2025-08-01,2352.775146484375,0.2041763067245483,0.269962890056351,101.93494415283205,0.0269962890056351,0.598438223903944,1,1
BGD,Barishal,Pirojpur,2025-08-01,330.2059936523437,0.0559307299554348,0.2672913400709635,5.012845993041992,0.0267291340070963,0.5413160838482727,1,1
BGD,Dhaka,Rajbari,2025-08-01,1052.495361328125,0.2075542956590652,0.320187170399215,4.821164608001709,0.0320187170399215,1.0333322223006742,1,1
BGD,Rajshahi,Rajshahi,2025-08-01,5145.66064453125,0.4430680274963379,0.3264673679428243,28.560245513916016,0.0326467367942824,1.8428764645940303,0,1
BGD,Rangpur,Rangpur,2025-08-01,7571.287109375,0.6342306733131409,0.5376152823512759,22.229745864868164,0.0196431243065709,1.8271429584921657,0,1
BGD,Khulna,Satkhira,2025-08-01,6784.27197265625,0.5939215421676636,0.4679926907050868,14.134202003479004,0.0467992690705086,2.4409591925870737,1,1
BGD,Dhaka,Shariatpur,2025-08-01,2580.923583984375,0.4868778586387634,0.5150560522071843,17.858707427978516,0.0539230891578755,1.5287071078553398,1,1
BGD,Mymensingh,Sherpur,2025-08-01,2706.06640625,0.4156058430671692,0.3352018549820189,10.844191551208496,0.0335201854982018,1.3629722603493777,0,1
BGD,Rajshahi,Sirajganj,2025-08-01,2958.553466796875,0.2472259402275085,0.2266237486391921,34.80359649658203,0.0226623748639192,1.1110060436919107,0,1
BGD,Sylhet,Sunamganj,2025-08-01,1479.7080078125,0.1514876186847686,0.2883945307053114,18.068435668945312,0.0288394530705311,0.7636751885502288,0,1
BGD,Sylhet,Sylhet,2025-08-01,10451.0078125,0.6891753673553467,0.4393160191167219,98.77752685546876,0.0439316019116721,2.5552883256328345,0,1
BGD,Dhaka,Tangail,2025-08-01,5531.1611328125,0.3722820878028869,0.4302252244427153,10.94983196258545,0.0430225224442715,1.2215069371735792,0,1
BGD,Rangpur,Thakurgaon,2025-08-01,4812.01806640625,0.5117746591567993,0.4724858744689144,13.372870445251465,0.0472485874468914,1.766508304791662,0,1
BGD,Khulna,Bagerhat,2025-09-01,6053.7587890625,0.5993219017982483,0.197382356360801,168.65496826171875,0.0197382356360801,1.3711674638836533,1,1
BGD,Chattogram,Bandarban,2025-09-01,2126.79638671875,0.0919427722692489,0.2865832380166834,9.994351387023926,0.0286583238016683,0.6468935757067533,0,1
BGD,Barishal,Barguna,2025-09-01,1927.0819091796875,0.3047918081283569,0.0768294484911983,32.567230224609375,0.0076829448491198,0.8889463708348673,1,1
BGD,Barishal,Barisal,2025-09-01,5595.92626953125,0.5116658806800842,0.1060423804800792,24.03610610961914,0.0106042380480079,1.4884900693943846,1,1
BGD,Barishal,Bhola,2025-09-01,2719.64892578125,0.3111245632171631,0.2083935416824625,41.44366836547852,0.0208393541682462,1.017201495612946,1,1
BGD,Rajshahi,Bogura,2025-09-01,13529.978515625,0.9001645445823669,0.7536592421364795,23.31228256225586,0.1734966984990102,2.139103544199826,0,1
BGD,Chattogram,Brahmanbaria,2025-09-01,13153.609375,1.361625909805298,0.9416061230080002,58.23117446899414,0.2082960159378903,3.4437990431497907,0,1
BGD,Chattogram,Chandpur,2025-09-01,6357.37939453125,0.8551753759384155,0.8156062506531485,16.12301254272461,0.1035657250434818,1.5226728184812457,0,1
BGD,Rajshahi,Chapainawabganj,2025-09-01,5211.919921875,0.5863440036773682,0.5490846910674675,17.800966262817383,0.0509207814268986,1.9610737131008376,0,1
BGD,Chattogram,Chittagong,2025-09-01,44785.3359375,2.0720393657684326,0.7566422107273209,197.2316436767578,0.0686566513533925,7.9529203425975235,0,1
BGD,Khulna,Chuadanga,2025-09-01,1221.558837890625,0.2094277441501617,0.3026200528093496,15.120928764343262,0.0302620052809349,1.075768680500328,1,1
BGD,Chattogram,Cox's Bazar,2025-09-01,7837.84619140625,0.7608122229576111,0.1780556653638384,59.058197021484375,0.0178055665363838,3.1241082133480296,0,1
BGD,Chattogram,Cumilla,2025-09-01,26581.779296875,1.7007193565368652,1.1133634049688406,56.11882781982422,0.672735795652439,4.489390605351675,0,1
BGD,Dhaka,Dhaka,2025-09-01,68402.3359375,9.271541595458984,3.681357443146262,155.26380920410156,0.5476092906611598,35.31091867079354,0,1
BGD,Rangpur,Dinajpur,2025-09-01,10542.0830078125,0.5903171896934509,0.5850478620578705,11.480920791625977,0.0688098359885761,1.6982661105757624,0,1
BGD,Dhaka,Faridpur,2025-09-01,5983.90234375,0.609747052192688,0.5955551930878222,17.82612419128418,0.054650747234445,1.4464522579556238,1,1
BGD,Chattogram,Feni,2025-09-01,7028.01904296875,1.5585143566131592,1.1798268097948896,35.867401123046875,0.5569471126092778,3.649676750284653,0,1
BGD,Rangpur,Gaibandha,2025-09-01,4785.7822265625,0.4272171258926391,0.5012922564359348,15.353317260742188,0.0501897655686833,1.0670036793988589,0,1
BGD,Dhaka,Gazipur,2025-09-01,30952.759765625,3.43677282333374,1.6154276045284397,70.16936492919922,0.7590852135947441,11.682059643662267,0,1
BGD,Dhaka,Gopalganj,2025-09-01,4703.3564453125,0.6343412399291992,0.6671300712583593,18.8630313873291,0.0393800434705601,1.3281540407436536,1,1
BGD,Sylhet,Habiganj,2025-09-01,10626.1240234375,0.8128464221954346,0.5549542057102579,47.90940475463867,0.0342932838707326,3.1733210667892635,0,1
BGD,Rajshahi,Jaipurhat,2025-09-01,3896.240478515625,0.7814235687255859,0.7180176604880395,8.231552124023438,0.2083346015593469,1.5573622063568144,0,1
BGD,Mymensingh,Jamalpur,2025-09-01,6794.93212890625,0.6427306532859802,0.6519209131345681,19.988008499145508,0.0566204700440026,1.2383459178964422,0,1
BGD,Khulna,Jashore,2025-09-01,7819.26953125,0.5946902632713318,0.4665520355645488,82.2132568359375,0.0466552035564548,2.060292756916481,1,1
BGD,Barishal,Jhalakati,2025-09-01,1619.96630859375,0.4494141638278961,0.3207669757075812,22.1287841796875,0.0320766975707581,1.1046188242687052,1,1
BGD,Khulna,Jhenaidah,2025-09-01,1924.3839111328125,0.1923751384019851,0.3059612652891083,13.16870403289795,0.0305961265289108,0.9451774335541356,1,1
BGD,Chattogram,Khagrachari,2025-09-01,3159.536865234375,0.2179524302482605,0.3311544278973555,11.381574630737305,0.0331154427897355,0.7831848148379018,0,1
BGD,Khulna,Khulna,2025-09-01,7776.0732421875,0.7549111843109131,0.1477954384225297,33.66503143310547,0.0147795438422529,3.276650939530905,1,1
BGD,Dhaka,Kishoreganj,2025-09-01,7407.5078125,0.5699898600578308,0.5486828849259092,11.806421279907228,0.0252960920091164,1.518941481530515,0,1
BGD,Rangpur,Kurigram,2025-09-01,6398.96240234375,0.5457274317741394,0.3415655955524648,16.998369216918945,0.0341565595552464,1.6397677631871217,0,1
BGD,Khulna,Kushtia,2025-09-01,2794.298583984375,0.332883358001709,0.3168486099144078,19.011362075805664,0.0316848609914407,1.4325267341249142,1,1
BGD,Chattogram,Lakshmipur,2025-09-01,3563.693359375,0.5830742716789246,0.570020585909921,11.475804328918455,0.0231367303488024,2.0477807356300954,0,1
BGD,Rangpur,Lalmonirhat,2025-09-01,5332.96875,0.8285529613494873,0.7601324510661721,14.007061958312988,0.0916311572292659,1.959056002833816,0,1
BGD,Dhaka,Madaripur,2025-09-01,3401.58642578125,0.6109391450881958,0.5528528915346547,69.03350830078125,0.0381901306507328,1.7408046146411953,1,1
BGD,Khulna,Magura,2025-09-01,1167.079833984375,0.2195074260234832,0.340470256592121,6.6358513832092285,0.0340470256592121,0.9063632693850526,1,1
BGD,Dhaka,Manikganj,2025-09-01,5486.46142578125,0.8196226358413696,0.6257962854848713,22.58938789367676,0.0311787742070572,2.616941643349008,0,1
BGD,Khulna,Meherpur,2025-09-01,1355.7529296875,0.3681220710277557,0.3680173063010634,11.479347229003906,0.0368017306301063,1.54966436065742,1,1
BGD,Sylhet,Moulvibazar,2025-09-01,9880.5244140625,0.7149624824523926,0.6283960880690235,21.20073509216309,0.0821368835088585,2.114240953376979,0,1
BGD,Dhaka,Munshiganj,2025-09-01,9490.828125,2.219810009002685,1.3096100627112413,105.65023040771484,0.1668831449938796,6.876840055523501,0,1
BGD,Mymensingh,Mymensingh,2025-09-01,21732.958984375,0.973675549030304,0.7884937619716165,28.604469299316406,0.0753696369868153,2.2571121052514136,0,1
BGD,Rajshahi,Naogaon,2025-09-01,8517.97265625,0.4830232560634613,0.5361787239238192,9.12386417388916,0.0431102849201159,1.399122227653749,0,1
BGD,Khulna,Narail,2025-09-01,1985.0164794921875,0.3984154164791107,0.1781053786102359,10.008739471435549,0.0178105378610235,1.102398487362902,1,1
BGD,Dhaka,Narayanganj,2025-09-01,31323.88671875,8.669610023498535,6.153109446251538,105.65023040771484,1.4019580833231344,24.65772594636147,0,1
BGD,Dhaka,Narsingdi,2025-09-01,11545.7998046875,2.005334615707397,1.068969799409992,145.62579345703125,0.5875839056226103,6.265345315796052,0,1
BGD,Rajshahi,Natore,2025-09-01,4161.55712890625,0.4260037541389465,0.4758925094039107,12.25062370300293,0.047589250940391,1.1488867657115638,0,1
BGD,Mymensingh,Netrakona,2025-09-01,2779.694091796875,0.2016893178224563,0.3188462023181073,12.779600143432615,0.0318846202318107,0.922715975509416,0,1
BGD,Rangpur,Nilphamari,2025-09-01,4916.60302734375,0.5733375549316406,0.555236452750757,24.205909729003903,0.0676014997173793,1.3928869067462408,0,1
BGD,Chattogram,Noakhali,2025-09-01,9546.7802734375,0.7693215012550354,0.7487297647141387,20.04072952270508,0.0094428758292222,1.7770985392406768,0,1
BGD,Rajshahi,Pabna,2025-09-01,6684.927734375,0.5497891306877136,0.1838470299271047,88.37055969238281,0.0183847029927104,1.4927068748624317,0,1
BGD,Rangpur,Panchagarh,2025-09-01,6065.3017578125,0.8551537394523621,0.6259807570661766,24.16593170166016,0.0795267470559693,2.855974340619748,0,1
BGD,Chattogram,Parbattya Chattagram,2025-09-01,4457.1474609375,0.1529136896133422,0.2998894408084162,10.80515956878662,0.0299889440808416,0.6689989374582842,0,1
BGD,Barishal,Patuakhali,2025-09-01,5815.9951171875,0.5046514272689819,0.2869623451866054,70.10493469238281,0.0286962345186605,1.0872265488157256,1,1
BGD,Barishal,Pirojpur,2025-09-01,975.0065307617188,0.1651479005813598,0.1454164168966965,5.367579936981201,0.0145416416896696,0.7969488989331737,1,1
BGD,Dhaka,Rajbari,2025-09-01,1299.31591796875,0.2335778921842575,0.157173604418367,7.28080415725708,0.0157173604418367,0.9350320770252089,1,1
BGD,Rajshahi,Rajshahi,2025-09-01,6699.94189453125,0.5459645390510559,0.4177293367571054,25.901939392089844,0.0417729336757105,1.4960440459697115,0,1
BGD,Rangpur,Rangpur,2025-09-01,6743.91748046875,0.5639316439628601,0.4833238203320621,17.5496826171875,0.0483323820332062,1.934057904364487,0,1
BGD,Khulna,Satkhira,2025-09-01,3369.738525390625,0.2949574589729309,0.3035016834122505,12.728816986083984,0.030350168341225,1.1406219352358935,1,1
BGD,Dhaka,Shariatpur,2025-09-01,4085.78564453125,0.7430826425552368,0.6833652207087686,17.858707427978516,0.0718502059859446,1.5802766924109242,1,1
BGD,Mymensingh,Sherpur,2025-09-01,4001.123779296875,0.5868097543716431,0.6147366657837088,12.109793663024902,0.0682923780221186,1.220297930165173,0,1
BGD,Rajshahi,Sirajganj,2025-09-01,7978.73193359375,0.6228359341621399,0.557048782948888,29.760496139526367,0.0091025479678626,2.0109864748453816,0,1
BGD,Sylhet,Sunamganj,2025-09-01,4582.34130859375,0.2420946657657623,0.1700009998576025,21.43196487426757,0.0170000999857602,0.9128373460494816,0,1
BGD,Sylhet,Sylhet,2025-09-01,16094.794921875,0.9131665229797364,0.6308359312503944,64.510498046875,0.0397579165305755,2.551499971652597,0,1
BGD,Dhaka,Tangail,2025-09-01,15733.923828125,0.9131835103034972,0.8542398134280877,33.76364517211914,0.00585204695622,1.6463676127635452,0,1
BGD,Rangpur,Thakurgaon,2025-09-01,6431.56591796875,0.6840190291404724,0.6519084567736911,18.41513442993164,0.1019291507754506,1.63455164356793,0,1
BGD,Khulna,Bagerhat,2025-10-01,6815.318359375,0.6742486953735352,0.542296793393399,144.7820281982422,0.0648500863422645,1.4197643779259652,1,1
BGD,Chattogram,Bandarban,2025-10-01,2157.737548828125,0.0932803824543953,0.2912687669454833,7.097170829772949,0.0291268766945483,0.5999464590797312,0,1
BGD,Barishal,Barguna,2025-10-01,1201.9207763671875,0.1900986135005951,0.3287788895639704,28.89677619934082,0.032877888956397,0.6897165932311201,1,1
BGD,Barishal,Barisal,2025-10-01,4877.6328125,0.4457587897777557,0.2428998779974182,20.662750244140625,0.0242899877997418,1.2258979385152782,1,1
BGD,Barishal,Bhola,2025-10-01,2990.604248046875,0.3410552144050598,0.3501232809168653,21.793615341186523,0.0350123280916865,0.8946842828534457,1,1
BGD,Rajshahi,Bogura,2025-10-01,10697.787109375,0.7117830514907837,0.5807857888360564,25.27842712402344,0.0543041108463987,2.0761383339217945,0,1
BGD,Chattogram,Brahmanbaria,2025-10-01,9998.6064453125,1.0316563844680786,0.7764276693428698,85.46109008789062,0.1401732111267325,2.744639437738741,0,1
BGD,Chattogram,Chandpur,2025-10-01,5008.7109375,0.6738176345825195,0.6533884024058052,8.821210861206055,0.1566208538446881,1.2094488347271954,0,1
BGD,Rajshahi,Chapainawabganj,2025-10-01,4670.6474609375,0.5253860354423523,0.5234247707339629,11.443662643432615,0.0557558197704788,1.7796679753597993,0,1
BGD,Chattogram,Chittagong,2025-10-01,43466.64453125,2.0088682174682617,0.8123384586862711,260.8863525390625,0.1196026902458532,7.552555056884418,0,1
BGD,Khulna,Chuadanga,2025-10-01,3756.28564453125,0.6439890265464783,0.6113305706725227,7.44732141494751,0.1016122799694413,1.5792643621904323,1,1
BGD,Chattogram,Cox's Bazar,2025-10-01,9318.0244140625,0.9022144079208374,0.6136725429571733,99.03443145751952,0.0359300603374744,2.338723646034728,0,1
BGD,Chattogram,Cumilla,2025-10-01,19884.623046875,1.2722309827804563,0.9204210854159957,60.49457550048828,0.5625453053133933,3.196633457955398,0,1
BGD,Dhaka,Dhaka,2025-10-01,60681.61328125,8.21816635131836,1.908103336554965,1089.6654052734375,0.5984520825255941,35.28414535482131,0,1
BGD,Rangpur,Dinajpur,2025-10-01,11429.2880859375,0.6399973630905151,0.5868151905556285,12.193229675292969,0.0899169662207672,1.756636083830561,0,1
BGD,Dhaka,Faridpur,2025-10-01,6722.0029296875,0.6851495504379272,0.6108254111749969,14.350306510925291,0.1036649402598489,1.6255231684069484,1,1
BGD,Chattogram,Feni,2025-10-01,5761.39501953125,1.277631163597107,0.9802092741383672,23.307762145996094,0.6220047544766347,2.816689050452679,0,1
BGD,Rangpur,Gaibandha,2025-10-01,5134.1884765625,0.4583186507225036,0.5340746384334865,14.602295875549316,0.0603665811928584,1.0645001497664326,0,1
BGD,Dhaka,Gazipur,2025-10-01,25007.673828125,2.773954153060913,1.17843618241437,131.68093872070312,0.6292408990148362,10.514033514642382,0,1
BGD,Dhaka,Gopalganj,2025-10-01,3584.252685546875,0.4834078252315521,0.5319690967488302,11.965871810913086,0.0625546735727059,1.1768846438427067,1,1
BGD,Sylhet,Habiganj,2025-10-01,9026.453125,0.6819536685943604,0.5285217436494559,105.49372100830078,0.0543847323328869,1.980359519375336,0,1
BGD,Rajshahi,Jaipurhat,2025-10-01,2889.031005859375,0.5794193148612976,0.5804180144213849,10.465127944946287,0.0887059912980485,1.310719744720562,0,1
BGD,Mymensingh,Jamalpur,2025-10-01,5622.46044921875,0.531826913356781,0.564939849492101,10.862680435180664,0.0351740850128262,1.2444253907478482,0,1
BGD,Khulna,Jashore,2025-10-01,11873.685546875,0.9030466675758362,0.7003926169353728,82.15702819824219,0.1705795291258645,2.0608721419328817,1,1
BGD,Barishal,Jhalakati,2025-10-01,1174.662353515625,0.3258770704269409,0.4205109263530998,21.05949211120605,0.0420510926353099,0.9861581708814994,1,1
BGD,Khulna,Jhenaidah,2025-10-01,5189.240234375,0.5187534689903259,0.5347954026080833,18.131805419921875,0.0619986885963677,1.5834255600859908,1,1
BGD,Chattogram,Khagrachari,2025-10-01,3647.47509765625,0.251611590385437,0.37146150618324,11.838960647583008,0.037146150618324,0.911155185062122,0,1
BGD,Khulna,Khulna,2025-10-01,9042.52734375,0.8778601884841919,0.5855287104008023,25.22281646728516,0.0814498007716024,2.810892191385579,1,1
BGD,Dhaka,Kishoreganj,2025-10-01,6152.7412109375,0.4691152274608612,0.5259880881469243,11.658933639526367,0.0544181728066733,1.2251618681140963,0,1
BGD,Rangpur,Kurigram,2025-10-01,5543.482421875,0.4727688729763031,0.5131238739166422,15.920916557312012,0.052123266927126,1.448834682399449,0,1
BGD,Khulna,Kushtia,2025-10-01,6604.0068359375,0.7867319583892822,0.6278601735248387,31.0583610534668,0.1036202104019312,2.128206712669141,1,1
BGD,Chattogram,Lakshmipur,2025-10-01,3869.12890625,0.6326560378074646,0.6465984988188438,6.528207778930664,0.1253819272785905,1.1898524994278357,0,1
BGD,Rangpur,Lalmonirhat,2025-10-01,5899.3876953125,0.9165542721748352,0.7587197398318722,10.477903366088867,0.1528779923837136,2.5945589644329403,0,1
BGD,Dhaka,Madaripur,2025-10-01,3384.135498046875,0.6068494915962219,0.5924015104462534,9.745104789733888,0.0909267874199578,1.401546290458407,1,1
BGD,Khulna,Magura,2025-10-01,1604.57763671875,0.3017931580543518,0.3902123158592525,7.330061912536621,0.0390212315859252,0.8585249816176854,1,1
BGD,Dhaka,Manikganj,2025-10-01,5239.71337890625,0.7837451696395874,0.6848251673469286,20.391016006469727,0.1316530705445992,1.828982439107992,0,1
BGD,Khulna,Meherpur,2025-10-01,3235.2587890625,0.8784566521644592,0.7400207731085717,6.412618160247803,0.2434389728098729,1.978636712145006,1,1
BGD,Sylhet,Moulvibazar,2025-10-01,8636.4091796875,0.6249372959136963,0.608809462905538,13.544276237487791,0.0346412030286873,1.5010036775421125,0,1
BGD,Dhaka,Munshiganj,2025-10-01,6482.712890625,1.5162419080734253,0.994614642979433,76.79486846923828,0.3346638894878536,4.507280475082307,0,1
BGD,Mymensingh,Mymensingh,2025-10-01,19055.05078125,0.8537004590034485,0.6495455795372308,32.8321533203125,0.1424542267628205,1.9208650483411265,0,1
BGD,Rajshahi,Naogaon,2025-10-01,5974.818359375,0.3388102352619171,0.3103478828004059,14.332287788391112,0.0310347882800405,1.1476873432479864,0,1
BGD,Khulna,Narail,2025-10-01,1870.697998046875,0.3754703998565674,0.5087333995322145,8.33906555175781,0.0533265826179828,0.91889983982349,1,1
BGD,Dhaka,Narayanganj,2025-10-01,20366.376953125,5.635096073150635,3.010518687841617,130.3598175048828,0.8489850854453806,19.31113432708977,0,1
BGD,Dhaka,Narsingdi,2025-10-01,8807.263671875,1.528367280960083,0.8358843174759575,131.68093872070312,0.4119691208537353,4.334878336183799,0,1
BGD,Rajshahi,Natore,2025-10-01,4403.7646484375,0.4507976770401001,0.5224544842954271,10.435062408447266,0.0575109574264282,1.1398030051180492,0,1
BGD,Mymensingh,Netrakona,2025-10-01,4287.46044921875,0.2964374423027038,0.2195932060429325,8.657060623168945,0.0219593206042932,0.8323513957374373,0,1
BGD,Rangpur,Nilphamari,2025-10-01,5258.064453125,0.613156259059906,0.5616664262272841,25.05900382995605,0.0769628591803114,1.5596474331882848,0,1
BGD,Chattogram,Noakhali,2025-10-01,8505.9462890625,0.6837720274925232,0.6815724282168002,13.783490180969238,0.1163209920049078,1.3635950733967717,0,1
BGD,Rajshahi,Pabna,2025-10-01,8508.9169921875,0.6998103857040405,0.5624628715642656,69.8616943359375,0.0206981257172506,1.874217223668207,0,1
BGD,Rangpur,Panchagarh,2025-10-01,5850.90771484375,0.8249260783195496,0.6481726279460487,8.758529663085938,0.1262189174922753,2.420944031472388,0,1
BGD,Chattogram,Parbattya Chattagram,2025-10-01,2909.561767578125,0.0996386855840683,0.0560851039999906,8.091198921203613,0.005608510399999,0.6159904914780958,0,1
BGD,Barishal,Patuakhali,2025-10-01,3815.229736328125,0.3309731781482696,0.3451385110492312,72.33644104003906,0.0345138511049231,0.9125919762204968,1,1
BGD,Barishal,Pirojpur,2025-10-01,1285.0882568359375,0.2176699638366699,0.3639013414561678,5.033872127532959,0.0363901341456167,0.7698135766983303,1,1
BGD,Dhaka,Rajbari,2025-10-01,2337.499267578125,0.4202763736248016,0.5200124348018682,5.008437156677246,0.0365801910312229,1.118030990173981,1,1
BGD,Rajshahi,Rajshahi,2025-10-01,8670.892578125,0.7065732479095459,0.5150934349041745,32.134239196777344,0.0543946606410353,1.7514917806012025,0,1
BGD,Rangpur,Rangpur,2025-10-01,9595.9814453125,0.8024234771728516,0.6306818103549939,21.299819946289062,0.1269703599278519,1.9770413839621348,0,1
BGD,Khulna,Satkhira,2025-10-01,7670.1015625,0.6713736653327942,0.6548618576061251,8.002080917358398,0.0834419817241991,1.5215762730435125,1,1
BGD,Dhaka,Shariatpur,2025-10-01,3660.878662109375,0.6658047437667847,0.6377936042042065,17.934513092041016,0.1361425904371039,1.2690728978984132,1,1
BGD,Mymensingh,Sherpur,2025-10-01,4141.62109375,0.6074152588844299,0.5922539971570993,11.643604278564451,0.1093023547799183,1.2686925180003854,0,1
BGD,Rajshahi,Sirajganj,2025-10-01,7396.978515625,0.577423095703125,0.559600960120967,39.27358627319336,0.020581313544286,1.5384754437262158,0,1
BGD,Sylhet,Sunamganj,2025-10-01,4969.525390625,0.2623147964477539,0.182993968149509,25.405879974365234,0.0182993968149509,0.9249160506328652,0,1
BGD,Sylhet,Sylhet,2025-10-01,13928.109375,0.7902357578277588,0.5572796137848722,74.94341278076172,0.0633951645746168,2.209540358886728,0,1
BGD,Dhaka,Tangail,2025-10-01,12871.4111328125,0.7470457553863525,0.6503554708605649,24.457008361816406,0.0730006198718921,1.6005325650607063,0,1
BGD,Rangpur,Thakurgaon,2025-10-01,5712.73681640625,0.6075690984725952,0.5718347773248215,12.847715377807615,0.0723069597707731,1.7215569540425393,0,1
BGD,Khulna,Bagerhat,2025-11-01,4994.5517578125,0.4943136274814605,0.3686841828238542,196.924560546875,0.0368684182823854,1.2311195771177377,1,1
BGD,Chattogram,Bandarban,2025-11-01,818.2142944335938,0.0354654565453529,0.2604433830091986,11.639716148376465,0.0260443383009198,0.4948424277174775,0,1
BGD,Barishal,Barguna,2025-11-01,798.8045043945312,0.1263407915830612,0.2835575329370332,22.58860969543457,0.0283557532937033,0.6589958964770911,1,1
BGD,Barishal,Barisal,2025-11-01,4159.60009765625,0.3801389634609222,0.3515815874216474,24.437259674072266,0.0351581587421647,1.2638886018760027,1,1
BGD,Barishal,Bhola,2025-11-01,1924.4532470703125,0.2195313274860382,0.319147874225528,25.708038330078125,0.0319147874225528,0.9150063097596336,1,1
BGD,Rajshahi,Bogura,2025-11-01,8877.6572265625,0.5911123752593994,0.5057288427958454,30.36996078491211,0.0510445106430985,2.105279665973795,0,1
BGD,Chattogram,Brahmanbaria,2025-11-01,7905.84033203125,0.815724790096283,0.6187840098832771,54.83712005615234,0.0680282119981917,2.4777663569892177,0,1
BGD,Chattogram,Chandpur,2025-11-01,4149.75732421875,0.5582948327064514,0.5753552087421447,18.17546844482422,0.0768895733448421,1.2199724801551006,0,1
BGD,Rajshahi,Chapainawabganj,2025-11-01,3985.974853515625,0.448369413614273,0.4382941335903195,12.339638710021973,0.0438294133590319,1.7310160076266092,0,1
BGD,Chattogram,Chittagong,2025-11-01,38361.94921875,1.772947907447815,0.704919643089623,196.7138214111328,0.0740808667327158,6.65273854442949,0,1
BGD,Khulna,Chuadanga,2025-11-01,2967.4384765625,0.5087466239929199,0.5336208881131825,8.728772163391113,0.0576408055868158,1.551849118392063,1,1
BGD,Chattogram,Cox's Bazar,2025-11-01,7886.94921875,0.7637567520141602,0.4818698564931365,91.78362274169922,0.0481869856493136,2.468329229798876,0,1
BGD,Chattogram,Cumilla,2025-11-01,17635.611328125,1.1283377408981323,0.7929061866894513,122.85504913330078,0.1931977569817104,3.1989941340571293,0,1
BGD,Dhaka,Dhaka,2025-11-01,61346.75,8.308245658874512,1.9077275834123983,537.934814453125,0.3433803777910555,38.10986684525034,0,1
BGD,Rangpur,Dinajpur,2025-11-01,8888.34765625,0.4977142214775085,0.5030144401353028,14.114737510681152,0.0506183647225478,1.6930967711360525,0,1
BGD,Dhaka,Faridpur,2025-11-01,5474.68505859375,0.5587136149406433,0.5331592820938238,16.466014862060547,0.0112416521079778,1.6301692729793795,1,1
BGD,Chattogram,Feni,2025-11-01,5131.802734375,1.138014554977417,0.8441512944915313,28.28923416137696,0.4472912620780847,2.7776488051150454,0,1
BGD,Rangpur,Gaibandha,2025-11-01,3406.837158203125,0.3041814267635345,0.3773256629587393,15.048501968383787,0.0377325662958739,1.0253818687445724,0,1
BGD,Dhaka,Gazipur,2025-11-01,24781.26171875,2.7488396167755127,1.064037029650855,120.93882751464844,0.3584215682747773,11.45355640922726,0,1
BGD,Dhaka,Gopalganj,2025-11-01,2636.63916015625,0.355603277683258,0.4109477663732351,14.293764114379885,0.0410947766373235,1.148280192925946,1,1
BGD,Sylhet,Habiganj,2025-11-01,9559.3818359375,0.7222167253494263,0.4058999813441607,755.8671264648436,0.040589998134416,2.0193469703046896,0,1
BGD,Rajshahi,Jaipurhat,2025-11-01,2730.80908203125,0.5476865768432617,0.5472300851570939,12.503679275512695,0.0674823983903874,1.4615307936326212,0,1
BGD,Mymensingh,Jamalpur,2025-11-01,3736.581787109375,0.3535425066947937,0.411785665311307,12.01133918762207,0.0411785665311307,1.1974988107897035,0,1
BGD,Khulna,Jashore,2025-11-01,10111.560546875,0.7690292000770569,0.6049750443201969,80.803955078125,0.0813746950806709,2.05982194890894,1,1
BGD,Barishal,Jhalakati,2025-11-01,871.5681762695312,0.2417921125888824,0.3332157858738159,19.03738021850586,0.0333215785873815,0.927596122416224,1,1
BGD,Khulna,Jhenaidah,2025-11-01,4406.1142578125,0.4404665827751159,0.4458082019577187,26.27836227416992,0.0445808201957718,1.64991078001533,1,1
BGD,Chattogram,Khagrachari,2025-11-01,1634.214599609375,0.1127320453524589,0.2808701288512336,10.007001876831056,0.0280870128851233,0.7660757241165523,0,1
BGD,Khulna,Khulna,2025-11-01,6802.91552734375,0.6604357957839966,0.4001905467542887,29.6445369720459,0.0400190546754288,2.6663479976579865,1,1
BGD,Dhaka,Kishoreganj,2025-11-01,3758.27587890625,0.2865494191646576,0.254853130014555,13.40550708770752,0.0254853130014555,1.1147523890887034,0,1
BGD,Rangpur,Kurigram,2025-11-01,4256.1416015625,0.3634381294250488,0.4057702110514817,18.694250106811523,0.0405770211051481,1.37363582240405,0,1
BGD,Khulna,Kushtia,2025-11-01,5665.54833984375,0.6749338507652283,0.5546968826732438,32.18516540527344,0.0621088105173378,2.092775524745468,1,1
BGD,Chattogram,Lakshmipur,2025-11-01,3596.740478515625,0.5883269906044006,0.6066819836884437,8.564136505126953,0.0849655852273289,1.382173478919762,0,1
BGD,Rangpur,Lalmonirhat,2025-11-01,5005.18017578125,0.7776263356208801,0.6369622907390439,10.904603958129885,0.0980075597468438,2.47766211161639,0,1
BGD,Dhaka,Madaripur,2025-11-01,2524.441162109375,0.4529809653759002,0.4883095073497437,9.609613418579102,0.0488309507349743,1.4295994387198012,1,1
BGD,Khulna,Magura,2025-11-01,1296.0306396484375,0.2437608391046524,0.3626120586228529,8.836246490478516,0.0362612058622852,0.873344332100555,1,1
BGD,Dhaka,Manikganj,2025-11-01,3781.5302734375,0.5658747553825378,0.5190384750192563,22.56842422485352,0.0529189981901788,1.7536752739128592,0,1
BGD,Khulna,Meherpur,2025-11-01,2703.004638671875,0.7339358925819397,0.6333299598960643,6.160430908203125,0.0873308421599252,2.204363526559508,1,1
BGD,Sylhet,Moulvibazar,2025-11-01,6307.23779296875,0.4563966691493988,0.4705669119568331,14.81258773803711,0.0470566911956833,1.4828991058265093,0,1
BGD,Dhaka,Munshiganj,2025-11-01,6021.57763671875,1.4084328413009644,0.8784316827646099,134.34051513671875,0.1303028800440368,4.138973513306281,0,1
BGD,Mymensingh,Mymensingh,2025-11-01,14194.7666015625,0.6359509825706482,0.5206733324349102,30.15778350830078,0.053997529123316,1.8126773908185656,0,1
BGD,Rajshahi,Naogaon,2025-11-01,4696.4287109375,0.2663173973560333,0.3399272434270527,13.86301326751709,0.0339927243427052,1.17262732920013,0,1
BGD,Khulna,Narail,2025-11-01,1037.689208984375,0.2082760483026504,0.3358421807267858,8.267109870910645,0.0335842180726785,0.8644254180654873,1,1
BGD,Dhaka,Narayanganj,2025-11-01,20942.96484375,5.79463005065918,2.8453559271564206,134.34051513671875,0.6459898935118876,20.73285296092068,0,1
BGD,Dhaka,Narsingdi,2025-11-01,7774.61572265625,1.3491668701171875,0.7025980306888759,120.93882751464844,0.1141649832596718,4.310052706686792,0,1
BGD,Rajshahi,Natore,2025-11-01,3643.680419921875,0.3729905784130096,0.4429699683752081,9.991479873657228,0.0442969968375208,1.161571084804534,0,1
BGD,Mymensingh,Netrakona,2025-11-01,1537.10205078125,0.1062761098146438,0.2847729753339905,10.165745735168455,0.028477297533399,0.6633748690293819,0,1
BGD,Rangpur,Nilphamari,2025-11-01,3476.498291015625,0.4054032862186432,0.3894270380649799,23.889236450195312,0.0389427038064979,1.5546013710815445,0,1
BGD,Chattogram,Noakhali,2025-11-01,7053.61474609375,0.5670242309570312,0.5887635200498613,13.797932624816896,0.0339610870401283,1.4477689071506052,0,1
BGD,Rajshahi,Pabna,2025-11-01,7613.22412109375,0.6262381076812744,0.4759921743778986,94.94754028320312,0.0475992174377898,1.9357640192247247,0,1
BGD,Rangpur,Panchagarh,2025-11-01,4783.619140625,0.6744478344917297,0.5637256190854999,8.612853050231934,0.0629213031177285,2.4487794363608897,0,1
BGD,Chattogram,Parbattya Chattagram,2025-11-01,663.98876953125,0.0227392446249723,0.1354830044415589,8.601367950439453,0.0135483004441559,0.257417708438962,0,1
BGD,Barishal,Patuakhali,2025-11-01,3112.7724609375,0.2700346410274505,0.2885168602783288,67.1445541381836,0.0288516860278328,0.8640277749736286,1,1
BGD,Barishal,Pirojpur,2025-11-01,789.4124145507811,0.1337117254734039,0.2965306442263027,4.813471794128418,0.0296530644226302,0.7544172920480225,1,1
BGD,Dhaka,Rajbari,2025-11-01,1895.8328857421875,0.340931624174118,0.4285702128191316,6.816342830657959,0.0428570212819131,1.113595597171913,1,1
BGD,Rajshahi,Rajshahi,2025-11-01,6989.236328125,0.5695385336875916,0.3720621139727273,34.33993911743164,0.0372062113972727,1.660488257264913,0,1
BGD,Rangpur,Rangpur,2025-11-01,7943.33642578125,0.6642279624938965,0.5415445246145961,23.85684585571289,0.0614188330842273,1.974198119886316,0,1
BGD,Khulna,Satkhira,2025-11-01,5683.62548828125,0.4974948763847351,0.5447336526594595,8.646921157836914,0.0574142386190329,1.378190566840536,1,1
BGD,Dhaka,Shariatpur,2025-11-01,2715.1708984375,0.4938963651657104,0.5372570728657282,19.37212371826172,0.0585320567308218,1.269705144547372,1,1
BGD,Mymensingh,Sherpur,2025-11-01,2515.499755859375,0.3689262866973877,0.4396950019069959,12.011211395263672,0.0439695001906996,1.1264531323281577,0,1
BGD,Rajshahi,Sirajganj,2025-11-01,5491.19873046875,0.4289771020412445,0.4324687830594392,33.9759407043457,0.0432468783059439,1.4443963872911645,0,1
BGD,Sylhet,Sunamganj,2025-11-01,2313.835693359375,0.122135080397129,0.2826161163311183,31.38464736938477,0.0282616116331118,0.7091446690585524,0,1
BGD,Sylhet,Sylhet,2025-11-01,11087.4033203125,0.6290633082389832,0.3992995691939272,79.75875854492188,0.0399299569193927,2.07842278848168,0,1
BGD,Dhaka,Tangail,2025-11-01,9029.9580078125,0.5243452787399292,0.5188862173166533,26.55671119689941,0.0544794977250462,1.5874633526033135,0,1
BGD,Rangpur,Thakurgaon,2025-11-01,5044.982421875,0.5365511178970337,0.5186437171813593,11.939183235168455,0.0541689045415631,1.8081348254889584,0,1
BGD,Khulna,Bagerhat,2025-12-01,3655.595458984375,0.3618868291378021,0.2394921215925919,128.95547485351562,0.0239492121592591,1.1327515151535323,1,1
BGD,Chattogram,Bandarban,2025-12-01,576.40673828125,0.0252447463572025,0.2556039261153843,9.705035209655762,0.0255603926115384,0.4856474596192301,0,1
BGD,Barishal,Barguna,2025-12-01,581.1144409179688,0.0919104292988777,0.2638380743235921,38.8348274230957,0.0263838074323592,0.5140900706154797,1,1
BGD,Barishal,Barisal,2025-12-01,3502.18701171875,0.3201122581958771,0.0754236298821498,25.505102157592773,0.0075423629882149,1.2164083789801174,1,1
BGD,Barishal,Bhola,2025-12-01,1369.1171875,0.1563776731491089,0.0443456517158557,29.30061721801757,0.0044345651715855,0.8403423960288781,1,1
BGD,Rajshahi,Bogura,2025-12-01,6766.2744140625,0.4512786567211151,0.3447380406989376,23.49161529541016,0.0344738040698937,2.2308381889115148,0,1
BGD,Chattogram,Brahmanbaria,2025-12-01,8354.8193359375,0.862940788269043,0.6189147876705383,94.87950897216795,0.0633066247106865,2.833523294002609,0,1
BGD,Chattogram,Chandpur,2025-12-01,2855.799072265625,0.3847657442092895,0.0695681031407315,12.745059967041016,0.0069568103140731,1.2815339925903595,0,1
BGD,Rajshahi,Chapainawabganj,2025-12-01,3864.371337890625,0.4347395300865173,0.3734666590627372,11.446898460388184,0.0373466659062737,2.0661551017816606,0,1
BGD,Chattogram,Chittagong,2025-12-01,38599.046875,1.7839057445526123,0.5940093871755563,166.96591186523438,0.0572345326234803,7.487151805761237,0,1
BGD,Khulna,Chuadanga,2025-12-01,2396.79931640625,0.4109145402908325,0.3996665185702157,8.51612377166748,0.0399666518570215,1.6734597196304972,1,1
BGD,Chattogram,Cox's Bazar,2025-12-01,7857.82763671875,0.7620350122451782,0.1180965291129035,64.57344055175781,0.0118096529112903,2.6804793060371086,0,1
BGD,Chattogram,Cumilla,2025-12-01,18198.37109375,1.1643434762954712,0.7853466515807441,43.563594818115234,0.1292507390404746,3.6157892395294784,0,1
BGD,Dhaka,Dhaka,2025-12-01,65016.171875,8.805206298828125,2.113729719617796,383.2058715820313,0.1481458244069941,40.53976427621126,0,1
BGD,Rangpur,Dinajpur,2025-12-01,7333.779296875,0.4106642007827759,0.3707213704207696,16.059314727783203,0.0370721370420769,1.8596497887337944,0,1
BGD,Dhaka,Faridpur,2025-12-01,3360.52001953125,0.3454340398311615,0.0457615222118132,17.56830596923828,0.0045761522211813,1.587538070338677,1,1
BGD,Chattogram,Feni,2025-12-01,5137.59912109375,1.139299988746643,0.805895312536282,37.91949844360352,0.1658726204538178,3.1432244808465333,0,1
BGD,Rangpur,Gaibandha,2025-12-01,2019.59375,0.1805462837219238,0.2871013919528752,21.54754066467285,0.0287101391952875,0.8877711143372872,0,1
BGD,Dhaka,Gazipur,2025-12-01,27672.669921875,3.069566488265991,1.10896225030919,168.47999572753906,0.1755924512620905,12.974589688168674,0,1
BGD,Dhaka,Gopalganj,2025-12-01,1509.9971923828125,0.2036531865596771,0.2977510771485412,17.565717697143555,0.0297751077148541,1.041803993497567,1,1
BGD,Sylhet,Habiganj,2025-12-01,7464.7978515625,0.5639697313308716,0.3769253218465184,76.94388580322266,0.0376925321846518,1.94702577355716,0,1
BGD,Rajshahi,Jaipurhat,2025-12-01,1721.1553955078125,0.3451920747756958,0.3540948896146689,12.40209674835205,0.0354094889614668,1.487085295328746,0,1
BGD,Mymensingh,Jamalpur,2025-12-01,2458.987548828125,0.2327930927276611,0.3076161419230813,12.816386222839355,0.0307616141923081,1.1546734920204669,0,1
BGD,Khulna,Jashore,2025-12-01,9266.568359375,0.7047638297080994,0.5214044320103074,87.8944320678711,0.0528609874702906,2.348407417046265,1,1
BGD,Barishal,Jhalakati,2025-12-01,593.8240966796875,0.1647398173809051,0.2808340812709564,24.479610443115234,0.0280834081270956,0.8193257303282588,1,1
BGD,Khulna,Jhenaidah,2025-12-01,3583.47265625,0.3582294881343841,0.3508842066768861,21.605854034423828,0.0350884206676886,1.757563202717072,1,1
BGD,Chattogram,Khagrachari,2025-12-01,1299.6505126953125,0.0896530151367187,0.2706347260189654,9.425278663635254,0.0270634726018965,0.679928393866006,0,1
BGD,Khulna,Khulna,2025-12-01,6507.63671875,0.6317697167396545,0.3026562361236175,32.407989501953125,0.0302656236123617,3.0470513922950087,1,1
BGD,Dhaka,Kishoreganj,2025-12-01,4571.0361328125,0.3485448360443115,0.1576014574172694,15.687283515930176,0.0157601457417269,1.3685056949497247,0,1
BGD,Rangpur,Kurigram,2025-12-01,3300.88916015625,0.2824278771877289,0.3177623039529128,15.309526443481444,0.0317762303952912,1.394601489645009,0,1
BGD,Khulna,Kushtia,2025-12-01,4972.47216796875,0.5923680663108826,0.4358966716619062,32.38136291503906,0.0435896671661906,2.4277201917257,1,1
BGD,Chattogram,Lakshmipur,2025-12-01,2394.235107421875,0.3917403817176819,0.404683468654367,11.495777130126951,0.0404683468654367,1.5066072290582764,0,1
BGD,Rangpur,Lalmonirhat,2025-12-01,3479.224609375,0.5405473113059998,0.4218723937314678,9.491127014160156,0.0421872393731467,2.570606018229072,0,1
BGD,Dhaka,Madaripur,2025-12-01,1556.4312744140625,0.2804426848888397,0.0169705628569771,13.97792625427246,0.0016970562856977,1.3759202010540237,1,1
BGD,Khulna,Magura,2025-12-01,788.54443359375,0.1483114957809448,0.2922387270289809,10.248644828796388,0.029223872702898,0.8344830537550445,1,1
BGD,Dhaka,Manikganj,2025-12-01,2925.556396484375,0.4415095150470733,0.373443304098366,25.526561737060547,0.0373443304098366,1.9109551607072623,0,1
BGD,Khulna,Meherpur,2025-12-01,2450.638671875,0.6654119491577148,0.5354347385457034,7.336330413818359,0.0530011550902192,2.4316966404397955,1,1
BGD,Sylhet,Moulvibazar,2025-12-01,5389.22802734375,0.3899687528610229,0.3907345356901224,18.59979057312012,0.0390734535690122,1.472748293639275,0,1
BGD,Dhaka,Munshiganj,2025-12-01,5904.880859375,1.3842355012893677,0.7868329985479011,171.07284545898438,0.0397479473924451,4.892547197076472,0,1
BGD,Mymensingh,Mymensingh,2025-12-01,13640.1318359375,0.6111023426055908,0.3535918567699737,30.807268142700195,0.0353591856769973,2.127338479196997,0,1
BGD,Rajshahi,Naogaon,2025-12-01,3843.72509765625,0.2179636806249618,0.297153944518181,13.01850128173828,0.0297153944518181,1.196201165761101,0,1
BGD,Khulna,Narail,2025-12-01,621.363037109375,0.1247146353125572,0.2806435428067517,9.097911834716797,0.0280643542806751,0.8153429759346877,1,1
BGD,Dhaka,Narayanganj,2025-12-01,23508.037109375,6.504350185394287,3.1109981687675416,171.07284545898438,0.6175574244536661,23.635229162797152,0,1
BGD,Dhaka,Narsingdi,2025-12-01,8405.646484375,1.4586727619171145,0.6994559968359026,168.47999572753906,0.0671756423500876,4.8002159944729,0,1
BGD,Rajshahi,Natore,2025-12-01,2627.240234375,0.2689412236213684,0.3230851264465061,13.127025604248049,0.0323085126446506,1.249243319056093,0,1
BGD,Mymensingh,Netrakona,2025-12-01,1863.6361083984373,0.1288528591394424,0.0235053161702621,13.607075691223145,0.0023505316170262,0.746562991666976,0,1
BGD,Rangpur,Nilphamari,2025-12-01,2626.997314453125,0.3063408136367798,0.3042314440918698,26.54046630859375,0.0304231444091869,1.4945385506295727,0,1
BGD,Chattogram,Noakhali,2025-12-01,5958.76416015625,0.4790116250514984,0.4600712190183516,17.64923095703125,0.0460071219018351,1.6241990789051337,0,1
BGD,Rajshahi,Pabna,2025-12-01,6800.31103515625,0.5595526099205017,0.2818174920868331,68.56169128417969,0.0281817492086833,2.1758261072958858,0,1
BGD,Rangpur,Panchagarh,2025-12-01,3926.67919921875,0.5536268949508667,0.4287905500665032,9.913581848144531,0.0428790550066503,2.520243274575333,0,1
BGD,Chattogram,Parbattya Chattagram,2025-12-01,695.2890625,0.0238364730030298,0.2526891874686022,9.626973152160645,0.0252689187468602,0.4801094561903442,0,1
BGD,Barishal,Patuakhali,2025-12-01,2736.330322265625,0.2373780906200409,0.2717388130455211,58.32306289672852,0.0271738813045521,0.773528042959507,1,1
BGD,Barishal,Pirojpur,2025-12-01,461.7627258300781,0.078213982284069,0.2474931064594498,6.307324409484863,0.0247493106459449,0.5816451978895671,1,1
BGD,Dhaka,Rajbari,2025-12-01,1107.8375244140625,0.199273332953453,0.310144931233421,6.160200119018555,0.031014493123342,1.0961863879245488,1,1
BGD,Rajshahi,Rajshahi,2025-12-01,7180.837890625,0.5851517915725708,0.3327200194511782,39.216896057128906,0.0332720019451178,2.012516711810032,0,1
BGD,Rangpur,Rangpur,2025-12-01,5677.97119140625,0.4747963845729828,0.3520154201395845,27.744802474975582,0.0352015420139584,2.011515594633526,0,1
BGD,Khulna,Satkhira,2025-12-01,4480.06884765625,0.3921460509300232,0.1968025711919734,9.192720413208008,0.0196802571191973,1.4343366769315944,1,1
BGD,Dhaka,Shariatpur,2025-12-01,1817.73291015625,0.330786645412445,0.1842689935970257,17.737512588500977,0.0184268993597025,1.2180730850093016,1,1
BGD,Mymensingh,Sherpur,2025-12-01,1597.3939208984375,0.2342757582664489,0.3096622606573126,15.191527366638184,0.0309662260657312,1.1042014675860194,0,1
BGD,Rajshahi,Sirajganj,2025-12-01,4088.6708984375,0.3201252818107605,0.0456324960759729,40.37152099609375,0.0045632496075972,1.4390550624444929,0,1
BGD,Sylhet,Sunamganj,2025-12-01,2201.591796875,0.1162103191018104,0.2327786377808638,34.35870361328125,0.0232778637780863,0.6903490190712115,0,1
BGD,Sylhet,Sylhet,2025-12-01,10849.97265625,0.6155923008918762,0.3602339185636792,118.01847076416016,0.0360233918563679,2.1384420291420585,0,1
BGD,Dhaka,Tangail,2025-12-01,6076.77685546875,0.3529935479164123,0.3267330877812953,26.14986801147461,0.0326733087781295,1.6244627955137318,0,1
BGD,Rangpur,Thakurgaon,2025-12-01,3901.77734375,0.4150115251541137,0.3649263977953019,26.008501052856445,0.0364926397795301,1.8269055236564884,0,1
