Date,Traffic_Mawa,Traffic_Jajira,Cash_Mawa,Cash_Jajira,Total_Traffic,Total_Cash,holiday_name,is_holiday,eid,weekend,days_to_nearest_eid,temp_mean_c,temp_max_c,temp_min_c,rainfall_mm,humidity_pct,wind_speed_kmh
26-06-22,"26,589","24,727","1,08,87,150.00","1,00,44,400.00","51,316","2,09,31,550.00",,0,0,0,14,28.4,31.4,26.2,3.5,82,13.7
27-06-22,"10,597","12,183","1,05,10,900.00","1,14,16,050.00","22,780","2,19,26,950.00",,0,0,0,13,28.6,31.9,26,5.2,83,10.3
28-06-22,"7,217","7,276","96,66,800.00","97,91,300.00","14,493","1,94,58,100.00",,0,0,0,12,28.5,31.3,26.8,3.9,83,13.5
29-06-22,"6,989","7,116","95,33,150.00","97,59,650.00","14,105","1,92,92,800.00",,0,0,0,11,28,30.2,26.4,7.2,86,12.9
30-06-22,"7,515","6,895","1,01,41,450.00","96,51,000.00","14,410","1,97,92,450.00",,0,0,0,10,27.5,30.3,25.5,6.9,87,12.9
01-07-22,"13,801","12,597","1,65,42,100.00","1,51,11,100.00","26,398","3,16,53,200.00",,0,0,1,9,27.6,31,24.9,24.8,87,11.3
02-07-22,"8,377","9,627","1,08,96,450.00","1,23,75,200.00","18,004","2,32,71,650.00",,0,0,1,8,28.3,31.4,25.5,0.8,83,14
03-07-22,"6,605","6,786","94,51,200.00","97,45,150.00","13,391","1,91,96,350.00",,0,0,0,7,28.3,30.9,26.2,8,83,12.8
04-07-22,"6,614","7,010","94,63,050.00","1,05,01,250.00","13,624","1,99,64,300.00",,0,0,0,6,28.9,31.6,26.2,3.3,82,12.1
05-07-22,"7,631","7,762","1,09,22,850.00","1,17,53,850.00","15,393","2,26,76,700.00",,0,0,0,5,28.8,31.2,26.7,2.6,83,15.3
06-07-22,"8,877","7,832","1,24,66,650.00","1,17,37,100.00","16,709","2,42,03,750.00",,0,0,0,4,28.7,31.5,26.9,2.6,82,16.9
07-07-22,"13,395","9,308","1,77,67,750.00","1,38,83,900.00","22,703","3,16,51,650.00",,0,0,0,3,29.1,32.2,26.7,4.5,81,11.8
08-07-22,"19,667","12,056","2,47,50,250.00","1,71,89,400.00","31,723","4,19,39,650.00",,0,0,1,2,29,31.9,26.5,1.5,81,13.6
09-07-22,"11,513","8,283","1,57,24,550.00","1,16,63,750.00","19,796","2,73,88,300.00",,0,0,1,1,28.9,31.9,25.7,0.5,79,15.6
10-07-22,"6,747","5,207","81,37,750.00","64,73,100.00","11,954","1,46,10,850.00",Eid-ul-Azha,1,1,0,0,29.2,32.2,26.8,0.4,79,17.5
11-07-22,"17,735","14,705","1,93,96,550.00","1,66,58,850.00","32,440","3,60,55,400.00",Eid-ul-Azha Holiday,1,1,0,1,28.9,31.6,26.7,2.2,79,19.8
12-07-22,"14,969","16,442","1,69,25,750.00","1,84,38,700.00","31,411","3,53,64,450.00",Eid-ul-Azha Holiday,1,1,0,2,29.5,33,26.9,0.7,77,20.5
13-07-22,"11,713","14,416","1,39,19,600.00","1,65,08,850.00","26,129","3,04,28,450.00",Eid-ul-Azha Holiday,1,1,0,3,29.8,33.2,27,0.3,75,20.7
14-07-22,"10,748","13,031","1,34,49,400.00","1,56,98,650.00","23,779","2,91,48,050.00",,0,0,0,4,30.1,33.5,27.4,0.3,74,19.8
15-07-22,"13,117","16,640","1,67,05,900.00","1,98,75,150.00","29,757","3,65,81,050.00",,0,0,1,5,29.7,33.3,26.7,3.6,77,18.7
16-07-22,"11,414","16,081","1,57,54,750.00","2,00,56,050.00","27,495","3,58,10,800.00",,0,0,1,6,29.9,33.1,27.1,0.6,76,19.5
17-07-22,"8,571","10,005","1,24,68,700.00","1,38,11,400.00","18,576","2,62,80,100.00",,0,0,0,7,29.8,33.2,27.3,1,76,20.3
18-07-22,"7,588","8,287","1,11,56,600.00","1,19,00,150.00","15,875","2,30,56,750.00",,0,0,0,8,29.3,33.1,26.9,4.5,78,15.1
19-07-22,"7,162","7,444","1,06,89,800.00","1,08,14,400.00","14,606","2,15,04,200.00",,0,0,0,9,29.2,33,26.7,4,80,14.5
20-07-22,"6,672","6,835","1,00,32,450.00","1,02,13,650.00","13,507","2,02,46,100.00",,0,0,0,10,28.8,32.6,27.2,6.8,83,12.8
21-07-22,"7,291","6,762","1,05,66,200.00","1,00,60,250.00","14,053","2,06,26,450.00",,0,0,0,11,29.5,32.9,26.9,2.2,79,14.1
22-07-22,"11,512","11,233","1,52,59,650.00","1,48,83,950.00","22,745","3,01,34,600.00",,0,0,1,12,29.6,32.8,26.9,2.2,78,12.1
23-07-22,"7,500","8,457","1,04,81,750.00","1,14,41,650.00","15,957","2,19,23,400.00",,0,0,1,13,28.5,30.3,27.2,11.7,83,12.2
24-07-22,"5,863","5,946","88,49,000.00","86,96,100.00","11,809","1,75,45,100.00",,0,0,0,14,27.6,30.4,26,10.9,85,13.5
25-07-22,"6,129","5,988","92,35,600.00","90,83,600.00","12,117","1,83,19,200.00",,0,0,0,15,27.5,30.1,25.3,14.1,85,10.4
26-07-22,"6,140","5,807","93,98,000.00","88,77,800.00","11,947","1,82,75,800.00",,0,0,0,16,27.1,29.4,26,6.5,90,5.8
27-07-22,"6,222","6,133","94,14,950.00","92,27,900.00","12,355","1,86,41,850.00",,0,0,0,17,28.3,32.3,25.2,3.3,83,6
28-07-22,"6,840","6,507","98,44,000.00","99,42,350.00","13,347","1,97,86,350.00",,0,0,0,18,28.6,32,26,4.5,84,5.2
29-07-22,"11,076","10,582","1,47,43,300.00","1,43,70,400.00","21,658","2,91,13,700.00",,0,0,1,19,29.3,32.6,26.1,1.4,82,4.8
30-07-22,"6,946","8,226","97,78,250.00","1,11,00,950.00","15,172","2,08,79,200.00",,0,0,1,20,29.6,33.5,27.2,2.2,79,9.3
31-07-22,"6,177","6,413","92,28,050.00","95,13,950.00","12,590","1,87,42,000.00",,0,0,0,21,29.5,32.7,27.1,3.1,79,11.1
01-08-22,"6,071","6,259","91,95,100.00","96,70,800.00","12,330","1,88,65,900.00",,0,0,0,22,29,32.6,27.1,9.2,83,8.4
02-08-22,"6,100","5,955","93,75,900.00","91,12,600.00","12,055","1,84,88,500.00",,0,0,0,23,28.2,31.1,25.8,5.2,86,5.8
03-08-22,"6,139","6,151","95,34,000.00","93,03,100.00","12,290","1,88,37,100.00",,0,0,0,24,28.5,31.6,26.6,14.5,85,7
04-08-22,"6,670","6,209","98,78,700.00","96,83,600.00","12,879","1,95,62,300.00",,0,0,0,25,29.2,32.6,26.5,4.4,80,13
05-08-22,"11,019","10,128","1,47,63,550.00","1,38,44,800.00","21,147","2,86,08,350.00",,0,0,1,26,29.7,33,26.9,0.7,79,10.6
06-08-22,"6,620","7,795","94,95,350.00","1,06,35,650.00","14,415","2,01,31,000.00",,0,0,1,27,28.9,31.8,27.2,7.2,82,12.6
07-08-22,"5,723","5,824","90,77,250.00","88,56,500.00","11,547","1,79,33,750.00",,0,0,0,28,29.6,33.2,26.9,0.3,77,14.9
08-08-22,"5,988","5,710","94,32,950.00","90,14,850.00","11,698","1,84,47,800.00",,0,0,0,29,29.1,33.1,27,1.1,79,20.5
09-08-22,"7,708","7,930","1,11,29,750.00","1,15,91,200.00","15,638","2,27,20,950.00",Ashura,1,0,0,30,28,31,26.5,3.5,81,27.4
10-08-22,"5,421","5,548","84,84,550.00","87,38,350.00","10,969","1,72,22,900.00",,0,0,0,31,27.3,29.6,26.2,10.6,83,29.9
11-08-22,"6,898","6,100","1,06,03,900.00","95,39,650.00","12,998","2,01,43,550.00",,0,0,0,32,26.9,29.4,25.6,5.9,87,24.8
12-08-22,"9,561","8,959","1,32,01,850.00","1,26,61,500.00","18,520","2,58,63,350.00",,0,0,1,33,28.5,32.1,25.3,3.1,81,12.2
13-08-22,"6,248","7,070","94,59,250.00","1,01,87,800.00","13,318","1,95,47,050.00",,0,0,1,34,28.3,31.6,26.2,8,81,20.8
14-08-22,"5,936","5,478","93,08,100.00","84,08,750.00","11,414","1,77,16,850.00",,0,0,0,35,27.2,28.6,26.2,7.5,85,28.6
15-08-22,"7,484","7,970","1,08,55,600.00","1,14,04,900.00","15,454","2,22,60,500.00",National Mourning Day,1,0,0,36,28.3,31.6,26.3,1,81,18.1
16-08-22,"5,123","5,640","81,16,300.00","88,81,550.00","10,763","1,69,97,850.00",,0,0,0,37,28.9,32.9,25.6,1.7,82,9
17-08-22,"6,135","6,052","96,48,050.00","98,03,000.00","12,187","1,94,51,050.00",,0,0,0,38,30.1,33.3,26.8,0.3,77,6.4
18-08-22,"9,535","6,417","1,28,21,050.00","91,23,500.00","15,952","2,19,44,550.00",,0,0,0,39,31,36.3,27.9,12.2,78,10.3
19-08-22,"8,648","9,042","1,21,66,950.00","1,23,90,250.00","17,690","2,44,90,250.00",Janmashtami,1,0,1,40,28.6,30.5,27.3,1.6,79,23.9
20-08-22,"6,249","8,229","92,93,700.00","1,13,62,300.00","14,478","2,06,56,000.00",,0,0,1,41,28.5,31.7,25.6,10.9,80,22.6
21-08-22,"5,494","5,667","87,12,700.00","88,43,350.00","11,161","1,75,56,050.00",,0,0,0,42,29.1,32.7,26.4,2.1,79,13
22-08-22,"5,476","5,789","88,18,900.00","93,86,600.00","11,265","1,82,05,500.00",,0,0,0,43,29.2,33.6,25.8,5.2,82,6.5
23-08-22,"5,553","5,696","89,18,700.00","92,09,300.00","11,249","1,81,28,000.00",,0,0,0,44,27.7,30.8,25.6,39.3,87,11.2
24-08-22,"5,679","5,864","91,18,800.00","94,87,950.00","11,543","1,86,06,750.00",,0,0,0,45,28.2,31.2,26,1.3,80,19.8
25-08-22,"6,273","5,981","98,64,100.00","97,32,650.00","12,254","1,95,96,750.00",,0,0,0,46,28.8,32.7,25.1,0.3,77,7.1
26-08-22,"8,877","8,532","1,24,92,750.00","1,24,70,050.00","17,409","2,49,62,800.00",,0,0,1,47,29.5,33.4,26.2,0.5,76,7.2
27-08-22,6.337,"7,406","93,53,450.00","1,06,74,050.00","13,743","2,00,27,500.00",,0,0,1,48,28.7,32,26.8,1.4,83,12.1
28-08-22,"5,408","5,663","85,03,150.00","88,70,950.00","11,071","1,73,74,100.00",,0,0,0,49,28.5,32.1,26.8,1.3,82,12.6
29-08-22,"5,643","5,834","90,63,650.00","91,81,900.00","11,477","1,82,45,550.00",,0,0,0,50,28.7,32.4,25.5,1.4,81,7.5
30-08-22,"5,663","5,964","89,63,000.00","95,95,250.00","11,627","1,85,58,250.00",,0,0,0,51,30,33.9,26.2,0.1,74,7.5
31-08-22,"5,711","6,054","89,48,100.00","96,35,500.00","11,765","1,85,83,600.00",,0,0,0,52,29.9,33.9,27,0.4,76,9.2
01-09-22,"6,414","6,154","95,88,950.00","97,81,100.00","12,568","1,93,70,050.00",,0,0,0,53,29.2,33.3,27,3.5,80,9
02-09-22,"8,382","8,264","1,15,46,450.00","1,19,15,850.00","16,646","2,34,62,300.00",,0,0,1,54,28.8,32.4,26.2,1.5,83,8.4
03-09-22,"6,820","7,385","99,59,150.00","1,04,85,100.00","14,205","2,04,44,250.00",,0,0,1,55,28.5,32.1,26.7,19.6,85,10
04-09-22,"5,430","6,840","85,33,000.00","1,06,25,950.00","12,270","1,91,58,950.00",,0,0,0,56,28.1,31,26.1,17.3,87,9.3
05-09-22,"5,547","5,865","87,31,650.00","92,65,500.00","11,412","1,79,97,150.00",,0,0,0,57,27.9,30.2,26.1,5.4,87,9.8
06-09-22,"5,657","5,448","88,62,600.00","85,17,250.00","11,105","1,73,79,850.00",,0,0,0,58,28.2,31.2,25.7,8.4,86,7.5
07-09-22,"5,768","5,936","89,91,750.00","93,36,950.00","11,704","1,83,28,700.00",,0,0,0,59,29.7,33.2,26.9,1.2,81,7
08-09-22,"6,540","6,230","1,00,72,700.00","99,98,050.00","12,770","2,00,70,750.00",,0,0,0,60,30.4,33.3,27.1,1.9,79,5
09-09-22,"8,502","8,093","1,19,65,600.00","1,16,85,550.00","16,595","2,36,51,150.00",,0,0,1,61,29.4,33.2,26.5,5.3,82,6.9
10-09-22,"6,067","7,155","89,09,150.00","1,02,70,100.00","13,231","1,91,79,250.00",,0,0,1,62,28.1,30.1,26.3,12,83,13.9
11-09-22,"5,659","6,016","87,17,350.00","91,24,450.00","11,675","1,78,41,800.00",,0,0,0,63,25.9,27.7,25.1,29.9,92,16.9
12-09-22,"5,783","5,708","90,48,550.00","88,12,250.00","11,491","1,78,60,800.00",,0,0,0,64,25.2,25.8,24.5,46.3,94,16.3
13-09-22,"5,397","5,334","86,83,850.00","83,49,000.00","10,731","1,70,32,850.00",,0,0,0,65,25.2,27.4,24.3,39.9,93,14.4
14-09-22,"5,069","5,419","81,06,450.00","85,70,750.00","10,488","1,66,77,200.00",,0,0,0,66,24.8,25.9,24,76.7,95,11.9
15-09-22,"6,016","5,677","93,15,850.00","89,23,250.00","11,693","1,82,39,100.00",,0,0,0,67,26.5,30.1,24,14,88,9.3
16-09-22,"8,171","7,919","1,15,32,050.00","1,14,76,500.00","16,090","2,30,08,550.00",,0,0,1,68,26.7,30,24.1,25.8,90,7.2
17-09-22,"5,760","6,886","86,47,350.00","1,00,77,950.00","12,646","1,87,25,300.00",,0,0,1,69,27.9,31.6,24.8,3.8,87,6.8
18-09-22,"5,682","6,008","89,11,750.00","91,61,950.00","11,690","1,80,73,700.00",,0,0,0,70,28.2,31.2,25.5,1.2,86,6.6
19-09-22,"5,754","5,908","91,86,450.00","93,97,150.00","11,662","1,85,83,600.00",,0,0,0,71,28.2,31.1,26.3,5.6,83,15.8
20-09-22,"5,880","5,927","95,27,950.00","94,23,850.00","11,807","1,89,51,800.00",,0,0,0,72,27.9,30.3,26.2,1.3,82,22
21-09-22,"6,085","6,150","96,85,200.00","97,91,300.00","12,235","1,94,76,500.00",,0,0,0,73,28,30.7,25.8,1.2,83,14.7
22-09-22,"6,551","6,252","1,00,11,900.00","99,60,100.00","12,803","1,99,72,000.00",,0,0,0,74,28,31.7,25.8,2.7,84,10.1
23-09-22,"8,644","8,326","1,23,64,800.00","1,21,56,300.00","16,970","2,45,21,100.00",,0,0,1,75,28.3,31.7,25.7,7,83,8.1
24-09-22,"6,155","7,143","93,27,350.00","1,03,90,450.00","13,298","1,97,17,800.00",,0,0,1,76,28.4,31.4,25.3,1.9,81,6.7
25-09-22,"5,740","6,170","90,48,550.00","96,17,100.00","11,910","1,86,65,650.00",,0,0,0,77,28.5,31.7,25.8,0.4,79,5.6
26-09-22,"5,840","5,890","94,28,000.00","93,53,250.00","11,730","1,87,81,250.00",,0,0,0,78,28,31.3,25.9,5.4,85,5.2
27-09-22,"5,917","6,053","95,16,900.00","97,31,000.00","11,970","1,92,47,900.00",,0,0,0,79,27.6,30.4,25.4,3.9,85,4.6
28-09-22,"6,087","6,283","96,17,350.00","99,81,950.00","12,370","1,95,99,300.00",,0,0,0,80,28.1,31.4,25.4,3.4,86,5.2
29-09-22,"6,853","6,428","1,03,24,850.00","1,00,97,350.00","13,281","2,04,22,200.00",,0,0,0,81,29.1,32.4,26.1,6,83,6.3
30-09-22,"9,850","8,746","1,35,69,150.00","1,25,57,100.00","18,596","2,61,26,250.00",,0,0,1,82,30.2,33.6,27.1,0,77,7.5
01-10-22,"6,887","7,653","1,00,02,700.00","1,10,63,300.00","14,540","2,10,66,000.00",,0,0,1,83,29.5,32.7,26.4,9.4,81,6.6
02-10-22,"6,363","6,587","93,86,900.00","99,29,850.00","12,950","1,93,16,750.00",,0,0,0,84,26.9,30,25.5,36.7,89,8.2
03-10-22,"6,665","6,418","1,00,27,850.00","98,57,250.00","13,083","1,98,85,100.00",,0,0,0,85,26.2,28.7,24.6,14.2,90,14.6
04-10-22,"7,417","6,843","1,08,24,650.00","1,03,39,000.00","14,260","2,11,63,650.00",,0,0,0,86,27.4,31.4,24.6,16.9,86,9.2
05-10-22,"8,925","8,175","1,21,50,800.00","1,14,90,400.00","17,100","2,36,41,200.00",Durga Puja,1,0,0,87,28,31.7,26,1,83,8.2
06-10-22,"7,263","6,892","1,02,43,800.00","1,01,31,700.00","14,155","2,03,75,500.00",,0,0,0,88,27.1,31.3,24.8,5.1,86,8.4
07-10-22,"9,645","7,731","1,28,79,400.00","1,03,26,700.00","17,376","2,32,06,100.00",,0,0,1,89,28.6,31.8,24.9,0.3,76,3.7
08-10-22,"7,635","10,585","1,08,39,650.00","1,46,83,750.00","18,220","2,55,23,400.00",,0,0,1,90,28.9,32,26,5.1,80,4.4
09-10-22,"7,798","10,519","1,13,56,300.00","1,40,06,850.00","18,317","2,53,63,150.00",Eid-e-Miladunnabi,1,0,0,91,28.6,32,25.6,1.5,80,6
10-10-22,"5,750","6,961","90,29,650.00","1,05,59,900.00","12,711","1,95,89,550.00",,0,0,0,92,27.8,31,25.3,3.5,82,7.1
11-10-22,"6,557","6,507","1,05,14,950.00","1,03,79,250.00","13,064","2,08,94,200.00",,0,0,0,93,27.6,31.6,25.5,3.2,84,8.9
12-10-22,"6,381","6,356","1,01,71,450.00","1,01,03,750.00","12,737","2,02,75,200.00",,0,0,0,94,26.8,30.1,24.9,7.3,88,5.7
13-10-22,"6,619","6,544","1,01,60,850.00","1,04,09,050.00","13,163","2,05,69,900.00",,0,0,0,95,26.7,30.2,24.2,4.5,86,5
14-10-22,"8,756","8,204","1,27,45,800.00","1,21,70,800.00","16,960","2,49,16,600.00",,0,0,1,96,27.5,30.8,25,6.9,83,5
15-10-22,"6,407","7,339","98,13,500.00","1,07,16,400.00","13,746","2,05,29,900.00",,0,0,1,97,28.5,31.8,25.7,0,76,8.4
16-10-22,"5,966","6,302","92,89,850.00","99,10,300.00","12,268","1,92,00,150.00",,0,0,0,98,28,32.2,24.6,0,72,11
17-10-22,"6,334","6,591","1,01,50,100.00","1,04,99,650.00","12,925","2,06,49,750.00",,0,0,0,99,28.3,31.3,24.3,0,68,5.4
18-10-22,"6,281","6,816","97,31,200.00","1,05,76,650.00","13,097","2,03,07,850.00",,0,0,0,100,27.7,30.9,24.9,4,78,6.7
19-10-22,"6,171","6,503","99,46,950.00","1,02,58,100.00","12,674","2,02,05,050.00",,0,0,0,101,28,31.4,25.2,0.2,75,8.8
20-10-22,"6,936","6,539","1,05,83,300.00","1,01,82,100.00","13,475","2,07,65,400.00",,0,0,0,102,27.7,32.2,23.8,0,70,9.9
21-10-22,"8,261","7,887","1,16,52,200.00","1,13,30,450.00","16,148","2,29,82,650.00",,0,0,1,103,27.7,32.4,24,0,72,9.6
22-10-22,"5,880","7,226","87,09,300.00","1,13,30,450.00","13,106","1,90,41,850.00",,0,0,1,104,28.2,33,23.9,0,73,9.1
23-10-22,"5,998","6,471","94,26,150.00","1,01,65,150.00","12,469","1,95,91,300.00",,0,0,0,105,26.6,28.1,25.4,14.9,83,6.2
24-10-22,"4,864","3,945","74,96,550.00","59,44,550.00","8,809","1,34,41,050.00",,0,0,0,106,23.8,25.5,22.3,102.9,91,27.6
25-10-22,"4,164","5,168","66,15,600.00","81,37,900.00","9,332","1,47,53,500.00",,0,0,0,107,23.7,27.2,21.3,2.6,79,15.4
26-10-22,"5,764","5,968","90,67,600.00","93,92,300.00","11,732","1,84,59,900.00",,0,0,0,108,24.7,29.2,20.4,0,81,6.3
27-10-22,"6,637","6,424","1,02,66,900.00","1,01,95,550.00","13,061","2,04,62,450.00",,0,0,0,109,25.5,29,22.7,0.2,78,7.5
28-10-22,"8,568","7,652","1,23,81,000.00","1,12,08,150.00","16,220","2,35,89,150.00",,0,0,1,110,24.8,29.2,20.4,0,73,8.5
29-10-22,"6,068","7,692","90,93,050.00","1,12,17,850.00","13,760","2,03,10,900.00",,0,0,1,111,24.6,29.4,20.1,0,78,6.8
30-10-22,"5,820","6,326","91,05,700.00","97,39,900.00","12,146","1,88,45,600.00",,0,0,0,112,26,30.2,21.6,0,74,6.2
31-10-22,"6,228","6,295","99,14,650.00","99,14,550.00","12,523","1,98,29,200.00",,0,0,0,113,26.7,30.7,23.1,0,77,6.8
01-11-22,"6,184","6,430","97,29,450.00","1,01,16,450.00","12,614","1,98,45,900.00",,0,0,0,114,27.3,31.3,24.2,0,77,8
02-11-22,"6,139","6,317","96,49,900.00","1,00,41,200.00","12,456","1,96,91,100.00",,0,0,0,115,26.7,30.2,24,0,72,7.5
03-11-22,"7,126","6,560","1,08,94,100.00","1,05,04,200.00","13,686","2,13,98,300.00",,0,0,0,116,25.4,28.6,22.6,0,73,7.2
04-11-22,"8,106","7,729","1,15,30,900.00","1,11,37,900.00","15,835","2,26,68,800.00",,0,0,1,117,26,28.8,23.3,0,66,5.2
05-11-22,"5,659","6,765","83,80,700.00","94,21,000.00","12,424","1,78,01,700.00",,0,0,1,118,25.2,29.6,20.6,0,75,5.9
06-11-22,"6,105","6,329","96,54,450.00","96,80,300.00","12,434","1,93,34,750.00",,0,0,0,119,25.4,29.8,21.7,0.1,72,5.4
07-11-22,"6,257","6,589","97,26,000.00","1,04,05,050.00","12,846","2,01,31,050.00",,0,0,0,120,25,29.4,21.7,0,67,5.4
08-11-22,"6,265","6,365","99,23,150.00","1,00,93,900.00","12,630","2,00,17,050.00",,0,0,0,121,25.4,28.8,20.6,0,65,4.3
09-11-22,"6,312","6,471","99,23,350.00","1,02,85,050.00","12,783","2,02,08,400.00",,0,0,0,122,25.3,29.5,21.8,0,72,8.1
10-11-22,"7,213","6,786","1,12,34,350.00","1,07,03,900.00","13,999","2,19,38,250.00",,0,0,0,123,24.9,29.4,20.6,0,68,7
11-11-22,"8,328","7,895","1,18,61,000.00","1,15,29,200.00","16,223","2,33,90,200.00",,0,0,1,124,24.1,28.9,19.3,0,68,7.8
12-11-22,"5,761","6,623","85,56,100.00","94,36,000.00","12,384","1,79,92,100.00",,0,0,1,125,24,28.5,20.5,0,75,7.4
13-11-22,"6,057","6,904","94,04,650.00","1,05,29,650.00","12,961","1,99,34,300.00",,0,0,0,126,24.3,28.2,20.2,0,68,7.7
14-11-22,"6,329","6,355","1,01,42,450.00","1,00,72,200.00","12,684","2,02,14,650.00",,0,0,0,127,23,27.8,18.9,0,72,8.5
15-11-22,"6,534","6,518","1,03,99,050.00","1,03,44,350.00","13,052","2,07,43,400.00",,0,0,0,128,22.8,27.4,18.8,0,76,8.3
16-11-22,"6,403","6,438","1,01,48,400.00","1,03,01,000.00","12,841","2,04,49,400.00",,0,0,0,129,23.3,27.9,18.9,0,75,7.7
17-11-22,"7,121","6,650","1,09,50,750.00","1,07,14,500.00","13,771","2,16,65,250.00",,0,0,0,130,22.9,28,19,0,73,8.2
18-11-22,"8,839","8,662","1,27,79,250.00","1,29,01,900.00","17,501","2,56,81,150.00",,0,0,1,131,22.9,28,19.3,0,70,9.4
19-11-22,"6,288","7,595","95,62,000.00","1,09,59,750.00","13,883","2,05,21,750.00",,0,0,1,132,22.6,27.4,18,0,76,8.5
20-11-22,"6,220","6,442","97,98,450.00","1,00,59,300.00","12,662","1,98,57,750.00",,0,0,0,133,24.1,28.7,20.5,0,72,8.1
21-11-22,"6,126","6,530","98,64,500.00","1,05,41,200.00","12,656","2,04,05,700.00",,0,0,0,134,23.7,27.6,20.3,0,69,9.5
22-11-22,"6,186","6,193","98,18,300.00","99,59,650.00","12,379","1,97,77,950.00",,0,0,0,135,22,26.6,18.2,0,71,9.5
23-11-22,"6,458","6,340","1,01,20,250.00","1,00,12,050.00","12,798","2,01,32,300.00",,0,0,0,136,22.1,27.2,18.4,0,75,9.6
24-11-22,"6,784","6,367","1,02,51,150.00","99,16,250.00","13,151","2,01,67,400.00",,0,0,0,137,22.2,27.1,18.2,0,74,9.4
25-11-22,"8,290","8,015","1,19,72,300.00","1,17,88,650.00","16,305","2,37,60,950.00",,0,0,1,138,22.4,27.5,18.5,0,76,8.5
26-11-22,"6,122","7,200","93,00,500.00","1,04,26,850.00","13,322","1,97,27,350.00",,0,0,1,139,22.2,27.4,18.3,0,72,7.3
27-11-22,"5,981","6,372","94,96,700.00","99,26,500.00","12,353","1,94,23,200.00",,0,0,0,140,22.2,27.2,17.3,0,72,7.1
28-11-22,"6,295","6,788","99,23,250.00","1,09,42,750.00","13,083","2,08,66,000.00",,0,0,0,141,22.7,27.6,17.6,0,69,8.1
29-11-22,"6,172","6,516","95,94,800.00","1,02,56,300.00","12,688","1,98,51,100.00",,0,0,0,142,24.2,27.5,20.9,0,67,5.8
30-11-22,"6,246","6,233","97,40,700.00","99,02,500.00","12,479","1,96,43,200.00",,0,0,0,143,24.8,28.6,21.3,0,67,6.8
01-12-22,"7,112","6,779","1,08,05,550.00","1,07,03,550.00","13,891","2,15,09,100.00",,0,0,0,142,23.4,27.5,20.3,0,71,8.8
02-12-22,"8,082","7,851","1,16,72,550.00","1,15,83,450.00","15,933","2,32,56,000.00",,0,0,1,141,22.3,27.1,19.2,0,73,9.4
03-12-22,"5,983","6,993","89,22,650.00","1,01,27,300.00","12,976","1,90,49,950.00",,0,0,1,140,21.5,26.5,18.2,0,71,9.5
04-12-22,"5,680","6,060","87,92,400.00","93,94,050.00","11,740","1,81,86,450.00",,0,0,0,139,21.8,26.3,17.3,0,75,8.9
05-12-22,"5,859","6,194","91,02,800.00","98,64,950.00","12,053","1,89,67,750.00",,0,0,0,138,21.8,26.5,18.5,0,73,8.4
06-12-22,"6,169","6,469","97,06,350.00","1,02,47,250.00","12,638","1,99,53,600.00",,0,0,0,137,21.8,26.4,18,0,74,8.7
07-12-22,"6,169","6,177","95,30,500.00","97,73,900.00","12,346","1,93,04,400.00",,0,0,0,136,21.5,25.9,18.2,0,72,9.6
08-12-22,"6,339","5,457","94,31,650.00","84,25,300.00","11,796","1,78,56,950.00",,0,0,0,135,21.5,26.7,17.7,0,71,8.4
09-12-22,"5,607","4,578","82,64,850.00","70,28,300.00","10,185","1,52,93,150.00",,0,0,1,134,21.1,26.2,16.8,0,70,7.6
10-12-22,"2,595","3,076","37,36,550.00","43,80,600.00","5,671","81,17,150.00",,0,0,1,133,21.3,25.7,17,0,72,8.1
11-12-22,"4,898","6,391","73,22,300.00","98,33,100.00","11,289","1,71,55,400.00",,0,0,0,132,21.6,26.5,17.7,0,73,8.2
12-12-22,"6,654","6,533","1,03,28,900.00","1,02,65,400.00","13,187","2,05,94,300.00",,0,0,0,131,21.1,26.2,16.6,0,71,8.2
13-12-22,"6,573","6,626","1,01,65,950.00","1,03,81,050.00","13,199","2,05,47,000.00",,0,0,0,130,21.6,26.4,16.7,0,72,7.3
14-12-22,"7,026","6,845","1,05,91,750.00","1,06,19,450.00","13,871","2,12,11,200.00",,0,0,0,129,21.4,26.3,16.7,0,76,6.8
15-12-22,"8,310","7,195","1,18,77,600.00","1,11,70,200.00","15,505","2,30,47,800.00",,0,0,0,128,20.4,25.1,16.2,0,72,7.5
16-12-22,"10,625","9,161","1,46,01,850.00","1,29,95,100.00","19,786","2,75,96,950.00",Victory Day,1,0,1,127,19.5,24.5,16.2,0,73,7.4
17-12-22,"6,979","8,690","98,95,600.00","1,21,02,500.00","15,669","2,19,98,100.00",,0,0,1,126,20.1,24.8,15.9,0,75,7.6
18-12-22,"6,715","7,265","1,01,68,800.00","1,07,05,550.00","13,980","2,08,74,350.00",,0,0,0,125,20,25.2,15.8,0,76,6.9
19-12-22,"7,036","7,232","1,04,15,100.00","1,08,51,650.00","14,268","2,12,66,750.00",,0,0,0,124,20.4,24.5,16.7,0,69,6.5
20-12-22,"7,480","7,215","1,11,73,150.00","1,08,01,050.00","14,695","2,19,74,200.00",,0,0,0,123,20,25,15.4,0,75,7.9
21-12-22,"7,856","7,595","1,16,00,950.00","1,15,13,000.00","15,451","2,31,13,950.00",,0,0,0,122,20.5,25.3,16.1,0,76,8
22-12-22,"9,981","7,956","1,40,71,750.00","1,19,53,250.00","17,937","2,60,25,000.00",,0,0,0,121,20.4,25,16.4,0,76,8.6
23-12-22,"12,718","10,107","1,69,33,450.00","1,42,67,400.00","22,825","3,12,00,850.00",,0,0,1,120,19.5,24.7,16.1,0,74,8.9
24-12-22,"8,558","8,882","1,19,08,650.00","1,23,65,950.00","17,440","2,42,74,600.00",,0,0,1,119,19.8,24,14.3,0,67,6.7
25-12-22,"9,119","10,645","1,27,64,850.00","1,36,64,800.00","19,764","2,64,29,650.00",Christmas Day,1,0,0,118,20.4,26.4,14,0,67,5.6
26-12-22,"7,346","9,609","1,08,52,450.00","1,35,79,150.00","16,955","2,44,31,600.00",,0,0,0,117,21.3,27.6,16,0.3,75,4.8
27-12-22,"7,818","8,020","1,17,25,100.00","1,18,86,900.00","15,838","2,36,12,000.00",,0,0,0,116,21,25.5,17.7,1,85,7
28-12-22,"7,888","7,725","1,17,64,800.00","1,15,28,550.00","15,613","2,32,93,350.00",,0,0,0,115,20.3,24.2,17.5,0.8,86,6
29-12-22,"8,580","7,807","1,28,39,250.00","1,16,47,250.00","16,387","2,44,86,500.00",,0,0,0,114,18.2,23,14.3,0,73,7.6
30-12-22,"10,089","9,401","1,46,21,200.00","1,33,82,450.00","19,490","2,80,03,650.00",,0,0,1,113,17.9,22.1,14.2,0,76,7.1
31-12-22,"7,619","9,386","1,12,45,050.00","1,30,41,350.00","17,005","2,42,86,400.00",,0,0,1,112,18.3,22.5,14.2,0,78,6.1
01-01-23,"7,107","7,629","1,06,33,250.00","1,09,87,900.00","14,736","2,16,21,150.00",,0,0,0,111,18.7,23.2,14.4,0,81,7.6
02-01-23,"6,810","7,294","1,03,57,600.00","1,11,37,250.00","14,104","2,14,94,850.00",,0,0,0,110,18.6,23.6,15.3,0,79,7.7
03-01-23,"7,569","6,847","1,17,58,900.00","1,05,15,650.00","14,416","2,22,74,550.00",,0,0,0,109,18.4,22.7,13.8,0,79,9.3
04-01-23,"6,836","7,791","1,02,85,800.00","1,20,75,200.00","14,627","2,23,61,000.00",,0,0,0,108,18.2,22.7,15.2,0,81,9.7
05-01-23,"7,775","6,991","1,11,79,500.00","1,05,33,750.00","14,766","2,17,13,250.00",,0,0,0,107,17.5,21.5,13.9,0,83,12.2
06-01-23,"8,957","8,646","1,25,76,800.00","1,23,83,700.00","17,603","2,49,60,500.00",,0,0,1,106,17.1,21.1,14.2,0,83,11.4
07-01-23,"6,552","8,198","94,25,800.00","1,13,38,200.00","14,750","2,07,64,000.00",,0,0,1,105,16.5,21,13.4,0,85,9.5
08-01-23,"6,458","7,026","97,77,650.00","1,04,95,500.00","13,484","2,02,73,150.00",,0,0,0,104,18,23.1,14.1,0,87,8.1
09-01-23,"6,680","6,699","1,03,07,750.00","1,04,24,250.00","13,379","2,07,32,000.00",,0,0,0,103,18.8,23.7,14.8,0,84,9.1
10-01-23,"6,738","6,671","1,04,64,550.00","1,02,13,800.00","13,409","2,06,78,350.00",,0,0,0,102,18.2,23,14.5,0,83,8.6
11-01-23,"6,768","7,292","1,02,48,150.00","1,14,04,200.00","14,060","2,16,52,350.00",,0,0,0,101,17.5,22.2,13.9,0,77,8.5
12-01-23,"7,495","7,085","1,08,29,500.00","1,08,63,800.00","14,580","2,16,93,300.00",,0,0,0,100,16.7,21.9,12,0,77,6.9
13-01-23,"9,046","8,531","1,29,19,100.00","1,24,08,000.00","17,577","2,53,27,100.00",,0,0,1,99,18.8,24.9,13.1,0,75,6.1
14-01-23,"6,938","8,007","1,01,15,400.00","1,12,32,550.00","14,945","2,13,47,950.00",,0,0,1,98,19.7,25.6,14.9,1.6,87,5.1
15-01-23,"6,970","7,267","1,07,16,900.00","1,08,69,200.00","14,237","2,15,86,100.00",,0,0,0,97,19.7,24.6,16.2,0,80,7.3
16-01-23,"6,787","7,051","1,04,83,700.00","1,08,23,400.00","13,838","2,13,07,100.00",,0,0,0,96,18.9,23.2,15.4,0,75,8.3
17-01-23,"6,837","6,630","1,04,32,750.00","1,01,87,500.00","13,467","2,06,20,250.00",,0,0,0,95,18.1,22.5,14.6,0,76,8
18-01-23,"6,916","7,112","1,05,21,350.00","1,10,29,500.00","14,028","2,15,50,850.00",,0,0,0,94,17.9,22.3,14.8,0,75,7.7
19-01-23,"7,828","7,255","1,14,85,150.00","1,13,51,450.00","15,083","2,28,36,600.00",,0,0,0,93,17.3,22.1,13.7,0,69,9.8
20-01-23,"9,504","8,587","1,35,96,050.00","1,24,70,400.00","18,091","2,60,66,450.00",,0,0,1,92,16.8,22.2,11.9,0,73,9.2
21-01-23,"7,006","8,207","1,02,23,200.00","1,16,69,100.00","15,213","2,18,92,300.00",,0,0,1,91,18,23.1,12.6,0,70,8.1
22-01-23,"6,663","7,152","1,02,23,800.00","1,06,66,750.00","13,815","2,08,90,550.00",,0,0,0,90,19.4,25.3,14.6,0,72,6.8
23-01-23,"6,967","6,954","1,07,22,650.00","1,06,73,300.00","13,921","2,13,95,950.00",,0,0,0,89,20.3,26,15.5,0,77,7.9
24-01-23,"6,764","6,757","1,03,63,400.00","1,04,90,250.00","13,521","2,08,53,650.00",,0,0,0,88,21.1,26.7,17.3,0,77,7.6
25-01-23,"7,231","6,826","1,07,22,950.00","1,05,17,100.00","14,057","2,12,40,050.00",,0,0,0,87,21.4,26.5,16.8,0,74,6.6
26-01-23,"8,278","7,465","1,19,23,400.00","1,15,62,300.00","15,743","2,34,85,700.00",,0,0,0,86,22,27.3,17.6,0,78,7.1
27-01-23,"9,581","8,844","1,34,53,550.00","1,24,90,950.00","18,425","2,59,44,500.00",,0,0,1,85,21.6,26.2,18.1,0,76,8.2
28-01-23,"7,116","8,681","1,03,87,300.00","1,20,43,700.00","15,797","2,24,31,000.00",,0,0,1,84,21.6,25.8,18.5,0,79,8.8
29-01-23,"6,533","7,375","99,41,400.00","1,09,42,900.00","13,908","2,08,84,300.00",,0,0,0,83,20.3,24.8,16.4,0,78,8.9
30-01-23,"6,768","7,108","1,05,10,550.00","1,08,66,850.00","13,876","2,13,77,400.00",,0,0,0,82,21,25.9,16.4,0,72,6.3
31-01-23,"6,881","6,980","1,06,03,950.00","1,07,07,300.00","13,861","2,13,11,250.00",,0,0,0,81,21.1,26.1,16.6,0,76,8
01-02-23,"7,132","6,942","1,08,57,200.00","1,07,39,050.00","14,074","2,15,96,250.00",,0,0,0,80,20.9,23.8,18.4,0,78,9.6
02-02-23,"8,188","7,067","1,20,72,900.00","1,10,14,400.00","15,255","2,30,87,300.00",,0,0,0,79,19.5,23.7,15.6,0,68,12.5
03-02-23,"9,516","8,970","1,33,41,600.00","1,28,78,100.00","18,486","2,62,19,700.00",,0,0,1,78,19.2,24.3,15.7,0,75,9.7
04-02-23,"7,001","8,288","1,03,98,750.00","1,17,08,350.00","15,289","2,21,07,100.00",,0,0,1,77,19.3,24.4,14.9,0,75,9.5
05-02-23,"6,685","7,594","1,02,13,400.00","1,14,32,000.00","14,279","2,16,45,400.00",,0,0,0,76,20.2,24.8,16.8,0,72,7.7
06-02-23,"6,690","6,837","1,03,25,800.00","1,06,54,550.00","13,527","2,09,80,350.00",,0,0,0,75,20.9,25.9,15.6,0,69,5.6
07-02-23,"6,690","6,618","1,04,39,500.00","1,03,67,300.00","13,308","2,08,06,800.00",,0,0,0,74,21.4,29.3,15.7,0,69,10.3
08-02-23,"6,668","6,832","1,02,36,300.00","1,07,78,900.00","13,500","2,10,15,200.00",,0,0,0,73,22.7,29.3,17.7,0,74,9.3
09-02-23,"7,808","7,160","1,15,99,900.00","1,12,03,350.00","14,968","2,28,03,250.00",,0,0,0,72,22.6,28,18.7,0.3,82,4.9
10-02-23,"9,370","8,781","1,32,33,500.00","1,27,88,850.00","18,151","2,60,22,350.00",,0,0,1,71,22.9,27.8,18,0,65,7.2
11-02-23,"6,990","8,419","1,03,47,500.00","1,19,82,400.00","15,409","2,23,29,900.00",,0,0,1,70,22.7,30.2,14.7,0,64,7.4
12-02-23,"6,787","6,974","1,05,48,150.00","1,04,85,100.00","13,761","2,10,33,250.00",,0,0,0,69,23.4,28.4,20,0,77,7.9
13-02-23,"6,855","7,138","1,07,03,400.00","1,13,06,600.00","13,993","2,20,10,000.00",,0,0,0,68,21.9,26.9,17.5,0,48,9.8
14-02-23,"6,898","6,890","1,09,13,300.00","1,08,13,850.00","13,788","2,17,27,150.00",,0,0,0,67,19.9,25.2,14.3,0,51,9.2
15-02-23,"6,936","6,991","1,06,12,200.00","1,11,37,800.00","13,927","2,17,50,000.00",,0,0,0,66,20.8,25.3,17.4,0,55,6.7
16-02-23,"8,528","7,470","1,25,74,250.00","1,18,14,300.00","15,998","2,43,88,550.00",,0,0,0,65,21.7,27.2,16.3,0,59,6.9
17-02-23,"10,091","9,077","1,43,42,400.00","1,33,88,300.00","19,168","2,77,30,700.00",,0,0,1,64,22.6,28.1,16.5,0,58,6.5
18-02-23,"7,882","8,753","1,17,97,000.00","1,23,16,750.00","16,635","2,41,13,750.00",,0,0,1,63,23.2,27.9,18.9,1.2,70,5.4
19-02-23,"7,058","7,807","1,08,56,350.00","1,16,89,400.00","14,865","2,25,45,750.00",,0,0,0,62,23.2,27.7,19.5,0.3,77,5.5
20-02-23,"8,190","7,282","1,24,31,000.00","1,14,57,850.00","15,472","2,38,88,850.00",,0,0,0,61,23.4,28.8,19,0,74,6.1
21-02-23,"8,631","10,456","1,25,65,200.00","1,55,25,050.00","19,087","2,80,90,250.00",Language Martyrs' Day,1,0,0,60,24.5,29.2,20.1,0.9,75,8.4
22-02-23,"6,521","6,847","98,47,550.00","1,05,26,200.00","13,368","2,03,73,750.00",,0,0,0,59,25.8,32.1,21.6,0,73,15.9
23-02-23,"8,010","7,242","1,17,95,900.00","1,13,06,500.00","15,252","2,31,02,400.00",,0,0,0,58,25.7,31.5,21.4,0.2,73,9.8
24-02-23,"9,764","9,062","1,39,72,150.00","1,31,15,500.00","18,826","2,70,87,650.00",,0,0,1,57,25.4,30.9,21.3,0.4,75,7.1
25-02-23,"6,951","8,405","1,04,15,350.00","1,15,94,100.00","15,356","2,20,09,450.00",,0,0,1,56,25.2,30.3,21.5,0.5,70,6.1
26-02-23,"6,807","7,702","1,05,88,150.00","1,16,03,550.00","14,509","2,21,91,700.00",,0,0,0,55,24.5,30.8,19.3,0,56,8.3
27-02-23,"6,991","6,984","1,08,80,800.00","1,08,62,200.00","13,975","2,17,43,000.00",,0,0,0,54,25.5,32,19.8,0,57,8.4
28-02-23,"7,280","7,182","1,11,34,000.00","1,12,65,800.00","14,462","2,23,99,800.00",,0,0,0,53,25.3,31.4,20.5,0,57,7.5
01-03-23,"7,186","7,129","1,11,39,900.00","1,11,36,650.00","14,315","2,22,76,550.00",,0,0,0,52,25.2,31.5,19,0,54,7.7
02-03-23,"7,796","7,305","1,17,32,100.00","1,16,31,700.00","15,101","2,33,63,800.00",,0,0,0,51,26.6,32.1,20.7,0,53,4.6
03-03-23,"9,269","8,778","1,31,65,950.00","1,29,12,800.00","18,047","2,60,78,750.00",,0,0,1,50,26.7,32.5,20.4,0,56,7.3
04-03-23,"6,866","8,130","1,03,15,500.00","1,16,69,400.00","14,996","2,19,84,900.00",,0,0,1,49,26.4,32.6,20.1,0,53,7.2
05-03-23,"6,654","7,323","1,02,91,550.00","1,13,37,100.00","13,977","2,16,28,650.00",,0,0,0,48,26.6,32.5,20.7,0,59,6.5
06-03-23,"7,101","7,304","1,09,89,550.00","1,16,55,750.00","14,405","2,26,45,300.00",,0,0,0,47,26.2,31.8,20.9,0,55,8.2
07-03-23,"7,306","7,094","1,13,52,400.00","1,12,39,850.00","14,400","2,25,92,250.00",,0,0,0,46,27.5,32.6,22.6,0,47,5.5
08-03-23,"7,754","7,389","1,13,93,250.00","1,12,36,150.00","15,143","2,26,29,400.00",Shab e-Barat,1,0,0,45,26.6,31.8,20.7,0,46,9.3
09-03-23,"6,879","6,857","99,82,750.00","1,07,87,150.00","13,736","2,07,69,900.00",,0,0,0,44,26.8,33,21.9,0,48,10.2
10-03-23,"9,318","9,198","1,33,66,800.00","1,34,83,950.00","18,516","2,68,50,750.00",,0,0,1,43,27,31.7,23.6,0,49,8.4
11-03-23,"7,344","8,942","1,10,34,800.00","1,28,15,300.00","16,286","2,38,50,100.00",,0,0,1,42,27.6,32.7,22.3,0,51,7.1
12-03-23,"7,030","7,373","1,08,84,000.00","1,13,09,350.00","14,403","2,21,93,350.00",,0,0,0,41,27.4,34.3,22.1,0,49,10.5
13-03-23,"7,237","7,074","1,13,08,700.00","1,11,03,700.00","14,311","2,24,12,400.00",,0,0,0,40,27.7,33.6,21.2,0,46,9.9
14-03-23,"7,152","7,256","1,10,73,850.00","1,15,96,400.00","14,408","2,26,70,250.00",,0,0,0,39,26.9,33.9,21.2,0.4,55,9.4
15-03-23,"7,177","7,434","1,09,93,450.00","1,17,78,750.00","14,611","2,27,72,200.00",,0,0,0,38,25.6,31.7,22.1,7.4,67,12.4
16-03-23,"8,075","7,389","1,18,15,500.00","1,15,87,250.00","15,464","2,34,02,750.00",,0,0,0,37,25.5,30.8,20.5,0.9,75,7.5
17-03-23,"9,118","8,863","1,29,23,300.00","1,29,58,200.00","17,981","2,58,81,500.00",Sheikh Mujibur Rahman's Birthday,1,0,1,36,25.7,29.8,21.7,1.4,71,9.8
18-03-23,"7,375","8,816","1,10,48,900.00","1,27,00,700.00","16,191","2,37,49,600.00",,0,0,1,35,24.6,29.2,21.3,0,70,7.1
19-03-23,"6,930","7,386","1,06,94,850.00","1,11,60,300.00","14,316","2,18,55,150.00",,0,0,0,34,22.8,26.4,20.9,9.7,84,6.5
20-03-23,"7,273","7,356","1,11,56,350.00","1,14,02,650.00","14,629","2,25,59,000.00",,0,0,0,33,22.1,26.5,19.4,7.8,84,9.5
21-03-23,"7,279","7,609","1,11,83,100.00","1,18,48,200.00","14,888","2,30,31,300.00",,0,0,0,32,22,25.8,19.3,5.7,87,6.8
22-03-23,"6,952","7,405","1,07,72,100.00","1,15,87,900.00","14,357","2,23,60,000.00",,0,0,0,31,22.6,26.4,19.9,2.8,84,6.8
23-03-23,"7,267","7,433","1,13,09,500.00","1,18,33,200.00","14,700","2,31,42,700.00",,0,0,0,30,23.7,29.2,19.6,1.1,83,8.2
24-03-23,"6,647","5,874","1,04,46,100.00","95,68,600.00","12,521","2,00,14,700.00",,0,0,1,29,24.3,30.3,18.7,0,80,5.8
25-03-23,"5,271","5,341","81,33,650.00","83,48,000.00","10,612","1,64,81,650.00",,0,0,1,28,24.8,29.6,20.2,2,83,6.4
26-03-23,"5,669","6,408","89,29,100.00","97,38,750.00","12,077","1,86,67,850.00",Independence Day,1,0,0,27,25.6,32.4,21.1,3.4,81,9
27-03-23,"5,051","5,659","81,31,850.00","87,72,450.00","10,710","1,69,04,300.00",,0,0,0,26,25.3,29.3,23.2,5.8,83,8.4
28-03-23,"5,738","5,740","92,94,650.00","92,05,100.00","11,478","1,84,99,750.00",,0,0,0,25,25.8,31.3,21.8,0.5,77,5.3
29-03-23,"5,841","5,683","92,32,350.00","90,63,650.00","11,524","1,82,96,000.00",,0,0,0,24,24.8,29.1,20.6,20,85,8.6
30-03-23,"6,043","5,632","95,27,350.00","90,44,650.00","11,675","1,85,72,000.00",,0,0,0,23,25.4,30.5,22.9,3.8,86,6.1
31-03-23,"6,271","6,001","94,72,600.00","93,53,150.00","12,272","1,88,25,750.00",,0,0,1,22,24.8,28.8,20.9,17.3,84,7.7
01-04-23,"4,960","5,691","77,23,350.00","87,52,000.00","10,651","1,64,75,350.00",,0,0,1,21,23.5,26.1,21.7,1.2,86,9.6
02-04-23,"5,275","5,357","83,32,100.00","83,20,650.00","10,632","1,66,52,750.00",,0,0,0,20,24.5,29.7,19,3.2,78,8.8
03-04-23,"5,438","5,617","85,49,850.00","90,05,150.00","11,055","1,75,55,000.00",,0,0,0,19,25.2,30.1,21.1,0.2,81,8.5
04-04-23,"5,636","5,669","89,75,500.00","91,52,600.00","11,305","1,81,28,100.00",,0,0,0,18,25.9,32.7,21.8,6.1,79,13.3
05-04-23,"5,691","5,754","89,92,200.00","92,48,500.00","11,445","1,82,40,700.00",,0,0,0,17,27,32.5,23.9,0.4,82,12.9
06-04-23,"6,198","5,834","95,44,850.00","91,64,100.00","12,032","1,87,08,950.00",,0,0,0,16,27.1,33,22.2,0,73,5.4
07-04-23,"6,658","6,182","1,01,00,100.00","95,44,050.00","12,840","1,96,44,150.00",,0,0,1,15,28,34.2,21.6,0,65,7.7
08-04-23,"5,469","6,246","83,10,600.00","93,60,700.00","11,715","1,76,71,300.00",,0,0,1,14,28.5,35,21.2,0,60,6
09-04-23,"5,674","5,835","89,45,850.00","92,43,950.00","11,509","1,81,89,800.00",,0,0,0,13,29.5,35.4,23.1,0,56,6.3
10-04-23,"6,121","6,260","95,15,400.00","98,44,850.00","12,381","1,93,60,250.00",,0,0,0,12,29.2,36.1,23,0,57,7.4
11-04-23,"6,067","6,084","95,11,150.00","96,61,500.00","12,151","1,91,72,650.00",,0,0,0,11,30,36.2,24,0,57,7.4
12-04-23,"6,238","6,329","96,85,250.00","99,69,550.00","12,567","1,96,54,800.00",,0,0,0,10,30.3,37.1,23.5,0,56,6.3
13-04-23,"6,856","6,338","1,05,42,850.00","1,00,38,600.00","13,194","2,05,81,450.00",,0,0,0,9,30.5,38.3,22.2,0,50,9.2
14-04-23,"7,606","7,087","1,12,59,300.00","1,09,38,900.00","14,693","2,21,98,200.00",Bengali New Year,1,0,1,8,31.6,39.5,24.1,0,53,9.7
15-04-23,"6,081","6,732","91,65,950.00","1,01,92,600.00","12,813","1,93,58,550.00",,0,0,1,7,32,39.1,24.9,0,58,6.2
16-04-23,"6,448","6,712","95,88,600.00","1,05,04,250.00","13,160","2,00,92,850.00",,0,0,0,6,32.4,39.9,25.9,0,57,7.7
17-04-23,"7,713","7,703","1,16,65,000.00","1,22,62,850.00","15,416","2,39,27,850.00",,0,0,0,5,30.2,37.6,26.3,0.2,74,12.5
18-04-23,"9,609","8,934","1,40,93,650.00","1,41,86,350.00","18,543","2,82,80,000.00",,0,0,0,4,29.8,38.6,25.8,9.7,77,10.6
19-04-23,"13,725","10,410","1,87,45,150.00","1,60,02,050.00","24,135","3,47,47,200.00",Shab-e-Qadr,1,0,0,3,30.8,36.5,26.6,0,78,12.8
20-04-23,"23,049","11,219","2,14,94,300.00","1,58,54,100.00","34,268","3,73,48,400.00",Eid al-Fitr Holiday,1,1,0,2,30.3,36.7,25.8,0,75,15.8
21-04-23,"23,464","12,060","2,23,49,100.00","1,68,00,900.00","35,524","3,91,50,000.00",Jumatul Bidah,1,0,1,1,28.1,34.8,25.3,37.1,82,14.8
22-04-23,"14,064","9,776","1,01,14,950.00","80,45,100.00","23,840","1,81,60,050.00",Eid al-Fitr,1,1,1,0,27.2,33.5,24.6,8,77,8.3
23-04-23,"19,277","17,242","1,30,00,550.00","1,30,03,250.00","36,519","2,60,03,800.00",Eid al-Fitr Holiday,1,1,0,1,27.1,31.6,24.5,4,67,10.5
24-04-23,"15,478","18,159","1,17,83,750.00","1,37,20,550.00","33,637","2,55,04,300.00",,0,0,0,2,27,31.9,22.8,0,71,7
25-04-23,"12,833","19,431","1,17,84,600.00","1,57,83,850.00","32,264","2,75,68,450.00",,0,0,0,3,28,31.7,23.6,0,67,6.1
26-04-23,"11,707","17,676","1,26,76,000.00","1,57,93,100.00","29,383","2,84,69,100.00",,0,0,0,4,29.6,33.2,24.9,0,59,4.3
27-04-23,"10,946","14,108","1,32,73,400.00","1,47,35,350.00","25,054","2,80,08,750.00",,0,0,0,5,29.4,34.7,25.2,1.7,62,6.9
28-04-23,"14,037","21,143","1,60,89,800.00","1,97,31,800.00","35,180","3,58,21,600.00",,0,0,1,6,27.9,33,23,0.2,72,5.7
29-04-23,"10,348","15,467","1,42,50,600.00","1,60,27,350.00","25,815","3,02,77,950.00",,0,0,1,7,28.5,35.4,24.4,0.1,72,7.6
30-04-23,"9,802","11,956","1,26,65,650.00","1,36,63,350.00","21,758","2,63,29,000.00",,0,0,0,8,28.7,33.2,25.2,0.1,71,6.8
01-05-23,"11,809","14,697","1,25,03,250.00","1,44,12,900.00","26,506","2,69,16,150.00",Labour Day,1,0,0,9,27.6,32.1,24.9,1.3,75,8.1
02-05-23,"7,847","9,444","1,05,49,400.00","1,12,64,100.00","17,291","2,18,13,500.00",,0,0,0,10,28.8,33.7,24,0,66,4.9
03-05-23,"9,130","8,732","1,11,36,850.00","1,13,64,950.00","17,862","2,25,01,800.00",,0,0,0,11,27.8,31.1,25.1,1.9,73,6.8
04-05-23,"11,703","10,090","1,23,49,100.00","1,18,51,950.00","21,793","2,42,01,050.00",Buddha Purnima,1,0,0,12,26.8,29.9,24.2,1.3,81,8.7
05-05-23,"11,969","13,077","1,20,87,450.00","1,27,51,150.00","25,046","2,48,38,600.00",,0,0,1,13,27.2,32.1,24.1,6.4,81,6.5
06-05-23,"8,609","11,749","1,05,71,850.00","1,22,23,300.00","20,358","2,27,95,150.00",,0,0,1,14,27.8,33.2,23.8,1.8,80,5.2
07-05-23,"7,563","8,654","1,01,25,250.00","1,07,46,950.00","16,217","2,08,72,200.00",,0,0,0,15,29.3,35,24.5,0,71,6
08-05-23,"7,872","8,037","1,05,69,400.00","1,07,25,700.00","15,909","2,12,95,100.00",,0,0,0,16,31,37.3,25.1,0,59,7.6
09-05-23,"7,813","8,148","1,02,80,800.00","1,09,63,500.00","15,961","2,12,44,300.00",,0,0,0,17,30.9,37.5,24.5,0.6,60,9.1
10-05-23,"7,749","7,942","1,03,08,800.00","1,06,69,300.00","15,691","2,09,78,100.00",,0,0,0,18,30.3,37.4,25.6,1.4,71,9.3
11-05-23,"9,561","8,272","1,11,44,000.00","1,12,90,450.00","17,833","2,24,34,450.00",,0,0,0,19,31.3,37.7,25.7,0,64,8.2
12-05-23,"11,898","11,922","1,23,62,500.00","1,29,95,050.00","23,820","2,53,57,550.00",,0,0,1,20,30.3,35.2,25.8,0,70,5.5
13-05-23,"8,011","10,016","1,00,12,100.00","1,12,12,800.00","18,027","2,12,24,900.00",,0,0,1,21,30.5,33.9,27.6,0,67,9.4
14-05-23,"6,984","7,318","94,43,000.00","94,31,800.00","14,302","1,88,74,800.00",,0,0,0,22,27.7,30.8,25,0,64,17.6
15-05-23,"7,291","7,653","98,34,850.00","1,03,12,350.00","14,944","2,01,47,200.00",,0,0,0,23,27.9,35.1,22.6,3.6,65,11.6
16-05-23,"7,664","7,897","1,03,14,150.00","1,09,84,700.00","15,561","2,12,98,850.00",,0,0,0,24,29.3,35.1,25.5,12.5,78,15.6
17-05-23,"7,401","7,928","1,00,19,250.00","1,10,14,300.00","15,329","2,14,48,550.00",,0,0,0,25,29,35.2,25,28.8,79,19.1
18-05-23,"8,991","7,639","1,08,66,100.00","1,06,13,900.00","16,630","2,14,80,000.00",,0,0,0,26,27.8,32.2,24.2,4.3,82,15.1
19-05-23,"11,785","10,967","1,26,40,400.00","1,22,85,900.00","22,752","2,49,26,300.00",,0,0,1,27,28.6,32.6,25.2,7.2,81,13.9
20-05-23,"7,914","10,040","98,48,400.00","1,15,54,050.00","17,954","2,14,02,450.00",,0,0,1,28,28.3,33.8,24.3,5.8,82,15.6
21-05-23,"7,456","8,311","99,27,950.00","1,04,93,250.00","15,767","2,04,21,200.00",,0,0,0,29,28.8,34.4,25.5,21.3,82,15.6
22-05-23,"7,762","7,849","1,02,99,350.00","1,05,73,450.00","15,611","2,08,72,800.00",,0,0,0,30,29.8,34.4,25.9,7.6,78,14.4
23-05-23,"7,251","7,413","1,00,44,450.00","1,03,89,700.00","14,664","2,04,34,150.00",,0,0,0,31,28.2,31.3,25.8,22.5,86,12.8
24-05-23,"7,555","7,881","1,01,02,300.00","1,09,98,600.00","15,436","2,11,00,900.00",,0,0,0,32,26.7,29.1,24.2,10.9,84,9.7
25-05-23,"9,748","8,458","1,13,14,200.00","1,13,93,100.00","18,206","2,27,07,300.00",,0,0,0,33,27.8,31.8,24.2,9.7,83,10.7
26-05-23,"11,944","10,948","1,33,54,600.00","1,24,18,650.00","22,892","2,57,73,250.00",,0,0,1,33,27.7,31.9,24.5,6.8,83,9.8
27-05-23,"7,955","10,369","1,02,25,350.00","1,20,44,100.00","18,324","2,22,69,450.00",,0,0,1,32,26.6,30.8,24.1,3.7,87,8
28-05-23,"7,946","8,666","1,04,89,000.00","1,07,74,900.00","16,612","2,12,63,900.00",,0,0,0,31,28.3,32.2,24,0,77,5.4
29-05-23,"7,509","8,137","99,89,450.00","1,08,76,000.00","15,646","2,08,65,450.00",,0,0,0,30,29.8,33.3,25.9,0,70,6
30-05-23,"7,611","7,943","1,04,02,850.00","1,08,28,450.00","15,554","2,12,31,300.00",,0,0,0,29,30.9,33.9,27.3,0,67,4.7
31-05-23,"7,630","7,731","1,03,16,100.00","1,04,14,050.00","15,361","2,07,30,150.00",,0,0,0,28,30.8,34.9,26.5,0,73,4.4
01-06-23,"9,804","8,173","1,15,33,200.00","1,10,69,100.00","17,977","2,26,02,300.00",,0,0,0,27,30.6,35.4,27.9,4.3,78,9.5
02-06-23,"11,285","10,574","1,23,99,500.00","1,22,17,100.00","21,859","2,46,16,600.00",,0,0,1,26,30.7,36.8,27.2,0.6,75,13.1
03-06-23,"7,748","9,846","1,01,17,250.00","1,15,16,300.00","17,594","2,16,33,550.00",,0,0,1,25,30.8,36.6,27.4,4,75,12
04-06-23,"7,542","8,457","1,01,42,000.00","1,06,28,600.00","15,999","2,07,70,600.00",,0,0,0,24,31,34.6,27.6,2,74,10.7
05-06-23,"7,674","7,804","1,04,48,900.00","1,05,41,700.00","15,478","2,09,90,600.00",,0,0,0,23,31.8,36.5,27.1,0,70,6.1
06-06-23,"7,514","7,641","1,02,18,500.00","1,03,61,150.00","15,155","2,05,79,650.00",,0,0,0,22,32.3,37,28.2,0,69,6.7
07-06-23,"7,419","7,727","99,00,350.00","1,07,42,150.00","15,146","2,06,42,500.00",,0,0,0,21,31.4,36.6,29,0,74,6.3
08-06-23,"8,840","7,865","1,09,56,150.00","1,09,52,400.00","16,705","2,19,08,550.00",,0,0,0,20,29.2,32.6,25.9,9.3,86,7.6
09-06-23,"10,032","9,510","1,20,95,350.00","1,17,99,750.00","19,542","2,38,95,100.00",,0,0,1,19,28.6,31.8,25.8,6.4,86,9
10-06-23,"7,484","8,938","97,51,550.00","1,04,44,850.00","16,422","2,01,96,400.00",,0,0,1,18,28.2,32.4,26.1,3.9,84,7.7
11-06-23,"7,523","7,877","1,01,36,550.00","1,01,48,250.00","15,400","2,02,84,800.00",,0,0,0,17,29.3,32.7,26.3,0.9,80,13.4
12-06-23,"6,869","7,187","93,04,450.00","98,99,000.00","14,056","1,92,03,450.00",,0,0,0,16,30.3,34.9,27.5,0.6,79,14.8
13-06-23,"7,466","7,790","99,97,400.00","1,05,64,300.00","15,256","2,05,61,700.00",,0,0,0,15,30.5,34.8,27.1,2.1,79,14.7
14-06-23,"7,380","7,623","99,32,250.00","1,03,15,700.00","15,003","2,02,47,950.00",,0,0,0,14,30.8,34.6,28.4,53.8,82,18.1
15-06-23,"8,539","8,158","1,06,68,000.00","1,11,50,400.00","16,697","2,18,18,400.00",,0,0,0,13,31.6,34.9,29.2,0.4,77,25.2
16-06-23,"10,724","9,965","1,23,84,300.00","1,19,92,500.00","20,689","2,43,76,800.00",,0,0,1,12,31.2,36.7,27.4,38.8,79,24.3
17-06-23,"7,783","9,331","99,25,950.00","1,10,95,700.00","17,114","2,10,21,650.00",,0,0,1,11,32,36.4,28.8,1.6,73,23.2
18-06-23,"7,552","7,961","1,02,38,550.00","1,04,46,050.00","15,513","2,06,84,600.00",,0,0,0,10,29.6,32.2,28.4,23.3,82,17.8
19-06-23,"7,738","7,862","1,05,77,750.00","1,08,65,050.00","15,600","2,14,42,800.00",,0,0,0,9,29.9,33.5,27.8,0.6,79,18.6
20-06-23,"7,719","7,825","1,08,70,000.00","1,13,33,400.00","15,544","2,22,03,400.00",,0,0,0,8,29.8,33.5,27.3,1.6,77,16.6
21-06-23,"8,281","8,444","1,14,64,050.00","1,20,93,400.00","16,725","2,35,57,450.00",,0,0,0,7,29.2,33.7,27.5,11.6,84,15.7
22-06-23,"10,044","9,531","1,31,46,850.00","1,41,27,250.00","19,575","2,72,74,100.00",,0,0,0,6,29,32.7,26.5,4,82,14.5
23-06-23,"13,067","12,013","1,59,33,250.00","1,66,22,150.00","25,080","3,25,55,400.00",,0,0,1,5,28.6,31.4,26.5,11.9,82,16.9
24-06-23,"10,276","10,721","1,32,36,150.00","1,46,85,250.00","20,997","2,79,21,400.00",,0,0,1,4,29,32.1,26.6,1.8,79,19.2
25-06-23,"11,731","10,417","1,46,11,400.00","1,48,11,550.00","22,148","2,94,22,950.00",,0,0,0,3,28.8,31.4,26.5,1.9,80,22.6
26-06-23,"19,727","11,571","1,94,95,400.00","1,65,87,550.00","31,298","3,60,82,950.00",,0,0,0,2,27.8,30,26.2,5,83,21.5
27-06-23,"29,897","13,240","2,69,53,950.00","1,90,99,350.00","43,137","4,60,53,300.00",Eid-ul-Azha Holiday,1,1,0,1,26.2,27.5,25.2,68.8,91,18.3
28-06-23,"20,829","11,315","2,13,29,000.00","1,63,89,050.00","32,144","3,77,18,050.00",Eid-ul-Azha,1,1,0,0,27.2,30.3,25,13.4,89,17.4
29-06-23,"9,977","6,451","1,02,72,100.00","74,38,150.00","16,428","1,77,10,250.00",Eid-ul-Azha Holiday,1,1,0,1,27,29.4,25,41.2,90,13.5
30-06-23,"13,928","10,377","1,33,35,900.00","1,14,98,900.00","24,305","2,48,34,800.00",Eid-ul-Azha Holiday,1,1,1,2,27.9,31,26.1,15.7,89,12.7
01-07-23,"11,865","15,468","1,21,52,800.00","1,46,12,200.00","27,333","2,67,65,000.00",,0,0,1,3,28.3,31.2,26.6,9.3,89,11.6
02-07-23,"10,897","17,628","1,15,37,150.00","1,53,71,650.00","28,525","2,69,08,800.00",,0,0,0,4,29,32.7,27,6,87,11
03-07-23,"10,862","18,747","1,28,00,000.00","1,69,23,450.00","29,609","2,97,23,450.00",,0,0,0,5,29.3,32.4,27.2,5.8,87,10.4
04-07-23,"11,091","17,696","1,36,69,050.00","1,68,55,150.00","28,787","3,05,24,200.00",,0,0,0,6,29.8,33.2,27,2.7,83,10.8
05-07-23,"10,515","14,843","1,35,55,400.00","1,60,25,150.00","25,358","2,95,80,550.00",,0,0,0,7,28.8,31.5,26.9,9.1,84,15.8
06-07-23,"10,821","12,400","1,34,41,000.00","1,43,87,450.00","23,221","2,78,28,450.00",,0,0,0,8,28.4,31.4,26.2,2.1,84,19.9
07-07-23,"12,820","16,875","1,57,67,950.00","1,82,06,150.00","29,695","3,39,74,100.00",,0,0,1,9,28,31.6,25.6,11.5,86,17
08-07-23,"10,051","14,153","1,35,79,650.00","1,50,50,200.00","24,204","2,86,29,850.00",,0,0,1,10,28.6,31.1,26.6,4.1,85,16.1
09-07-23,"8,363","10,213","1,13,61,450.00","1,21,96,900.00","18,576","2,35,58,350.00",,0,0,0,11,28.7,31.7,25.7,5,85,10
10-07-23,"8,310","9,542","1,14,46,850.00","1,24,09,650.00","17,852","2,38,56,500.00",,0,0,0,12,28.8,31.9,27.2,10.3,87,12.2
11-07-23,"7,878","8,743","1,08,00,750.00","1,15,96,700.00","16,621","2,23,97,450.00",,0,0,0,13,28.9,31.8,26.6,1.6,83,15.6
12-07-23,"7,901","7,367","1,09,21,450.00","96,74,300.00","15,268","2,05,95,750.00",,0,0,0,14,28.6,31.7,26.4,3,83,14.3
13-07-23,"9,468","8,609","1,12,89,100.00","1,14,00,850.00","18,077","2,26,89,950.00",,0,0,0,15,28.2,30.8,26.5,3.7,86,14.5
14-07-23,"11,435","11,082","1,30,51,000.00","1,29,99,200.00","22,517","2,60,50,200.00",,0,0,1,16,28,31.2,26.1,10.9,87,12.1
15-07-23,"8,394","10,140","1,08,06,750.00","1,15,47,100.00","18,534","2,23,53,850.00",,0,0,1,17,27.9,31.2,25.4,1.3,84,19.9
16-07-23,"7,856","8,407","1,04,44,750.00","1,07,89,650.00","16,263","2,12,34,400.00",,0,0,0,18,28.3,31.6,25.7,2.2,83,19.6
17-07-23,"7,868","8,205","1,05,96,450.00","1,10,58,500.00","16,073","2,16,54,950.00",,0,0,0,19,28.4,31.2,26.4,5,84,14.9
18-07-23,"7,718","7,990","1,06,76,000.00","1,04,77,100.00","15,708","2,11,53,100.00",,0,0,0,20,29.3,32.3,26.6,3.1,82,15.1
19-07-23,"7,530","7,941","1,01,25,300.00","1,09,26,150.00","15,471","2,10,51,450.00",,0,0,0,21,29.5,32.6,26.9,0.7,81,17.9
20-07-23,"9,811","8,714","1,15,46,600.00","1,15,86,850.00","18,525","2,31,33,450.00",,0,0,0,22,29.7,33.3,27,0.4,80,18.3
21-07-23,"11,632","11,059","1,29,48,950.00","1,28,63,250.00","22,691","2,58,12,200.00",,0,0,1,23,29.4,32.2,27.1,1.9,81,19.9
22-07-23,"8,196","9,795","1,03,55,050.00","1,11,64,850.00","17,991","2,15,19,900.00",,0,0,1,24,29.8,33.1,27,0.7,78,17.1
23-07-23,"7,723","8,351","1,01,86,700.00","1,06,17,350.00","16,074","2,08,04,050.00",,0,0,0,25,30.3,34.2,27.5,0.5,77,13.8
24-07-23,"7,793","7,815","1,04,06,650.00","1,02,11,500.00","15,608","2,06,18,150.00",,0,0,0,26,30.2,34.2,26.7,0.2,76,10.7
25-07-23,"7,760","7,902","1,02,87,700.00","1,06,29,550.00","15,662","2,09,17,250.00",,0,0,0,27,30.3,34.4,27.5,0.6,76,13.7
26-07-23,"7,964","8,243","1,04,53,550.00","1,12,48,750.0","16,207","2,17,02,300.00",,0,0,0,28,29.3,33.1,27.2,8.2,79,18.9
27-07-23,"9,507","7,692","1,09,41,450.00","1,06,26,000.00","17,199","2,15,67,450.00",,0,0,0,29,29.5,32.9,26.9,0.9,79,18.2
28-07-23,"10,383","8,903","1,20,64,550.00","1,11,57,050.00","19,286","2,32,21,600.00",,0,0,1,30,29.6,33.7,25.9,4.1,78,16
29-07-23,"7,803","10,170","97,50,050.00","1,14,33,800.00","17,973","2,11,83,850.00",Ashura,1,0,1,31,29.7,33.3,27.1,4.2,79,16.4
30-07-23,"7,234","8,682","94,10,400.00","1,01,96,350.00","15,916","1,96,06,750.00",,0,0,0,32,30.9,34.8,27.3,0.6,76,10.1
31-07-23,"7,267","7,589","99,25,700.00","1,02,52,600.00","14,856","2,01,78,300.00",,0,0,0,33,30.4,34,27.8,12.3,82,8.1
01-08-23,"7,533","7,672","1,00,40,750.00","1,03,02,550.00","15,205","2,03,43,300.00",,0,0,0,34,29.2,33.4,26.4,20.7,85,18.4
02-08-23,"7,310","7,448","98,72,250.00","1,03,30,3000.00","14,758","2,02,02,550.00",,0,0,0,35,28.3,31.1,26.6,22.9,86,24.7
03-08-23,"8,797","7,852","1,02,76,550.00","1,07,81,750.00","16,649","2,10,58,300.00",,0,0,0,36,27.8,30.7,26.3,23,88,15.6
04-08-23,"10,007","9,716","1,18,74,400.00","1,19,55,600.00","19,723","2,38,30,000.00",,0,0,1,37,28.2,31.4,26.1,15.7,88,13.1
05-08-23,"7,536","9,623","94,80,900.00","1,10,67,050.00","17,159","2,05,47,950.00",,0,0,1,38,28.8,32.3,27,11,84,13.9
06-08-23,"6,927","7,569","94,38,750.00","98,63,000.00","14,496","1,93,01,750.00",,0,0,0,39,27.5,29.3,26.3,27.5,90,16.5
07-08-23,"6,375","6,559","89,64,800.00","91,50,300.00","12,934","1,81,15,100.00",,0,0,0,40,26.7,28.3,25.9,91.1,93,12.8
08-08-23,"6,352","6,725","88,46,500.00","95,03,250.00","13,077","1,83,49,750.00",,0,0,0,41,27.3,29.6,26.2,20.5,91,12.1
09-08-23,"6,853","7,251","92,42,900.00","99,94,100.00","14,104","1,92,37,000.00",,0,0,0,42,28,32.3,24.8,3,86,10.5
10-08-23,"8,710","7,815","1,06,63,400.00","1,10,08,500.00","16,525","2,16,71,900.00",,0,0,0,43,28.7,31.8,25.9,1.4,85,9.2
11-08-23,"10,127","9,525","1,18,38,600.00","1,18,37,900.00","19,652","2,36,76,500.00",,0,0,1,44,28.4,32.1,26.2,7,87,9.5
12-08-23,"7,311","9,136","93,43,850.00","1,09,20,750.00","16,447","2,02,64,600.00",,0,0,1,45,28.1,31.6,25.3,34.5,90,10.2
13-08-23,"6,835","7,390","95,53,800.00","1,00,76,350.00","14,225","1,96,30,150.00",,0,0,0,46,27.7,31,26,17.9,90,6.8
14-08-23,"7,507","7,347","96,93,350.00","1,04,65,100.00","14,854","2,01,58,450.00",,0,0,0,47,28,30.8,25.6,5.6,88,7
15-08-23,"9,492","9,395","1,12,92,650.00","1,14,73,550.00","18,887","2,27,66,200.00",National Mourning Day,1,0,0,48,29.1,32.5,26,8.4,85,6.5
16-08-23,"6,432","7,530","84,88,950.00","96,05,800.00","13,962","1,80,94,750.00",,0,0,0,49,29,32.6,27.1,16.1,88,7.9
17-08-23,"8,618","7,676","1,05,44,200.00","1,06,05,350.00","16,294","2,11,49,550.00",,0,0,0,50,29.3,33,26.6,2.2,85,8.8
18-08-23,"11,169","10,534","1,28,56,950.00","1,26,91,850.00","21,703","2,55,48,800.00",,0,0,1,51,29,31.9,26.7,0.6,81,19.1
19-08-23,"7,420","9,455","97,25,900.00","1,10,43,400.00","16,875","2,07,69,300.00",,0,0,1,52,28.9,31.8,26.7,2,82,16.5
20-08-23,"7,262","8,260","98,39,750.00","1,08,98,450.00","15,522","2,07,38,200.00",,0,0,0,53,29,32.3,26.5,0.5,84,9
21-08-23,"7,336","7,806","1,00,41,400.00","1,07,43,100.00","15,142","2,07,84,500.00",,0,0,0,54,29.5,33,26.2,0.6,81,9.6
22-08-23,"7,377","7,633","1,01,95,050.00","1,07,78,900.00","15,010","2,09,73,950.00",,0,0,0,55,28.3,30.8,26.7,3.3,87,11.9
23-08-23,"7,717","7,646","1,04,15,250.00","1,07,28,600.00","15,363","2,11,43,850.00",,0,0,0,56,27.6,31.1,25.1,12.3,87,11.7
24-08-23,"8,929","8,128","1,08,21,100.00","1,14,89,250.00","17,057","2,23,10,350.00",,0,0,0,57,27.4,28.8,26,9.9,89,12.4
25-08-23,"10,792","9,801","1,26,67,400.00","1,23,75,800.00","20,593","2,50,43,200.00",,0,0,1,58,26.8,30,25.1,44.2,91,12.1
26-08-23,"7,236","9,384","94,05,150.00","1,11,96,200.00","16,620","2,06,01,350.00",,0,0,1,59,27.7,30.7,26,4.8,89,13.3
27-08-23,"7,120","8,040","95,49,950.00","1,03,53,200.00","15,160","1,99,03,150.00",,0,0,0,60,28.2,32.8,25.6,8.3,88,10.1
28-08-23,"7,302","7,706","1,00,29,500.00","1,06,20,750.00","15,008","2,06,50,250.00",,0,0,0,61,28.6,32.5,26.2,3.7,86,7
29-08-23,"7,544","7,553","1,03,28,400.00","1,03,54,850.00","15,097","2,06,83,250.00",,0,0,0,62,29.3,33.2,25.5,0.2,82,4.9
30-08-23,"7,635","7,825","1,01,66,350.00","1,08,34,500.00","15,460","2,10,00,850.00",,0,0,0,63,30.7,34.6,26.8,0,76,4.8
31-08-23,"9,388","8,142","1,13,74,750.00","1,12,10,200.00","17,530","2,25,84,950.00",,0,0,0,64,29.9,33.1,27.2,4.1,84,5.7
01-09-23,"11,095","10,905","1,32,74,950.00","1,35,20,150.00","22,000","2,67,95,100.00",,0,0,1,65,29.3,33,26.7,2,87,7
02-09-23,"7,927","9,552","1,02,77,050.00","1,12,02,550.00","17,479","2,14,79,600.00",,0,0,1,66,28.9,31.6,26.9,13.4,87,6.5
03-09-23,"7,108","8,116","94,76,400.00","1,04,52,400.00","15,224","1,99,28,800.00",,0,0,0,67,28.8,31.2,27,6,89,6.2
04-09-23,"7,546","7,981","1,02,27,350.00","1,11,25,050.00","15,527","2,13,52,400.00",,0,0,0,68,29.1,32.6,26.2,1.6,84,8.1
05-09-23,"8,516","8,136","1,08,14,200.00","1,13,18,250.00","16,652","2,21,32,450.00",,0,0,0,69,29.7,34.2,26.5,2,84,6.5
06-09-23,"9,385","8,963","1,12,63,550.00","1,16,50,000.00","18,348","2,29,13,550.00",Janmashtami,1,0,0,70,29.4,32.1,27.3,1.5,82,11.6
07-09-23,"8,765","7,603","1,02,03,700.00","1,02,00,150.00","16,368","2,04,03,850.00",,0,0,0,71,27.9,30.1,25.9,5.2,86,20.1
08-09-23,"10,869","10,711","1,23,51,500.00","1,28,11,650.00","21,580","2,51,63,150.00",,0,0,1,72,26.9,29,25.3,26.3,91,14.2
09-09-23,"7,695","10,206","96,71,900.00","1,12,95,450.00","17,901","2,09,67,350.00",,0,0,1,73,28.9,32.2,26.5,0.5,84,9.8
10-09-23,"7,550","8,698","1,01,97,250.00","1,09,44,300.00","16,248","2,11,41,550.00",,0,0,0,74,29.6,32.8,26.5,0.8,83,5.3
11-09-23,"7,517","7,914","1,02,40,600.00","1,09,81,350.00","15,431","2,12,21,950.00",,0,0,0,75,28.9,31.5,27.3,11.3,87,5.8
12-09-23,"7,438","7,764","1,02,15,550.00","1,07,79,250.00","15,202","2,09,94,800.00",,0,0,0,76,28.9,32,26.3,3.2,85,8.9
13-09-23,"7,878","8,008","1,04,32,650.00","1,08,81,400.00","15,886","2,13,14,050.00",,0,0,0,77,29,32.4,26.5,0.6,82,15.7
14-09-23,"9,575","8,015","1,13,70,800.00","1,09,71,800.00","17,590","2,23,42,600.00",,0,0,0,78,27.9,29.8,26.5,16,85,21.4
15-09-23,"11,461","10,632","1,28,49,000.00","1,26,88,450.00","22,093","2,55,37,450.00",,0,0,1,79,28.2,31.7,25.7,12.4,85,14.1
16-09-23,"8,072","9,854","1,01,38,000.00","1,11,08,100.00","17,926","2,12,46,100.00",,0,0,1,80,29,32.9,25.8,0.3,85,7
17-09-23,"7,658","8,426","1,02,28,900.00","1,08,55,100.00","16,084","2,10,84,000.00",,0,0,0,81,29.5,33.3,26,5.9,84,5.1
18-09-23,"7,429","7,488","1,00,24,800.00","1,02,94,200.00","14,917","2,03,19,000.00",,0,0,0,82,27,29.3,25.7,17,90,11
19-09-23,"7,209","7,304","99,10,850.00","1,01,42,000.00","14,513","2,00,52,850.00",,0,0,0,83,26.8,29.2,25,21.6,88,16.7
20-09-23,"7,259","7,442","1,00,37,550.00","1,04,52,650.00","14,701","2,04,90,200.00",,0,0,0,84,27,29.3,25,25.5,88,19.2
21-09-23,"8,183","7,584","1,01,40,450.00","1,07,82,350.00","15,767","2,09,22,800.00",,0,0,0,85,27.4,29.3,26.1,14,88,17.7
22-09-23,"10,355","9,522","1,21,49,450.00","1,17,54,750.00","19,877","2,39,04,200.00",,0,0,1,86,27.2,30,25.6,12.2,88,14.2
23-09-23,"7,148","8,919","91,84,750.00","1,06,40,050.00","16,067","1,98,24,800.00",,0,0,1,87,27.7,30,25.9,15.5,89,11.8
24-09-23,"7,160","7,827","97,66,400.00","1,00,81,350.00","14,987","1,98,47,750.00",,0,0,0,88,28.1,31.7,26,5.6,88,10.8
25-09-23,"7,497","7,802","1,01,58,100.00","1,07,35,650.00","15,299","2,08,93,750.00",,0,0,0,89,27.9,31.8,24.4,15.7,87,6.5
26-09-23,"7,792","7,683","1,07,02,800.00","1,05,17,950.00","15,475","2,12,20,750.00",,0,0,0,90,29.5,33.1,25.8,0,80,5.3
27-09-23,"10,693","8,524","1,21,44,350.00","1,18,75,650.00","19,217","2,40,20,000.00",,0,0,0,91,29.6,33.2,26.2,0.1,80,4.7
28-09-23,"14,518","10,493","1,55,28,600.00","1,35,84,600.00","25,011","2,91,13,200.00",Eid-e-Miladunnabi,1,0,0,92,30.6,34.1,27.3,0.2,81,6.6
29-09-23,"10,370","10,136","1,20,09,450.00","1,11,31,950.00","20,506","2,31,41,400.00",,0,0,1,93,29,33.5,27.1,7.1,88,5.6
30-09-23,"8,218","12,673","1,06,13,850.00","1,35,24,800.00","20,891","2,41,38,650.00",,0,0,1,94,27.4,29.2,26,4.7,88,18.2
01-10-23,"7,959","9,280","1,07,65,050.00","1,15,43,700.00","17,239","2,23,08,750.00",,0,0,0,95,28.1,31.1,25.7,2.1,85,16.3
02-10-23,"7,943","8,330","1,08,60,050.00","1,11,32,400.00","16,273","2,19,92,450.00",,0,0,0,96,27.8,30.8,25.4,2.8,86,14.9
03-10-23,"7,439","7,824","1,04,39,200.00","1,08,70,850.00","15,263","2,13,10,050.00",,0,0,0,97,27.3,30.4,26,8.4,87,16.4
04-10-23,"7,227","7,262","1,01,39,050.00","1,04,79,700.00","14,489","2,06,18,750.00",,0,0,0,98,26.6,29.5,25.3,34.1,90,17.8
05-10-23,"7,850","7,305","1,03,70,050.00","1,03,99,500.00","15,155","2,07,69,550.00",,0,0,0,99,26.7,29.6,25,28,90,18.4
06-10-23,"8,541","8,875","1,07,44,400.00","1,17,72,300.00","17,416","2,25,16,700.00",,0,0,1,100,27.1,31.2,24.5,31.3,90,16.5
07-10-23,"7,113","8,411","94,05,300.00","1,03,73,950.00","15,524","1,97,79,250.00",,0,0,1,101,26.9,30.8,24.4,14.4,90,6.9
08-10-23,"7,305","8,032","98,22,050.00","1,04,08,550.00","15,337","2,02,30,600.00",,0,0,0,102,27.4,31,24.5,6,88,8.6
09-10-23,"7,813","7,792","1,02,88,850.00","1,06,09,800.00","15,605","2,08,98,650.00",,0,0,0,103,27.7,30.8,25.2,8.5,89,6
10-10-23,"7,382","7,671","98,71,500.00","1,04,60,650.00","15,053","2,03,32,150.00",,0,0,0,104,28.5,32.5,25,0.6,84,5.3
11-10-23,"7,925","8,384","1,05,77,600.00","1,16,20,200.00","16,309","2,21,97,800.00",,0,0,0,105,28.6,33,25.5,0.1,81,6
12-10-23,"9,605","8,278","1,13,13,250.00","1,13,43,200.00","17,883","2,26,56,450.00",,0,0,0,106,28.1,32.1,24.6,0.9,82,5.8
13-10-23,"11,271","10,582","1,27,55,750.00","1,29,32,750.00","21,853","2,56,88,500.00",,0,0,1,107,28.2,33.1,24.4,0,74,6
14-10-23,"7,864","9,689","1,01,02,500.00","1,11,15,400.00","17,553","2,12,17,900.00",,0,0,1,108,28,32.7,23.5,0,73,6.5
15-10-23,"7,801","8,476","1,05,05,650.00","1,07,78,100.00","16,277","2,12,83,750.00",,0,0,0,109,27.5,31.7,23.8,0.8,75,5.7
16-10-23,"7,867","8,126","1,07,11,100.00","1,12,76,150.00","15,993","2,19,87,250.00",,0,0,0,110,27.6,31.2,24.3,0.2,76,4.4
17-10-23,"7,944","7,959","1,07,61,400.00","1,10,30,000.00","15,903","2,17,91,400.00",,0,0,0,111,27.7,32,23.5,0,73,4.3
18-10-23,"8,115","8,131","1,07,14,700.00","1,15,82,900.00","16,246","2,22,97,600.00",,0,0,0,112,27.3,32.1,23.1,0,73,6.4
19-10-23,"10,856","8,690","1,24,04,250.00","1,20,43,650.00","19,546","2,44,47,900.00",,0,0,0,113,27.2,32,23,0,72,7.9
20-10-23,"13,590","11,018","1,48,36,600.00","1,37,64,850.00","24,608","2,86,01,450.00",,0,0,1,114,26.8,32,22.4,0,69,8.2
21-10-23,"9,153","9,934","1,10,23,700.00","1,15,73,350.00","19,087","2,25,97,050.00",,0,0,1,115,26.7,32.2,21.6,0,70,7.1
22-10-23,"8,755","8,837","1,08,92,750.00","1,10,64,950.00","17,592","2,19,57,700.00",,0,0,0,116,27.1,32.2,22.3,0,71,5.9
23-10-23,"8,912","8,412","1,10,78,400.00","1,10,46,700.00","17,324","2,21,25,100.00",,0,0,0,117,26.3,29.9,24.3,3.2,84,5.9
24-10-23,"9,502","9,969","1,15,87,900.00","1,18,64,500.00","19,471","2,34,52,400.00",Durga Puja,1,0,0,118,25.3,27.2,23.7,0.9,85,10.8
25-10-23,"7,548","9,159","99,93,050.00","1,12,04,150.00","16,707","2,11,97,200.00",,0,0,0,119,26.9,31.4,23.7,0,78,9.5
26-10-23,"9,497","8,974","1,13,83,900.00","1,17,93,050.00","18,471","2,31,76,950.00",,0,0,0,120,26.8,30.8,22.7,1.4,77,5.5
27-10-23,"10,503","11,012","1,28,67,350.00","1,34,00,050.00","21,515","2,62,67,400.00",,0,0,1,121,26.6,31.3,22.3,0,74,6.6
28-10-23,"5,560","5,872","75,14,700.00","69,27,350.00","11,432","1,44,42,050.00",,0,0,1,122,26.3,31.8,21.4,0,65,8
29-10-23,"4,394","5,962","56,17,300.00","70,07,150.00","10,356","1,26,24,450.00",,0,0,0,123,25.8,31.4,20.6,0,63,8.1
30-10-23,"8,616","10,203","1,15,96,550.00","1,30,25,100.00","18,819","2,46,21,650.00",,0,0,0,124,26.1,31.1,20.8,0,68,4.9
31-10-23,"5,695","4,573","76,30,250.00","59,01,950.00","10,268","1,35,32,200.00",,0,0,0,125,27.1,32.6,21.1,0,65,5
01-11-23,"4,767","4,465","54,52,500.00","54,80,850.00","9,232","1,09,33,350.00",,0,0,0,126,28.1,33.7,22.9,0,64,6.8
02-11-23,"7,056","5,998","72,73,000.00","79,32,050.00","13,054","1,52,05,050.00",,0,0,0,127,28,33.1,23.1,0,67,6.5
03-11-23,"11,192","11,514","1,32,44,700.00","1,46,33,000.00","22,706","2,78,77,700.00",,0,0,1,128,27.8,32.5,23.1,0.1,65,7.1
04-11-23,"8,860","11,374","1,13,46,500.00","1,31,43,300.00","20,234","2,44,89,800.00",,0,0,1,129,27,31.5,23.1,0.1,70,5.9
05-11-23,"5,725","5,279","75,00,550.00","62,41,150.00","11,004","1,37,41,700.00",,0,0,0,130,27.1,32.1,22.9,0,69,7.1
06-11-23,"5,143","5,271","60,66,050.00","64,38,350.00","10,414","1,25,04,400.00",,0,0,0,131,26.4,32,21.4,0,56,9.2
07-11-23,"7,151","9,261","93,10,200.00","1,24,45,050.00","16,412","2,17,55,250.00",,0,0,0,132,25.2,30.2,20.1,0,62,8.1
08-11-23,"6,021","5,667","77,89,700.00","73,93,050.00","11,688","1,51,82,750.00",,0,0,0,133,25.1,30.2,20.5,0,67,7.3
09-11-23,"7,916","6,434","83,41,450.00","83,88,200.00","14,350","1,67,29,650.00",,0,0,0,134,24.9,30.5,20.1,0,67,7.5
10-11-23,"11,751","11,478","1,32,26,950.00","1,38,10,650.00","23,229","2,70,37,600.00",,0,0,1,135,24.8,30.4,19.6,0,66,8
11-11-23,"8,524","10,851","1,09,78,600.00","1,23,48,300.00","19,375","2,33,26,900.00",,0,0,1,136,24.8,30.4,19.3,0,67,7.6
12-11-23,"6,231","6,285","78,50,300.00","75,89,000.00","12,516","1,54,39,300.00",,0,0,0,137,24.8,30.8,19.3,0,68,8.1
13-11-23,"5,640","6,264","67,12,500.00","75,90,200.00","11,904","1,43,02,700.00",,0,0,0,138,24.7,30.8,19.2,0,68,7.4
14-11-23,"7,767","7,563","1,00,65,400.00","96,73,150.00","15,330","1,97,38,550.00",,0,0,0,139,25.1,30.9,19.6,0,68,6.3
15-11-23,"6,454","6,268","81,67,750.00","80,86,300.00","12,722","1,62,54,050.00",,0,0,0,140,25.7,31.2,20.8,0,64,6.7
16-11-23,"7,434","6,121","80,57,650.00","81,60,750.00","13,555","1,62,18,400.00",,0,0,0,141,24.4,27.1,22.6,6.7,79,9.7
17-11-23,"8,662","8,540","1,14,75,500.00","1,15,60,500.00","17,202","2,30,36,000.00",,0,0,1,142,22,22.8,19.8,124.3,89,21.9
18-11-23,"7,593","9,998","96,02,950.00","1,16,33,900.00","17,591","2,12,36,850.00",,0,0,1,143,22.6,26.5,18.7,0.1,85,9.3
19-11-23,"6,109","6,183","79,37,700.00","74,40,800.00","12,292","1,53,78,500.00",,0,0,0,143,23.9,28.2,20.2,0,83,6.2
20-11-23,"5,996","6,439","73,41,500.00","81,15,600.00","12,435","1,54,57,100.00",,0,0,0,142,24.2,28.6,19.8,0,81,5.7
21-11-23,"7,646","8,225","99,54,350.00","1,10,42,950.00","15,871","2,09,97,300.00",,0,0,0,141,24.1,28,20.7,1.5,76,4.4
22-11-23,"6,383","6,245","81,58,350.00","83,11,100.00","12,628","1,64,69,450.00",,0,0,0,140,22.6,27.4,19.2,0,74,8
23-11-23,"8,309","6,928","90,73,350.00","91,29,900.00","15,237","1,82,03,250.00",,0,0,0,139,21.8,27,17.1,0,73,7.7
24-11-23,"11,375","10,702","1,31,38,350.00","1,30,68,650.00","22,077","2,62,07,000.00",,0,0,1,138,22.3,27.1,17.1,0,76,5.2
25-11-23,"8,398","10,764","1,05,96,450.00","1,22,03,650.00","19,162","2,28,00,100.00",,0,0,1,137,22.2,27.4,17.3,0,75,7.1
26-11-23,"6,581","6,917","81,32,550.00","82,33,750.00","13,498","1,63,66,300.00",,0,0,0,136,22.3,28,17,0,73,6.3
27-11-23,"6,672","6,721","81,05,500.00","86,70,650.00","13,393","1,67,76,150.00",,0,0,0,135,23.8,29,17.6,0,74,4.5
28-11-23,"8,400","8,392","1,06,10,750.00","1,10,19,050.00","16,792","2,16,29,800.00",,0,0,0,134,24.1,28.8,20.1,0,77,4.7
29-11-23,"7,385","7,075","93,12,550.00","90,87,600.00","14,460","1,84,00,150.00",,0,0,0,133,23.5,28.2,19.3,0,79,5.2
30-11-23,"9,121","7,488","1,00,47,450.00","97,34,800.00","16,609","1,97,82,250.00",,0,0,0,132,23.2,28.5,19.4,0,80,7.4
01-12-23,"12,775","11,920","1,46,39,350.00","1,43,23,450.00","24,695","2,89,62,800.00",,0,0,1,131,22.9,28.4,18,0,76,7.2
02-12-23,"8,655","10,946","1,09,07,700.00","1,25,14,950.00","19,601","2,34,22,650.00",,0,0,1,130,22.8,28.2,18.9,0,76,7.3
03-12-23,"6,998","7,732","87,78,750.00","90,33,800.00","14,730","1,78,12,550.00",,0,0,0,129,23,28.6,18.4,0,77,7.9
04-12-23,"6,827","7,496","85,85,950.00","95,37,950.00","14,323","1,81,23,900.00",,0,0,0,128,22.6,27,19.1,0,80,7.7
05-12-23,"8,720","8,524","1,12,75,250.00","1,13,09,800.00","17,244","2,25,85,050.00",,0,0,0,127,22.6,24.3,21.5,0.5,81,8.6
06-12-23,"7,627","7,361","95,54,500.00","96,83,350.00","14,988","1,92,37,850.00",,0,0,0,126,23,26.3,20.4,1.7,82,10.7
07-12-23,"7,992","6,462","1,00,20,300.00","90,94,900.00","14,454","1,91,15,200.00",,0,0,0,125,20.7,22.1,19.8,45.6,90,12.7
08-12-23,"10,564","10,324","1,24,32,500.00","1,30,33,350.00","20,888","2,54,65,850.00",,0,0,1,124,21.1,24.8,18.7,2.3,87,8.1
09-12-23,"8,303","10,422","1,04,07,650.00","1,20,82,150.00","18,725","2,24,89,800.00",,0,0,1,123,20.8,25.1,17.3,0.1,84,8.8
10-12-23,"7,577","8,219","98,09,300.00","1,03,22,500.00","15,796","2,01,31,800.00",,0,0,0,122,20.1,25.1,16.6,0,77,7.7
11-12-23,"7,811","8,141","1,01,90,450.00","1,08,69,300.00","15,952","2,10,59,750.00",,0,0,0,121,19.2,24.5,14.4,0,79,9.2
12-12-23,"8,012","7,947","1,03,82,950.00","1,03,93,900.00","15,959","2,07,76,850.00",,0,0,0,120,19.7,24.4,15.1,0,80,6.5
13-12-23,"8,296","7,883","1,04,90,850.00","1,07,30,000.00","16,179","2,12,20,850.00",,0,0,0,119,19.4,24.5,15.5,0,76,7.2
14-12-23,"12,994","8,997","1,37,98,550.00","1,24,09,000.00","21,991","2,62,07,550.00",,0,0,0,118,18.5,24,14.1,0,73,7.4
15-12-23,"15,985","11,831","1,74,98,850.00","1,50,55,500.00","27,816","3,25,54,350.00",,0,0,1,117,18.2,23.8,13.4,0,76,8.7
16-12-23,"9,775","13,949","1,16,58,400.00","1,45,63,850.00","23,724","2,62,22,250.00",Victory Day,1,0,1,116,18.8,24.2,14.7,0,82,7.8
17-12-23,"8,213","11,320","1,10,71,050.00","1,27,28,050.00","19,533","2,37,99,100.00",,0,0,0,115,18.7,24.2,14.5,0,80,7.2
18-12-23,"8,267","9,128","1,11,31,950.00","1,16,96,250.00","17,395","2,28,28,200.00",,0,0,0,114,18.9,24.2,14.5,0,80,7.5
19-12-23,"7,821","8,080","1,04,08,250.00","1,07,15,250.00","15,901","2,11,23,500.00",,0,0,0,113,18.9,24,15.2,0,78,8.6
20-12-23,"8,792","8,704","1,14,64,650.00","1,16,85,050.00","17,496","2,31,49,700.00",,0,0,0,112,18.9,24.5,14.7,0,79,7.4
21-12-23,"11,327","8,793","1,30,70,550.00","1,21,21,000.00","20,120","2,51,91,550.00",,0,0,0,111,19.2,24.7,14.3,0,80,6.1
22-12-23,"13,595","11,351","1,53,68,450.00","1,38,04,950.00","24,946","2,91,73,400.00",,0,0,1,110,19.8,25.4,14.8,0,79,5.8
23-12-23,"9,279","10,979","1,17,66,100.00","1,31,07,500.00","20,258","2,48,73,600.00",,0,0,1,109,19.5,24.8,14.6,0,82,5.4
24-12-23,"8,503","8,466","1,07,29,100.00","1,04,79,250.00","16,969","2,12,08,350.00",,0,0,0,108,20.2,25.2,14.6,0,79,3.9
25-12-23,"10,336","11,680","1,27,85,700.00","1,40,77,750.00","22,016","2,68,63,450.00",Christmas Day,1,0,0,107,20.9,25,17.7,0,80,4.9
26-12-23,"8,423","8,877","1,10,78,100.00","1,10,26,700.00","17,300","2,21,04,800.00",,0,0,0,106,19.9,25.5,15.2,0,80,5.7
27-12-23,"8,599","8,656","1,11,80,950.00","1,13,78,950.00","17,255","2,25,59,900.00",,0,0,0,105,20.2,25.5,15.5,0,80,6
28-12-23,"10,673","8,732","1,24,87,800.00","1,16,26,900.00","19,405","2,41,14,700.00",,0,0,0,104,20.3,25.7,16,0,78,5.8
29-12-23,"12,244","11,031","1,41,92,650.00","1,31,08,600.00","23,275","2,73,01,250.00",,0,0,1,103,20.4,26.2,15.3,0,77,7.5
30-12-23,"8,475","11,363","1,11,19,450.00","1,31,38,750.00","19,838","2,42,58,200.00",,0,0,1,102,20.4,26.1,15.7,0,77,7.7
31-12-23,"8,425","9,241","1,11,62,350.00","1,13,36,800.00","17,666","2,24,99,150.00",,0,0,0,101,20.1,25.5,16.5,0,80,8.3
01-01-24,"8,237","8,042","1,08,00,700.00","1,04,73,250.00","16,279","2,12,73,950.00",,0,0,0,100,19.4,24.5,16,0,83,8.2
02-01-24,"8,717","7,932","1,14,73,150.00","1,10,29,850.00","16,649","2,25,03,000.00",,0,0,0,99,18.3,23.2,14.5,0,83,8.1
03-01-24,"8,303","8,892","1,06,19,250.00","1,21,49,400.00","17,195","2,27,68,650.00",,0,0,0,98,17.9,23.7,13.7,0,84,7.2
04-01-24,"12,182","8,397","1,33,26,200.00","1,21,42,400.00","20,579","2,54,68,600.00",,0,0,0,97,18.1,23.9,13.3,0,84,6.8
05-01-24,"12,890","8,833","1,47,96,350.00","1,25,86,300.00","21,723","2,73,82,650.00",,0,0,1,96,18.3,24.2,13.4,0,81,7.2
06-01-24,"4,594","3,104","60,57,350.00","42,77,750.00","7,698","1,03,35,100.00",,0,0,1,95,18.6,24.7,13.1,0,80,8.4
07-01-24,"1,528","2,253","17,73,650.00","22,46,150.00","3,781","40,19,800.00",Bangladesh Parliamentary Polls,1,0,0,94,18.9,24.8,14.9,0,77,8.1
08-01-24,"4,773","10,419","66,54,250.00","1,07,58,700.00","15,192","1,74,12,950.00",,0,0,0,93,19,24.7,14.7,0,82,8.9
09-01-24,"6,902","10,998","97,25,150.00","1,25,85,000.00","17,900","2,23,10,150.00",,0,0,0,92,18,23.6,14.1,0,81,8.5
10-01-24,"8,003","9,641","1,13,12,650.00","1,25,49,250.00","17,644","2,38,61,900.00",,0,0,0,91,17.3,23.3,12.6,0,84,6.7
11-01-24,"9,653","8,783","1,21,94,400.00","1,18,99,350.00","18,436","2,40,93,750.00",,0,0,0,90,17.6,22.8,14,0,80,8.5
12-01-24,"10,838","10,709","1,33,58,050.00","1,31,74,600.00","21,547","2,65,32,650.00",,0,0,1,89,16.1,21.3,12.2,0,83,9.7
13-01-24,"7,772","10,073","1,05,98,250.00","1,18,40,200.00","17,845","2,24,38,450.00",,0,0,1,88,16.3,21.9,12.1,0,86,8.6
14-01-24,"7,439","8,471","1,05,80,300.00","1,13,21,200.00","15,910","2,19,01,500.00",,0,0,0,87,15.5,20.6,11.6,0,86,5.3
15-01-24,"8,064","8,124","1,13,25,000.00","1,12,63,000.00","16,188","2,25,88,000.00",,0,0,0,86,15.2,21,10.7,0,83,6.2
16-01-24,"8,135","8,529","1,10,96,200.00","1,17,97,550.00","16,664","2,28,93,750.00",,0,0,0,85,14.9,20.3,11.4,0,82,5.4
17-01-24,"8,100","8,125","1,13,30,450.00","1,15,22,550.00","16,225","2,28,53,000.00",,0,0,0,84,15.2,20.1,10.3,0,84,4.4
18-01-24,"9,533","7,967","1,19,09,700.00","1,15,77,500.00","17,500","2,34,87,200.00",,0,0,0,83,17,21.8,13.2,1.8,83,5.9
19-01-24,"10,736","10,271","1,33,05,200.00","1,29,42,700.00","21,007","2,62,47,900.00",,0,0,1,82,18,23.1,14.1,0,83,8
20-01-24,"8,218","10,066","1,07,88,100.00","1,20,05,900.00","18,284","2,27,94,000.00",,0,0,1,81,17.4,22.8,13.4,0,81,8.7
21-01-24,"8,105","8,757","1,10,28,550.00","1,14,40,650.00","16,862","2,24,69,200.00",,0,0,0,80,17,22.6,12.7,0,83,6.1
22-01-24,"7,926","8,157","1,09,93,950.00","1,10,40,150.00","16,083","2,20,34,100.00",,0,0,0,79,15,20.3,11,0,81,7.6
23-01-24,"7,918","8,151","1,09,60,700.00","1,13,24,200.00","16,069","2,22,84,900.00",,0,0,0,78,15.5,21,10.5,0,83,6.6
24-01-24,"8,202","8,020","1,12,25,500.00","1,12,73,200.00","16,222","2,24,98,700.00",,0,0,0,77,17.7,22.4,13.3,1.5,81,5.9
25-01-24,"9,846","8,652","1,18,53,450.00","1,22,55,600.00","18,498","2,41,09,050.00",,0,0,0,76,17.6,22.7,12.5,0,81,5.7
26-01-24,"11,458","10,624","1,38,04,850.00","1,34,01,450.00","22,082","2,72,06,300.00",,0,0,1,75,17.1,22.3,13.4,0,77,9.4
27-01-24,"8,400","10,443","1,10,26,700.00","1,23,49,400.00","18,843","2,33,76,100.00",,0,0,1,74,16.2,22,11.7,0,75,8.6
28-01-24,"7,892","8,715","1,08,22,500.00","1,11,46,300.00","16,607","2,19,68,800.00",,0,0,0,73,16.3,22.9,10.4,0,71,8.6
29-01-24,"8,059","8,438","1,10,13,600.00","1,15,62,350.00","16,497","2,25,75,950.00",,0,0,0,72,17.3,23.4,10.7,0,67,5.9
30-01-24,"8,226","8,303","1,13,35,500.00","1,14,49,950.00","16,529","2,27,85,450.00",,0,0,0,71,18.9,24.3,13.6,0.3,71,5.4
31-01-24,"8,581","8,635","1,16,20,950.00","1,20,02,250.00","17,216","2,36,23,200.00",,0,0,0,70,19.9,25.6,15,0,76,7
01-02-24,"10,374","8,869","1,23,68,800.00","1,23,36,250.00","19,243","2,47,05,050.00",,0,0,0,69,19.7,25.6,16.8,4.3,86,6.9
02-02-24,"11,476","10,574","1,39,22,900.00","1,32,97,400.00","22,050","2,72,20,300.00",,0,0,1,68,20.2,24.8,16.8,18.6,87,7.4
03-02-24,"8,173","10,329","1,04,13,600.00","1,19,30,650.00","18,502","2,23,44,250.00",,0,0,1,67,20,25.7,15.9,0,71,8.4
04-02-24,"8,622","9,045","1,16,22,950.00","1,11,31,950.00","17,667","2,27,54,900.00",,0,0,0,66,19.5,25.6,14.2,0,71,8.1
05-02-24,"8,140","7,035","1,10,48,250.00","88,88,250.00","15,175","1,99,36,500.00",,0,0,0,65,21.1,26.5,15,0,67,3.4
06-02-24,"8,616","8,687","1,16,41,900.00","1,20,60,200.00","17,303","2,37,02,100.00",,0,0,0,64,20.7,25.5,16.5,0.6,81,4.9
07-02-24,"8,704","8,777","1,15,58,050.00","1,22,30,100.00","17,481","2,37,88,150.00",,0,0,0,63,20.8,24.9,17.5,0,77,8.6
08-02-24,"11,226","9,326","1,31,00,550.00","1,30,49,050.00","20,552","2,61,49,600.00",,0,0,0,62,18.8,23.9,13.5,0,65,7.5
09-02-24,"12,147","11,579","1,44,63,000.00","1,45,44,900.00","23,726","2,90,07,900.00",,0,0,1,61,17.7,23.2,12.5,0,65,8.9
10-02-24,"8,651","10,964","1,11,35,000.00","1,26,67,750.00","19,615","2,38,02,750.00",,0,0,1,60,18.7,25.3,12.6,0,70,9.9
11-02-24,"8,769","9,409","1,20,63,950.00","1,18,59,300.00","18,178","2,39,23,250.00",,0,0,0,59,20.1,26.8,13.9,0,68,8.5
12-02-24,"9,167","8,975","1,25,97,900.00","1,21,52,600.00","18,142","2,47,50,500.00",,0,0,0,58,21,27.8,15,0,63,6.8
13-02-24,"8,701","9,335","1,17,03,250.00","1,28,00,500.00","18,036","2,45,03,750.00",,0,0,0,57,21.7,28.8,15.1,0,59,7.3
14-02-24,"8,719","8,847","1,17,63,200.00","1,23,63,450.00","17,566","2,41,26,650.00",,0,0,0,56,22.3,28.5,16.6,0,67,6
15-02-24,"10,474","8,864","1,25,96,600.00","1,23,21,250.00","19,338","2,49,17,850.00",,0,0,0,55,22.9,29,17.9,0.5,72,7.3
16-02-24,"12,365","11,020","1,46,96,000.00","1,35,71,850.00","23,385","2,82,67,850.00",,0,0,1,54,22.6,29.2,17.3,0,68,9
17-02-24,"9,200","10,751","1,19,75,300.00","1,22,78,400.00","19,951","2,42,53,700.00",,0,0,1,53,21.9,27.6,15.9,0,65,7.7
18-02-24,"8,524","9,354","1,15,68,950.00","1,19,40,950.00","17,878","2,35,09,900.00",,0,0,0,52,22.1,28.4,15.8,0,61,5.9
19-02-24,"9,594","9,022","1,25,58,250.00","1,21,81,100.00","18,616","2,47,39,350.00",,0,0,0,51,23,29.3,17,0,62,5.4
20-02-24,"10,605","10,652","1,30,16,300.00","1,48,68,500.00","21,257","2,78,84,800.00",,0,0,0,50,23.4,29.5,18.1,0.2,79,10.9
21-02-24,"12,349","10,831","1,44,29,550.00","1,37,17,400.00","23,180","2,81,46,950.00",Language Martyrs' Day,1,0,0,49,25.2,31.1,21.6,0,78,10.4
22-02-24,"9,011","8,399","1,02,14,650.00","1,06,32,300.00","17,410","2,08,46,950.00",,0,0,0,48,23.5,27.9,20.1,9.1,86,9.2
23-02-24,"11,040","11,236","1,30,65,150.00","1,32,30,050.00","22,276","2,62,95,200.00",,0,0,1,47,21.5,24.8,19.2,2.8,84,8.3
24-02-24,"7,626","10,214","95,63,200.00","1,12,77,950.00","17,840","2,08,41,150.00",,0,0,1,46,22,27.5,17.2,0,77,9.1
25-02-24,"8,685","7,660","1,11,59,900.00","93,80,800.00","16,345","2,05,40,700.00",,0,0,0,45,21.1,25.5,18.1,0.2,68,11.7
26-02-24,"8,162","9,078","1,01,68,600.00","1,06,18,450.00","17,240","2,07,87,050.00",Shab e-Barat,1,0,0,44,21.3,28.2,15.4,0,63,10.5
27-02-24,"7,558","8,563","99,21,200.00","1,03,14,500.00","16,121","2,02,35,700.00",,0,0,0,43,22.2,28.1,16.7,0,56,9.7
28-02-24,"8,311","8,239","1,09,62,750.00","1,09,42,550.00","16,550","2,19,05,300.00",,0,0,0,42,23.2,28.5,17,0,61,6.2
29-02-24,"9,911","8,607","1,17,42,400.00","1,14,36,700.00","18,518","2,31,79,100.00",,0,0,0,41,23.8,30.1,18.1,0,62,7.4
01-03-24,"10,927","9,934","1,28,69,200.00","1,22,16,650.00","20,861","2,50,85,850.00",,0,0,1,40,23.6,30.4,17.3,0,57,7
02-03-24,"8,672","10,398","1,10,58,750.00","1,19,41,000.00","19,070","2,29,99,750.00",,0,0,1,39,23.8,30.3,16.5,0,55,7.3
03-03-24,"8,226","9,307","1,09,21,400.00","1,15,29,500.00","17,533","2,24,50,900.00",,0,0,0,38,24.7,31,18.8,0,58,5.8
04-03-24,"7,723","8,337","99,49,800.00","1,11,08,150.00","16,060","2,10,57,950.00",,0,0,0,37,24.4,30.2,19.4,0,65,7.9
05-03-24,"8,652","8,396","1,13,57,300.00","1,10,69,400.00","17,048","2,24,26,700.00",,0,0,0,36,25.5,31.1,20.3,0,62,7.5
06-03-24,"8,769","8,830","1,13,80,400.00","1,17,72,750.00","17,599","2,31,53,150.00",,0,0,0,35,23.7,29.5,18.6,0,56,7.7
07-03-24,"11,003","9,103","1,29,04,950.00","1,22,27,300.00","20,106","2,51,32,250.00",,0,0,0,34,23.1,30.1,16.3,0,55,7.3
08-03-24,"11,287","10,346","1,28,50,800.00","1,25,54,950.00","21,633","2,54,05,750.00",,0,0,1,33,24,31,17.6,0,50,8.1
09-03-24,"9,378","11,733","1,17,58,200.00","1,33,34,200.00","21,111","2,50,92,400.00",,0,0,1,32,23.8,30.3,18.1,0,47,7.9
10-03-24,"9,153","10,321","1,21,52,950.00","1,25,75,250.00","19,474","2,47,28,200.00",,0,0,0,31,24.2,30.3,18,0,47,7.3
11-03-24,"8,888","9,366","1,22,32,000.00","1,22,87,450.00","18,254","2,45,19,450.00",,0,0,0,30,24.1,31.6,16.2,0,47,8.4
12-03-24,"7,232","7,130","1,04,22,800.00","1,04,32,250.00","14,362","2,08,55,050.00",,0,0,0,29,25.7,33.3,18.3,0,56,10.2
13-03-24,"7,044","7,308","99,50,650.00","1,04,01,900.00","14,352","2,03,52,550.00",,0,0,0,28,27.3,33.8,21.8,0,67,10.4
14-03-24,"8,468","7,349","1,07,70,050.00","1,04,82,050.00","15,817","2,12,52,100.00",,0,0,0,27,25,30.2,22.3,12.4,83,8.6
15-03-24,"8,714","7,647","1,10,54,550.00","1,04,71,100.00","16,361","2,15,25,650.00",,0,0,1,26,26.4,33,21.5,0,76,6.3
16-03-24,"6,873","7,697","91,29,850.00","99,47,500.00","14,570","1,90,77,350.00",,0,0,1,25,26.3,32.4,20.3,1.3,71,5.6
17-03-24,"6,985","8,239","97,58,600.00","1,04,29,250.00","15,224","2,01,87,850.00",Sheikh Mujibur Rahman's Birthday,1,0,0,24,26.6,32.9,21.2,0,67,6.5
18-03-24,"6,557","7,463","92,21,750.00","95,94,000.00","14,020","1,88,15,750.00",,0,0,0,23,27.7,33.2,22,0,63,6.1
19-03-24,"7,086","7,114","1,02,10,450.00","1,00,97,800.00","14,200","2,03,08,250.00",,0,0,0,22,25.7,31.5,22.7,3,77,7.6
20-03-24,"7,068","7,076","1,00,31,950.00","1,01,95,950.00","14,144","2,02,27,900.00",,0,0,0,21,24.5,28.2,21,3.4,76,8.3
21-03-24,"7,981","7,318","1,04,48,350.00","1,05,30,550.00","15,299","2,09,78,900.00",,0,0,0,20,21.9,27.3,19.1,3.2,83,8.9
22-03-24,"8,440","7,711","1,08,51,800.00","1,02,51,850.00","16,151","2,11,03,650.00",,0,0,1,19,22.1,26.5,17.5,0.2,81,6.4
23-03-24,"6,467","7,936","87,33,900.00","1,00,17,050.00","14,403","1,87,50,950.00",,0,0,1,18,24.9,30.4,19.8,0.8,73,9
24-03-24,"6,837","7,265","93,02,450.00","99,01,400.00","14,102","1,92,03,850.00",,0,0,0,17,25.5,32.1,21.2,0.3,82,12.7
25-03-24,"7,497","7,260","1,02,11,750.00","1,03,72,500.00","14,757","2,05,84,250.00",,0,0,0,16,26,32.4,21.7,11.6,81,10
26-03-24,"7,836","7,702","1,05,12,450.00","1,05,22,600.00","15,538","2,10,35,050.00",Independence Day,1,0,0,15,26,31.6,22.7,2.3,78,9.7
27-03-24,"7,011","7,378","92,56,750.00","97,18,350.00","14,389","1,89,75,100.00",,0,0,0,14,26.2,32.9,21.7,7.3,80,7.2
28-03-24,"8,308","7,738","1,08,62,900.00","1,07,53,600.00","16,046","2,16,16,500.00",,0,0,0,13,25.5,30.2,21.7,4.2,84,7.6
29-03-24,"9,175","8,496","1,13,19,450.00","1,18,06,750.00","17,671","2,31,26,200.00",,0,0,1,12,26.8,31.8,22.9,1.2,81,6.2
30-03-24,"7,267","8,189","97,41,500.00","1,04,49,900.00","15,456","2,01,91,400.00",,0,0,1,11,28.9,36.1,23.9,0.1,78,10
31-03-24,"7,317","7,409","1,01,78,900.00","98,94,950.00","14,726","2,00,73,850.00",,0,0,0,10,28.2,33.4,24.7,2.2,81,14.1
01-04-24,"7,640","7,561","1,04,94,250.00","1,08,08,800.00","15,201","2,13,03,050.00",,0,0,0,9,30.5,38.5,24.9,0,67,14.3
02-04-24,"7,823","7,977","1,06,75,100.00","1,13,30,850.00","15,800","2,20,05,950.00",,0,0,0,8,30.3,37.9,24.9,0,70,10
03-04-24,"8,276","8,266","1,10,07,900.00","1,17,10,300.00","16,542","2,27,18,200.00",,0,0,0,7,31.1,38.6,26.1,0,65,14.2
04-04-24,"11,186","9,233","1,31,25,100.00","1,32,60,250.00","20,419","2,63,85,350.00",,0,0,0,6,30.9,39.3,25.6,0,68,14.5
05-04-24,"14,865","10,826","1,63,41,300.00","1,52,84,100.00","25,691","3,16,25,400.00",Jumatul Bidah,1,0,1,5,31.2,38.5,25.6,0.1,70,11.7
06-04-24,"11,437","9,375","1,32,17,350.00","1,26,02,900.00","20,812","2,58,20,250.00",,0,0,1,4,32,39.8,26.5,0,65,13.5
07-04-24,"13,529","9,777","1,53,16,900.00","1,35,65,800.00","23,306","2,88,82,700.00",Shab-e-Qadr,1,0,0,3,30.5,37.1,26.2,0,69,10.5
08-04-24,"20,851","10,949","2,05,87,850.00","1,51,61,700.00","31,800","3,57,49,550.00",,0,0,0,2,29.4,34.9,25.6,0,59,11.7
09-04-24,"30,330","14,874","2,76,37,900.00","2,13,56,800.00","45,204","4,89,94,700.00",,0,0,0,1,29.7,36.3,23.3,0,56,5.3
10-04-24,"17,705","8,510","1,60,70,350.00","1,15,89,500.00","26,215","2,76,59,850.00",Eid al-Fitr,1,1,0,0,29.8,36.4,23.1,0,53,6.8
11-04-24,"11,194","7,465","91,41,800.00","75,23,200.00","18,659","1,66,65,000.00",Eid al-Fitr Holiday,1,1,0,1,28.9,35.9,23.9,0,66,8.9
12-04-24,"15,883","12,100","1,38,18,700.00","1,25,05,450.00","27,983","2,63,24,150.00",Eid al-Fitr Holiday,1,1,1,2,30.8,36.7,25.4,0.1,52,7.7
13-04-24,"12,896","15,596","1,20,49,100.00","1,43,59,900.00","28,492","2,64,09,000.00",,0,0,1,3,30.5,37.4,24.8,0,51,6.7
14-04-24,"11,625","23,301","1,33,74,250.00","1,95,98,050.00","34,926","3,29,72,300.00",Bengali New Year,1,0,0,4,30.5,37.5,24.4,0,53,6.4
15-04-24,"12,133","23,380","1,54,13,800.00","2,04,20,650.00","35,513","3,58,34,450.00",,0,0,0,5,31.8,38.2,25.2,0,52,6.2
16-04-24,"11,634","19,642","1,60,77,450.00","1,96,99,050.00","31,276","3,57,76,500.00",,0,0,0,6,31.1,37.8,26.3,0.4,58,10
17-04-24,"11,048","15,715","1,51,18,950.00","1,69,66,900.00","26,763","3,20,85,850.00",,0,0,0,7,30.8,38.6,26.5,0.5,70,14.2
18-04-24,"11,238","13,261","1,43,95,700.00","1,53,74,200.00","24,499","2,97,69,900.00",,0,0,0,8,29.9,35.4,26.9,0,78,12.6
19-04-24,"12,222","15,987","1,60,07,850.00","1,79,32,650.00","28,209","3,39,40,500.00",,0,0,1,9,31.6,39.2,26.8,0,68,17.4
20-04-24,"9,888","13,566","1,34,84,950.00","1,49,42,100.00","23,454","2,84,27,050.00",,0,0,1,10,32.3,40.2,26.6,0,65,18
21-04-24,"8,964","10,383","1,21,68,500.00","1,28,53,100.00","19,347","2,50,21,600.00",,0,0,0,11,31.9,39.7,27.2,0,70,17
22-04-24,"8,536","9,411","1,16,86,050.00","1,24,02,050.00","17,947","2,40,88,100.00",,0,0,0,12,32.4,39.6,27.2,0,63,11.8
23-04-24,"8,198","9,027","1,11,91,250.00","1,21,49,500.00","17,225","2,33,40,750.00",,0,0,0,13,32.3,39.4,26.9,0,60,14
24-04-24,"8,397","8,890","1,12,69,750.00","1,18,82,550.00","17,287","2,31,52,300.00",,0,0,0,14,32.1,39.2,26.9,1.3,56,15.1
25-04-24,"9,607","8,798","1,17,40,450.00","1,19,60,350.00","18,405","2,37,00,800.00",,0,0,0,15,32.3,38.8,26.8,0.9,59,11.6
26-04-24,"10,631","10,306","1,29,76,850.00","1,29,18,850.00","20,937","2,58,95,700.00",,0,0,1,16,31.7,40.2,26.6,0,68,15.7
27-04-24,"8,294","10,002","1,08,51,250.00","1,18,12,750.00","18,296","2,26,64,000.00",,0,0,1,17,32.1,39.5,27.1,0.1,72,15.1
28-04-24,"8,158","8,696","1,08,48,150.00","1,09,96,500.00","16,854","2,18,44,650.00",,0,0,0,18,32.3,40.1,27.5,0,68,14.7
29-04-24,"7,962","8,316","1,07,13,850.00","1,12,13,400.00","16,278","2,19,27,250.00",,0,0,0,19,33.5,41.3,28,0,64,14.3
30-04-24,"10,062","8,503","1,25,90,300.00","1,17,21,800.00","18,565","2,43,12,100.00",,0,0,0,20,32.9,40.8,27.6,0,65,17
01-05-24,"9,540","9,819","1,13,88,700.00","1,22,71,900.00","19,359","2,36,60,600.00",Labour Day,1,0,0,21,33.6,40.3,28.4,0,59,13.1
02-05-24,"8,667","8,436","1,00,20,800.00","1,08,98,700.00","17,103","2,09,19,500.00",,0,0,0,22,30.2,38.8,25.3,14.5,76,15.2
03-05-24,"9,934","10,132","1,21,00,900.00","1,26,15,450.00","20,066","2,47,16,350.00",,0,0,1,23,31,37.3,27,0,71,13.8
04-05-24,"8,065","10,107","1,05,46,350.00","1,17,66,750.00","18,172","2,23,13,100.00",,0,0,1,24,31.9,37.9,27.2,0.4,66,13.7
05-05-24,"7,962","8,714","1,05,37,750.00","1,09,39,250.00","16,676","2,14,77,000.00",,0,0,0,25,30.1,37.5,23,10.2,72,20.3
06-05-24,"7,887","7,620","1,07,20,700.00","1,07,76,900.00","15,507","2,14,97,600.00",,0,0,0,26,26.5,32.9,23.5,24.8,84,15.6
07-05-24,"8,021","7,689","1,05,01,850.00","1,07,36,400.00","15,710","2,12,38,250.00",,0,0,0,27,27,31.4,23.9,0.2,80,8.8
08-05-24,"7,343","7,572","98,57,850.00","1,04,05,700.00","14,915","2,02,63,550.00",,0,0,0,28,26.5,29.5,24.1,7.4,82,6.2
09-05-24,"9,613","8,819","1,15,48,900.00","1,18,21,100.00","18,432","2,33,70,000.00",,0,0,0,29,27.8,32.4,24.3,0.1,77,7
10-05-24,"10,489","10,593","1,22,74,350.00","1,27,82,350.00","21,082","2,50,56,700.00",,0,0,1,30,27.6,31.8,24.7,0.6,75,7.8
11-05-24,"7,940","9,983","1,03,67,800.00","1,18,62,600.00","17,923","2,22,30,400.00",,0,0,1,31,27.5,32.3,22.9,6.2,82,7.2
12-05-24,"8,043","8,689","1,10,46,900.00","1,10,44,350.00","16,732","2,20,91,250.00",,0,0,0,32,28.4,33.1,24.5,0,78,4.8
13-05-24,"8,093","8,574","1,09,12,750.00","1,16,57,000.00","16,667","2,25,69,750.00",,0,0,0,33,29,33.1,24.6,0.1,78,4.9
14-05-24,"8,264","8,490","1,11,75,600.00","1,16,98,850.00","16,754","2,28,74,450.00",,0,0,0,33,30.2,34.6,25.7,0.1,72,6.1
15-05-24,"8,301","8,641","1,09,49,400.00","1,19,03,850.00","16,942","2,28,53,250.00",,0,0,0,32,31.7,37.1,26.3,0,64,7.5
16-05-24,"10,157","8,662","1,18,87,650.00","1,17,64,300.00","18,819","2,36,51,950.00",,0,0,0,31,32.5,38.2,26.7,0,59,8.8
17-05-24,"11,164","10,501","1,30,25,400.00","1,29,81,700.00","21,665","2,60,07,100.00",,0,0,1,30,33.2,40,27.6,0,60,11.8
18-05-24,"8,158","10,042","1,04,58,050.00","1,14,67,250.00","18,200","2,19,25,300.00",,0,0,1,29,32,38,28.6,0.8,69,12
19-05-24,"8,169","8,723","1,08,06,250.00","1,11,28,450.00","16,892","2,19,34,700.00",,0,0,0,28,29.6,33,27.8,1.1,82,10.1
20-05-24,"8,402","8,299","1,08,27,700.00","1,12,80,850.00","16,701","2,21,08,550.00",,0,0,0,27,28,31.1,24.8,8.6,89,8.5
21-05-24,"8,480","8,178","1,08,41,000.00","1,08,98,150.00","16,658","2,17,39,150.00",,0,0,0,26,28.9,33.5,25.2,0.2,80,6.8
22-05-24,"8,845","9,404","1,11,36,650.00","1,15,95,250.00","18,249","2,27,31,900.00",Buddha Purnima,1,0,0,25,29.4,33.4,26.3,0.2,77,6.2
23-05-24,"9,320","8,519","1,12,79,500.00","1,11,22,250.00","17,839","2,24,01,750.00",,0,0,0,24,30.9,35.5,26.7,0,71,4.6
24-05-24,"10,675","10,585","1,26,53,550.00","1,29,66,950.00","21,260","2,56,20,500.00",,0,0,1,23,32,37.1,27.3,0,68,5.1
25-05-24,"8,241","10,380","1,08,79,850.00","1,19,78,100.00","18,621","2,28,57,950.00",,0,0,1,22,32.1,37,28.2,0.9,68,10.9
26-05-24,"7,562","8,322","1,02,36,150.00","1,08,63,400.00","15,884","2,10,99,550.00",,0,0,0,21,29.9,35.5,27.2,13,75,26.1
27-05-24,"5,643","4,780","82,83,200.00","68,11,100.00","10,423","1,50,94,300.00",,0,0,0,20,27,27.7,26.4,216,91,49.9
28-05-24,"6,237","6,632","78,38,850.00","86,97,050.00","12,869","1,65,35,900.00",,0,0,0,19,28.8,34,25.6,42.4,84,24.3
29-05-24,"7,845","8,320","1,04,43,750.00","1,13,44,000.00","16,165","2,17,87,750.00",,0,0,0,18,31.4,34.8,29,0.5,82,22.5
30-05-24,"9,250","8,795","1,12,57,700.00","1,16,52,600.00","18,045","2,29,10,300.00",,0,0,0,17,31.2,34.7,29.2,0.6,81,21.1
31-05-24,"10,709","10,496","1,27,97,600.00","1,28,76,950.00","21,205","2,56,74,550.00",,0,0,1,16,30.7,34.8,28.1,0.2,80,14.3
01-06-24,"8,094","9,550","1,05,22,000.00","1,14,63,800.00","17,644","2,19,85,800.00",,0,0,1,15,30,34,27.1,1.1,82,12.6
02-06-24,"7,923","8,464","1,06,16,800.00","1,09,21,950.00","16,387","2,15,38,750.00",,0,0,0,14,29.6,33.1,27.9,3.9,85,12
03-06-24,"8,291","8,467","1,11,83,150.00","1,17,03,150.00","16,758","2,28,86,300.00",,0,0,0,13,29.3,32.5,27.6,6.9,86,15
04-06-24,"8,338","8,475","1,12,83,750.00","1,16,83,000.00","16,813","2,29,66,750.00",,0,0,0,12,29.2,33,27.4,3.5,84,14.5
05-06-24,"8,225","8,463","1,11,54,650.00","1,17,26,950.00","16,688","2,28,81,600.00",,0,0,0,11,30.5,34.3,27.2,0.2,81,10.9
06-06-24,"9,247","8,890","1,16,71,700.00","1,20,45,050.00","18,137","2,37,16,750.00",,0,0,0,10,30.5,35.8,26.9,24.4,84,9.6
07-06-24,"10,807","10,104","1,33,85,100.00","1,28,46,400.00","20,911","2,62,31,500.00",,0,0,1,9,30.4,34.5,27.1,15,83,9
08-06-24,"8,579","9,594","1,11,46,350.00","1,20,38,600.00","18,173","2,31,84,950.00",,0,0,1,8,31,36.3,25.7,0,78,14.7
09-06-24,"8,945","9,054","1,21,32,000.00","1,21,78,050.00","17,999","2,43,10,050.00",,0,0,0,7,30.9,36.2,27,1.8,80,15.7
10-06-24,"9,190","9,585","1,24,19,850.00","1,35,62,600.00","18,775","2,59,82,450.00",,0,0,0,6,31.3,36,28.1,0,80,14.6
11-06-24,"9,952","10,110","1,35,18,700.00","1,46,37,450.00","20,062","2,81,56,150.00",,0,0,0,5,30.9,35.2,27.8,0,78,13
12-06-24,"11,573","11,110","1,50,72,400.00","1,61,02,300.00","22,683","3,11,74,700.00",,0,0,0,4,30,34.6,27.4,0.7,82,12
13-06-24,"17,824","12,672","1,85,43,850.00","1,80,93,050.00","30,496","3,66,36,900.00",,0,0,0,3,29.7,34.1,27.9,19.8,83,17.3
14-06-24,"28,896","15,137","2,72,64,550.00","2,07,65,550.00","44,033","4,80,30,100.00",,0,0,1,2,30.4,33.9,27.6,0.2,81,18.3
15-06-24,"25,453","13,573","2,43,13,950.00","1,85,97,350.00","39,026","4,29,11,300.00",,0,0,1,1,30.9,34.9,28.4,0,79,19.1
16-06-24,"20,792","10,710","2,08,02,800.00","1,47,11,400.00","31,502","3,55,14,200.00",Eid-ul-Azha,1,1,0,0,30.3,34.2,28.3,1.1,82,17.9
17-06-24,"10,453","6,988","93,05,400.00","74,11,150.00","17,441","1,67,16,550.00",Eid-ul-Azha Holiday,1,1,0,1,29.8,33.9,28.3,7,84,18
18-06-24,"15,067","13,184","1,38,09,950.00","1,33,12,050.00","28,251","2,71,22,000.00",Eid-ul-Azha Holiday,1,1,0,2,29.1,32.1,27.5,13.8,87,19.1
19-06-24,"13,005","15,322","1,27,74,300.00","1,42,89,250.00","28,327","2,70,63,550.00",,0,0,0,3,28.1,31.8,26.1,50.1,90,18.2
20-06-24,"11,335","14,435","1,20,26,000.00","1,42,64,150.00","25,770","2,62,90,150.00",,0,0,0,4,28.2,31.1,26.2,5.5,87,13.8
21-06-24,"12,867","22,977","1,53,42,250.00","2,04,19,800.00","35,844","3,57,62,050.00",,0,0,1,5,28.7,32.5,26.3,0.4,83,6.8
22-06-24,"12,418","24,437","1,63,63,350.00","2,15,28,900.00","36,855","3,78,92,250.00",,0,0,1,6,28.9,31.3,26.6,3.5,85,7.3
23-06-24,"11,471","17,532","1,56,80,550.00","1,78,74,150.00","29,003","3,35,54,700.00",,0,0,0,7,29.3,32.2,26.9,1.6,85,9.2
24-06-24,"10,486","13,981","1,43,34,550.00","1,58,08,900.00","24,467","3,01,43,450.00",,0,0,0,8,29.5,32.8,26.8,0.6,84,10.5
25-06-24,"9,883","12,320","1,35,62,850.00","1,46,92,000.00","22,203","2,82,54,850.00",,0,0,0,9,29.5,32.2,27.5,8.4,85,9.5
26-06-24,"9,213","10,567","1,27,23,050.00","1,32,44,600.00","19,780","2,59,67,650.00",,0,0,0,10,29,32.1,27.2,12,86,7.4
27-06-24,"10,042","9,768","1,23,89,150.00","1,25,87,650.00","19,810","2,49,76,800.00",,0,0,0,11,29,31.4,27.5,8,83,16.5
28-06-24,"11,806","12,447","1,44,83,750.00","1,47,88,900.00","24,253","2,92,72,650.00",,0,0,1,12,28.6,31,26.7,6.3,85,19.4
29-06-24,"8,716","10,782","1,18,60,950.00","1,26,45,650.00","19,498","2,45,06,600.00",,0,0,1,13,28.5,31.3,26.7,3.6,86,17.5
30-06-24,"8,413","8,903","1,17,86,650.00","1,14,46,500.00","17,316","2,32,33,150.00",,0,0,0,14,27.7,30.6,26,22.7,89,17.6
01-07-24,"8,069","8,480","1,13,48,350.00","1,16,47,150.00","16,549","2,29,95,500.00",,0,0,0,15,27.4,28.9,26.6,22.8,91,16.9
02-07-24,"7,603","7,844","1,06,70,350.00","1,07,80,600.00","15,447","2,14,50,950.00",,0,0,0,16,27.2,30.7,25.7,40.7,91,12.2
03-07-24,"7,643","8,090","1,03,45,100.00","1,11,48,550.00","15,733","2,14,93,650.00",,0,0,0,17,27.3,30.4,25.8,10.7,89,12.3
04-07-24,"9,399","7,956","1,14,35,700.00","1,09,32,400.00","17,355","2,23,68,100.00",,0,0,0,18,27.8,30,26.4,10.6,88,16.2
05-07-24,"9,980","9,950","1,23,75,300.00","1,24,68,550.00","19,930","2,48,43,850.00",,0,0,1,19,27.8,30.4,25.5,20,87,16.8
06-07-24,"7,983","9,712","1,03,64,550.00","1,15,87,150.00","17,695","2,19,51,700.00",,0,0,1,20,28.1,30.7,26.2,4,86,15
07-07-24,"7,884","8,341","1,07,58,550.00","1,05,02,400.00","16,225","2,12,60,950.00",,0,0,0,21,28.8,31.9,26.4,2.8,84,11
08-07-24,"8,016","8,400","1,07,01,150.00","1,12,59,750.00","16,416","2,19,60,900.00",,0,0,0,22,28.4,30.9,26.5,0.8,85,11.5
09-07-24,"8,089","8,147","1,09,57,350.00","1,10,30,950.00","16,236","2,19,88,300.00",,0,0,0,23,28.6,31.5,26.5,5.6,85,12.7
10-07-24,"7,920","7,931","1,07,13,250.00","1,09,88,750.00","15,851","2,17,02,000.00",,0,0,0,24,28.8,31.5,26.8,6,85,13.4
11-07-24,"9,656","8,310","1,16,65,700.00","1,16,15,600.00","17,966","2,32,81,300.00",,0,0,0,25,28.5,31.5,26.8,11.6,85,14.4
12-07-24,"9,645","9,736","1,18,08,750.00","1,26,00,050.00","19,381","2,44,08,800.00",,0,0,1,26,27.6,31.4,25.8,10.1,88,14.1
13-07-24,"9,656","8,310","1,16,65,700.00","1,16,15,600.00","17,966","2,32,81,300.00",,0,0,1,27,28.8,32.2,25.7,1.9,84,10.3
14-07-24,"8,335","8,705","1,11,67,150.00","1,10,26,700.00","17,040","2,21,93,850.00",,0,0,0,28,29.1,32.4,26.6,1,82,13.1
15-07-24,"7,972","8,258","1,06,72,050.00","1,11,43,050.00","16,230","2,18,15,100.00",,0,0,0,29,29.4,32.6,27.2,1,81,18
16-07-24,"9,092","8,025","1,15,05,550.00","1,09,71,000.00","17,117","2,24,76,550.00",,0,0,0,30,28.8,31.4,27.2,2.6,84,16.6
17-07-24,"8,478","7,996","1,03,57,600.00","1,07,07,050.00","16,474","2,10,64,650.00",Ashura,1,0,0,31,29.7,33,27,0.9,82,10.9
18-07-24,"5,400","4,646","59,85,050.00","59,24,500.00","10,046","1,19,09,550.00",,0,0,0,32,30.2,33.9,27.2,1.2,80,9.3
19-07-24,"4,037","3,933","38,40,800.00","43,04,650.00","7,970","81,45,450.00",,0,0,1,33,29.6,32.5,27.6,0.7,79,19.3
20-07-24,"2,256","2,188","25,34,400.00","21,85,100.00","4,444","47,19,500.00",,0,0,1,34,29.4,32.4,27.2,1.5,80,22.2
21-07-24,"2,489","2,217","22,95,250.00","23,88,500.00","4,706","46,83,750.00",Public Holiday (Student Protests),1,0,0,35,28.8,32.4,26.9,3.6,83,19.9
22-07-24,"3,495","3,097","35,11,400.00","33,33,000.00","6,592","68,44,400.00",Public Holiday (Student Protests),1,0,0,36,27.6,29.4,26.5,24,88,19.7
23-07-24,"4,270","3,976","44,78,000.00","46,21,100.00","8,246","90,99,100.00",Public Holiday (Student Protests),1,0,0,37,28.6,31.6,26.2,2.8,83,21.9
24-07-24,"5,509","6,809","69,74,150.00","76,63,000.00","12,318","1,46,37,150.00",,0,0,0,38,28.9,31.8,26.6,3.6,84,15.6
25-07-24,"7,365","6,918","90,86,100.00","90,80,350.00","14,283","1,81,66,450.00",,0,0,0,39,29.2,32.3,26.6,1.5,83,16.1
26-07-24,"8,144","8,059","1,05,95,850.00","1,05,86,600.00","16,203","2,11,82,450.00",,0,0,1,40,29.2,32.4,27.1,3,83,23.1
27-07-24,"6,616","8,177","90,28,850.00","98,29,800.00","14,793","1,88,58,650.00",,0,0,1,41,29.1,31.9,27,1.2,83,21.7
28-07-24,"6,890","7,492","96,74,550.00","95,60,400.00","14,382","1,92,34,950.00",,0,0,0,42,29.3,32.8,27.1,2.2,82,16.1
29-07-24,"7,034","7,382","97,08,900.00","1,03,14,000.00","14,416","2,00,22,900.00",,0,0,0,43,29.1,31.6,27.1,5.2,83,16.4
30-07-24,"7,009","7,044","97,61,650.00","99,69,600.00","14,053","1,97,31,250.00",,0,0,0,44,28.7,32.8,26.5,11.7,85,13.6
31-07-24,"7,169","7,010","99,92,500.00","98,73,300.00","14,179","1,98,65,800.00",,0,0,0,45,28.1,31.1,26.3,6.1,87,11
01-08-24,"7,835","6,642","99,41,150.00","95,88,000.00","14,477","1,95,29,150.00",,0,0,0,46,26.3,27.2,25.1,58,93,18.5
02-08-24,"7,397","6,989","97,21,150.00","95,82,650.00","14,386","1,93,03,800.00",,0,0,1,47,26.2,29,25.4,48.7,92,20.3
03-08-24,"5,670","7,048","74,22,650.00","87,38,500.00","12,718","1,61,61,150.00",,0,0,1,48,27,30.3,25.1,15.5,89,17
04-08-24,"4,277","3,101","46,76,200.00","35,91,600.00","7,378","82,67,800.00",,0,0,0,49,27.1,30.2,25,14.3,88,12.4
05-08-24,"3,495","2,765","27,04,000.00","28,17,750.00","6,260","55,21,750.00",Public Holiday (Student Protests),1,0,0,50,28.2,31.6,26.3,4.4,86,12.1
06-08-24,"6,251","5,410","54,12,550.00","52,70,750.00","11,661","1,06,83,300.00",Public Holiday (Student Protests),1,0,0,51,28.2,31.3,25.9,11.5,85,12.7
07-08-24,"6,634","7,154","71,21,350.00","79,05,400.00","13,788","1,50,26,750.00",Public Holiday (Student Protests),1,0,0,52,27.5,30.1,26,15.9,86,14.9
08-08-24,"7,960","7,264","87,27,250.00","91,50,050.00","15,224","1,78,77,300.00",,0,0,0,53,27.2,29.7,25.7,4.1,87,15.6
09-08-24,"8,094","8,671","90,79,850.00","1,00,96,300.00","16,765","1,91,76,150.00",,0,0,1,54,27.1,30.3,25,30.2,88,15
10-08-24,"6,480","8,864","81,57,350.00","94,69,250.00","15,344","1,76,26,600.00",,0,0,1,55,27.3,30.3,25.5,15.6,88,14.3
11-08-24,"6,644","7,774","89,52,850.00","93,39,250.00","14,418","1,82,92,100.00",,0,0,0,56,27.7,30.7,25.6,7,87,13.3
12-08-24,"7,076","7,811","94,32,550.00","1,00,47,500.00","14,887","1,94,80,050.00",,0,0,0,57,28.2,31.1,26.2,6.6,87,9.8
13-08-24,"7,375","7,663","97,02,650.00","99,66,100.00","15,038","1,96,68,750.00",,0,0,0,58,28.4,32.1,26.1,11.4,87,8.4
14-08-24,"8,026","7,815","1,00,59,250.00","1,03,84,350.00","15,841","2,04,43,600.00",,0,0,0,59,28.8,32.1,26.3,2.1,85,10.7
15-08-24,"9,040","7,100","99,98,900.00","96,55,750.00","16,140","1,96,54,650.00",,0,0,0,60,28.7,31.9,26.2,1.2,85,12.5
16-08-24,"9,968","9,887","1,12,58,900.00","1,18,23,200.00","19,855","2,30,82,100.00",,0,0,1,61,27.2,28.9,26,5.2,88,14.8
17-08-24,"7,274","9,969","91,20,350.00","1,10,14,550.00","17,243","2,01,34,900.00",,0,0,1,62,27.5,30.6,25.4,8.3,85,18.5
18-08-24,"7,273","8,756","98,23,400.00","1,04,87,400.00","16,029","2,03,10,800.00",,0,0,0,63,27.5,30.4,25.4,11.2,87,15.5
19-08-24,"7,441","7,743","1,01,66,800.00","1,01,41,700.00","15,184","2,03,08,500.00",,0,0,0,64,26.2,28.1,25,40.9,92,16.9
20-08-24,"7,644","8,119","1,00,22,250.00","1,05,68,050.00","15,763","2,05,90,300.00",,0,0,0,65,26.8,30.1,25.2,14.9,90,12.5
21-08-24,"7,375","7,560","97,44,600.00","1,03,79,500.00","14,935","2,01,24,100.00",,0,0,0,66,26.3,29,25,62.3,92,12
22-08-24,"8,746","7,552","1,03,97,100.00","1,01,97,250.00","16,298","2,05,94,350.00",,0,0,0,67,26.8,29.4,24.9,19.8,92,12.3
23-08-24,"9,861","9,248","1,12,87,200.00","1,12,95,750.00","19,109","2,25,82,950.00",,0,0,1,68,26.7,29.6,24.9,19.4,90,14.5
24-08-24,"7,034","8,977","83,91,700.00","1,01,40,850.00","16,011","1,85,32,550.00",,0,0,1,69,27.3,30.4,25.6,14.6,87,11.5
25-08-24,"7,028","7,311","91,37,850.00","93,26,550.00","14,339","1,84,64,400.00",,0,0,0,70,26.1,28,24.8,28.5,90,13.2
26-08-24,"7,474","8,076","98,33,350.00","1,00,18,750.00","15,550","1,98,52,100.00",Janmashtami,1,0,0,71,26.2,28.8,25,26.3,90,17.1
27-08-24,"7,177","7,629","94,48,500.00","96,68,650.00","14,806","1,91,17,150.00",,0,0,0,72,27.2,29.9,24.7,10.8,87,12
28-08-24,"7,665","8,012","99,70,550.00","1,05,46,100.00","15,677","2,05,16,650.00",,0,0,0,73,27.9,30.8,25.3,0.8,86,7.8
29-08-24,"9,758","8,278","1,10,56,050.00","1,09,41,100.00","18,036","2,19,97,150.00",,0,0,0,74,28.6,32.1,25.6,9.2,85,6.7
30-08-24,"11,272","10,566","1,29,09,700.00","1,24,99,650.00","21,838","2,54,09,350.00",,0,0,1,75,29.1,33.1,26.1,0,81,7.8
31-08-24,"7,900","10,194","98,99,000.00","1,14,19,250.00","18,094","2,13,18,250.00",,0,0,1,76,29.1,32.5,26.6,1.5,81,15.7
01-09-24,"8,045","8,579","1,01,79,750.00","1,03,86,050.00","16,624","2,05,65,800.00",,0,0,0,77,28.2,31.1,26.3,3.7,86,9.5
02-09-24,"7,832","8,432","1,02,44,500.00","1,08,99,000.00","16,264","2,11,43,500.00",,0,0,0,78,28.4,32,26.2,7.4,85,5.6
03-09-24,"8,013","8,136","1,02,86,800.00","1,04,91,000.00","16,149","2,07,77,800.00",,0,0,0,79,27.8,31.5,26.5,6.7,88,6.1
04-09-24,"8,169","8,292","1,02,81,050.00","1,07,04,100.00","16,461","2,09,85,150.00",,0,0,0,80,28.6,31.7,26,2,85,6.8
05-09-24,"10,140","8,574","1,10,81,100.00","1,09,84,800.00","18,714","2,20,65,900.00",,0,0,0,81,28.6,31.7,26.2,1.7,85,6.4
06-09-24,"11,857","10,935","1,27,73,250.00","1,22,97,400.00","22,792","2,50,70,650.00",,0,0,1,82,28.7,32.1,26,9,84,7.4
07-09-24,"8,070","10,664","98,26,000.00","1,14,70,750.00","18,734","2,12,96,750.00",,0,0,1,83,28.9,32.8,26.2,7.2,85,6.5
08-09-24,"8,030","9,033","1,01,61,200.00","1,06,16,150.00","17,063","2,07,77,350.00",,0,0,0,84,29.3,32.7,26.8,0.5,82,12.2
09-09-24,"7,971","8,482","1,04,50,250.00","1,08,57,200.00","16,453","2,13,07,450.00",,0,0,0,85,29,31.6,26.7,4.8,83,16.2
10-09-24,"8,188","8,463","1,05,36,200.00","1,09,50,750.00","16,651","2,14,86,950.00",,0,0,0,86,28.7,31.4,26.6,2.5,83,14
11-09-24,"8,408","8,431","1,05,98,800.00","1,09,29,200.00","16,839","2,15,28,000.00",,0,0,0,87,28.5,31.9,25.6,4.5,86,10.3
12-09-24,"10,649","8,841","1,13,77,000.00","1,14,55,750.00","19,490","2,28,32,750.00",,0,0,0,88,28.6,31.9,26.6,35.7,90,7.6
13-09-24,"12,322","10,879","1,33,31,350.00","1,25,57,450.00","23,201","2,58,88,800.00",,0,0,1,89,28.9,32,26,6.9,82,13.5
14-09-24,"6,874","8,137","91,66,650.00","96,84,400.00","15,011","1,88,51,050.00",,0,0,1,90,25.9,26.6,25.1,51.3,92,31.7
15-09-24,"6,511","6,503","90,19,150.00","83,30,500.00","13,014","1,73,49,650.00",,0,0,0,91,25.8,26.8,25.1,45.1,91,32.5
16-09-24,"7,567","8,994","93,62,200.00","1,05,40,950.00","16,561","1,99,03,150.00",Eid-e-Miladunnabi,1,0,0,92,27.6,31.4,24.8,18.4,86,18.5
17-09-24,"7,167","8,340","87,28,750.00","96,20,100.00","15,507","1,83,48,850.00",,0,0,0,93,28.8,32.7,25.9,0,84,8.7
18-09-24,"7,885","8,481","1,00,87,350.00","1,10,53,350.00","16,366","2,11,40,700.00",,0,0,0,94,29.6,33.7,25.5,0,81,4.8
19-09-24,"10,058","8,750","1,11,08,150.00","1,13,89,200.00","18,808","2,24,97,350.00",,0,0,0,95,30.1,33.8,27,2.1,82,6.3
20-09-24,"11,644","10,813","1,28,05,750.00","1,22,96,100.00","22,457","2,51,01,850.00",,0,0,1,96,31,35.2,27.5,0,79,6.9
21-09-24,"7,981","9,883","98,48,300.00","1,06,75,850.00","17,864","2,05,24,150.00",,0,0,1,97,30.5,35.3,26.4,8.6,81,6.5
22-09-24,"7,963","8,676","1,00,79,250.00","1,03,75,650.00","16,639","2,04,54,900.00",,0,0,0,98,30.9,34.5,27.8,0,79,6
23-09-24,"8,155","8,650","1,05,85,450.00","1,09,73,700.00","16,805","2,15,59,150.00",,0,0,0,99,29.9,33.6,28,0,86,7.7
24-09-24,"8,220","8,251","1,04,51,700.00","1,04,83,750.00","16,471","2,09,35,450.00",,0,0,0,100,28.1,31.2,26.4,6.4,86,15
25-09-24,"7,719","7,437","1,04,14,200.00","1,00,38,150.00","15,156","2,04,52,350.00",,0,0,0,101,26,27.5,24.8,33.9,92,17.1
26-09-24,"8,259","7,466","1,02,36,050.00","1,03,45,600.00","15,725","2,05,81,650.00",,0,0,0,102,26.6,29.1,24.6,20.5,91,12
27-09-24,"10,277","9,486","1,22,12,800.00","1,14,47,650.00","19,763","2,36,60,450.00",,0,0,1,103,27.6,31.3,25.2,5.2,87,10.5
28-09-24,"7,892","9,611","97,31,050.00","1,08,12,900.00","17,503","2,05,43,950.00",,0,0,1,104,28,31.2,25.7,4.6,87,8.7
29-09-24,"8,124","8,681","1,05,52,500.00","1,06,72,800.00","16,805","2,12,25,300.00",,0,0,0,105,28.3,31.6,25.9,2.4,88,8
30-09-24,"8,153","8,592","1,06,83,500.00","1,12,19,950.00","16,745","2,19,03,450.00",,0,0,0,106,28.8,31.7,26.3,3.7,88,7.2
01-10-24,"8,236","8,447","1,07,14,350.00","1,12,35,700.00","16,683","2,19,50,050.00",,0,0,0,107,28.5,32.2,25.6,10.9,88,5.6
02-10-24,"7,944","7,942","1,03,89,300.00","1,05,43,350.00","15,886","2,09,32,650.00",,0,0,0,108,27.8,31.5,25.5,13,89,5.4
03-10-24,"8,924","7,738","1,06,29,750.00","1,04,89,400.00","16,662","2,11,19,150.00",,0,0,0,109,26,29.3,24.9,47.8,92,9.4
04-10-24,"10,352","9,418","1,23,75,900.00","1,16,56,500.00","19,770","2,40,32,400.00",,0,0,1,110,26.5,29.4,24.6,32.2,91,12.9
05-10-24,"7,059","8,658","93,21,800.00","1,02,46,500.00","15,717","1,95,68,300.00",,0,0,1,111,25.9,29.5,24.3,50.7,91,10.3
06-10-24,"7,488","8,237","95,50,300.00","1,01,55,200.00","15,725","1,97,05,500.00",,0,0,0,112,27.4,30.9,25.1,8.4,87,9.2
07-10-24,"8,146","8,337","1,04,70,950.00","1,09,20,200.00","16,483","2,13,91,150.00",,0,0,0,113,27.4,30.9,25.5,0.8,89,5.3
08-10-24,"8,752","8,494","1,09,13,900.00","1,14,96,450.00","17,246","2,24,10,350.00",,0,0,0,114,27.2,31,24.9,14.7,90,3.7
09-10-24,"11,192","8,659","1,25,57,050.00","1,17,13,950.00","19,851","2,42,71,000.00",,0,0,0,115,26.7,30.8,24.4,15.1,88,4
10-10-24,"16,811","10,396","1,62,37,700.00","1,38,24,000.00","27,207","3,00,61,700.00",Durga Puja Holiday,1,0,0,116,26.6,29.7,24.4,8.2,89,5.9
11-10-24,"14,695","11,324","1,52,92,750.00","1,31,11,500.00","26,019","2,84,04,250.00",,0,0,1,117,27.8,31.7,25.3,3.6,86,5.5
12-10-24,"9,012","10,157","1,01,40,000.00","1,08,04,350.00","19,169","2,09,44,350.00",,0,0,1,118,27.7,30.5,25.2,7.4,88,5.1
13-10-24,"8,804","13,555","1,06,91,450.00","1,32,51,500.00","22,359","2,39,42,950.00",Durga Puja,1,0,0,119,28.5,32.5,25.3,0.4,80,4.9
14-10-24,"8,286","11,875","1,07,46,650.00","1,19,47,500.00","20,161","2,26,94,150.00",,0,0,0,120,27.9,32,24.4,0,78,6.2
15-10-24,"8,844","9,977","1,15,02,650.00","1,20,08,700.00","18,821","2,35,11,350.00",,0,0,0,121,28.1,31.9,24.8,0.2,79,4.5
16-10-24,"9,121","9,662","1,17,15,150.00","1,20,70,800.00","18,783","2,37,85,950.00",,0,0,0,122,28.3,31.9,25,0.2,78,3.4
17-10-24,"10,303","8,943","1,20,54,850.00","1,16,80,150.00","19,246","2,37,35,000.00",,0,0,0,123,27.5,30.6,25.6,7.6,84,3.9
18-10-24,"11,484","11,171","1,33,66,650.00","1,31,75,650.00","22,655","2,65,42,300.00",,0,0,1,124,26.5,29.9,24.1,5.2,89,6.1
19-10-24,"8,494","10,773","1,08,72,450.00","1,19,06,800.00","19,267","2,27,79,250.00",,0,0,1,125,26.5,30.3,24.4,13,90,5.1
20-10-24,"8,318","9,116","1,09,93,000.00","1,10,32,550.00","17,434","2,20,25,550.00",,0,0,0,126,26.6,30.9,23.7,0,83,8
21-10-24,"8,191","8,741","1,09,38,700.00","1,14,13,150.00","16,932","2,23,51,850.00",,0,0,0,127,26.5,30.7,22.1,0,80,5.9
22-10-24,"8,356","8,402","1,08,61,700.00","1,12,30,350.00","16,758","2,20,92,050.00",,0,0,0,128,27.8,32.6,23.4,0.4,79,6.5
23-10-24,"8,313","8,330","1,09,20,600.00","1,11,65,400.00","16,643","2,20,86,000.00",,0,0,0,129,26.8,28.6,25.4,21.7,87,7.8
24-10-24,"8,804","7,884","1,09,82,550.00","1,08,85,250.00","16,688","2,18,67,800.00",,0,0,0,130,25.4,28.1,24,13.9,88,16.4
25-10-24,"10,218","9,162","1,16,72,050.00","1,11,58,500.00","19,380","2,28,30,550.00",,0,0,1,131,26.6,29.6,23.8,1.3,86,15.3
26-10-24,"7,852","9,424","97,48,200.00","1,05,19,700.00","17,276","2,02,67,900.00",,0,0,1,132,27,30.2,24.8,3.2,86,11.4
27-10-24,"7,918","8,286","1,04,87,500.00","1,00,51,250.00","16,204","2,05,38,750.00",,0,0,0,133,27.7,31.4,23.9,0,82,2.9
28-10-24,"8,101","8,448","1,06,57,550.00","1,11,24,600.00","16,549","2,17,82,150.00",,0,0,0,134,27.5,31.8,23.9,0,81,6.5
29-10-24,"8,329","8,240","1,08,46,950.00","1,08,39,750.00","16,569","2,16,86,700.00",,0,0,0,135,27.8,31.3,24.9,0,78,3.2
30-10-24,"8,565","8,485","1,10,86,000.00","1,13,34,800.00","17,050","2,24,20,800.00",,0,0,0,136,27.9,31,24.7,0.5,81,4.9
31-10-24,"10,616","8,587","1,18,82,250.00","1,13,33,950.00","19,203","2,32,16,200.00",,0,0,0,137,26.9,30,24.6,2.1,87,4.4
01-11-24,"11,578","10,372","1,27,92,650.00","1,27,92,650.00","21,950","2,47,72,050.00",,0,0,1,138,27.3,31.9,24.3,0,80,4.8
02-11-24,"8,068","10,293","1,00,41,900.00","1,11,88,300.00","18,361","2,12,30,200.00",,0,0,1,139,26.8,31.3,22.7,0,78,6.7
03-11-24,"8,059","9,062","1,02,34,000.00","1,07,62,650.00","17,121","2,09,96,650.00",,0,0,0,140,26.5,31.3,21.9,0,77,6
04-11-24,"8,412","8,572","1,09,52,800.00","1,09,00,550.00","16,984","2,18,53,350.00",,0,0,0,141,26.6,31.1,22.4,0,77,5.8
05-11-24,"8,502","8,929","1,12,68,100.00","1,18,19,500.00","17,431","2,30,87,600.00",,0,0,0,142,26.4,29.6,23.3,1.3,77,6.3
06-11-24,"8,079","8,357","1,03,02,300.00","1,10,23,450.00","16,436","2,13,25,750.00",,0,0,0,143,25.7,29.7,22.1,1.9,78,5.2
07-11-24,"10,958","8,641","1,19,78,500.00","1,13,14,650.00","19,599","2,32,93,150.00",,0,0,0,144,25.9,30.4,22,0,77,6.7
08-11-24,"11,564","10,667","1,31,20,100.00","1,27,16,550.00","22,231","2,58,36,650.00",,0,0,1,143,26,31.2,21.8,0,72,8.6
09-11-24,"8,218","10,544","1,01,58,500.00","1,12,65,700.00","18,762","2,14,24,200.00",,0,0,1,142,25.4,31,20.9,0,71,8.8
10-11-24,"7,976","8,964","1,03,09,800.00","1,07,21,650.00","16,940","2,10,31,450.00",,0,0,0,141,25.6,30.8,20.4,0,69,5.8
11-11-24,"8,290","8,621","1,06,97,950.00","1,09,74,600.00","16,911","2,16,72,550.00",,0,0,0,140,26.4,31.7,21.2,0,67,6.3
12-11-24,"8,093","8,377","1,05,96,100.00","1,08,89,200.00","16,470","2,14,85,300.00",,0,0,0,139,26.2,31.4,21.9,0,64,6.9
13-11-24,"8,622","8,420","1,11,00,550.00","1,11,70,550.00","17,042","2,22,71,100.00",,0,0,0,138,25.3,30.8,20.9,0,69,5.2
14-11-24,"10,815","8,709","1,19,87,100.00","1,13,75,150.00","19,524","2,33,62,250.00",,0,0,0,137,25,30.8,20.2,0,68,7.4
15-11-24,"12,082","10,909","1,35,86,900.00","1,27,97,950.00","22,991","2,63,84,850.00",,0,0,1,136,24.5,30.5,19.6,0,67,5.9
16-11-24,"8,585","10,694","1,02,38,800.00","1,16,25,000.00","19,279","2,18,63,800.00",,0,0,1,135,23.9,29.8,19.2,0,67,6.7
17-11-24,"8,226","9,301","1,06,18,200.00","1,10,97,500.00","17,527","2,17,15,700.00",,0,0,0,134,22.8,28.9,18.3,0,66,4.4
18-11-24,"8,290","8,817","1,07,66,450.00","1,13,71,850.00","17,107","2,21,38,300.00",,0,0,0,133,22.6,28.6,17.1,0,61,4
19-11-24,"8,321","8,324","1,08,53,200.00","1,08,27,250.00","16,645","2,16,80,450.00",,0,0,0,132,23.2,29.4,17.5,0,63,3.3
20-11-24,"8,736","8,658","1,11,80,200.00","1,10,99,850.00","17,394","2,22,80,050.00",,0,0,0,131,22.7,28.7,17.4,0,65,4.3
21-11-24,"10,418","8,889","1,19,14,600.00","1,17,67,750.00","19,307","2,36,82,350.00",,0,0,0,130,22.5,28.9,17.4,0,65,4.6
22-11-24,"11,420","10,765","1,29,04,500.00","1,28,27,500.00","22,185","2,57,32,000.00",,0,0,1,129,22.8,28.4,17.1,0,68,3.7
23-11-24,"8,059","10,566","99,34,450.00","1,15,04,850.00","18,625","2,14,39,300.00",,0,0,1,128,23.2,28.6,18.7,0,68,3.5
24-11-24,"8,220","8,812","1,05,89,550.00","1,08,36,750.00","17,032","2,14,26,300.00",,0,0,0,127,22.5,28.3,17.7,0,67,5.7
25-11-24,"8,417","8,594","1,08,41,000.00","1,11,65,200.00","17,011","2,20,06,200.00",,0,0,0,126,21.6,27.5,16.9,0,67,5.5
26-11-24,"8,323","8,314","1,07,80,650.00","1,07,03,000.00","16,637","2,14,83,650.00",,0,0,0,125,21.4,27.1,15.8,0,71,4.8
27-11-24,"8,455","8,591","1,07,18,300.00","1,12,14,600.00","17,046","2,19,32,900.00",,0,0,0,124,21.6,27.2,17.2,0,74,4.8
28-11-24,"10,160","8,660","1,17,69,700.00","1,13,73,350.00","18,820","2,31,43,050.00",,0,0,0,123,22.4,28.3,16.8,0,71,6.4
29-11-24,"11,358","10,457","1,30,18,800.00","1,24,32,650.00","21,815","2,54,51,450.00",,0,0,1,122,24,29.5,19.1,0,71,5.2
30-11-24,"8,174","10,183","1,02,98,800.00","1,14,83,300.00","18,357","2,17,82,100.00",,0,0,1,121,23.1,26.9,21,0.8,79,5.8
01-12-24,"8,003","8,985","1,02,40,500.00","1,09,99,600.00","16,988","2,12,40,100.00",,0,0,0,120,23.5,28.5,19.7,0,69,5.1
02-12-24,"7,937","8,702","1,03,04,150.00","1,13,39,750.00","16,639","2,16,43,900.00",,0,0,0,119,23.1,27.5,20.1,0.1,65,6.8
03-12-24,"7,978","8,215","1,03,59,450.00","1,08,26,950.00","16,193","2,11,86,400.00",,0,0,0,118,22.8,28.3,18.8,0,70,7.5
04-12-24,"8,084","8,340","1,03,41,500.00","1,08,74,900.00","16,424","2,12,16,400.00",,0,0,0,117,21.4,28.1,16.4,0,71,5.8
05-12-24,"10,391","8,468","1,15,03,800.00","1,09,72,600.00","18,859","2,24,76,400.00",,0,0,0,116,21.5,28.3,17,0,68,4.1
06-12-24,"11,099","10,391","1,27,74,000.00","1,25,26,550.00","21,490","2,53,00,550.00",,0,0,1,115,20.4,26.3,15.8,0,66,7
07-12-24,"8,006","10,073","98,88,000.00","1,11,34,050.00","18,079","2,10,22,050.00",,0,0,1,114,19.4,26.1,14.6,0,66,6.3
08-12-24,"8,044","8,880","1,02,37,850.00","1,07,86,050.00","16,924","2,10,23,900.00",,0,0,0,113,18.6,25.7,13.2,0,68,5.6
09-12-24,"8,087","8,318","1,08,05,100.00","1,08,52,250.00","16,405","2,16,57,350.00",,0,0,0,112,19.6,25.8,14.9,0,71,5.1
10-12-24,"8,402","8,323","1,09,91,550.00","1,11,15,800.00","16,725","2,21,07,350.00",,0,0,0,111,19.8,25.5,15.2,0,78,6.3
11-12-24,"8,738","8,642","1,10,57,250.00","1,15,37,550.00","17,380","2,25,94,800.00",,0,0,0,110,18.9,24.3,15,0,75,8.5
12-12-24,"11,846","9,319","1,32,93,350.00","1,25,31,650.00","21,165","2,58,25,000.00",,0,0,0,109,18.2,23.7,13.3,0,77,8.9
13-12-24,"13,645","11,283","1,54,95,400.00","1,39,97,950.00","24,928","2,94,93,350.00",,0,0,1,108,18.1,23.8,13.6,0,80,7.6
14-12-24,"9,203","10,536","1,12,15,150.00","1,21,12,800.00","19,739","2,33,27,950.00",,0,0,1,107,18.1,23.8,13.9,0,79,8
15-12-24,"10,259","9,466","1,22,11,000.00","1,17,43,800.00","19,725","2,39,54,800.00",,0,0,0,106,18.1,24,14.1,0,80,7.4
16-12-24,"11,268","11,900","1,35,15,600.00","1,36,30,450.00","23,168","2,71,46,050.00",Victory Day,1,0,0,105,17.6,24.5,12.6,0,78,3
17-12-24,"8,702","10,365","1,08,47,250.00","1,23,92,650.00","19,067","2,32,39,900.00",,0,0,0,104,19.5,26,13.8,0,74,4.2
18-12-24,"9,808","9,813","1,25,09,900.00","1,25,41,100.00","19,621","2,50,51,000.00",,0,0,0,103,20.5,25.9,16.8,0,75,5.7
19-12-24,"12,078","9,546","1,36,87,250.00","1,25,43,450.00","21,624","2,62,30,700.00",,0,0,0,102,19,25.1,14.3,0,80,5.2
20-12-24,"13,335","11,972","1,52,37,550.00","1,44,68,500.00","25,307","2,97,06,050.00",,0,0,1,101,19.3,25.3,14,0,77,4.2
21-12-24,"9,452","11,478","1,18,88,650.00","1,29,29,900.00","20,930","2,48,18,550.00",,0,0,1,100,18.5,20.3,16.7,1.1,83,4.3
22-12-24,"9,595","10,279","1,21,82,650.00","1,23,46,550.00","19,874","2,45,29,200.00",,0,0,0,99,18.8,24.8,15.2,0,82,7.6
23-12-24,"9,883","10,032","1,24,98,600.00","1,27,80,350.00","19,915","2,52,78,950.00",,0,0,0,98,18.7,25.2,13.8,0,75,7.2
24-12-24,"11,296","9,899","1,34,38,350.00","1,29,24,500.00","21,195","2,63,62,850.00",,0,0,0,97,19.1,25.3,14.2,0,74,4.8
25-12-24,"12,671","11,107","1,47,98,900.00","1,40,74,150.00","23,778","2,88,73,050.00",Christmas Day,1,0,0,96,19.9,25.1,16.3,0,72,4.1
26-12-24,"11,415","9,427","1,29,71,800.00","1,16,55,550.00","20,842","2,46,27,350.00",,0,0,0,95,20.2,26.3,15.1,0,72,7.9
27-12-24,"12,846","12,814","1,49,52,250.00","1,50,68,500.00","25,660","3,00,20,750.00",,0,0,1,94,19.5,25.4,15.2,0,72,7.8
28-12-24,"9,880","13,339","1,25,49,050.00","1,42,59,950.00","23,219","2,68,09,000.00",,0,0,1,93,19.2,25.6,14.3,0,76,4.2
29-12-24,"9,363","10,859","1,23,45,700.00","1,29,11,350.00","20,222","2,52,57,050.00",,0,0,0,92,19.7,26.4,14.2,0,74,4.7
30-12-24,"9,585","10,309","1,26,74,250.00","1,30,02,100.00","19,894","2,56,76,350.00",,0,0,0,91,20.2,25.9,15.6,0,77,6.6
31-12-24,"9,669","9,774","1,26,08,200.00","1,26,15,500.00","19,443","2,52,23,700.00",,0,0,0,90,19,24.5,14.9,0,76,8.5
01-01-25,"9,381","9,088","1,22,14,850.00","1,17,50,700.00","18,469","2,39,65,550.00",,0,0,0,89,18.4,24.1,14.8,0,81,8.5
02-01-25,"10,286","8,982","1,25,14,500.00","1,20,90,050.00","19,268","2,46,04,550.00",,0,0,0,88,17.7,23.5,14,0,83,8.6
03-01-25,"10,670","10,317","1,33,67,350.00","1,30,89,250.00","20,987","2,64,56,600.00",,0,0,1,87,17.6,23.5,13.3,0,83,5.4
04-01-25,"8,272","10,677","1,07,00,950.00","1,23,12,750.00","18,949","2,30,13,700.00",,0,0,1,86,18.4,25,13.5,0,84,4.5
05-01-25,"8,616","9,211","1,14,32,050.00","1,13,82,450.00","17,827","2,28,14,500.00",,0,0,0,85,19.2,25.9,13.9,0,86,2.7
06-01-25,"8,480","9,025","1,13,17,600.00","1,17,74,900.00","17,505","2,30,92,500.00",,0,0,0,84,19.6,25.9,14.4,0,84,4.7
07-01-25,"8,652","8,823","1,15,75,350.00","1,18,15,150.00","17,475","2,33,90,500.00",,0,0,0,83,18.8,24.4,13.8,0,80,5.8
08-01-25,"8,794","8,725","1,16,38,700.00","1,17,33,250.00","17,519","2,33,71,950.00",,0,0,0,82,18.3,23.3,14.9,0,81,6.6
09-01-25,"11,012","9,220","1,26,03,850.00","1,23,15,150.00","20,232","2,49,19,000.00",,0,0,0,81,16.7,22.6,12.3,0,80,7.4
10-01-25,"13,041","11,089","1,50,65,550.00","1,36,05,400.00","24,130","2,86,70,950.00",,0,0,1,80,17.1,23,12.3,0,76,5.8
11-01-25,"8,858","12,198","1,11,88,350.00","1,36,86,700.00","21,056","2,48,75,050.00",,0,0,1,79,17.8,24.5,12.3,0,74,4.7
12-01-25,"8,775","9,491","1,16,85,850.00","1,14,38,050.00","18,266","2,31,23,900.00",,0,0,0,78,18.5,25.7,13.5,0,77,5.2
13-01-25,"8,720","9,261","1,15,54,900.00","1,21,70,950.00","17,981","2,37,25,850.00",,0,0,0,77,19.3,25.7,14.6,0,77,5.1
14-01-25,"9,638","8,798","1,27,89,500.00","1,18,50,350.00","18,436","2,46,39,850.00",,0,0,0,76,19.5,25.6,14.4,0,74,7.6
15-01-25,"9,062","9,914","1,17,88,100.00","1,32,25,900.00","18,976","2,50,14,000.00",,0,0,0,75,19.5,25.5,15,0,72,8.4
16-01-25,"11,376","9,129","1,28,83,250.00","1,21,76,400.00","20,505","2,50,59,650.00",,0,0,0,74,19.5,26.2,14.4,0,77,6
17-01-25,"12,250","11,545","1,43,51,800.00","1,39,51,600.00","23,795","2,83,03,400.00",,0,0,1,73,19.7,26.1,15.2,0,74,6.1
18-01-25,"8,711","11,007","1,08,12,800.00","1,22,68,500.00","19,718","2,30,81,300.00",,0,0,1,72,19.6,25.7,15.1,0,76,6.7
19-01-25,"8,746","9,434","1,13,41,500.00","1,13,68,450.00","18,180","2,27,09,950.00",,0,0,0,71,18.8,24.6,14.5,0,72,8.6
20-01-25,"8,836","9,187","1,16,41,000.00","1,19,18,150.00","18,023","2,35,59,150.00",,0,0,0,70,18.1,24.1,13.3,0,77,6.6
21-01-25,"8,732","8,683","1,15,26,300.00","1,14,55,250.00","17,415","2,29,81,550.00",,0,0,0,69,18.7,24.9,13.7,0,79,4
22-01-25,"8,963","8,921","1,18,84,800.00","1,16,82,900.00","17,884","2,35,67,700.00",,0,0,0,68,19.5,26,14.9,0,81,4.6
23-01-25,"11,019","9,190","1,27,42,550.00","1,22,94,950.00","20,209","2,50,37,500.00",,0,0,0,67,18.9,26.2,13.7,0,80,4.4
24-01-25,"12,014","11,106","1,42,07,000.00","1,35,86,950.00","23,120","2,77,93,950.00",,0,0,1,66,19.4,26.3,14.4,0,80,4
25-01-25,"8,942","10,870","1,13,16,400.00","1,23,30,900.00","19,812","2,36,47,300.00",,0,0,1,65,19.6,25.9,14.9,0,75,5.8
26-01-25,"8,904","9,448","1,15,16,200.00","1,17,32,300.00","18,352","2,32,48,500.00",,0,0,0,64,18.4,24.8,13,0,69,6.8
27-01-25,"8,989","9,282","1,18,45,600.00","1,19,05,450.00","18,271","2,37,51,050.00",,0,0,0,63,18.4,24.8,13,0,73,5.6
28-01-25,"8,929","8,989","1,18,08,000.00","1,19,39,400.00","17,918","2,37,47,400.00",,0,0,0,62,18.9,25,13.7,0,69,5.1
29-01-25,"8,850","9,305","1,15,38,400.00","1,23,39,250.00","18,155","2,38,77,650.00",,0,0,0,61,19.4,25.7,13.7,0,70,4.5
30-01-25,"11,064","9,226","1,31,34,950.00","1,24,78,100.00","20,290","2,56,13,050.00",,0,0,0,60,20.5,26.1,15,0.5,83,10
31-01-25,"11,947","10,893","1,40,28,050.00","1,34,62,550.00","22,840","2,74,90,600.00",,0,0,1,59,21.9,26.8,18.4,1.1,89,8.1
01-02-25,"9,073","10,997","1,13,53,100.00","1,25,36,450.00","20,070","2,38,89,550.00",,0,0,1,58,21.9,27.3,18.1,0.3,88,3.3
02-02-25,"8,969","9,998","1,16,53,250.00","1,23,50,700.00","18,967","2,40,03,950.00",,0,0,0,57,22.4,28.8,18.6,0,82,4.2
03-02-25,"8,719","9,622","1,13,71,450.00","1,24,23,700.00","18,341","2,37,95,150.00",,0,0,0,56,21.8,28.2,16.8,0,73,5.3
04-02-25,"9,347","9,466","1,24,13,500.00","1,23,52,400.00","18,813","2,47,65,900.00",,0,0,0,55,20.3,26.6,15.5,0,70,6.9
05-02-25,"9,414","9,297","1,22,92,200.00","1,20,32,000.00","18,711","2,43,24,200.00",,0,0,0,54,21.1,27.3,16.1,0,75,4.4
06-02-25,"11,401","9,286","1,29,40,150.00","1,21,54,150.00","20,687","2,50,94,300.00",,0,0,0,53,22.2,29.2,16.8,0,73,5.7
07-02-25,"11,975","11,402","1,40,04,150.00","1,39,58,300.00","23,377","2,79,62,450.00",,0,0,1,52,19.7,25.8,14,0,67,6.4
08-02-25,"8,822","11,205","1,10,70,250.00","1,23,64,700.00","20,027","2,34,34,950.00",,0,0,1,51,19,25.9,13.6,0,63,6.3
09-02-25,"8,944","9,744","1,17,10,400.00","1,19,05,550.00","18,688","2,36,15,950.00",,0,0,0,50,19,25.7,13.6,0,68,6.5
10-02-25,"9,498","9,123","1,26,47,150.00","1,18,28,700.00","18,621","2,44,75,850.00",,0,0,0,49,20.4,27.2,14.3,0,67,4.3
11-02-25,"9,284","9,845","1,22,69,450.00","1,32,03,150.00","19,129","2,54,72,600.00",,0,0,0,48,21.2,28.4,16,0.3,84,7.7
12-02-25,"9,544","9,357","1,24,50,800.00","1,25,49,000.00","18,901","2,49,99,800.00",,0,0,0,47,22.1,27.8,17.5,0.4,87,6.5
13-02-25,"12,850","10,113","1,44,11,600.00","1,37,30,550.00","22,963","2,81,42,150.00",,0,0,0,46,23.3,29.1,19.8,0.2,84,7.2
14-02-25,"13,522","10,649","1,61,68,400.00","1,37,22,150.00","24,171","2,98,90,550.00",Shab e-Barat,1,0,1,45,21.3,27.3,16.6,0,61,6.2
15-02-25,"9,396","12,048","1,16,02,300.00","1,30,50,800.00","21,444","2,46,53,100.00",,0,0,1,44,21,27.7,15.3,0,62,5.1
16-02-25,"9,484","11,242","1,24,84,400.00","1,23,93,900.00","20,726","2,48,78,300.00",,0,0,0,43,22.1,29.2,15,0,67,6.4
17-02-25,"10,619","10,430","1,39,22,600.00","1,32,30,700.00","21,049","2,71,53,300.00",,0,0,0,42,22.9,29.7,17.6,0.6,76,6.3
18-02-25,"9,369","11,163","1,26,30,150.00","1,51,60,700.00","20,532","2,77,90,850.00",,0,0,0,41,23.4,30.3,18.6,4,78,4.4
19-02-25,"9,844","9,671","1,27,07,500.00","1,26,56,200.00","19,515","2,53,63,700.00",,0,0,0,40,23.3,29.2,18.2,0,75,3.4
20-02-25,"12,267","9,843","1,42,12,750.00","1,31,15,150.00","22,110","2,73,27,900.00",,0,0,0,39,23.5,29.8,18.4,0,76,5
21-02-25,"13,198","12,187","1,52,64,250.00","1,45,25,650.00","25,385","2,97,89,900.00",Language Martyrs' Day,1,0,1,38,24.1,30.5,19.1,0,73,6
22-02-25,"9,130","12,264","1,15,28,250.00","1,36,06,500.00","21,394","2,51,34,750.00",,0,0,1,37,23.2,30.5,18.3,6,74,4.7
23-02-25,"9,330","10,435","1,19,99,500.00","1,25,37,550.00","19,765","2,45,37,050.00",,0,0,0,36,22.8,28.3,19.1,6.9,74,5.7
24-02-25,"9,497","10,050","1,23,87,300.00","1,29,74,100.00","19,547","2,53,61,400.00",,0,0,0,35,23.6,30.7,18.2,0,66,6
25-02-25,"9,924","10,035","1,28,88,000.00","1,32,34,950.00","19,959","2,61,22,950.00",,0,0,0,34,24,30.1,18,0,61,7.5
26-02-25,"10,148","10,228","1,30,26,850.00","1,31,13,650.00","20,376","2,61,40,500.00",,0,0,0,33,23.8,30.5,17.8,0,56,8.1
27-02-25,"11,406","10,718","1,37,18,450.00","1,40,38,300.00","22,124","2,77,56,750.00",,0,0,0,32,23.7,30.7,17.4,0,59,6.4
28-02-25,"12,063","11,726","1,46,96,250.00","1,45,14,850.00","23,789","2,92,11,100.00",,0,0,1,31,24.5,30.1,19.1,0.1,67,4.8
01-03-25,"9,065","10,992","1,19,61,500.00","1,28,41,950.00","20,057","2,48,03,450.00",,0,0,1,30,25.3,32.1,19.2,0.6,69,8
02-03-25,"7,487","7,735","1,05,68,300.00","1,02,89,400.00","15,222","2,08,57,700.00",,0,0,0,29,26.9,34,21.4,0,67,11.7
03-03-25,"7,445","7,619","1,02,43,250.00","1,03,34,000.00","15,064","2,05,77,250.00",,0,0,0,28,26.5,33.1,21.3,0.1,63,6.8
04-03-25,"7,446","7,682","1,03,71,450.00","1,04,71,800.00","15,128","2,08,43,250.00",,0,0,0,27,25.5,32,21.1,0.3,53,7.1
05-03-25,"7,708","7,802","1,04,72,700.00","1,07,07,250.00","15,510","2,11,79,950.00",,0,0,0,26,24.7,31.4,19.3,0,51,8.5
06-03-25,"9,063","7,961","1,10,38,450.00","1,08,28,350.00","17,024","2,18,66,800.00",,0,0,0,25,24,30.4,18.8,0,49,8.1
07-03-25,"8,597","8,127","1,11,69,900.00","1,06,98,600.00","16,724","2,18,68,500.00",,0,0,1,24,23,29.6,16.6,0,52,6.9
08-03-25,"6,804","8,357","89,83,750.00","99,20,700.00","15,161","1,89,04,450.00",,0,0,1,23,23.9,30.5,16.8,0,58,7.4
09-03-25,"7,356","7,766","99,52,650.00","99,33,850.00","15,122","1,98,86,500.00",,0,0,0,22,25,31.4,18.9,0,67,5.5
10-03-25,"7,390","7,779","1,00,34,750.00","1,06,78,100.00","15,169","2,07,12,850.00",,0,0,0,21,26.4,33.5,19.1,0,55,4
11-03-25,"7,643","7,629","1,03,91,200.00","1,04,35,100.00","15,272","2,08,26,300.00",,0,0,0,20,26.5,32.8,20,0,55,7.4
12-03-25,"7,561","7,737","1,02,46,200.00","1,07,23,100.00","15,298","2,09,69,300.00",,0,0,0,19,26.1,32.9,19.5,0,56,9.2
13-03-25,"8,930","7,980","1,10,78,700.00","1,07,83,700.00","16,910","2,18,62,400.00",,0,0,0,18,27.3,34.6,21.1,0,71,10.5
14-03-25,"8,772","8,553","1,08,71,350.00","1,13,04,650.00","17,325","2,21,76,000.00",,0,0,1,17,28.2,34.5,23.1,0.3,77,9.8
15-03-25,"7,194","8,511","94,78,750.00","1,02,03,950.00","15,705","1,96,82,700.00",,0,0,1,16,28.6,34.3,24.3,0,77,9.9
16-03-25,"7,551","7,907","1,00,17,100.00","1,00,93,150.00","15,458","2,01,10,250.00",,0,0,0,15,29.1,36.2,24.5,0,73,9.5
17-03-25,"7,765","7,904","1,04,75,950.00","1,07,52,000.00","15,669","2,12,27,950.00",,0,0,0,14,27.5,33.4,22.9,5.1,75,10
18-03-25,"7,923","7,779","1,07,02,650.00","1,05,65,000.00","15,702","2,12,67,650.00",,0,0,0,13,27.7,34.4,23,0,65,8
19-03-25,"7,963","8,062","1,06,73,450.00","1,10,15,800.00","16,025","2,16,89,250.00",,0,0,0,12,27.8,33.5,22.7,0,70,5.9
20-03-25,"9,094","8,493","1,15,70,800.00","1,16,45,150.00","17,587","2,32,15,950.00",,0,0,0,11,26.9,31.7,23.2,0.4,75,7.6
21-03-25,"9,847","8,752","1,24,61,450.00","1,15,68,050.00","18,599","2,40,29,500.00",,0,0,1,10,26.5,31.8,23.3,0.5,62,7
22-03-25,"7,964","8,812","1,01,03,050.00","1,11,06,200.00","16,776","2,12,09,250.00",,0,0,1,9,23.6,26.5,21.1,3.7,78,4.9
23-03-25,"8,423","8,261","1,09,23,800.00","1,09,14,950.00","16,684","2,18,38,750.00",,0,0,0,8,24.5,30.6,19.5,0,67,5.7
24-03-25,"9,285","8,830","1,20,39,700.00","1,24,19,350.00","18,115","2,44,59,050.00",,0,0,0,7,25.6,32.8,18.5,0,54,8.4
25-03-25,"11,678","9,977","1,37,27,150.00","1,40,79,350.00","21,655","2,78,06,500.00",,0,0,0,6,26.3,33.2,19.9,0,57,8.7
26-03-25,"14,992","11,436","1,63,19,450.00","1,59,94,400.00","26,428","3,23,13,850.00",Independence Day,1,0,0,5,26.7,33.3,20,0,59,7.1
27-03-25,"17,335","10,348","1,68,10,450.00","1,39,57,400.00","27,683","3,07,67,850.00",,0,0,0,4,27.9,34.2,21.6,0,63,8.9
28-03-25,"26,057","13,580","2,37,28,300.00","1,88,13,000.00","39,637","4,25,41,300.00",Shab-e-Qadr,1,0,1,3,28.7,36.5,22.4,0,68,11.6
29-03-25,"24,305","12,619","2,33,29,450.00","1,74,62,750.00","36,924","4,07,92,200.00",Eid al-Fitr Holiday,1,1,1,2,28.6,35.5,23.5,0,72,10.4
30-03-25,"22,965","11,276","2,11,54,000.00","1,55,90,900.00","34,241","3,67,44,900.00",Eid al-Fitr Holiday,1,1,0,1,28.2,33.8,23.1,0.2,77,8.3
31-03-25,"11,620","7,798","96,44,750.00","78,55,250.00","19,418","1,75,00,000.00",Eid al-Fitr,1,1,0,0,28.7,34.3,24,0,74,8.9
01-04-25,"14,892","11,118","1,28,87,250.00","1,15,01,150.00","26,010","2,43,88,400.00",Eid al-Fitr Holiday,1,1,0,1,28.6,34.6,23.5,0,73,10.1
02-04-25,"12,864","13,091","1,17,72,400.00","1,20,55,500.00","25,955","2,38,27,900.00",Eid al-Fitr Holiday,1,1,0,2,28.3,33.8,23,0,74,8.3
03-04-25,"11,931","16,192","1,21,90,300.00","1,46,73,300.00","28,123","2,68,63,600.00",Eid al-Fitr Holiday,1,1,0,3,29.1,34.6,24.1,0,69,7.2
04-04-25,"12,707","25,000","1,54,07,500.00","2,13,17,650.00","37,707","3,67,25,150.00",,0,0,1,4,28.7,34.5,25,0,68,7.2
05-04-25,"13,395","29,164","1,73,45,900.00","2,37,61,650.00","42,559","4,11,07,550.00",,0,0,1,5,28.9,34.9,24.2,1.4,65,8.4
06-04-25,"11,952","20,184","1,62,86,100.00","1,93,88,200.00","32,136","3,56,74,300.00",,0,0,0,6,27.9,34.4,23.5,2.7,75,9.6
07-04-25,"11,115","15,984","1,53,92,000.00","1,73,37,150.00","27,099","3,27,29,150.00",,0,0,0,7,28.4,34.5,24,0,72,6.5
08-04-25,"10,305","13,347","1,41,51,850.00","1,54,84,250.00","23,652","2,96,36,100.00",,0,0,0,8,28.6,33.4,23.8,0,71,7.9
09-04-25,"9,437","11,240","1,28,37,350.00","1,38,35,150.00","20,677","2,66,72,500.00",,0,0,0,9,28.4,33.4,23.3,0,65,5.6
10-04-25,"10,331","10,428","1,26,69,500.00","1,31,51,100.00","20,759","2,58,20,600.00",,0,0,0,10,27.8,33.9,23.9,5.4,66,8.1
11-04-25,"11,333","12,246","1,41,61,500.00","1,45,57,400.00","23,579","2,87,18,900.00",,0,0,1,11,26.8,31.5,22.6,1.8,75,7.7
12-04-25,"9,391","11,257","1,22,40,150.00","1,29,42,850.00","20,648","2,51,83,000.00",,0,0,1,12,27.9,33.2,23.5,0,76,5.6
13-04-25,"9,261","9,966","1,20,23,550.00","1,23,81,050.00","19,227","2,44,04,600.00",,0,0,0,13,28.4,34,23.2,0,68,5.1
14-04-25,"9,247","9,903","1,18,56,450.00","1,24,52,400.00","19,150","2,43,08,850.00",Bengali New Year,1,0,0,14,28.9,34,24.5,0,64,6.7
15-04-25,"8,411","9,186","1,09,61,100.00","1,11,49,800.00","17,597","2,21,10,900.00",,0,0,0,15,27.4,32.6,23.9,0.5,74,4.5
16-04-25,"8,580","8,930","1,16,67,400.00","1,18,58,000.00","17,510","2,35,25,400.00",,0,0,0,16,26.6,32.9,23.8,11.6,80,7.2
17-04-25,"9,829","8,721","1,18,74,950.00","1,16,47,100.00","18,550","2,35,22,050.00",,0,0,0,17,25.7,30.8,21.6,13.8,82,7.9
18-04-25,"10,809","10,311","1,30,47,950.00","1,25,88,950.00","21,120","2,56,36,900.00",,0,0,1,18,25,30,22.6,5.7,86,5.8
19-04-25,"8,310","10,071","1,08,10,650.00","1,16,95,350.00","18,381","2,25,06,000.00",,0,0,1,19,26,30.3,22.1,17.3,83,8.1
20-04-25,"8,566","9,098","1,12,53,650.00","1,10,48,750.00","17,664","2,23,02,400.00",,0,0,0,20,27,30.6,23.7,1.2,86,7.8
21-04-25,"8,420","8,807","1,12,32,250.00","1,16,31,600.00","17,227","2,28,63,850.00",,0,0,0,21,27.8,33.2,23.3,21.5,86,11.4
22-04-25,"8,153","8,553","1,08,79,850.00","1,13,18,400.00","16,706","2,21,98,250.00",,0,0,0,22,29.7,35.2,26,0,79,17.2
23-04-25,"8,452","8,489","1,10,89,950.00","1,12,40,850.00","16,941","2,23,30,800.00",,0,0,0,23,30.1,36,26.7,0.4,79,18.2
24-04-25,"9,802","8,883","1,17,29,500.00","1,19,27,050.00","18,685","2,36,56,550.00",,0,0,0,24,30.1,35.3,26.5,0,79,17.3
25-04-25,"10,938","9,928","1,26,95,250.00","1,18,95,050.00","20,866","2,45,90,300.00",,0,0,1,25,30.1,35.1,27,0.4,80,16.7
26-04-25,"8,219","10,242","1,03,49,200.00","1,19,76,050.00","18,461","2,23,25,250.00",,0,0,1,26,29.7,34.3,26,0.3,78,17.4
27-04-25,"8,244","8,718","1,06,26,450.00","1,06,91,050.00","16,962","2,13,17,500.00",,0,0,0,27,29.4,33,26.7,0.9,79,11.3
28-04-25,"8,398","8,415","1,13,48,300.00","1,14,33,200.00","16,813","2,27,81,500.00",,0,0,0,28,25.8,29,23.3,38.8,87,9.5
29-04-25,"8,296","8,238","1,08,55,800.00","1,08,63,700.00","16,534","2,17,19,500.00",,0,0,0,29,25.1,29.6,22.7,1.3,83,5.8
30-04-25,"12,483","9,375","1,41,66,150.00","1,24,30,400.00","21,858","2,65,96,550.00",,0,0,0,30,25.7,29.8,22.6,2.9,84,3.9
01-05-25,"13,694","10,911","1,36,43,450.00","1,28,80,200.00","24,605","2,65,23,650.00",Labour Day,1,0,0,31,25.9,30.7,22.4,7.1,82,4.9
02-05-25,"9,411","11,324","1,05,95,200.00","1,21,25,000.00","20,735","2,27,20,200.00",,0,0,1,32,25.3,30.7,21.9,5.3,84,4.9
03-05-25,"8,423","12,186","1,06,46,150.00","1,23,82,450.00","20,609","2,30,28,600.00",,0,0,1,33,26.6,31.1,22.6,0.9,80,6.3
04-05-25,"8,277","9,327","1,07,70,700.00","1,08,54,850.00","17,604","2,16,25,550.00",,0,0,0,34,27.2,32.2,23.8,1.5,79,6.8
05-05-25,"8,267","8,531","1,07,82,550.00","1,08,03,250.00","16,798","2,15,85,800.00",,0,0,0,33,27.8,32.5,24,0.4,77,7.3
06-05-25,"8,154","8,452","1,05,84,900.00","1,11,59,800.00","16,606","2,17,44,700.00",,0,0,0,32,27.5,33.2,24.3,1.3,81,5.6
07-05-25,"8,383","8,513","1,07,54,750.00","1,10,32,800.00","16,896","2,17,87,550.00",,0,0,0,31,28.5,33,24.4,0,76,4.1
08-05-25,"10,981","9,208","1,21,06,700.00","1,21,38,900.00","20,189","2,42,45,600.00",,0,0,0,30,30,34.9,25.9,0,74,9.1
09-05-25,"11,910","10,543","1,31,30,250.00","1,26,05,400.00","22,453","2,57,35,650.00",,0,0,1,29,30.7,36,25.7,0,72,6.9
10-05-25,"8,591","9,654","1,06,60,400.00","1,10,86,400.00","18,245","2,17,46,800.00",,0,0,1,28,30.9,36,27.1,1.2,68,8.7
11-05-25,"8,552","10,472","1,08,35,000.00","1,19,78,650.00","19,024","2,28,13,650.00",Buddha Purnima,1,0,0,27,30.7,35.8,26.2,3.5,69,7.4
12-05-25,"8,217","9,206","1,07,52,650.00","1,11,08,350.00","17,423","2,18,61,000.00",,0,0,0,26,29.5,34.3,27,5.8,76,9.3
13-05-25,"8,459","8,803","1,08,56,900.00","1,14,61,950.00","17,262","2,23,18,850.00",,0,0,0,25,29.1,33.1,26.9,9.6,83,10.3
14-05-25,"8,597","8,842","1,10,95,700.00","1,17,49,000.00","17,439","2,28,44,700.00",,0,0,0,24,29.8,34.5,27,6.8,79,12.2
15-05-25,"9,825","8,700","1,17,27,350.00","1,15,26,750.00","18,525","2,32,54,100.00",,0,0,0,23,29.7,33.3,26.8,2.1,79,10.2
16-05-25,"11,008","10,781","1,30,54,100.00","1,28,61,200.00","21,789","2,59,15,300.00",,0,0,1,22,29.7,32.4,27.1,2.3,80,10.6
17-05-25,"8,272","9,619","1,05,95,850.00","1,12,03,250.00","17,891","2,17,99,100.00",,0,0,1,21,29.7,33.4,27.1,3.7,78,12.2
18-05-25,"8,421","9,068","1,12,83,300.00","1,15,70,100.00","17,489","2,28,53,400.00",,0,0,0,20,27.1,30.7,25.1,3.9,86,10.4
19-05-25,"8,687","8,714","1,16,30,000.00","1,18,25,300.00","17,401","2,34,55,300.00",,0,0,0,19,27.6,31.3,25.8,12.6,87,6.8
20-05-25,"8,300","8,614","1,12,00,800.00","1,15,09,050.00","16,914","2,27,09,850.00",,0,0,0,18,27.5,31.9,25.6,22.9,87,10.5
21-05-25,"8,327","8,861","1,11,81,850.00","1,18,61,250.00","17,188","2,30,43,100.00",,0,0,0,17,28.2,31.1,25.8,1.6,86,9.8
22-05-25,"9,553","8,988","1,18,80,700.00","1,21,94,050.00","18,541","2,40,74,750.00",,0,0,0,16,28.2,31.8,26.2,2,84,7.8
23-05-25,"10,881","10,447","1,36,05,200.00","1,31,56,600.00","21,328","2,67,61,800.00",,0,0,1,15,28.2,30.9,25.2,0.3,84,6.4
24-05-25,"8,537","9,541","1,09,86,850.00","1,15,66,450.00","18,078","2,25,53,300.00",,0,0,1,14,27.7,30.6,24.8,9.4,87,8.6
25-05-25,"8,858","9,005","1,19,10,250.00","1,18,10,900.00","17,863","2,37,21,150.00",,0,0,0,13,28,31.6,25.2,24.3,87,7.6
26-05-25,"8,591","8,707","1,16,36,450.00","1,18,38,700.00","17,298","2,34,75,150.00",,0,0,0,12,27.6,30.5,25.7,14.7,90,6.9
27-05-25,"8,845","9,136","1,19,38,450.00","1,24,94,450.00","17,981","2,44,32,900.00",,0,0,0,11,28.9,32.5,25.6,1.4,82,7.5
28-05-25,"9,636","9,601","1,30,92,100.00","1,33,36,550.00","19,237","2,64,28,650.00",,0,0,0,10,28,30.2,26.1,11.1,85,15
29-05-25,"8,537","8,454","1,17,84,350.00","1,22,83,450.00","16,991","2,40,67,800.00",,0,0,0,9,26.2,26.9,25.5,79.4,93,22.2
30-05-25,"9,663","9,272","1,27,24,900.00","1,30,34,450.00","18,935","2,57,59,350.00",,0,0,1,8,27.5,30.4,25.3,28.4,88,20.1
31-05-25,"9,373","9,659","1,26,08,250.00","1,30,52,350.00","19,032","2,56,60,600.00",,0,0,1,7,27.5,30.4,25.3,26.8,91,14.9
01-06-25,"10,380","10,222","1,38,92,150.00","1,45,53,850.00","20,602","2,84,46,000.00",,0,0,0,6,28.2,32.1,26.1,4.6,89,13.4
02-06-25,"11,462","10,971","1,47,67,550.00","1,58,92,150.00","22,433","3,06,59,700.00",,0,0,0,5,28.1,31,25.6,33.8,90,12.9
03-06-25,"13,692","11,582","1,64,81,900.00","1,65,52,150.00","25,274","3,30,34,050.00",,0,0,0,4,28.5,32.5,26.1,0.3,88,13.6
04-06-25,"24,009","13,456","2,24,14,550.00","1,84,91,600.00","37,465","4,09,06,150.00",,0,0,0,3,27.7,30,24.8,5.8,86,11.2
05-06-25,"35,985","16,502","3,16,43,800.00","2,26,84,200.00","52,487","5,43,28,000.00",,0,0,0,2,27,29.9,24.9,20.1,89,5.3
06-06-25,"26,274","13,844","2,58,41,350.00","1,89,52,950.00","40,118","4,47,94,300.00",,0,0,1,1,28,31.1,25.2,1.3,87,5.9
07-06-25,"11,207","7,644","1,00,02,050.00","81,76,800.00","18,851","1,81,78,850.00",Eid-ul-Azha,1,1,1,0,28.9,33,25.6,0.3,85,5.2
08-06-25,"16,624","11,663","1,50,11,150.00","1,26,68,700.00","28,287","2,76,79,850.00",Eid-ul-Azha Holiday,1,1,0,1,29.2,32.7,25.7,0.4,82,5
09-06-25,"14,858","14,182","1,40,09,950.00","1,42,51,350.00","29,040","2,82,61,300.00",Eid-ul-Azha Holiday,1,1,0,2,29.7,33.1,25.9,0.2,80,4.5
10-06-25,"12,107","16,563","1,22,32,200.00","1,47,95,950.00","28,670","2,70,28,150.00",Eid-ul-Azha Holiday,1,1,0,3,29.8,33.4,26.7,4.3,81,7.1
11-06-25,"12,224","18,076","1,34,07,100.00","1,64,75,100.00","30,300","2,98,82,200.00",Eid-ul-Azha Holiday,1,1,0,4,29.5,33.2,25.8,4.4,82,7.5
12-06-25,"12,835","18,766","1,51,65,750.00","1,79,08,900.00","31,601","3,30,74,650.00",Eid-ul-Azha Holiday,1,1,0,5,29.3,32.5,26.3,0.3,84,8.1
13-06-25,"13,859","24,922","1,74,28,050.00","2,24,74,600.00","38,781","3,99,02,650.00",,0,0,1,6,29.8,33.5,26.2,0,80,6.9
14-06-25,"13,464","25,240","1,79,48,650.00","2,19,89,700.00","38,704","3,99,38,350.00",,0,0,1,7,29.7,33.3,26.8,1.7,82,8.6
15-06-25,"11,453","16,328","1,56,42,150.00","1,68,84,500.00","27,781","3,25,26,650.00",,0,0,0,8,28.2,30.9,26.3,13.6,88,9.5
16-06-25,"10,246","12,813","1,42,21,900.00","1,50,21,800.00","23,059","2,92,43,700.00",,0,0,0,9,28,30.1,26,17.1,87,13.5
17-06-25,"9,290","10,545","1,30,21,500.00","1,32,51,350.00","19,835","2,62,72,850.00",,0,0,0,10,27.3,30.6,25.6,14.9,89,18.8
18-06-25,"8,772","9,644","1,21,62,400.00","1,27,05,550.00","18,416","2,48,67,950.00",,0,0,0,11,26.8,29.3,25.3,16.1,92,15.6
19-06-25,"9,780","9,644","1,23,10,900.00","1,24,48,150.00","19,424","2,47,59,050.00",,0,0,0,12,28.6,32,26,0.8,80,18.4
20-06-25,"10,873","11,390","1,36,35,800.00","1,36,94,550.00","22,263","2,73,30,350.00",,0,0,1,13,27.2,28.4,26.3,26.6,92,12.7
21-06-25,"9,106","10,828","1,19,23,700.00","1,24,18,500.00","19,934","2,43,42,200.00",,0,0,1,14,28.2,31.3,25.7,9.6,88,9.8
22-06-25,"8,981","9,665","1,17,05,300.00","1,20,35,650.00","18,646","2,37,40,950.00",,0,0,0,15,28.7,31.8,26.9,5,87,11.2
23-06-25,"8,995","9,327","1,20,66,050.00","1,22,87,000.00","18,322","2,43,53,050.00",,0,0,0,16,28.5,30.9,26.3,3.7,85,11.5
24-06-25,"8,643","8,904","1,16,83,800.00","1,18,51,300.00","17,547","2,35,35,100.00",,0,0,0,17,28.8,31.2,26.8,2.1,82,15
25-06-25,"8,720","9,175","1,14,67,250.00","1,20,49,050.00","17,895","2,35,16,300.00",,0,0,0,18,28.4,31.3,26.5,4.1,84,19.9
26-06-25,"10,284","9,123","1,22,17,250.00","1,20,60,600.00","19,407","2,42,77,850.00",,0,0,0,19,28.5,31.2,26.2,4.7,83,19.7
27-06-25,"11,146","10,666","1,34,58,100.00","1,27,12,950.00","21,812","2,61,71,050.00",,0,0,1,20,27.9,31.1,25.4,11.2,85,16.7
28-06-25,"9,145","10,585","1,23,34,350.00","1,26,05,000.00","19,730","2,49,39,350.00",,0,0,1,21,28,30.9,25.7,3.5,86,14.7
29-06-25,"8,580","8,878","1,11,41,250.00","1,09,44,100.00","17,458","2,20,85,350.00",,0,0,0,22,28.5,31.9,25.8,8,83,15.1
30-06-25,"8,474","8,660","1,11,27,850.00","1,11,54,800.00","17,134","2,22,82,650.00",,0,0,0,23,28.5,31.8,26.4,2.1,82,19.1
01-07-25,"8,712","8,756","1,14,33,050.00","1,16,72,050.00","17,468","2,31,05,100.00",,0,0,0,24,28.1,31,25.8,7.1,86,15.2
02-07-25,"8,514","8,436","1,09,89,350.00","1,11,34,200.00","16,950","2,21,23,550.00",,0,0,0,25,28.2,31.2,25.9,1.8,85,18.6
03-07-25,"11,106","9,079","1,21,88,800.00","1,19,58,000.00","20,185","2,41,46,800.00",,0,0,0,26,28.2,31.2,25.8,10,85,17.5
04-07-25,"11,605","10,334","1,34,04,400.00","1,28,74,500.00","21,939","2,62,78,900.00",,0,0,1,27,27.5,30.2,25.1,26.3,89,12.7
05-07-25,"8,820","9,305","1,11,07,500.00","1,09,23,350.00","18,125","2,20,30,850.00",,0,0,1,28,27.4,30.7,25.5,19.6,89,11.9
06-07-25,"8,978","10,982","1,14,45,200.00","1,22,05,950.00","19,960","2,36,51,150.00",Ashura,1,0,0,29,27,28.8,25.7,5.8,91,16.1
07-07-25,"7,861","8,858","1,04,49,300.00","1,05,71,750.00","16,719","2,10,21,050.00",,0,0,0,30,26.7,29,25.5,11.7,91,15.7
08-07-25,"7,540","7,756","1,03,03,000.00","1,05,78,750.00","15,296","2,08,81,750.00",,0,0,0,31,26,27.8,24.7,41.6,94,13.7
09-07-25,"7,124","7,198","98,10,050.00","99,74,050.00","14,322","1,97,84,100.00",,0,0,0,32,26.3,29.1,25.3,37.7,92,17.3
10-07-25,"8,483","7,669","1,04,70,950.00","1,04,03,250.00","16,152","2,08,74,200.00",,0,0,0,33,27,29.5,25.2,18,89,14.8
11-07-25,"9,687","9,345","1,18,13,750.00","1,13,71,200.00","19,032","2,31,84,950.00",,0,0,1,34,27.8,31.6,25.3,10,86,12.4
12-07-25,"8,011","9,550","1,01,59,400.00","1,09,98,550.00","17,561","2,11,57,950.00",,0,0,1,35,29.3,33.1,26,2.7,85,7.1
13-07-25,"8,124","8,483","1,05,29,400.00","1,08,92,500.00","16,607","2,14,21,900.00",,0,0,0,36,28.3,32.1,26.5,12,88,5.7
14-07-25,"7,708","7,920","1,04,19,650.00","1,06,89,250.00","15,628","2,11,08,900.00",,0,0,0,37,26.6,28.2,26,13.3,91,20.3
15-07-25,"7,626","7,638","1,02,93,450.00","1,02,30,750.00","15,264","2,05,24,200.00",,0,0,0,38,27.8,31.5,25.6,16.9,88,15
16-07-25,"7,871","8,000","1,02,99,550.00","1,05,77,700.00","15,871","2,08,77,250.00",,0,0,0,39,28.3,32.2,26,6.2,87,10.2
17-07-25,"9,156","8,308","1,07,94,950.00","1,10,24,950.00","17,464","2,18,19,900.00",,0,0,0,40,28.2,31.3,26.1,2.1,88,6
18-07-25,"10,484","9,865","1,23,15,800.00","1,17,83,700.00","20,349","2,40,99,500.00",,0,0,1,41,28.1,32.3,25.8,25.2,88,6.3
19-07-25,"9,414","10,640","1,31,71,900.00","1,35,53,900.00","20,054","2,67,25,800.00",,0,0,1,42,29.3,32.4,26.2,1.2,83,8.5
20-07-25,"7,932","8,671","1,00,56,750.00","1,05,45,250.00","16,603","2,06,02,000.00",,0,0,0,43,29.2,32,26.9,0.3,82,7.3
21-07-25,"8,408","8,521","1,09,45,850.00","1,08,72,400.00","16,929","2,18,18,250.00",,0,0,0,44,29.4,32.8,26.4,3.2,84,5.2
22-07-25,"8,116","8,174","1,05,85,250.00","1,06,95,550.00","16,290","2,12,80,800.00",,0,0,0,45,29.9,32.7,26.9,1.4,83,4.9
23-07-25,"8,345","8,317","1,06,19,250.00","1,08,14,350.00","16,662","2,14,33,600.00",,0,0,0,46,30.6,34.3,27.2,4.1,78,4.4
24-07-25,"9,560","8,291","1,11,09,600.00","1,10,77,800.00","17,851","2,21,87,400.00",,0,0,0,47,29,32.9,26.7,23.3,85,6.7
25-07-25,"10,607","9,881","1,23,82,500.00","1,19,50,900.00","20,488","2,43,33,400.00",,0,0,1,48,28.4,31.2,26.3,3.1,83,24.8
26-07-25,"8,005","9,638","1,00,77,600.00","1,09,27,900.00","17,643","2,10,05,500.00",,0,0,1,49,28.2,31,25.7,2.4,86,15.7
27-07-25,"7,740","8,534","1,01,67,600.00","1,04,20,000.00","16,274","2,05,87,600.00",,0,0,0,50,28,32.2,26.2,16.4,88,10.5
28-07-25,"7,893","7,713","1,05,09,250.00","1,03,78,200.00","15,606","2,08,87,450.00",,0,0,0,51,27.5,31.1,25.4,17.1,90,9.5
29-07-25,"7,994","7,843","1,05,91,950.00","1,02,92,900.00","15,837","2,08,84,850.00",,0,0,0,52,27.3,30,25.7,12.3,90,11.8
30-07-25,"7,984","8,188","1,02,12,250.00","1,09,75,450.00","16,172","2,11,87,700.00",,0,0,0,53,27.8,31,25.8,5.7,87,15.5
31-07-25,"9,237","8,001","1,11,48,000.00","1,08,59,750.00","17,238","2,20,07,750.00",,0,0,0,54,27.2,30.6,24.8,19.6,88,15.1
01-08-25,"10,408","9,433","1,25,17,400.00","1,18,77,750.00","19,841","2,43,95,150.00",,0,0,1,55,28.1,31.9,25.9,6.4,88,12.2
02-08-25,"7,879","10,073","1,00,10,550.00","1,16,22,500.00","17,952","2,16,33,050.00",,0,0,1,56,28.5,32.8,25.4,27.3,87,11.5
03-08-25,"7,972","8,574","1,05,16,300.00","1,07,98,800.00","16,546","2,13,15,100.00",,0,0,0,57,28.9,32.8,26.2,9,83,15.1
04-08-25,"8,117","8,116","1,03,52,600.00","1,05,84,650.00","16,233","2,09,37,250.00",,0,0,0,58,27.8,30.5,26.2,12,89,9.9
05-08-25,"8,511","8,074","1,06,04,150.00","1,02,90,700.00","16,585","2,08,94,850.00",July Mass Uprising Day,1,0,0,59,27.9,33.1,25.4,22.4,88,7.2
06-08-25,"7,495","8,166","94,28,150.00","1,00,65,700.00","15,661","1,94,93,850.00",,0,0,0,60,28.7,32.3,26.2,1.6,82,8.6
07-08-25,"10,032","8,562","1,14,64,050.00","1,12,58,250.00","18,594","2,27,22,300.00",,0,0,0,61,28.2,31.9,25.7,1.6,84,8.8
08-08-25,"10,691","10,081","1,27,15,400.00","1,22,44,450.00","20,772","2,49,59,850.00",,0,0,1,62,26.8,29.4,25.6,23.4,87,11.5
09-08-25,"8,286","10,107","1,05,98,050.00","1,12,27,850.00","18,393","2,18,25,900.00",,0,0,1,63,28.4,31.8,25.7,0.8,82,11.9
10-08-25,"8,458","9,056","1,09,67,500.00","1,10,45,450.00","17,514","2,20,12,950.00",,0,0,0,64,29.3,32.8,26.4,1.3,79,11.8
11-08-25,"8,556","8,801","1,11,65,650.00","1,14,40,150.00","17,357","2,26,05,800.00",,0,0,0,65,29.8,33.7,26.5,0.6,76,9.2
12-08-25,"8,394","8,531","1,09,30,800.00","1,10,44,100.00","16,925","2,19,74,900.00",,0,0,0,66,29.8,33.7,26.7,0.1,78,8.9
13-08-25,"8,448","8,466","1,09,16,350.00","1,13,29,550.00","16,914","2,22,45,900.00",,0,0,0,67,27.9,30.4,26.4,7.2,87,10.6
14-08-25,"10,600","8,761","1,17,91,350.00","1,13,94,750.00","19,361","2,31,86,100.00",,0,0,0,68,27.7,30.6,25.5,5,86,10.9
15-08-25,"11,818","10,893","1,30,75,050.00","1,29,19,750.00","22,711","2,59,94,800.00",National Mourning Day,1,0,1,69,28.8,32.3,25.9,1.6,83,8.5
16-08-25,"8,505","10,910","1,03,93,750.00","1,17,44,750.00","19,415","2,21,38,500.00",Janmashtami,1,0,1,70,29.2,32.7,26,0.7,81,6.7
17-08-25,"7,993","9,272","1,04,21,600.00","1,07,67,100.00","17,265","2,11,88,700.00",,0,0,0,71,29.2,31.8,26.6,2,81,9.3
18-08-25,"8,365","8,748","1,11,19,450.00","1,11,97,450.00","17,113","2,23,16,900.00",,0,0,0,72,29.3,32.9,26.9,0.1,77,16.6
19-08-25,"8,599","8,570","1,13,32,850.00","1,13,69,950.00","17,169","2,27,02,800.00",,0,0,0,73,28.2,30.8,26,8.3,82,18
20-08-25,"8,476","8,376","1,11,85,600.00","1,11,47,050.00","16,852","2,23,32,650.00",,0,0,0,74,27.1,29.3,25.3,4.8,87,15.9
21-08-25,"9,766","8,672","1,15,19,450.00","1,13,98,550.00","18,438","2,29,18,000.00",,0,0,0,75,26.7,29.4,24.7,22.8,88,14.8
22-08-25,"11,043","10,345","1,28,51,900.00","1,24,83,600.00","21,388","2,53,35,500.00",,0,0,1,76,27.1,30.2,24.7,4,88,15.4
23-08-25,"7,943","9,583","1,02,33,050.00","1,10,65,150.00","17,526","2,12,98,200.00",,0,0,1,77,27.2,30,25.2,5.9,87,16.5
24-08-25,"7,743","8,281","1,01,46,150.00","1,00,65,500.00","16,024","2,02,11,650.00",,0,0,0,78,27.7,31.9,24.6,4.5,85,13.4
25-08-25,"8,277","8,629","1,09,22,000.00","1,12,08,000.00","16,906","2,21,30,000.00",,0,0,0,79,28.9,33,25.4,0.9,79,9.2
26-08-25,"8,356","8,385","1,08,67,450.00","1,11,16,600.00","16,741","2,19,84,050.00",,0,0,0,80,29,32.7,26,3.2,82,7.4
27-08-25,"8,471","8,438","1,10,65,650.00","1,11,24,200.00","16,909","2,21,89,850.00",,0,0,0,81,28.9,32.3,26.2,0.7,80,14
28-08-25,"10,053","8,691","1,17,32,700.00","1,15,12,350.00","18,744","2,32,45,050.00",,0,0,0,82,27.9,30.4,25.8,2.4,84,14.1
29-08-25,"11,312","10,614","1,29,25,450.00","1,26,87,300.00","21,926","2,56,12,750.00",,0,0,1,83,27.8,30.5,26,7,86,11.1
30-08-25,"8,331","10,043","1,05,03,300.00","1,13,31,350.00","18,374","2,18,34,650.00",,0,0,1,84,27.6,30.8,25.6,9,88,6.5
31-08-25,"8,279","8,941","1,07,23,900.00","1,09,01,850.00","17,220","2,16,25,750.00",,0,0,0,85,29.1,32.8,25.8,0.6,84,4.1
01-09-25,"8,684","8,694","1,13,75,100.00","1,11,89,350.00","17,378","2,25,64,450.00",,0,0,0,86,30.3,34.8,26.3,0.3,81,7
02-09-25,"8,424","8,396","1,09,49,350.00","1,11,42,900.00","16,820","2,20,92,250.00",,0,0,0,87,29.2,31.7,26.7,3.9,78,16.7
03-09-25,"8,560","8,586","1,07,82,250.00","1,13,10,450.00","17,146","2,20,92,700.00",,0,0,0,88,29.2,32.7,27.3,2.8,77,17.6
04-09-25,"11,520","9,196","1,23,67,250.00","1,18,07,100.00","20,716","2,41,74,350.00",,0,0,0,89,28.2,31.7,25.8,2.1,84,12.3
05-09-25,"12,552","10,830","1,35,44,200.00","1,28,29,100.00","23,382","2,63,73,300.00",Eid-e-Miladunnabi,1,0,1,90,28.9,33,25.9,0.6,83,8.8
06-09-25,"8,909","12,119","1,08,13,800.00","1,29,17,050.00","21,028","2,37,30,850.00",,0,0,1,91,29.7,33.9,25.7,0,77,6.8
07-09-25,"7,989","10,084","1,02,72,300.00","1,12,03,450.00","18,073","2,14,75,750.00",,0,0,0,92,28.7,32.3,26.5,1.6,83,6
08-09-25,"8,575","8,605","1,12,57,400.00","1,07,80,850.00","17,180","2,20,38,250.00",,0,0,0,93,29.5,33.2,26.4,2.9,81,4.9
09-09-25,"8,022","7,827","1,03,52,900.00","99,94,700.00","15,849","2,03,47,600.00",,0,0,0,94,29.6,33.3,26.7,0.3,79,6.4
10-09-25,"7,688","7,502","97,01,650.00","95,06,400.00","15,190","1,92,08,050.00",,0,0,0,95,29.4,32.9,26.7,1.6,81,7.6
11-09-25,"9,366","8,124","1,03,08,850.00","1,03,59,000.00","17,490","2,06,67,850.00",,0,0,0,96,28.9,32.9,26.9,8.2,83,7.2
12-09-25,"11,167","10,542","1,30,04,200.00","1,28,56,500.00","21,709","2,58,60,700.00",,0,0,1,97,27.7,30.8,26,10.7,88,7.4
13-09-25,"8,212","10,190","1,02,43,700.00","1,16,38,600.00","18,402","2,18,82,300.00",,0,0,1,98,28.1,31.9,26.2,10.7,87,8.3
14-09-25,"7,503","7,950","98,81,500.00","97,69,250.00","15,453","1,96,50,750.00",,0,0,0,99,27.3,29,26.4,9.3,90,7.4
15-09-25,"7,423","7,636","96,10,150.00","97,31,450.00","15,059","1,93,41,600.00",,0,0,0,100,26.3,27.9,24.3,4.2,91,10.3
16-09-25,"7,807","7,914","1,02,04,700.00","1,04,93,550.00","15,721","2,06,98,250.00",,0,0,0,101,27,30.6,24.9,4.4,88,10.8
17-09-25,"8,498","8,357","1,10,35,250.00","1,09,78,650.00","16,856","2,20,13,900.00",,0,0,0,102,27.4,31.1,25.3,11.1,88,6.6
18-09-25,"10,211","8,829","1,18,09,700.00","1,15,97,600.00","19,040","2,34,07,300.00",,0,0,0,103,28.3,32.4,25.7,5.5,85,5.4
19-09-25,"11,382","10,711","1,32,10,550.00","1,27,45,250.00","22,093","2,59,55,800.00",,0,0,1,104,28.6,32,26.1,21.3,86,4
20-09-25,"8,261","9,960","1,05,23,950.00","1,14,23,800.00","18,221","2,19,47,750.00",,0,0,1,105,28.3,32.1,26.2,5.4,88,3.7
21-09-25,"8,252","9,043","1,08,91,550.00","1,11,59,150.00","17,295","2,20,50,700.00",,0,0,0,106,29.3,33.5,25.6,5.9,83,4
22-09-25,"7,860","7,927","1,06,51,950.00","1,07,77,700.00","15,787","2,14,29,650.00",,0,0,0,107,27.4,29.9,25.8,14.1,87,9.4
23-09-25,"8,422","8,539","1,09,46,950.00","1,12,28,400.00","16,961","2,21,75,350.00",,0,0,0,108,28.2,31.5,25.6,1.1,84,10
24-09-25,"8,794","8,912","1,13,56,950.00","1,18,84,350.00","17,706","2,32,41,300.00",,0,0,0,109,28.5,32.2,25.9,7.8,86,7.3
25-09-25,"10,844","9,293","1,26,50,250.00","1,23,09,500.00","20,137","2,49,59,750.00",,0,0,0,110,28.8,33.1,25,2,83,6.9
26-09-25,"12,731","11,155","1,44,88,150.00","1,35,47,000.00","23,886","2,80,35,150.00",,0,0,1,111,29.3,32.4,26.7,0.5,81,12.8
27-09-25,"9,139","10,359","1,11,34,950.00","1,20,00,050.00","19,498","2,31,35,000.00",,0,0,1,112,28.5,32,26.7,3.7,83,10.5
28-09-25,"9,756","9,536","1,18,67,900.00","1,18,90,650.00","19,292","2,37,58,550.00",,0,0,0,113,29,32.6,26.4,1.5,83,5.4
29-09-25,"10,587","9,399","1,26,79,250.00","1,20,84,650.00","19,986","2,47,63,900.00",,0,0,0,114,29.6,33.1,26.2,1.8,82,4
30-09-25,"13,538","10,237","1,41,92,400.00","1,30,28,700.00","23,775","2,72,21,100.00",,0,0,0,115,29.9,34.5,27.1,6.6,81,5.5
01-10-25,"16,262","10,373","1,65,91,150.00","1,35,41,050.00","26,635","3,01,32,200.00",Durga Puja,1,0,0,116,27.1,30.9,25.4,16.2,88,10.9
02-10-25,"11,476","9,343","1,25,22,200.00","1,14,65,450.00","20,819","2,39,87,650.00",Durga Puja,1,0,0,117,26.1,28.1,24.4,35.1,92,15.1
03-10-25,"9,769","13,076","1,13,00,800.00","1,36,97,000.00","22,845","2,49,97,800.00",,0,0,1,118,27.4,31.6,25.5,8.6,88,12.2
04-10-25,"9,162","16,592","1,14,81,200.00","1,53,21,050.00","25,754","2,68,02,250.00",,0,0,1,119,27.8,32.3,25.2,2.3,85,11.1
05-10-25,"9,046","11,888","1,18,28,900.00","1,28,94,350.00","20,934","2,47,23,250.00",,0,0,0,120,27.3,31.6,25.2,15.6,87,11.3
06-10-25,"8,787","9,903","1,15,83,450.00","1,22,93,100.00","18,690","2,38,76,550.00",,0,0,0,121,26.6,31.5,24.5,15.2,89,6.8
07-10-25,"8,672","9,317","1,16,62,350.00","1,20,44,050.00","17,989","2,37,06,400.00",,0,0,0,122,26.4,29.7,24.8,1.9,90,4.9
08-10-25,"8,490","9,110","1,10,34,900.00","1,16,64,250.00","17,600","2,26,99,150.00",,0,0,0,123,27.2,31.3,24.5,1.2,86,2.9
09-10-25,"9,974","8,896","1,18,44,700.00","1,18,05,900.00","18,870","2,36,50,600.00",,0,0,0,124,27.4,30.6,25.2,4.7,86,4
10-10-25,"11,138","10,438","1,34,72,750.00","1,27,67,250.00","21,576","2,62,40,000.00",,0,0,1,125,27.4,31.2,25.4,18.8,87,4.6
11-10-25,"8,249","10,023","1,06,74,700.00","1,15,95,750.00","18,272","2,22,70,450.00",,0,0,1,126,26.4,30.2,24.5,3.5,89,4.1
12-10-25,"8,322","9,076","1,08,94,950.00","1,12,77,850.00","17,398","2,21,72,800.00",,0,0,0,127,27.1,31.1,24.2,0.1,82,3.1
13-10-25,"8,635","8,722","1,14,26,050.00","1,14,55,050.00","17,357","2,28,81,100.00",,0,0,0,128,27.3,31.3,23.8,0,77,6.1
14-10-25,"8,496","8,812","1,10,05,200.00","1,14,79,100.00","17,308","2,24,84,300.00",,0,0,0,129,27.5,32.3,23.4,0,75,8
15-10-25,"9,109","8,752","1,18,41,900.00","1,14,52,800.00","17,861","2,32,94,700.00",,0,0,0,130,27.7,32.1,23.5,0.1,77,6
16-10-25,"11,191","9,178","1,26,65,900.00","1,19,93,050.00","20,369","2,46,58,950.00",,0,0,0,131,28.2,32.3,24.6,0.1,76,5.1
17-10-25,"11,830","10,831","1,33,65,000.00","1,27,86,000.00","22,661","2,61,51,000.00",,0,0,1,132,28.5,32.6,25,0.4,78,4.1
18-10-25,"8,516","10,659","1,03,11,900.00","1,15,24,250.00","19,175","2,18,36,150.00",,0,0,1,133,29.2,33.4,25.3,0.9,76,3.6
19-10-25,"8,684","9,602","1,11,10,100.00","1,15,49,150.00","18,286","2,26,59,250.00",,0,0,0,134,28.9,33.6,24.5,0,74,5.8
20-10-25,"8,838","8,978","1,13,79,550.00","1,15,46,950.00","17,816","2,29,26,500.00",,0,0,0,135,28.9,34,24.6,0,71,6.7
21-10-25,"8,621","8,687","1,12,73,850.00","1,12,58,650.00","17,308","2,25,32,500.00",,0,0,0,136,28.8,33.9,24,0,69,5.5
22-10-25,"8,726","8,657","1,12,04,400.00","1,12,37,200.00","17,383","2,24,41,600.00",,0,0,0,137,29,33.7,24.3,0,67,5.2
23-10-25,"10,674","9,055","1,20,89,150.00","1,17,39,500.00","19,729","2,38,28,650.00",,0,0,0,138,29,33.4,25.4,0.2,71,5.3
24-10-25,"11,698","10,607","1,31,52,550.00","1,24,39,050.00","22,305","2,55,91,600.00",,0,0,1,139,28.1,32.3,24.9,0,76,4.9
25-10-25,"8,543","10,638","1,05,27,550.00","1,16,95,500.00","19,181","2,22,23,050.00",,0,0,1,140,28.3,33.5,23.4,0,73,3.8
26-10-25,"8,596","9,462","1,10,48,050.00","1,13,57,500.00","18,058","2,24,05,550.00",,0,0,0,141,28.5,33,24.5,0,72,4.6
27-10-25,"8,630","8,852","1,12,36,750.00","1,13,01,350.00","17,482","2,25,38,100.00",,0,0,0,142,29.1,33.6,25.1,0,69,4.1
28-10-25,"9,238","8,566","1,20,50,750.00","1,13,01,200.00","17,804","2,33,51,950.00",,0,0,0,143,28.8,33.1,25.3,0,74,3.5
29-10-25,"8,610","9,048","1,11,26,600.00","1,18,23,250.00","17,658","2,29,49,850.00",,0,0,0,143,27.8,32.6,25.3,4.3,84,4.7
30-10-25,"11,004","8,963","1,26,25,400.00","1,18,27,800.00","19,967","2,44,53,200.00",,0,0,0,142,26.9,31.3,24.4,4,87,4.6
31-10-25,"11,952","11,177","1,33,95,850.00","1,29,80,100.00","23,129","2,63,75,950.00",,0,0,1,141,28.1,32.1,25,0.5,81,5.6
01-11-25,"8,349","10,260","1,04,04,400.00","1,14,12,950.00","18,609","2,18,17,350.00",,0,0,1,140,27.6,32.3,24.8,4.5,83,8
02-11-25,"8,217","9,500","1,05,03,250.00","1,13,46,300.00","17,717","2,18,49,550.00",,0,0,0,139,26.8,30.4,24.8,1.2,81,7.6
03-11-25,"8,714","8,502","1,12,07,350.00","1,05,68,450.00","17,216","2,17,75,800.00",,0,0,0,138,26.3,30.3,23.3,0.6,76,9.9
04-11-25,"8,676","9,346","1,10,77,450.00","1,22,33,200.00","18,022","2,33,10,650.00",,0,0,0,137,26.8,31.6,22.5,0,72,9.9
05-11-25,"9,077","9,076","1,15,77,450.00","1,17,53,900.00","18,153","2,33,31,350.00",,0,0,0,136,26.9,31.3,24.7,5.2,83,5.9
06-11-25,"11,675","9,241","1,27,56,450.00","1,19,04,500.00","20,916","2,46,60,950.00",,0,0,0,135,26.7,31.2,23.5,0.3,81,6.1
07-11-25,"11,888","11,056","1,34,07,800.00","1,29,16,550.00","22,944","2,63,24,350.00",,0,0,1,134,27.3,32.1,23.6,0.4,74,7
08-11-25,"8,471","11,386","1,03,94,050.00","1,22,09,650.00","19,857","2,26,03,700.00",,0,0,1,133,26.7,32,23.3,0,64,12.2
09-11-25,"8,762","9,676","1,10,48,950.00","1,13,85,300.00","18,438","2,24,34,250.00",,0,0,0,132,25.3,30.4,21.3,0,69,9.8
10-11-25,"8,669","9,047","1,12,49,250.00","1,15,19,750.00","17,716","2,27,69,000.00",,0,0,0,131,25.7,30.7,21.9,0,70,8.7
11-11-25,"8,718","8,824","1,11,30,100.00","1,14,93,200.00","17,542","2,26,23,300.00",,0,0,0,130,24.4,29.9,19.9,0,64,8.8
12-11-25,"9,303","8,275","1,16,77,150.00","1,07,69,600.00","17,578","2,24,46,750.00",,0,0,0,129,23.4,29.2,18.6,0,62,7.3
13-11-25,"7,170","5,239","79,93,500.00","68,46,550.00","12,409","1,48,40,050.00",,0,0,0,128,23.3,29.1,18,0,67,5.7
14-11-25,"10,990","10,723","1,20,40,150.00","1,24,91,250.00","21,713","2,45,31,400.00",,0,0,1,127,23.3,28.9,18.5,0,67,5.2
15-11-25,"8,700","10,991","1,09,38,500.00","1,20,38,050.00","19,691","2,29,76,550.00",,0,0,1,126,23.2,28.9,17.9,0,69,5.8
16-11-25,"8,172","8,662","1,03,94,700.00","1,03,13,400.00","16,834","2,07,08,100.00",,0,0,0,125,23.6,28.9,18.8,0,68,4.2
17-11-25,"6,460","6,303","83,15,000.00","81,19,700.00","12,763","1,64,34,700.00",,0,0,0,124,23.4,29.5,18.4,0,67,4.8
18-11-25,"7,720","8,348","97,89,950.00","1,04,92,100.00","16,068","2,02,82,050.00",,0,0,0,123,23.7,30.3,18.2,0,71,5.5
19-11-25,"8,791","8,956","1,12,13,150.00","1,15,11,550.00","17,747","2,27,24,700.00",,0,0,0,122,24.1,30.2,19.1,0,66,5.5
20-11-25,"10,877","9,116","1,23,92,450.00","1,17,87,100.00","19,993","2,41,79,550.00",,0,0,0,121,23.5,29.6,19.1,0,64,6.6
21-11-25,"11,417","10,583","1,31,09,750.00","1,26,02,300.00","22,000","2,57,12,050.00",,0,0,1,120,23,28.6,18.8,0,67,5
22-11-25,"8,187","10,475","1,01,04,050.00","1,16,28,750.00","18,662","2,17,32,800.00",,0,0,1,119,22.3,28.2,17.3,0,69,6.2
23-11-25,"9,220","9,539","1,17,09,300.00","1,14,44,900.00","18,759","2,31,54,200.00",,0,0,0,118,22.2,28.1,17.9,0,70,6
24-11-25,"9,062","9,041","1,16,48,300.00","1,15,92,900.00","18,103","2,32,41,200.00",,0,0,0,117,21.6,27.8,16.7,0,69,8.3
25-11-25,"8,721","8,799","1,11,58,200.00","1,14,30,800.00","17,520","2,25,89,000.00",,0,0,0,116,21.6,27.2,17.6,0,76,6.1
26-11-25,"9,061","8,835","1,15,07,750.00","1,14,72,500.00","17,896","2,29,80,250.00",,0,0,0,115,21.7,27.5,17.6,0,72,5.3
27-11-25,"10,773","9,177","1,22,77,800.00","1,19,60,150.00","19,950","2,42,37,950.00",,0,0,0,114,21.7,28.4,16.4,0,72,4.8
28-11-25,"11,692","10,867","1,34,97,150.00","1,28,55,650.00","22,559","2,63,52,800.00",,0,0,1,113,21.5,28.2,16.9,0,70,4.3
29-11-25,"8,515","10,839","1,07,37,150.00","1,18,71,700.00","19,354","2,26,08,850.00",,0,0,1,112,21.4,27.5,17.2,0,70,4.1
30-11-25,"8,730","9,462","1,12,79,650.00","1,13,77,450.00","18,192","2,26,57,100.00",,0,0,0,111,21.8,27.8,17,0,70,4.4
01-12-25,"8,813","9,137","1,12,62,150.00","1,17,23,650.00","17,950","2,29,85,800.00",,0,0,0,110,22,27.8,17.2,0,71,5.2
02-12-25,"8,704","8,706","1,12,44,050.00","1,12,70,600.00","17,410","2,25,14,650.00",,0,0,0,109,21.8,26.9,17.7,0,69,6.3
03-12-25,"8,620","8,763","1,09,60,750.00","1,13,68,150.00","17,383","2,23,28,900.00",,0,0,0,108,20.3,26.3,16.4,0,70,7.6
04-12-25,"10,993","9,185","1,21,21,700.00","1,19,65,400.00","20,178","2,40,87,100.00",,0,0,0,107,20.4,26.6,15.3,0,75,8
05-12-25,"11,470","10,432","1,30,56,050.00","1,24,62,250.00","21,902","2,55,18,300.00",,0,0,1,106,20.8,27,16.8,0,76,8.3
06-12-25,"8,256","10,709","1,01,98,300.00","1,17,44,550.00","18,965","2,19,42,850.00",,0,0,1,105,20,25.8,15.6,0,72,8
07-12-25,"8,201","9,424","1,04,65,100.00","1,12,46,300.00","17,625","2,17,11,400.00",,0,0,0,104,20.1,26,15.7,0,74,7.3
08-12-25,"8,933","8,892","1,15,79,950.00","1,13,70,500.00","17,825","2,29,50,450.00",,0,0,0,103,20.3,26.1,16.3,0,74,6.6
09-12-25,"8,873","8,578","1,16,82,300.00","1,10,96,700.00","17,451","2,27,79,000.00",,0,0,0,102,20.3,26.1,16,0,76,6.3
10-12-25,"8,905","8,883","1,13,53,000.00","1,16,15,050.00","17,788","2,29,68,050.00",,0,0,0,101,20.2,26.4,15.4,0,74,6.3
11-12-25,"11,858","9,489","1,34,73,650.00","1,24,69,200.00","21,347","2,59,42,850.00",,0,0,0,100,19.6,25.9,15.1,0,72,5.7
12-12-25,"12,742","11,742","1,46,69,650.00","1,42,91,100.00","24,484","2,89,60,750.00",,0,0,1,99,19.4,26,14.6,0,72,4.1
13-12-25,"9,333","11,055","1,14,70,550.00","1,24,45,100.00","20,388","2,39,15,650.00",,0,0,1,98,20.3,27.1,14.8,0,67,4.8
14-12-25,"9,669","10,083","1,20,52,850.00","1,22,77,500.00","19,752","2,43,30,350.00",,0,0,0,97,20.8,27.5,15.6,0,71,5.1
15-12-25,"11,374","9,878","1,33,75,750.00","1,27,15,150.00","21,252","2,60,90,900.00",,0,0,0,96,20.4,26.8,15.5,0,71,5.4
16-12-25,"12,276","11,612","1,41,85,500.00","1,40,72,100.00","23,888","2,82,57,600.00",Victory Day,1,0,0,95,20,26,15.4,0,73,6.4
17-12-25,"9,335","9,942","1,13,98,750.00","1,18,10,150.00","19,277","2,32,08,900.00",,0,0,0,94,20.7,26.8,15.6,0,70,7.7
18-12-25,"11,953","10,174","1,35,58,250.00","1,30,70,300.00","22,127","2,66,28,550.00",,0,0,0,93,21.2,27.8,16.5,0,72,4.7
19-12-25,"12,522","11,665","1,42,41,900.00","1,41,14,400.00","24,187","2,83,56,300.00",,0,0,1,92,21.6,27.3,16,0,71,4.8
20-12-25,"9,431","11,322","1,19,58,200.00","1,23,79,200.00","20,753","2,43,37,400.00",,0,0,1,91,21.7,26,18.4,0,69,7.3
21-12-25,"9,676","10,508","1,21,92,150.00","1,25,17,400.00","20,184","2,47,09,550.00",,0,0,0,90,20.7,25.2,17,0,72,7.1
22-12-25,"10,056","10,040","1,27,88,050.00","1,26,12,150.00","20,096","2,54,00,200.00",,0,0,0,89,20.4,26.3,15.9,0,72,7
23-12-25,"10,631","10,156","1,32,38,250.00","1,28,70,250.00","20,787","2,61,08,500.00",,0,0,0,88,19.4,24.7,15.7,0,76,7.5
24-12-25,"13,825","11,393","1,49,96,550.00","1,42,98,000.00","25,218","2,92,94,550.00",,0,0,0,87,18.5,23.8,14.5,0,77,7.2
25-12-25,"15,392","10,080","1,69,15,100.00","1,34,03,550.00","25,472","3,03,18,650.00",Christmas Day,1,0,0,86,17.1,22.4,13.1,0,79,6
26-12-25,"11,743","12,675","1,36,63,050.00","1,43,23,300.00","24,418","2,79,86,350.00",,0,0,1,85,16.9,22.8,12.6,0,77,5.7
27-12-25,"9,892","14,778","1,23,83,450.00","1,52,21,800.00","24,670","2,76,05,250.00",,0,0,1,84,17.1,23,12.4,0,78,4.2
28-12-25,"10,216","11,708","1,33,92,900.00","1,35,87,350.00","21,924","2,69,80,250.00",,0,0,0,83,17.1,22.3,13.4,0,82,7.7
29-12-25,"9,904","10,711","1,33,20,650.00","1,37,52,050.00","20,615","2,70,72,700.00",,0,0,0,82,16.4,21.3,13.1,0,82,7.5
30-12-25,"9,617","10,424","1,29,32,950.00","1,34,65,750.00","20,041","2,63,98,700.00",,0,0,0,81,15,18.7,12,0,84,7.3
31-12-25,"10,941","10,275","1,42,49,100.00","1,31,82,250.00","21,216","2,74,31,350.00",Public Holiday (Khaleda Zia Funeral),1,0,0,80,14.9,20.6,10.6,0,82,6.9
01-01-26,"10,181","8,941","1,20,70,200.00","1,13,57,600.00","19,122","2,34,27,800.00",,0,0,0,79,16.1,22.1,11.4,0,83,6.3
02-01-26,"11,264","11,415","1,38,68,450.00","1,41,68,050.00","22,679","2,80,36,500.00",,0,0,1,78,16.3,21.8,12.2,0,82,6.1
03-01-26,"8,807","10,856","1,16,01,700.00","1,22,45,900.00","19,663","2,38,47,600.00",,0,0,1,77,16,21.9,11.4,0,81,3.8
04-01-26,"9,176","9,417","1,23,01,150.00","1,18,91,750.00","18,593","2,41,92,900.00",,0,0,0,76,15.8,21.6,12,0,81,6.5
05-01-26,"8,941","9,505","1,19,20,500.00","1,26,05,500.00","18,446","2,45,26,000.00",,0,0,0,75,14.8,19.1,11.9,0,83,8.2
06-01-26,"9,858","8,742","1,33,89,450.00","1,16,54,350.00","18,600","2,50,43,800.00",,0,0,0,74,15.1,19.8,11.4,0,81,9.6
07-01-26,"8,984","10,223","1,19,95,200.00","1,37,88,300.00","19,207","2,57,83,500.00",,0,0,0,73,16.1,21.8,11,0,82,8.8
08-01-26,"11,521","9,689","1,36,03,250.00","1,28,84,300.00","21,210","2,64,87,550.00",,0,0,0,72,16.6,22.7,11.4,0,78,8.6
09-01-26,"12,089","11,099","1,48,64,300.00","1,36,81,050.00","23,188","2,85,45,350.00",,0,0,1,71,17.5,23.8,12.4,0,80,8.3
10-01-26,"9,719","11,254","1,28,90,600.00","1,28,70,600.00","20,973","2,57,61,200.00",,0,0,1,70,17.4,23.1,13,0,79,9.2
11-01-26,"9,466","9,878","1,25,16,450.00","1,22,71,950.00","19,344","2,47,88,400.00",,0,0,0,69,18.2,23.7,14.4,0,76,8.8
12-01-26,"10,168","9,649","1,32,31,200.00","1,24,21,400.00","19,817","2,56,52,600.00",,0,0,0,68,18.2,24.6,12.9,0,75,8.5
13-01-26,"9,104","11,077","1,19,19,450.00","1,47,49,750.00","20,181","2,66,69,200.00",,0,0,0,67,18.7,24.8,14.5,0,76,8.7
14-01-26,"9,632","9,290","1,23,46,400.00","1,22,27,550.00","18,922","2,45,73,950.00",,0,0,0,66,18.5,25,14,0,75,7.7
15-01-26,"11,578","10,038","1,33,57,600.00","1,31,52,700.00","21,616","2,65,10,300.00",,0,0,0,65,18.6,24.3,14.3,0,74,8.8
16-01-26,"12,195","10,991","1,43,59,350.00","1,30,32,100.00","23,186","2,73,91,450.00",,0,0,1,64,18.7,24.8,14.3,0,71,7.9
17-01-26,"9,417","11,354","1,17,71,600.00","1,26,57,700.00","20,771","2,44,29,300.00",,0,0,1,63,19.1,25.7,14.5,0,74,6.8
18-01-26,"9,279","9,639","1,22,82,100.00","1,18,26,750.00","18,918","2,41,08,850.00",,0,0,0,62,19.1,25.8,13.9,0,74,5.4
19-01-26,"9,904","9,636","1,32,07,300.00","1,26,12,250.00","19,540","2,58,19,550.00",,0,0,0,61,19,25.8,14.1,0,76,5.7
20-01-26,"9,241","10,112","1,20,00,600.00","1,33,40,650.00","19,353","2,53,41,250.00",,0,0,0,60,19.3,26.7,13.8,0,73,5.7
21-01-26,"9,577","9,341","1,23,39,500.00","1,23,92,200.00","18,918","2,47,31,700.00",,0,0,0,59,19.7,26.5,14,0,72,6.4
22-01-26,"11,618","9,551","1,34,81,750.00","1,25,69,050.00","21,169","2,60,50,800.00",,0,0,0,58,19.3,25.9,14.9,0,68,7.2
23-01-26,"12,447","11,089","1,45,32,550.00","1,34,21,350.00","23,536","2,79,53,900.00",,0,0,1,57,18.2,25.2,13,0,70,5.2
24-01-26,"9,377","11,433","1,20,22,850.00","1,28,30,650.00","20,810","2,48,53,500.00",,0,0,1,56,18.4,25.4,13.3,0,69,6.5
25-01-26,"9,352","10,234","1,21,10,450.00","1,24,43,600.00","19,586","2,45,54,050.00",,0,0,0,55,19.2,25.7,14.1,0,72,7
26-01-26,"9,330","9,526","1,21,47,000.00","1,22,99,750.00","18,856","2,44,46,750.00",,0,0,0,54,19.5,26.3,14.5,0,71,8.2
27-01-26,"9,238","9,284","1,22,33,100.00","1,21,39,550.00","18,522","2,43,72,650.00",,0,0,0,53,19.1,26,13.9,0,72,6.7
28-01-26,"9,531","9,541","1,23,97,250.00","1,25,37,800.00","19,072","2,49,35,050.00",,0,0,0,52,19.4,26.4,14,0,75,5.1
29-01-26,"11,394","9,986","1,35,19,100.00","1,34,14,000.00","21,380","2,69,33,100.00",,0,0,0,51,20.2,27.1,14.6,0,74,5.8
30-01-26,"12,351","11,537","1,49,63,450.00","1,42,24,700.00","23,888","2,91,88,150.00",,0,0,1,50,19.9,25.8,15.8,0,73,7.6
31-01-26,"9,619","11,332","1,21,61,000.00","1,28,58,500.00","20,951","2,50,19,500.00",,0,0,1,49,19.1,25.6,13.6,0,72,8.7
01-02-26,"9,958","10,189","1,31,44,600.00","1,26,69,450.00","20,147","2,58,14,050.00",,0,0,0,48,19.4,25.9,14.2,0,75,7.3
02-02-26,"9,581","9,949","1,23,48,900.00","1,29,76,800.00","19,530","2,53,25,700.00",,0,0,0,47,20,26.7,14.9,0,74,6.7
03-02-26,"10,793","9,399","1,31,61,300.00","1,25,38,300.00","20,192","2,56,99,600.00",,0,0,0,46,20.7,27.7,15,0,71,6.5
04-02-26,"10,484","9,727","1,28,14,900.00","1,22,14,950.00","20,211","2,50,29,850.00",Shab e-Barat,1,0,0,45,20.7,26.9,16.2,0,74,6.5
05-02-26,"10,176","9,289","1,17,36,300.00","1,17,99,850.00","19,465","2,35,36,150.00",,0,0,0,44,19.9,26.6,15.3,0,66,7.9
06-02-26,"12,059","11,434","1,42,76,700.00","1,39,65,300.00","23,493","2,82,42,000.00",,0,0,1,43,18.7,25,13.4,0,64,9.1
07-02-26,"9,654","11,508","1,20,89,800.00","1,31,11,600.00","21,162","2,52,01,400.00",,0,0,1,42,18.4,24.6,13.1,0,68,7.4
08-02-26,"10,416","9,706","1,29,63,800.00","1,24,77,000.00","20,122","2,54,40,800.00",,0,0,0,41,18.9,25.3,13.2,0,68,7.5
09-02-26,"13,336","10,211","1,52,64,850.00","1,41,73,150.00","23,547","2,94,38,000.00",,0,0,0,40,19.2,26.2,13.4,0,64,6.6
10-02-26,"24,534","11,202","2,20,67,900.00","1,61,64,850.00","35,736","3,82,32,750.00",Bangladesh Parliamentary Polls,1,0,0,39,19.9,27,14.3,0,68,6
11-02-26,"9,116","5,748","1,28,23,950.00","84,08,600.00","14,864","2,12,32,550.00",Bangladesh Parliamentary Polls,1,0,0,38,20.8,28.2,15.3,0,69,6.1
12-02-26,"1,378","1,295","13,07,600.00","10,60,150.00","2,673","23,67,750.00",Bangladesh Parliamentary Polls,1,0,0,37,20.4,27.4,15.1,0,66,6.5
13-02-26,"5,316","9,686","74,42,750.00","1,15,16,250.00","15,002","1,89,59,000.00",,0,0,1,36,20.4,27.8,14.4,0,65,7.1
14-02-26,"9,136","20,494","1,23,56,750.00","1,70,86,750.00","29,630","2,94,43,500.00",,0,0,1,35,20.4,27.6,15.1,0,63,7.6
15-02-26,"9,583","14,833","1,28,64,400.00","1,60,03,650.00","24,416","2,88,68,050.00",,0,0,0,34,20,27.2,14.8,0,65,5.9
16-02-26,"10,178","12,721","1,36,11,850.00","1,53,79,600.00","22,899","2,89,91,450.00",,0,0,0,33,20.8,27.9,15.2,0,66,6.9
17-02-26,"10,616","11,876","1,40,69,500.00","1,52,26,100.00","22,492","2,92,95,600.00",,0,0,0,32,21.8,29.5,16.2,0,66,6.7
18-02-26,"9,952","10,441","1,33,68,350.00","1,35,29,100.00","20,393","2,68,97,450.00",,0,0,0,31,22.4,30.2,16.1,0,63,5.8
19-02-26,"9,434","8,262","1,24,15,400.00","1,14,44,550.00","17,696","2,38,59,950.00",,0,0,0,30,22.9,30.3,16.6,0,61,5.6
20-02-26,"9,015","8,164","1,15,62,100.00","1,07,21,400.00","17,179","2,22,83,500.00",,0,0,1,29,23.4,30,18,0,62,5.1
21-02-26,"7,562","8,677","1,01,96,550.00","1,02,42,100.00","16,239","2,04,38,650.00",Language Martyrs' Day,1,0,1,28,23.4,30.2,17.6,0,64,6.3
22-02-26,"7,437","8,517","99,87,550.00","1,03,34,950.00","15,954","2,03,22,500.00",,0,0,0,27,23.6,29.9,18.6,0,63,3.6
23-02-26,"8,192","8,260","1,13,06,350.00","1,11,34,950.00","16,452","2,24,41,300.00",,0,0,0,26,23.6,30.1,17.4,0,65,3.7
24-02-26,"8,135","8,165","1,11,49,300.00","1,10,56,850.00","16,300","2,22,06,150.00",,0,0,0,25,22.7,27.7,19.2,0,75,3.6
25-02-26,"8,040","8,264","1,09,26,600.00","1,12,31,300.00","16,304","2,21,57,900.00",,0,0,0,24,23.5,29.5,18.7,0,67,6.5
26-02-26,"9,388","8,695","1,19,18,750.00","1,17,59,450.00","18,083","2,36,78,200.00",,0,0,0,23,22.9,29,18.1,0,61,5.7
27-02-26,"9,417","8,911","1,19,89,300.00","1,14,13,300.00","18,328","2,34,02,600.00",,0,0,1,22,22.6,29.4,16.8,0,60,6.9
28-02-26,"7,919","8,895","1,03,31,600.00","1,06,13,250.00","16,814","2,09,44,850.00",,0,0,1,21,22.5,29.7,15.7,0,57,6.4
01-03-26,"7,765","8,317","1,04,95,650.00","1,06,75,300.00","16,082","2,11,70,950.00",,0,0,0,20,23.6,30.3,17.6,1.7,76,9
02-03-26,"7,869","8,200","1,05,69,750.00","1,12,29,300.00","16,069","2,17,99,050.00",,0,0,0,19,24.4,29.7,21,2.4,81,6.8
03-03-26,"7,899","8,189","1,07,21,700.00","1,11,67,150.00","16,088","2,18,88,850.00",,0,0,0,18,24.4,30.8,20.3,0,67,5.4
04-03-26,"8,101","8,217","1,08,46,200.00","1,10,04,950.00","16,318","2,18,51,150.00",,0,0,0,17,23.7,30.7,18.4,0,61,4.7
05-03-26,"9,169","8,564","1,15,35,300.00","1,15,35,150.00","17,733","2,30,70,450.00",,0,0,0,16,24.7,31.1,19.9,0,59,3.7
06-03-26,"9,597","9,019","1,21,53,900.00","1,16,09,650.00","18,616","2,37,63,550.00",,0,0,1,15,24.4,31.2,18.3,0,64,5.4
07-03-26,"7,634","9,044","1,01,51,000.00","1,06,93,500.00","16,678","2,08,44,500.00",,0,0,1,14,23.7,29.7,18,0,76,6.8
08-03-26,"8,035","8,306","1,08,59,100.00","1,07,32,400.00","16,341","2,15,91,500.00",,0,0,0,13,24.6,29.8,20.2,0,75,7
09-03-26,"8,234","8,254","1,10,38,750.00","1,14,37,550.00","16,488","2,24,76,300.00",,0,0,0,12,24.5,29.6,20.4,0.1,79,4.7
10-03-26,"8,359","8,599","1,12,74,750.00","1,18,60,800.00","16,958","2,31,35,550.00",,0,0,0,11,25.5,30.8,21.1,0.3,74,4.1
11-03-26,"8,921","8,625","1,20,11,100.00","1,18,79,300.00","17,546","2,38,90,400.00",,0,0,0,10,25.9,30.7,21.5,1.1,76,5.9
12-03-26,"8,958","9,506","1,24,32,000.00","1,21,14,350.00","18,464","2,45,46,350.00",,0,0,0,9,25.3,29.9,22.5,2.8,84,8
13-03-26,"10,462","9,463","1,31,23,850.00","1,26,85,500.00","19,925","2,58,09,350.00",,0,0,1,8,25.9,32.1,22.3,1.4,81,12.4
14-03-26,"8,790","8,898","1,10,67,950.00","1,13,55,300.00","17,688","2,24,23,250.00",,0,0,1,7,26.8,30.8,24.4,2,79,14.9
15-03-26,"10,365","9,188","1,28,79,100.00","1,22,66,900.00","19,553","2,51,46,000.00",,0,0,0,6,24.4,28.6,21.3,4.1,85,17.8
16-03-26,"17,186","11,437","1,72,45,700.00","1,60,76,150.00","28,623","3,33,21,850.00",,0,0,0,5,25.2,31,22,0.5,79,11.9
17-03-26,"24,968","13,549","2,28,70,100.00","1,85,27,200.00","38,517","4,13,97,300.00",Shab-e-Qadr,1,0,0,4,25.5,31.2,21.1,0,73,11.2
18-03-26,"28,390","13,495","2,64,46,050.00","1,84,84,350.00","41,885","4,49,30,400.00",Eid al-Fitr Holiday,1,1,0,3,24.2,30.2,21.1,10.7,83,10.1
19-03-26,"25,224","14,056","2,45,99,850.00","1,98,21,200.00","39,280","4,44,21,050.00",Eid al-Fitr Holiday,1,1,0,2,24.4,30.3,20,0,76,7.1
20-03-26,"13,275","6,642","1,25,41,100.00","86,19,000.00","19,917","2,11,60,100.00",Jumatul Bidah,1,0,1,1,23.9,29,21.3,1.7,79,9.5
21-03-26,"10,110","6,885","85,02,200.00","71,84,250.00","16,995","1,56,86,450.00",Eid al-Fitr,1,1,1,0,21.2,23.9,19.4,11.1,84,5.3
22-03-26,"14,343","11,764","1,35,25,400.00","1,23,45,700.00","26,107","2,58,71,100.00",Eid al-Fitr Holiday,1,1,0,1,22,26.1,18,0.4,76,5.8
23-03-26,"11,963","18,940","1,26,49,800.00","1,63,77,700.00","30,903","2,90,27,500.00",Eid al-Fitr Holiday,1,1,0,2,23,27.4,19,0.3,73,4.8
24-03-26,"11,081","18,734","1,31,12,750.00","1,65,90,750.00","29,815","2,97,03,500.00",,0,0,0,3,24.5,29.6,19.8,0,73,6.6
25-03-26,"12,031","16,778","1,44,51,250.00","1,72,33,000.00","28,809","3,16,84,250.00",,0,0,0,4,25.2,30.2,21.5,2.8,80,6.7
26-03-26,"13,321","18,455","1,72,34,600.00","1,95,25,900.00","31,776","3,67,60,500.00",Independence Day,1,0,0,5,26.1,31.6,21.3,0,75,4.9
27-03-26,"13,864","25,598","1,89,08,250.00","2,40,84,400.00","39,462","4,29,92,650.00",,0,0,1,6,26.9,32.7,21.6,0,72,7.6
28-03-26,"13,074","23,452","1,80,78,950.00","2,20,41,000.00","36,526","4,01,19,950.00",,0,0,1,7,25,29.1,21.7,3,79,9.1
29-03-26,"10,685","14,215","1,50,92,900.00","1,63,76,800.00","24,900","3,14,69,700.00",,0,0,0,8,25.2,30.6,21.3,4,82,6.9
30-03-26,"9,583","11,639","1,35,46,050.00","1,44,79,000.00","21,222","2,80,25,050.00",,0,0,0,9,25.9,31.7,22.1,9.9,87,6.6
01-04-26,"9,132","9,940","1,26,27,050.00","1,32,39,600.00","19,072","2,58,66,650.00",,0,0,0,11,27.3,32.3,23.3,1.1,82,9.4
02-04-26,"10,111","9,442","1,28,55,000.00","1,25,78,400.00","19,553","2,54,33,400.00",,0,0,0,12,28,34,24,0.6,79,11
03-04-26,"10,156","10,862","1,31,87,800.00","1,38,68,400.00","21,018","2,70,56,200.00",,0,0,1,13,28.9,34.7,24.5,0,78,9.5
04-04-26,"8,529","10,092","1,16,86,450.00","1,23,97,550.00","18,621","2,40,84,000.00",,0,0,1,14,28.7,33.2,25.3,0.4,81,8.4
05-04-26,"8,459","9,526","1,17,17,500.00","1,23,02,500.00","17,985","2,40,20,000.00",,0,0,0,15,28,32.9,24.9,0,73,11.9
06-04-26,"8,613","8,915","1,21,28,200.00","1,22,27,500.00","17,528","2,43,55,700.00",,0,0,0,16,26.8,31.9,22.5,0,69,7
07-04-26,"8,109","8,581","1,12,86,400.00","1,17,38,050.00","16,690","2,30,24,450.00",,0,0,0,17,25.8,30.2,21.9,4.8,74,7.6
08-04-26,"8,233","8,450","1,14,03,500.00","1,15,74,700.00","16,683","2,29,78,200.00",,0,0,0,18,24.9,29.4,20.3,2,77,6.5
09-04-26,"9,570","8,488","1,20,98,400.00","1,18,23,800.00","18,058","2,39,22,200.00",,0,0,0,19,22.9,24.7,21.6,15,89,7.1
10-04-26,"9,862","9,509","1,26,17,450.00","1,21,77,950.00","19,371","2,47,95,400.00",,0,0,1,20,24.8,30.1,20.2,0.3,75,6.5
11-04-26,"8,076","9,502","1,04,74,800.00","1,14,57,650.00","17,578","2,19,32,450.00",,0,0,1,21,26.4,31.9,21.6,0.1,74,8.4
12-04-26,"8,361","8,608","1,11,45,300.00","1,09,32,650.00","16,969","2,20,77,950.00",,0,0,0,22,28,34.3,24,0,73,11.8
13-04-26,"8,701","8,699","1,12,74,350.00","1,17,19,150.00","17,400","2,29,93,500.00",,0,0,0,23,28.4,34.4,24.6,0,79,13.7
14-04-26,"8,440","8,374","1,12,25,900.00","1,12,02,400.00","16,814","2,24,28,300.00",Bengali New Year,1,0,0,24,27.8,31.8,24.8,0.4,84,11.2
15-04-26,"7,163","7,839","91,97,900.00","98,92,250.00","15,002","1,90,90,150.00",,0,0,0,25,28.9,33.7,26,1,79,12.5
16-04-26,"9,345","8,109","1,15,65,800.00","1,06,86,550.00","17,454","2,22,52,350.00",,0,0,0,26,28.2,31.4,25.5,4.1,81,9.6
17-04-26,"9,314","9,046","1,18,75,600.00","1,17,13,050.00","18,360","2,35,88,650.00",,0,0,1,27,28.5,33.4,23.2,1.6,79,6.3
18-04-26,"7,734","9,366","1,01,73,550.00","1,13,10,250.00","17,100","2,14,83,800.00",,0,0,1,28,29.3,33.9,25.2,0.6,76,7.4
19-04-26,"8,314","8,648","1,13,40,300.00","1,09,98,700.00","16,962","2,23,39,000.00",,0,0,0,29,29.1,33.9,23.9,10,77,12
20-04-26,"8,367","8,593","1,15,19,150.00","1,16,80,150.00","16,960","2,31,99,300.00",,0,0,0,30,30.4,35.6,27.1,0.3,75,17.4
21-04-26,"8,386","8,237","1,16,22,250.00","1,13,50,850.00","16,623","2,29,73,100.00",,0,0,0,31,30.4,35.7,26.7,5.3,76,18.1
22-04-26,"8,369","8,440","1,13,70,450.00","1,15,87,950.00","16,809","2,29,58,400.00",,0,0,0,32,29.4,35.1,24.6,7.2,78,13.6
23-04-26,"9,874","8,642","1,19,48,250.00","1,18,33,600.00","18,516","2,37,81,850.00",,0,0,0,33,29.5,33.7,25.7,0,79,10
24-04-26,"10,338","9,860","1,26,87,600.00","1,25,37,950.00","20,198","2,52,25,550.00",,0,0,1,34,29.7,33.8,26.2,0,79,9.5
25-04-26,"8,022","9,816","1,04,43,050.00","1,17,17,200.00","17,838","2,21,60,250.00",,0,0,1,33,29.6,33.7,26,0,78,9.2
26-04-26,"8,171","8,933","1,10,94,750.00","1,14,51,400.00","17,104","2,25,46,150.00",,0,0,0,32,27.8,32.9,23.4,1,80,12.6
27-04-26,"8,005","8,387","1,07,49,250.00","1,13,79,100.00","16,392","2,21,28,350.00",,0,0,0,31,27.2,31.1,23.9,0.5,82,18.3
28-04-26,"8,119","7,940","1,13,24,450.00","1,09,08,000.00","16,059","2,22,32,450.00",,0,0,0,30,25.2,27.2,23.3,20.3,90,13.5
29-04-26,"7,802","7,437","1,06,95,550.00","1,01,97,450.00","15,239","2,08,93,000.00",,0,0,0,29,24.1,27.4,22.7,21.2,88,14.3
30-04-26,"11,058","8,257","1,32,69,100.00","1,10,75,650.00","19,315","2,43,44,750.00",,0,0,0,28,24.7,28.6,21.1,11.1,83,10
01-05-26,"10,342","10,868","1,19,47,550.00","1,31,15,050.00","21,210","2,50,62,600.00",Labour Day; Buddha Purnima,1,0,1,27,24.7,28.1,22.1,9.2,82,10.4
02-05-26,"7,916","9,807","1,00,82,900.00","1,14,25,800.00","17,723","2,15,08,700.00",,0,0,1,26,25.3,30.1,22.2,2.5,81,10.2
03-05-26,"8,184","8,905","1,07,53,200.00","1,09,94,250.00","17,089","2,17,47,450.00",,0,0,0,25,25.8,29.1,23.4,0.6,86,10.1
04-05-26,"8,468","8,762","1,12,51,350.00","1,15,03,450.00","17,230","2,27,54,800.00",,0,0,0,24,25.5,30.3,22.2,10.4,88,9.3
05-05-26,"8,386","8,573","1,08,84,650.00","1,12,80,250.00","16,959","2,21,64,900.00",,0,0,0,23,25.7,29.8,22.9,7.6,88,5.7
06-05-26,"8,502","8,660","1,10,49,950.00","1,14,97,800.00","17,162","2,25,47,750.00",,0,0,0,22,26.7,31.4,23.2,3.3,82,6
07-05-26,"10,583","9,227","1,22,72,200.00","1,22,61,600.00","19,810","2,45,33,800.00",,0,0,0,21,26.2,30.5,22.8,0,83,5
08-05-26,"11,252","10,890","1,31,35,450.00","1,27,96,100.00","22,142","2,59,31,550.00",,0,0,1,20,26.9,31.7,21.9,0,76,4.5
09-05-26,"8,804","10,740","1,14,62,150.00","1,22,00,900.00","19,544","2,36,63,050.00",,0,0,1,19,28,32.8,24.7,0.6,72,5.9
10-05-26,"8,434","9,345","1,10,80,250.00","1,16,74,400.00","17,779","2,27,54,650.00",,0,0,0,18,25.8,30.8,23,12,82,9.4
11-05-26,"8,836","9,241","1,15,55,050.00","1,24,15,450.00","18,077","2,39,70,500.00",,0,0,0,17,25,30.3,20.7,18.8,83,7.6
12-05-26,"8,991","8,929","1,18,29,900.00","1,17,09,500.00","17,920","2,35,39,400.00",,0,0,0,16,27.2,31.2,23.1,0.1,77,6.4
13-05-26,"8,876","9,035","1,14,93,050.00","1,22,18,050.00","17,911","2,37,11,100.00",,0,0,0,15,28.3,31.5,25.2,2.1,76,10
14-05-26,"10,286","9,649","1,23,70,450.00","1,26,75,000.00","19,935","2,50,45,450.00",,0,0,0,14,27.8,31.5,24.4,2.8,82,9
15-05-26,"11,588","10,990","1,35,98,100.00","1,32,19,900.00","22,578","2,68,18,000.00",,0,0,1,13,29.4,33.3,26.3,0.1,77,12.1
16-05-26,"9,191","10,601","1,17,34,900.00","1,23,90,600.00","19,792","2,41,25,500.00",,0,0,1,12,29.7,33.8,26.5,0.1,78,12.5
17-05-26,"9,010","9,518","1,15,83,500.00","1,21,60,900.00","18,528","2,37,44,400.00",,0,0,0,11,29.7,33.6,25.8,1,75,12.9
18-05-26,"9,672","9,560","1,26,10,700.00","1,27,94,700.00","19,232","2,54,05,400.00",,0,0,0,10,29.9,33,26.8,0.2,78,13.6
19-05-26,"9,545","9,988","1,26,25,050.00","1,34,02,850.00","19,533","2,60,27,900.00",,0,0,0,9,29.5,33.5,26.5,1.9,81,9.8
20-05-26,"10,565","10,685","1,38,36,550.00","1,44,26,300.00","21,250","2,82,62,850.00",,0,0,0,8,30.2,33.7,27.3,1.4,80,9.3
21-05-26,"12,359","11,828","1,55,40,500.00","1,62,29,900.00","24,187","3,17,70,400.00",,0,0,0,7,30.1,32.9,27.7,1.4,83,8.7
22-05-26,"15,409","13,702","1,86,61,000.00","1,84,44,650.00","29,111","3,71,05,650.00",,0,0,1,6,30,32.6,27.4,2.7,83,8
23-05-26,"13,279","12,720","1,65,47,600.00","1,68,31,550.00","25,999","3,33,79,150.00",,0,0,1,5,30.7,35,27.7,0.8,78,14.8
24-05-26,"18,436","13,549","1,90,50,050.00","1,84,89,300.00","31,985","3,75,39,350.00",,0,0,0,4,30.5,34.9,27.6,4.7,79,15.2
25-05-26,"28,415","15,593","2,58,83,450.00","2,10,65,550.00","44,008","4,69,49,000.00",Eid-ul-Azha Holiday,1,1,0,3,29.4,33.7,25,6.8,80,16.5
26-05-26,"30,094","15,508","2,82,24,750.00","2,11,15,100.00","45,602","4,93,39,850.00",Eid-ul-Azha Holiday,1,1,0,2,26.8,29.1,24.1,1.5,88,13.2
27-05-26,"24,536","14,543","2,46,90,900.00","1,82,56,000.00","39,079","4,29,46,900.00",,0,0,0,1,25.9,29.1,24.1,66.9,87,10.5
28-05-26,"12,307","8,508","1,12,40,400.00","88,37,350.00","20,815","2,00,77,750.00",Eid-ul-Azha,1,1,0,0,27.7,31.4,24.2,0.1,82,8.6
29-05-26,"16,115","11,531","1,45,88,250.00","1,23,07,200.00","27,646","2,68,95,450.00",Eid-ul-Azha Holiday,1,1,1,1,27.6,32.3,24.7,5.8,86,6.4
30-05-26,"13,767","16,316","1,30,59,050.00","1,49,00,150.00","30,083","2,79,59,200.00",Eid-ul-Azha Holiday,1,1,1,2,28.2,32.4,23.3,0,74,3.2
31-05-26,"12,790","24,763","1,36,90,900.00","1,96,67,450.00","37,553","3,33,58,350.00",Eid-ul-Azha Holiday,1,1,0,3,29.7,33.7,25,0,71,4.5
01-06-26,"12,475","21,508","1,46,14,950.00","1,82,61,800.00","33,983","3,28,76,750.00",,0,0,0,4,30.3,34,26.4,0,73,5.9
02-06-26,"12,154","19,749","1,48,81,550.00","1,85,90,250.00","31,903","3,34,71,800.00",,0,0,0,5,30.4,33.9,26.9,0,75,7.6
03-06-26,"12,477","17,644","1,59,10,800.00","1,82,70,550.00","30,121","3,41,81,350.00",,0,0,0,6,30.9,34.5,27.4,0,74,8
04-06-26,"13,483","15,798","1,63,40,400.00","1,75,44,750.00","29,281","3,38,85,150.00",,0,0,0,7,30.4,34,27.6,4,81,7.8
05-06-26,"14,221","19,528","1,84,23,350.00","2,12,35,800.00","33,749","3,96,59,150.00",,0,0,1,8,28.3,31.2,25.4,14.8,87,7.1
06-06-26,"11,942","16,136","1,57,25,000.00","1,72,90,150.00","28,078","3,30,15,150.00",,0,0,1,9,29.4,33.7,26.3,0.9,81,4.9
07-06-26,"10,721","12,763","1,40,58,550.00","1,43,67,550.00","23,484","2,84,26,100.00",,0,0,0,10,28.7,32.8,26.4,7.7,84,6.8
08-06-26,"10,286","11,512","1,34,99,550.00","1,40,45,850.00","21,798","2,75,45,400.00",,0,0,0,11,28.5,32.3,26.3,0.7,85,8.8
09-06-26,"9,508","10,187","1,27,14,700.00","1,30,17,400.00","19,695","2,57,32,100.00",,0,0,0,12,28.2,32.7,25,12.1,86,12.7
10-06-26,"9,575","10,249","1,26,07,400.00","1,29,75,150.00","19,824","2,55,82,550.00",,0,0,0,13,28.5,31.1,26.6,1.6,85,11.8
11-06-26,"11,488","10,048","1,32,97,500.00","1,26,56,000.00","21,536","2,59,53,500.00",,0,0,0,14,29.1,33.2,26.3,3.8,81,8.2
12-06-26,"12,122","12,121","1,41,15,200.00","1,40,69,150.00","24,243","2,81,84,350.00",,0,0,1,15,28.6,31.8,25.9,2.2,82,6.4
13-06-26,"9,612","11,638","1,19,71,450.00","1,26,44,750.00","21,250","2,46,16,200.00",,0,0,1,16,28.6,32.1,26.7,3,84,8.8
14-06-26,"9,107","9,995","1,17,06,050.00","1,19,11,000.00","19,102","2,36,17,050.00",,0,0,0,17,28.2,30.7,26.7,6.2,89,10.8
15-06-26,"9,810","9,766","1,27,63,750.00","1,25,92,650.00","19,576","2,53,56,400.00",,0,0,0,18,28.9,31.4,27,2.3,84,10.1
16-06-26,"9,225","9,512","1,19,22,050.00","1,22,50,900.00","18,737","2,41,72,950.00",,0,0,0,19,28.9,31.9,26.7,1.5,84,8
17-06-26,"9,600","9,550","1,22,06,400.00","1,23,73,950.00","19,150","2,45,80,350.00",,0,0,0,20,29.4,32.3,26.9,0.6,80,10.5
18-06-26,"10,920","9,341","1,26,31,350.00","1,21,23,700.00","20,261","2,47,55,050.00",,0,0,0,21,28.9,33.2,26,4.3,83,10.4
19-06-26,"11,768","11,284","1,34,85,300.00","1,32,19,550.00","23,052","2,67,04,850.00",,0,0,1,22,27.8,30.7,25.5,0.4,87,7
20-06-26,"9,088","10,913","1,13,51,950.00","1,19,22,800.00","20,001","2,32,74,750.00",,0,0,1,23,28.8,33.5,26.4,1.6,85,10.4
21-06-26,"9,033","9,657","1,17,14,600.00","1,17,17,200.00","18,690","2,34,31,800.00",,0,0,0,24,28.4,31.9,26,9.2,87,13.2
22-06-26,"8,909","9,274","1,12,11,450.00","1,17,02,400.00","18,183","2,29,13,850.00",,0,0,0,25,28,31.7,25.9,8.8,86,8
23-06-26,"8,895","8,822","1,15,27,250.00","1,13,93,850.00","17,717","2,29,21,100.00",,0,0,0,26,28.5,31.4,25.8,6.7,86,8.9
24-06-26,"9,292","9,139","1,19,08,500.00","1,15,61,550.00","18,431","2,34,70,050.00",,0,0,0,27,28,30.6,25.7,5.2,86,9.4
25-06-26,"11,479","9,292","1,28,65,350.00","1,19,34,350.00","20,771","2,47,99,700.00",,0,0,0,28,28.6,32.4,25.7,5.7,85,8.4
26-06-26,"12,183","11,449","1,37,36,200.00","1,32,67,600.00","23,632","2,70,03,800.00",Ashura,1,0,1,29,29.1,32.6,26,1.1,82,8.2
27-06-26,"9,044","11,269","1,08,93,950.00","1,21,35,750.00","20,313","2,30,29,700.00",,0,0,1,30,29.7,33.2,26.9,4.7,79,11.2
28-06-26,"9,156","9,828","1,16,34,750.00","1,17,64,600.00","18,984","2,33,99,350.00",,0,0,0,31,29.5,33,27.5,2.9,82,12.6
29-06-26,"9,058","9,519","1,15,01,450.00","1,20,19,700.00","18,577","2,35,21,150.00",,0,0,0,32,28.7,31,26.3,7.6,85,11.2
30-06-26,"9,371","9,146","1,21,03,550.00","1,15,62,750.00","18,517","2,36,66,300.00",,0,0,0,33,28.1,31.6,26.2,18.3,88,6.7
01-07-26,"9,357","9,140","1,18,26,800.00","1,17,45,750.00","18,497","2,35,72,550.00",,0,0,0,34,28.4,31.1,26.3,7.5,86,8.7
02-07-26,"11,087","9,114","1,22,68,150.00","1,16,96,900.00","20,201","2,39,65,050.00",,0,0,0,35,29.2,31.8,26.1,3.8,81,10.8
03-07-26,"11,708","11,367","1,31,19,600.00","1,33,34,300.00","23,075","2,64,53,900.00",,0,0,1,36,29.7,33,26.3,5.1,79,13.8
04-07-26,"8,806","10,833","1,07,82,000.00","1,18,23,000.00","19,639","2,26,05,000.00",,0,0,1,37,30.3,34,27.4,4.2,74,17.8
05-07-26,"8,665","9,398","1,11,01,650.00","1,12,55,200.00","18,063","2,23,56,850.00",,0,0,0,38,27.5,29.3,26.6,13.8,89,21.7
06-07-26,"8,484","8,601","1,13,10,000.00","1,13,28,500.00","17,085","2,26,38,500.00",,0,0,0,39,27.6,30.4,25.7,12.8,89,18.6
07-07-26,"8,217","8,509","1,09,51,850.00","1,10,84,050.00","16,726","2,20,35,900.00",,0,0,0,40,27.6,30.5,25.4,11.3,90,12.5
08-07-26,"8,033","7,986","1,06,29,550.00","1,05,99,850.00","16,019","2,12,29,400.00",,0,0,0,41,27.7,30.4,25.8,30.8,92,13.7
09-07-26,"10,132","8,516","1,18,90,300.00","1,10,88,650.00","18,648","2,29,78,950.00",,0,0,0,42,27.6,30.2,25.9,28.6,90,14.2
10-07-26,"10,119","9,566","1,24,11,400.00","1,18,82,550.00","19,685","2,42,93,950.00",,0,0,1,43,27.1,28.9,25.1,50.4,93,14.2
11-07-26,"7,921","9,051","1,04,25,250.00","1,02,03,150.00","16,972","2,06,28,400.00",,0,0,1,44,28,31.1,26.1,10.5,89,11.6
12-07-26,"7,735","8,308","1,03,56,100.00","1,06,85,700.00","16,043","2,10,41,800.00",,0,0,0,45,28,30.1,26.1,28.3,90,11
13-07-26,"7,554","7,971","1,00,06,050.00","1,04,61,750.00","15,525","2,04,67,800.00",,0,0,0,46,27.7,29.1,26.5,17.9,92,8.1
14-07-26,"8,142","8,611","1,05,89,300.00","1,13,00,750.00","16,753","2,18,90,050.00",,0,0,0,47,29.2,32.2,26.4,1.6,82,8.7
15-07-26,"8,985","8,854","1,14,90,100.00","1,16,56,550.00","17,839","2,31,46,650.00",,0,0,0,48,29.3,32.4,27,2.7,78,12.8
16-07-26,"10,956","8,997","1,23,29,350.00","1,17,30,000.00","19,953","2,40,59,350.00",,0,0,0,49,29.2,32.1,27.1,3.5,79,19.3
17-07-26,"11,447","11,026","1,30,84,300.00","1,31,47,900.00","22,473","2,62,32,200.00",,0,0,1,50,28.8,31.1,27.1,6.3,82,18.1
18-07-26,"8,699","10,718","1,07,08,100.00","1,16,93,900.00","19,417","2,24,02,000.00",,0,0,1,51,29.2,32,26.9,2.8,79,17.5
19-07-26,"8,953","9,493","1,13,83,500.00","1,15,23,700.00","18,446","2,29,07,200.00",,0,0,0,52,28,30.7,26.9,19.3,87,15.4
20-07-26,"8,139","8,395","1,07,30,150.00","1,10,90,100.00","16,534","2,18,20,250.00",,0,0,0,53,26.9,28.1,26,15.1,91,11.2
21-07-26,"8,979","8,740","1,16,67,600.00","1,12,10,500.00","17,719","2,28,78,100.00",,0,0,0,54,27.5,31.1,25.8,6.8,86,13.6
22-07-26,"8,706","9,139","1,12,94,450.00","1,20,11,400.00","17,845","2,33,05,850.00",,0,0,0,55,27.1,30.1,25,13,88,14.7
23-07-26,"10,747","9,099","1,27,26,800.00","1,19,72,950.00","19,846","2,46,99,750.00",,0,0,0,56,27.1,30.3,24.7,10.6,87,13.1
24-07-26,"11,379","10,829","1,31,75,450.00","1,30,24,600.00","22,208","2,62,00,050.00",,0,0,1,57,27.6,30.5,25.2,4,84,11.6
25-07-26,"9,021","10,747","1,12,10,100.00","1,20,24,100.00","19,768","2,32,34,200.00",,0,0,1,58,28.7,31.9,25.9,1.1,78,13.9
26-07-26,"9,043","9,652","1,16,06,250.00","1,15,36,750.00","18,695","2,31,43,000.00",,0,0,0,59,29,32.6,26.4,2.1,77,16.3
27-07-26,"8,821","9,393","1,13,99,800.00","1,21,31,800.00","18,214","2,35,31,600.00",,0,0,0,60,28,30.9,25.7,8.2,84,21.2
28-07-26,"9,009","9,201","1,16,08,200.00","1,19,48,450.00","18,210","2,35,56,650.00",,0,0,0,61,28.3,31.1,25.8,5.1,82,19.4
29-07-26,"9,344","9,058","1,21,41,950.00","1,18,64,000.00","18,402","2,40,05,950.00",,0,0,0,62,27.8,30.1,26.1,7.6,87,16
30-07-26,"10,890","9,253","1,26,73,150.00","1,19,84,800.00","20,143","2,46,57,950.00",,0,0,0,63,27,29.8,25,20.1,91,13.7
31-07-26,"12,039","11,467","1,36,86,450.00","1,34,32,400.00","23,506","2,71,18,850.00",,0,0,1,64,28.7,32.3,26.8,4.5,83,11.3
01-08-26,"9,022","10,902","1,09,92,850.00","1,20,62,450.00","19,924","2,30,55,300.00",,0,0,1,65,28.4,31.8,26.6,10.1,86,10.7
02-08-26,"8,912","9,645","1,12,39,300.00","1,14,68,500.00","18,557","2,27,07,800.00",,0,0,0,66,28.5,31.6,26.8,34.3,87,10.3
03-08-26,"8,947","9,301","1,13,33,400.00","1,17,88,550.00","18,248","2,31,21,950.00",,0,0,0,67,28.6,32,26.4,12.9,87,8.4
04-08-26,"10,521","9,360","1,21,31,450.00","1,22,50,450.00","19,881","2,43,81,900.00",,0,0,0,68,28.5,31.9,27,9.6,88,9
05-08-26,"11,943","10,380","1,40,72,650.00","1,32,62,700.00","22,323","2,73,35,350.00",July Mass Uprising Day,1,0,0,69,27.7,31.2,26.5,21.2,89,7.1
06-08-26,"9,689","9,015","1,08,51,250.00","1,09,58,300.00","18,704","2,18,09,550.00",,0,0,0,70,27.2,29.6,26,10.4,91,6.9
07-08-26,"11,662","12,555","1,32,23,000.00","1,42,57,050.00","24,217","2,74,80,050.00",,0,0,1,71,27.3,29.8,25.9,9,89,12.1
08-08-26,"9,354","12,314","1,17,15,800.00","1,28,78,950.00","21,668","2,45,94,750.00",,0,0,1,72,28.3,31,25.8,7.4,85,13.3
09-08-26,"9,260","10,168","1,17,83,800.00","1,19,41,450.00","19,428","2,37,25,250.00",,0,0,0,73,28.9,31.2,26.4,3.1,82,9.7
10-08-26,"9,148","9,388","1,17,37,950.00","1,20,44,950.00","18,536","2,37,82,900.00",,0,0,0,74,29.6,32.9,26.6,11.5,80,7.1
11-08-26,"9,245","9,394","1,16,44,000.00","1,21,36,200.00","18,639","2,37,80,200.00",,0,0,0,75,29.3,33.2,25.4,8.5,78,8.7
12-08-26,"9,392","9,657","1,18,79,150.00","1,23,37,350.00","19,049","2,42,16,500.00",,0,0,0,76,29.7,33.4,26.8,8.2,79,13.9
13-08-26,"11,114","9,421","1,25,30,750.00","1,21,11,850.00","20,535","2,46,42,600.00",,0,0,0,77,28.5,31.4,26.6,7.4,84,19.4
14-08-26,"11,907","11,593","1,31,18,800.00","1,35,48,650.00","23,500","2,66,67,450.00",,0,0,1,78,29.4,33,26.3,1.4,79,15.6
15-08-26,"8,902","10,869","1,08,02,500.00","1,17,85,650.00","19,771","2,25,88,150.00",,0,0,1,79,29.5,32.5,26.8,1.9,78,15.9
16-08-26,"9,181","9,931","1,17,17,900.00","1,18,30,750.00","19,112","2,35,48,650.00",,0,0,0,80,28.1,30.6,26.5,7.3,84,17.3
17-08-26,"9,304","8,532","1,20,24,300.00","1,08,98,200.00","17,836","2,29,22,500.00",,0,0,0,81,27.3,29.9,25.8,22.6,90,19.4
18-08-26,"9,070","9,012","1,17,87,250.00","1,17,33,900.00","18,082","2,35,21,150.00",,0,0,0,82,28.7,31.6,25.9,2.6,82,16.6
19-08-26,"9,005","9,197","1,16,99,450.00","1,18,42,250.00","18,202","2,35,41,700.00",,0,0,0,83,29.2,32.2,26.8,2.7,81,11.3
20-08-26,"10,808","9,439","1,21,68,700.00","1,22,73,100.00","20,247","2,44,41,800.00",,0,0,0,84,29.8,33,27.1,1.7,79,8.1
21-08-26,"11,670","11,458","1,30,63,250.00","1,32,93,450.00","23,128","2,63,56,700.00",,0,0,1,85,30.3,33.6,27.6,3.5,80,5.9
22-08-26,"8,912","10,799","1,06,41,750.00","1,18,38,800.00","19,711","2,24,80,550.00",,0,0,1,86,30.1,33.3,26.6,6.7,81,8
23-08-26,"9,066","9,589","1,14,86,800.00","1,16,64,550.00","18,655","2,31,51,350.00",,0,0,0,87,29.5,32.8,26.7,11.3,80,16.1
24-08-26,"9,021","9,252","1,16,42,350.00","1,19,31,600.00","18,273","2,35,73,950.00",,0,0,0,88,28.9,32.1,27.2,9.6,82,19.9
