date,time_index,dow_sin,dow_cos,month_sin,month_cos,doy_sin,doy_cos,weekend,is_holiday,eid,days_to_nearest_eid,eid_relative_day,temp_mean_c,temp_max_c,temp_min_c,rainfall_mm,humidity_pct,wind_speed_kmh,rainy_day,heavy_rain,rail_open,time_after_rail,padma_traffic_lag_1,padma_traffic_lag_2,padma_traffic_lag_3,padma_traffic_lag_7,padma_traffic_lag_14,padma_traffic_lag_28,padma_traffic_roll_mean_7,padma_traffic_roll_mean_14,padma_traffic_roll_mean_30,padma_traffic_roll_std_7,padma_traffic_roll_std_30,padma_traffic_change_1_7,padma_roll7_minus_roll30,padma_cash_lag_1,padma_cash_lag_7,padma_cash_lag_14,padma_cash_roll_mean_7,padma_cash_roll_mean_30,revenue_per_vehicle_lag_1,revenue_per_vehicle_roll_mean_7,jamuna_traffic_lag_1,jamuna_traffic_lag_2,jamuna_traffic_lag_7,jamuna_traffic_lag_14,jamuna_traffic_roll_mean_7,jamuna_traffic_roll_mean_30,jamuna_cash_lag_1,jamuna_cash_lag_7,jamuna_cash_roll_mean_7,padma_total_traffic,padma_total_cash,holiday_name
2022-07-31,35.0,-0.7818314824680299,0.6234898018587334,1.2246467991473532e-16,-1.0,-0.46896519100763184,-0.8832166493127127,0.0,0,0,21.0,21.0,29.5,32.7,27.1,3.1,79.0,11.1,1,0,0,0.0,15172.0,21658.0,13347.0,11809.0,18576.0,13391.0,14057.857142857143,15266.0,19147.666666666668,3551.7256101117778,6720.0362290348,3363.0,-5089.809523809525,20879200.0,17545100.0,26280100.0,20365885.714285713,25542580.0,1376.1666227260744,1462.7228138091104,18681.0,21296.0,19601.0,29997.0,20399.0,25369.7,16953850.0,18686300.0,19320142.85714286,12590.0,18742000.0,
2022-08-01,36.0,0.0,1.0,-0.4999999999999997,-0.8660254037844388,-0.48408852163897587,-0.8750190302029955,0.0,0,0,22.0,22.0,29.0,32.6,27.1,9.2,83.0,8.4,1,0,0,0.0,12590.0,15172.0,21658.0,12117.0,15875.0,13624.0,14169.42857142857,14838.42857142857,18687.4,3480.867653193337,6679.066673389796,473.0,-4517.971428571431,18742000.0,18319200.0,23056750.0,20536871.42857143,25112206.666666668,1488.6417791898332,1463.1373979695295,19010.0,18681.0,20828.0,24967.0,20314.571428571428,25237.8,18147500.0,19850400.0,19243171.42857143,12330.0,18865900.0,
2022-08-02,37.0,0.7818314824680298,0.6234898018587336,-0.4999999999999997,-0.8660254037844388,-0.4990686026885319,-0.8665624788845385,0.0,0,0,23.0,23.0,28.2,31.1,25.8,5.2,86.0,5.8,1,0,0,0.0,12330.0,12590.0,15172.0,11947.0,14606.0,15393.0,14199.857142857143,14585.214285714286,18498.266666666666,3460.8089337885363,6778.67949165431,383.0,-4298.409523809523,18865900.0,18275800.0,21504200.0,20614971.42857143,24965348.333333332,1530.081103000811,1465.7405025222927,18049.0,19010.0,20934.0,23648.0,19917.571428571428,25111.2,17588150.0,20130350.0,18919992.85714286,12055.0,18488500.0,
2022-08-03,38.0,0.9749279121818236,-0.22252093395631434,-0.4999999999999997,-0.8660254037844388,-0.5139010013093103,-0.8578494977869301,0.0,0,0,24.0,24.0,28.5,31.6,26.6,14.5,85.0,7.0,1,0,0,0.0,12055.0,12330.0,12590.0,12355.0,13507.0,16709.0,14215.285714285714,14403.0,18453.733333333334,3449.3132511794247,6817.665668527325,-300.0,-4238.44761904762,18488500.0,18641850.0,20246100.0,20645357.14285714,24941753.333333332,1533.6789713811697,1466.3032579192345,18936.0,18049.0,20870.0,22056.0,19632.14285714286,24975.2,18453400.0,20339000.0,18680428.57142857,12290.0,18837100.0,
2022-08-04,39.0,0.43388373911755823,-0.900968867902419,-0.4999999999999997,-0.8660254037844388,-0.5285813283559292,-0.8488826652214553,0.0,0,0,25.0,25.0,29.2,32.6,26.5,4.4,80.0,13.0,1,0,0,0.0,12290.0,12055.0,12330.0,13347.0,14053.0,22703.0,14206.0,14316.07142857143,18409.266666666666,3455.238293760176,6854.503568298446,-1057.0,-4203.266666666666,18837100.0,19786350.0,20626450.0,20673250.0,24904180.0,1532.7176566314076,1469.7128277600282,18844.0,18936.0,20583.0,21425.0,19342.714285714286,24779.0,18269650.0,19428350.0,18384807.14285714,12879.0,19562300.0,
2022-08-05,40.0,-0.433883739117558,-0.9009688679024191,-0.4999999999999997,-0.8660254037844388,-0.5431052396834317,-0.8396646346181327,1.0,0,0,26.0,26.0,29.7,33.0,26.9,0.7,79.0,10.6,1,0,0,0.0,12879.0,12290.0,12055.0,21658.0,22745.0,31723.0,14139.142857142857,14232.214285714286,18325.466666666667,3479.075280807226,6907.810840077983,-8779.0,-4186.32380952381,19562300.0,29113700.0,30134600.0,20641242.85714286,24800366.666666668,1518.9300411522634,1474.9233005175151,20235.0,18844.0,21296.0,23047.0,19293.0,24531.566666666666,18692750.0,19852750.0,18279721.42857143,21147.0,28608350.0,
2022-08-06,41.0,-0.9749279121818236,-0.2225209339563146,-0.4999999999999997,-0.8660254037844388,-0.5574684374327892,-0.8301981337405212,1.0,0,0,27.0,27.0,28.9,31.8,27.2,7.2,82.0,12.6,1,0,0,0.0,21147.0,12879.0,12290.0,15172.0,15957.0,19796.0,14066.142857142857,14118.07142857143,18473.4,3295.5357393789373,6919.510709231719,5975.0,-4407.257142857145,28608350.0,20879200.0,21923400.0,20569050.0,24947186.666666668,1352.8325530808152,1476.1498181660536,20757.0,20235.0,18681.0,20015.0,19216.0,24076.566666666666,19071600.0,16953850.0,18168128.57142857,14415.0,20131000.0,
2022-08-07,42.0,-0.7818314824680299,0.6234898018587334,-0.4999999999999997,-0.8660254037844388,-0.5716666713027052,-0.8204859638785327,0.0,0,0,28.0,28.0,29.6,33.2,26.9,0.3,77.0,14.9,1,0,0,0.0,14415.0,21147.0,12879.0,12590.0,11809.0,11954.0,13958.0,14007.92857142857,18197.133333333335,3265.482404382759,6910.263784242691,1825.0,-4239.133333333335,20131000.0,18742000.0,17545100.0,20462164.285714287,24563165.0,1396.5313909122442,1479.059070764078,17071.0,20757.0,19010.0,19601.0,18986.0,23192.433333333334,15444550.0,18147500.0,17952514.285714287,11547.0,17933750.0,
2022-08-08,43.0,0.0,1.0,-0.4999999999999997,-0.8660254037844388,-0.5856957398073508,-0.8105309990194823,0.0,0,0,29.0,29.0,29.1,33.1,27.0,1.1,79.0,20.5,1,0,0,0.0,11547.0,14415.0,21147.0,12330.0,12117.0,32440.0,13809.0,13989.214285714286,17524.6,3360.7127716205396,6519.220371200525,-783.0,-3715.5999999999985,17933750.0,18865900.0,18319200.0,20346700.0,23762968.333333332,1553.1090326491728,1488.2686784011262,17594.0,17071.0,18049.0,20828.0,18783.714285714286,22385.0,16499450.0,17588150.0,17717078.57142857,11698.0,18447800.0,
2022-08-09,44.0,0.7818314824680298,0.6234898018587336,-0.4999999999999997,-0.8660254037844388,-0.5995514915196489,-0.8003361849976323,0.0,1,0,30.0,30.0,28.0,31.0,26.5,3.5,81.0,27.4,1,0,0,0.0,11698.0,11547.0,14415.0,12055.0,11947.0,31411.0,13718.714285714286,13959.285714285714,17254.666666666668,3415.1174071709424,6589.204553182289,-357.0,-3535.9523809523816,18447800.0,18488500.0,18275800.0,20286971.42857143,23464951.666666668,1577.004616173705,1494.9720374258254,17882.0,17594.0,18936.0,20934.0,18759.85714285714,21816.6,17447150.0,18453400.0,17696935.714285713,15638.0,22720950.0,Ashura
2022-08-10,45.0,0.9749279121818236,-0.22252093395631434,-0.4999999999999997,-0.8660254037844388,-0.6132298262997502,-0.7899045386224707,0.0,0,0,31.0,31.0,27.3,29.6,26.2,10.6,83.0,29.9,1,0,0,0.0,15638.0,11698.0,11547.0,12290.0,12355.0,26129.0,14230.57142857143,14222.92857142857,17377.466666666667,3392.636381790375,6520.9874211752995,3348.0,-3146.895238095238,22720950.0,18837100.0,18641850.0,20891607.14285714,23735288.333333332,1452.9319606087736,1483.436750172626,19059.0,17882.0,18844.0,20870.0,18777.428571428572,21912.566666666666,18564550.0,18269650.0,17712814.285714287,10969.0,17222900.0,
2022-08-11,46.0,0.43388373911755823,-0.900968867902419,-0.4999999999999997,-0.8660254037844388,-0.6267266965083301,-0.7792391467859886,0.0,0,0,32.0,32.0,26.9,29.4,25.6,5.9,87.0,24.8,1,0,0,0.0,10969.0,15638.0,11698.0,12879.0,13347.0,23779.0,14041.857142857143,14123.92857142857,16661.766666666666,3551.5871770506415,5965.408247921333,-1910.0,-2619.9095238095233,17222900.0,19562300.0,19786350.0,20661007.14285714,23107538.333333332,1570.143130640897,1488.7832464596959,18057.0,19059.0,20235.0,20583.0,18665.0,21921.666666666668,17468100.0,18692750.0,17598307.14285714,12998.0,20143550.0,
2022-08-12,47.0,-0.433883739117558,-0.9009688679024191,-0.4999999999999997,-0.8660254037844388,-0.6400381082043503,-0.7683431655492202,1.0,0,0,33.0,33.0,28.5,32.1,25.3,3.1,81.0,12.2,1,0,0,0.0,12998.0,10969.0,15638.0,21147.0,21658.0,29757.0,14058.857142857143,14099.0,16048.0,3545.372732100798,5306.400780319874,-8149.0,-1989.1428571428569,20143550.0,28608350.0,29113700.0,20744042.85714286,22600175.0,1549.7422680412371,1493.1849931581207,19755.0,18057.0,20757.0,21296.0,18596.428571428572,21939.2,18684250.0,19071600.0,17597092.85714286,18520.0,25863350.0,
2022-08-13,48.0,-0.9749279121818236,-0.2225209339563146,-0.4999999999999997,-0.8660254037844388,-0.65316012232693,-0.7572198192083127,1.0,0,0,34.0,34.0,28.3,31.6,26.2,8.0,81.0,20.8,1,0,0,0.0,18520.0,12998.0,10969.0,14415.0,15172.0,27495.0,13683.57142857143,13874.857142857143,15794.366666666667,2710.8472757389018,4979.728267640744,4105.0,-2110.7952380952374,25863350.0,20131000.0,20879200.0,20351900.0,22448005.0,1396.5091792656588,1499.4245111845269,20863.0,19755.0,17071.0,18681.0,18611.571428571428,21921.966666666667,19614200.0,15444550.0,17674607.14285714,13318.0,19547050.0,
2022-08-14,49.0,-0.7818314824680299,0.6234898018587334,-0.4999999999999997,-0.8660254037844388,-0.666088855860977,-0.7458723993404063,0.0,0,0,35.0,35.0,27.2,28.6,26.2,7.5,85.0,28.6,1,0,0,0.0,13318.0,18520.0,12998.0,11547.0,12590.0,18576.0,13526.857142857143,13742.42857142857,15445.666666666666,2693.167183111838,4762.871441453795,1771.0,-1918.809523809523,19547050.0,17933750.0,18742000.0,20268478.57142857,22127971.666666668,1467.7166241177354,1509.5938302138832,17779.0,20863.0,17594.0,19010.0,18712.714285714286,21582.933333333334,16531300.0,16499450.0,17829857.14285714,11414.0,17716850.0,
2022-08-15,50.0,0.0,1.0,-0.4999999999999997,-0.8660254037844388,-0.6788204829862355,-0.734304263829602,0.0,1,0,36.0,36.0,28.3,31.6,26.3,1.0,81.0,18.1,1,0,0,0.0,11414.0,13318.0,18520.0,11698.0,12330.0,15875.0,13507.857142857143,13658.42857142857,14834.233333333334,2709.8800975056474,3974.435285701599,-284.0,-1326.3761904761905,17716850.0,18447800.0,18865900.0,20237492.85714286,21499165.0,1552.203434378833,1509.4644590324058,17995.0,17779.0,17882.0,18049.0,18770.0,20901.866666666665,17094350.0,17447150.0,17914842.85714286,15454.0,22260500.0,National Mourning Day
2022-08-16,51.0,0.7818314824680298,0.6234898018587336,-0.4999999999999997,-0.8660254037844388,-0.6913512362094071,-0.722518835873311,0.0,0,0,37.0,37.0,28.9,32.9,25.6,1.7,82.0,9.0,1,0,0,0.0,15454.0,11414.0,13318.0,15638.0,12055.0,14606.0,14044.42857142857,13881.57142857143,14432.866666666667,2663.244503554706,3180.4585522057855,-184.0,-388.43809523809614,22260500.0,22720950.0,18488500.0,20782164.285714287,21047488.333333332,1440.4361330399897,1489.9546757275893,18736.0,17995.0,19059.0,18936.0,18892.0,20285.666666666668,17510500.0,18564550.0,17923892.85714286,10763.0,16997850.0,
2022-08-17,52.0,0.9749279121818236,-0.22252093395631434,-0.4999999999999997,-0.8660254037844388,-0.7036774074790128,-0.7105196029692745,0.0,0,0,38.0,38.0,30.1,33.3,26.8,0.3,77.0,6.4,1,0,0,0.0,10763.0,15454.0,11414.0,10969.0,12290.0,13507.0,13348.0,13789.285714285714,14172.433333333332,2810.4104682412635,3149.229699831202,-206.0,-824.4333333333325,16997850.0,17222900.0,18837100.0,19964578.57142857,20738080.0,1579.2855151909318,1508.0051835250404,17423.0,18736.0,18057.0,18844.0,18658.285714285714,19866.533333333333,16555750.0,17468100.0,17636921.42857143,12187.0,19451050.0,
2022-08-18,53.0,0.43388373911755823,-0.900968867902419,-0.4999999999999997,-0.8660254037844388,-0.7157953492826642,-0.6983101158835584,0.0,0,0,39.0,39.0,31.0,36.3,27.9,12.2,78.0,10.3,1,0,0,0.0,12187.0,10763.0,15454.0,12998.0,12879.0,14053.0,13522.0,13781.92857142857,14049.5,2672.913204726273,3152.457265427225,-811.0,-527.5,19451050.0,20143550.0,19562300.0,20282885.714285713,20617890.0,1596.0490686797407,1511.7060318163037,19159.0,17423.0,19755.0,20235.0,18815.714285714286,19672.933333333334,17797800.0,18684250.0,17684021.42857143,15952.0,21944550.0,
2022-08-19,54.0,-0.433883739117558,-0.9009688679024191,-0.4999999999999997,-0.8660254037844388,-0.7277014757264236,-0.6858939875998223,1.0,1,0,40.0,40.0,28.6,30.5,27.3,1.6,79.0,23.9,1,0,0,0.0,15952.0,12187.0,10763.0,18520.0,21147.0,22745.0,13944.0,14001.42857142857,14094.366666666667,2806.258659971802,3170.1791582499513,-2568.0,-150.3666666666668,21944550.0,25863350.0,28608350.0,20540171.42857143,20632568.333333332,1375.6613590772317,1486.8373305357316,19896.0,19159.0,20863.0,20757.0,18835.85714285714,19547.866666666665,18281900.0,19614200.0,17626542.85714286,17690.0,24490250.0,Janmashtami
2022-08-20,55.0,-0.9749279121818236,-0.2225209339563146,-0.4999999999999997,-0.8660254037844388,-0.7393922635959241,-0.673274892250183,1.0,0,0,41.0,41.0,28.5,31.7,25.6,10.9,80.0,22.6,1,0,0,0.0,17690.0,15952.0,12187.0,13318.0,14415.0,15957.0,13825.42857142857,13754.5,14233.8,2589.879395978576,3234.785985565948,4372.0,-408.3714285714286,24490250.0,19547050.0,20131000.0,20344014.285714287,20774040.0,1384.4120972300734,1485.1091759592196,18946.0,19896.0,17779.0,17071.0,18562.0,19444.2,17427800.0,16531300.0,17314200.0,14478.0,20656000.0,
2022-08-21,56.0,-0.7818314824680299,0.6234898018587334,-0.4999999999999997,-0.8660254037844388,-0.7508642533989489,-0.6604565640279754,0.0,0,0,42.0,42.0,29.1,32.7,26.4,2.1,79.0,13.0,1,0,0,0.0,14478.0,17690.0,15952.0,11414.0,11547.0,11809.0,13991.142857142857,13759.0,14247.966666666667,2589.1114581757984,3234.8975092578075,3064.0,-256.82380952381027,20656000.0,17716850.0,17933750.0,20502435.714285713,20775025.0,1426.7163972924436,1479.2520006984632,17826.0,18946.0,17995.0,17594.0,18568.714285714286,19324.233333333334,15498650.0,17094350.0,17166678.57142857,11161.0,17556050.0,
2022-08-22,57.0,0.0,1.0,-0.4999999999999997,-0.8660254037844388,-0.7621140503891487,-0.6474427960827475,0.0,0,0,43.0,43.0,29.2,33.6,25.8,5.2,82.0,6.5,1,0,0,0.0,11161.0,14478.0,17690.0,15454.0,11698.0,12117.0,13955.0,13731.42857142857,13861.833333333334,2632.4857707751057,2854.6943442075626,-4293.0,93.16666666666606,17556050.0,22260500.0,18447800.0,20479464.285714287,20355740.0,1572.9818116656213,1482.2203403108617,17231.0,17826.0,18736.0,17882.0,18459.571428571428,19130.366666666665,16182000.0,17510500.0,17036342.85714286,11265.0,18205500.0,
2022-08-23,58.0,0.7818314824680298,0.6234898018587336,-0.4999999999999997,-0.8660254037844388,-0.7731383255706026,-0.6342374393978054,0.0,0,0,44.0,44.0,27.7,30.8,25.6,39.3,87.0,11.2,1,1,0,0.0,11265.0,11161.0,14478.0,10763.0,15638.0,11947.0,13356.57142857143,13700.5,13705.433333333332,2709.9252669365314,2864.4618280521545,502.0,-348.86190476190313,18205500.0,16997850.0,22720950.0,19900178.57142857,20231810.0,1616.1118508655127,1507.3168714287935,17403.0,17231.0,17423.0,19059.0,18269.14285714286,19043.3,16910700.0,16555750.0,16950657.14285714,11249.0,18128000.0,
2022-08-24,59.0,0.9749279121818236,-0.22252093395631434,-0.4999999999999997,-0.8660254037844388,-0.7839338166829201,-0.620844401650647,0.0,0,0,45.0,45.0,28.2,31.2,26.0,1.3,80.0,19.8,1,0,0,0.0,11249.0,11265.0,11161.0,12187.0,10969.0,12355.0,13426.0,13387.0,13686.766666666666,2637.6653818607742,2879.0339457741056,-938.0,-260.7666666666664,18128000.0,19451050.0,17222900.0,20061628.57142857,20251240.0,1611.5210240910303,1511.9219441288076,17053.0,17403.0,19159.0,18057.0,18216.285714285714,18958.366666666665,16507400.0,17797800.0,16943750.0,11543.0,18606750.0,
2022-08-25,60.0,0.43388373911755823,-0.900968867902419,-0.4999999999999997,-0.8660254037844388,-0.7944973291665992,-0.6072676460566135,0.0,0,0,46.0,46.0,28.8,32.7,25.1,0.3,77.0,7.1,1,0,0,0.0,11543.0,11249.0,11265.0,15952.0,12998.0,13347.0,13334.0,13428.0,13667.633333333333,2698.610506662039,2891.7053968720475,-4409.0,-333.6333333333332,18606750.0,21944550.0,20143550.0,19941014.285714287,20260825.0,1611.9509659533917,1514.1936437393292,17151.0,17053.0,19896.0,19755.0,17929.428571428572,18835.8,16689150.0,18281900.0,16785371.42857143,12254.0,19596750.0,
2022-08-26,61.0,-0.433883739117558,-0.9009688679024191,-0.4999999999999997,-0.8660254037844388,-0.8048257371083452,-0.593511190196115,1.0,0,0,47.0,47.0,29.5,33.4,26.2,0.5,76.0,7.2,1,0,0,0.0,12254.0,11543.0,11249.0,17690.0,18520.0,21658.0,12805.714285714286,13374.857142857143,13677.866666666667,2451.321664890594,2885.943827366139,-5436.0,-872.1523809523806,19596750.0,24490250.0,25863350.0,19605614.285714287,20304856.666666668,1599.2125020401502,1546.1295213054602,18525.0,17151.0,18946.0,20863.0,17733.571428571428,18755.5,17397250.0,17427800.0,16658992.857142856,17409.0,24962800.0,
2022-08-27,62.0,-0.9749279121818236,-0.2225209339563146,-0.4999999999999997,-0.8660254037844388,-0.8149159841660791,-0.5795791048257612,1.0,0,0,48.0,48.0,28.7,32.0,26.8,1.4,83.0,12.1,1,0,0,0.0,17409.0,12254.0,11543.0,14478.0,13318.0,15172.0,12765.57142857143,13295.5,13846.333333333334,2358.5510988135015,2952.797800489357,2931.0,-1080.7619047619046,24962800.0,20656000.0,19547050.0,19673121.42857143,20515555.0,1433.9020047102074,1553.1995080883366,19408.0,18525.0,17826.0,17779.0,17799.571428571428,18706.766666666666,18233250.0,15498650.0,16774057.142857144,13743.0,20027500.0,
2022-08-28,63.0,-0.7818314824680299,0.6234898018587334,-0.4999999999999997,-0.8660254037844388,-0.8247650844733614,-0.5654755126737576,0.0,0,0,49.0,49.0,28.5,32.1,26.8,1.3,82.0,12.6,1,0,0,0.0,13743.0,17409.0,12254.0,11161.0,11414.0,12590.0,12660.57142857143,13325.857142857143,13859.533333333333,2284.8179983785094,2951.3734235195557,2582.0,-1198.9619047619035,20027500.0,17556050.0,17716850.0,19583335.714285713,20523593.333333332,1457.2873462853815,1557.5667865158994,16529.0,19408.0,17231.0,17995.0,17614.285714285714,18571.633333333335,15212750.0,16182000.0,16733214.285714285,11071.0,17374100.0,
2022-08-29,64.0,0.0,1.0,-0.4999999999999997,-0.8660254037844388,-0.8343701235229537,-0.5512045872199277,0.0,0,0,50.0,50.0,28.7,32.4,25.5,1.4,81.0,7.5,1,0,0,0.0,11071.0,13743.0,17409.0,11265.0,15454.0,12330.0,12647.714285714286,13301.357142857143,13506.633333333333,2294.89380395448,2598.6152211930425,-194.0,-858.919047619047,17374100.0,18205500.0,22260500.0,19557342.85714286,20132273.333333332,1569.3342968114894,1557.045712965309,16910.0,16529.0,17403.0,18736.0,17568.428571428572,18425.433333333334,16191650.0,16910700.0,16734592.857142856,11477.0,18245550.0,
2022-08-30,65.0,0.7818314824680298,0.6234898018587336,-0.4999999999999997,-0.8660254037844388,-0.8437282590292712,-0.5367705514607103,0.0,0,0,51.0,51.0,30.0,33.9,26.2,0.1,74.0,7.5,1,0,0,0.0,11477.0,11071.0,13743.0,11249.0,10763.0,12055.0,12678.0,13017.285714285714,13383.466666666667,2274.9167750345123,2604.519251864614,228.0,-705.4666666666672,18245550.0,18128000.0,16997850.0,19563064.285714287,20044485.0,1589.7490633440796,1553.2796004622471,16976.0,16910.0,17053.0,17423.0,17507.428571428572,18368.6,16546200.0,16507400.0,16682521.42857143,11627.0,18558250.0,
2022-08-31,66.0,0.9749279121818236,-0.22252093395631434,-0.4999999999999997,-0.8660254037844388,-0.8528367217694595,-0.522177676659508,0.0,0,0,52.0,52.0,29.9,33.9,27.0,0.4,76.0,9.2,1,0,0,0.0,11627.0,11477.0,11071.0,11543.0,12187.0,12290.0,12732.0,13079.0,13351.366666666667,2239.5544943879854,2620.5209337778415,84.0,-619.3666666666668,18558250.0,18606750.0,19451050.0,19624528.57142857,20038360.0,1596.1339984518793,1551.0814539423684,17161.0,16976.0,17151.0,19159.0,17522.85714285714,18306.966666666667,16556700.0,16689150.0,16689564.285714285,11765.0,18583600.0,
2022-09-01,67.0,0.43388373911755823,-0.900968867902419,-0.8660254037844384,-0.5000000000000004,-0.8616928164028521,-0.5074302810827518,0.0,0,0,53.0,53.0,29.2,33.3,27.0,3.5,80.0,9.0,1,0,0,0.0,11765.0,11627.0,11477.0,12254.0,15952.0,12879.0,12763.714285714286,13048.857142857143,13332.533333333333,2221.4092159622446,2630.1271600743935,-489.0,-568.8190476190466,18583600.0,19596750.0,21944550.0,19621221.42857143,20028950.0,1579.566510837229,1546.455103211488,17452.0,17161.0,18525.0,19896.0,17565.85714285714,18287.066666666666,16987550.0,17397250.0,16732192.857142856,12568.0,19370050.0,
2022-09-02,68.0,-0.433883739117558,-0.9009688679024191,-0.8660254037844384,-0.5000000000000004,-0.8702939222685674,-0.49253272872205434,1.0,0,0,54.0,54.0,28.8,32.4,26.2,1.5,83.0,8.4,1,0,0,0.0,12568.0,11765.0,11627.0,17409.0,17690.0,21147.0,12808.57142857143,12807.142857142857,13349.633333333333,2212.5537174001092,2623.1932696401027,-4841.0,-541.0619047619039,19370050.0,24962800.0,24490250.0,19588835.714285713,20058335.0,1541.2197644812222,1538.1704264173552,18364.0,17452.0,19408.0,18946.0,17542.85714285714,18268.0,16948950.0,18233250.0,16668150.0,16646.0,23462300.0,
2022-09-03,69.0,-0.9749279121818236,-0.2225209339563146,-0.8660254037844384,-0.5000000000000004,-0.8786374941610001,-0.4774894280028391,1.0,0,0,55.0,55.0,28.5,32.1,26.7,19.6,85.0,10.0,1,0,0,0.0,16646.0,12568.0,11765.0,13743.0,14478.0,14415.0,12699.57142857143,12732.57142857143,13494.833333333334,1951.5426254754752,2682.406691931634,2903.0,-795.2619047619046,23462300.0,20027500.0,20656000.0,19374478.57142857,20212508.333333332,1409.485762345308,1534.6823917937986,18619.0,18364.0,16529.0,17826.0,17430.14285714286,18260.5,17273200.0,15212750.0,16531000.0,14205.0,20444250.0,
2022-09-04,70.0,-0.7818314824680299,0.6234898018587334,-0.8660254037844384,-0.5000000000000004,-0.886721063082993,-0.46230483047981086,0.0,0,0,56.0,56.0,28.1,31.0,26.1,17.3,87.0,9.3,1,0,0,0.0,14205.0,16646.0,12568.0,11071.0,11161.0,11547.0,12765.57142857143,12713.07142857143,13539.033333333333,1999.9246533426476,2682.833942749325,3134.0,-773.4619047619035,20444250.0,17374100.0,17556050.0,19434014.285714287,20241906.666666668,1439.2291446673707,1532.1026487055112,15884.0,18619.0,16910.0,17231.0,17338.0,18115.466666666667,14196950.0,16191650.0,16385885.714285715,12270.0,19158950.0,
2022-09-05,71.0,0.0,1.0,-0.8660254037844384,-0.5000000000000004,-0.8945422369764496,-0.4469834295196741,0.0,0,0,57.0,57.0,27.9,30.2,26.1,5.4,87.0,9.8,1,0,0,0.0,12270.0,14205.0,16646.0,11477.0,11265.0,11698.0,12936.857142857143,12792.285714285714,13243.133333333333,1878.2455846322555,2273.0271890804397,793.0,-306.2761904761901,19158950.0,18245550.0,18205500.0,19688992.85714286,19926926.666666668,1561.4466177669112,1530.9758374134287,16785.0,15884.0,16976.0,17403.0,17320.14285714286,17983.066666666666,15643400.0,16546200.0,16307564.285714285,11412.0,17997150.0,
2022-09-06,72.0,0.7818314824680298,0.6234898018587336,-0.8660254037844384,-0.5000000000000004,-0.9020987014301837,-0.43152975897147144,0.0,0,0,58.0,58.0,28.2,31.2,25.7,8.4,86.0,7.5,1,0,0,0.0,11412.0,12270.0,14205.0,11627.0,11249.0,15638.0,12927.57142857143,12802.785714285714,13143.033333333333,1886.8069020740759,2285.728609155671,-215.0,-215.4619047619035,17997150.0,18558250.0,18128000.0,19653507.14285714,19855798.333333332,1577.0373291272344,1529.1598753824508,17076.0,16785.0,17161.0,17053.0,17334.428571428572,17983.233333333334,16537250.0,16556700.0,16306285.714285715,11105.0,17379850.0,
2022-09-07,73.0,0.9749279121818236,-0.22252093395631434,-0.8660254037844384,-0.5000000000000004,-0.9093882203647925,-0.4159483918249421,0.0,0,0,59.0,59.0,29.7,33.2,26.9,1.2,81.0,7.0,1,0,0,0.0,11105.0,11412.0,12270.0,11765.0,11543.0,10969.0,12853.0,12792.5,13128.3,1955.8287246075736,2297.763892765449,-660.0,-275.2999999999993,17379850.0,18583600.0,18606750.0,19485164.285714287,19837335.0,1565.047276001801,1524.7189150324396,17010.0,17076.0,17452.0,17151.0,17312.85714285714,17963.766666666666,16494500.0,16987550.0,16297400.0,11704.0,18328700.0,
2022-09-08,74.0,0.43388373911755823,-0.900968867902419,-0.8660254037844384,-0.5000000000000004,-0.9164086366943458,-0.4002439388573056,0.0,0,0,60.0,60.0,30.4,33.3,27.1,1.9,79.0,5.0,1,0,0,0.0,11704.0,11105.0,11412.0,12568.0,12254.0,12998.0,12844.285714285714,12804.0,13128.5,1961.6116430362372,2297.6353624151866,-864.0,-284.21428571428623,18328700.0,19370050.0,19596750.0,19448750.0,19833365.0,1566.0201640464797,1522.783722633761,17277.0,17010.0,18364.0,18525.0,17287.85714285714,17943.6,16434300.0,16948950.0,16218364.285714285,12770.0,20070750.0,
2022-09-09,75.0,-0.433883739117558,-0.9009688679024191,-0.8660254037844384,-0.5000000000000004,-0.9231578729647039,-0.38442104726885545,1.0,0,0,61.0,61.0,29.4,33.2,26.5,5.3,82.0,6.9,1,0,0,0.0,12770.0,11704.0,11105.0,16646.0,17409.0,18520.0,12873.142857142857,12840.857142857143,13032.9,1958.3529158089023,2248.765720460297,-3876.0,-159.75714285714275,20070750.0,23462300.0,24962800.0,19548850.0,19745025.0,1571.7110415035238,1527.1396193512326,18257.0,17277.0,18619.0,19408.0,17272.571428571428,17916.866666666665,16513500.0,17273200.0,16156157.142857144,16595.0,23651150.0,
2022-09-10,76.0,-0.9749279121818236,-0.2225209339563146,-0.8660254037844384,-0.5000000000000004,-0.9296339319682695,-0.3684843993077793,1.0,0,0,62.0,62.0,28.1,30.1,26.3,12.0,83.0,13.9,1,0,0,0.0,16595.0,12770.0,11704.0,14205.0,13743.0,13318.0,12865.857142857143,12782.714285714286,13220.433333333332,1942.0038987749822,2304.6076887077006,2390.0,-354.57619047618937,23651150.0,20444250.0,20027500.0,19575828.57142857,19959300.0,1425.1973485989756,1529.3841316731853,19678.0,18257.0,15884.0,16529.0,17423.85714285714,17970.9,17990650.0,14196950.0,16258650.0,13231.0,19179250.0,
2022-09-11,77.0,-0.7818314824680299,0.6234898018587334,-0.8660254037844384,-0.5000000000000004,-0.9358348973349941,-0.35243871088460327,0.0,0,0,63.0,63.0,25.9,27.7,25.1,29.9,92.0,16.9,1,1,0,0.0,13231.0,16595.0,12770.0,12270.0,11071.0,11414.0,12726.714285714286,12746.142857142857,13228.2,1863.3650308233566,2304.224806441586,961.0,-501.4857142857145,19179250.0,19158950.0,17374100.0,19395114.285714287,19927156.666666668,1449.5691935605773,1530.8612815150718,16992.0,19678.0,16785.0,16910.0,17582.14285714286,17878.8,15182850.0,15643400.0,16399492.857142856,11675.0,17841800.0,
2022-09-12,78.0,0.0,1.0,-0.8660254037844384,-0.5000000000000004,-0.9417589340994617,-0.33628873017668287,0.0,0,0,64.0,64.0,25.2,25.8,24.5,46.3,94.0,16.3,1,1,0,0.0,11675.0,13231.0,16595.0,11412.0,11477.0,15454.0,12641.714285714286,12789.285714285714,13000.033333333333,1900.8645150988527,2091.209755196729,263.0,-358.3190476190466,17841800.0,17997150.0,18245550.0,19206950.0,19659771.666666668,1528.2055674518201,1526.1125600414873,17404.0,16992.0,17076.0,16976.0,17670.571428571428,17763.5,16123050.0,16537250.0,16468014.285714285,11491.0,17860800.0,
2022-09-13,79.0,0.7818314824680298,0.6234898018587336,-0.8660254037844384,-0.5000000000000004,-0.9474042892438845,-0.32003923622313857,0.0,0,0,65.0,65.0,25.2,27.4,24.3,39.9,93.0,14.4,1,1,0,0.0,11491.0,11675.0,13231.0,11105.0,11627.0,10763.0,12653.0,12790.285714285714,12939.133333333333,1892.563076888084,2108.1647801417143,386.0,-286.1333333333332,17860800.0,17379850.0,18558250.0,19187471.42857143,19603563.333333332,1554.3294752414934,1522.868580914953,17295.0,17404.0,17010.0,17161.0,17701.85714285714,17747.366666666665,16474050.0,16494500.0,16458985.714285715,10731.0,17032850.0,
2022-09-14,80.0,0.9749279121818236,-0.22252093395631434,-0.8660254037844384,-0.5000000000000004,-0.9527692922168511,-0.30369503751065885,0.0,0,0,66.0,66.0,24.8,25.9,24.0,76.7,95.0,11.9,1,1,0,0.0,10731.0,11491.0,11675.0,11704.0,11765.0,12187.0,12599.57142857143,12726.285714285714,12916.366666666667,1948.0147036699643,2128.7901288393264,-973.0,-316.79523809523744,17032850.0,18328700.0,18583600.0,19137900.0,19580763.333333332,1587.256546454198,1526.0413338367239,15592.0,17295.0,17277.0,17452.0,17499.285714285714,17667.266666666666,15113100.0,16434300.0,16261642.857142856,10488.0,16677200.0,
2022-09-15,81.0,0.43388373911755823,-0.900968867902419,-0.8660254037844384,-0.5000000000000004,-0.9578523554276669,-0.28726097055059635,0.0,0,0,67.0,67.0,26.5,30.1,24.0,14.0,88.0,9.3,1,0,0,0.0,10488.0,10731.0,11491.0,12770.0,12568.0,15952.0,12425.857142857143,12635.07142857143,12750.833333333334,2090.2159719808633,2117.7087338936094,-2282.0,-324.9761904761908,16677200.0,20070750.0,19370050.0,18901971.42857143,19394653.333333332,1590.1220442410374,1529.4844595788036,15519.0,15592.0,18257.0,18364.0,17248.14285714286,17560.033333333333,14871550.0,16513500.0,16038392.857142856,11693.0,18239100.0,
2022-09-16,82.0,-0.433883739117558,-0.9009688679024191,-0.8660254037844384,-0.5000000000000004,-0.9626519747161487,-0.2707418984477642,1.0,0,0,68.0,68.0,26.7,30.0,24.1,25.8,90.0,7.2,1,1,0,0.0,11693.0,10488.0,10731.0,16595.0,16646.0,17690.0,12272.0,12572.57142857143,12781.833333333334,2100.276092961772,2094.2838308996934,-4902.0,-509.83333333333394,18239100.0,23651150.0,23462300.0,18640307.14285714,19436028.333333332,1559.8306679209784,1527.7872633527256,16693.0,15519.0,19678.0,18619.0,17024.714285714286,17535.7,15105150.0,17990650.0,15837200.0,16090.0,23008550.0,
2022-09-17,83.0,-0.9749279121818236,-0.2225209339563146,-0.8660254037844384,-0.5000000000000004,-0.9671667297977312,-0.2541427094613622,1.0,0,0,69.0,69.0,27.9,31.6,24.8,3.8,87.0,6.8,1,0,0,0.0,16090.0,11693.0,10488.0,13231.0,14205.0,14478.0,12199.857142857143,12532.857142857143,12911.933333333332,1928.7008087113745,2175.7050214194855,2859.0,-712.0761904761894,23008550.0,19179250.0,20444250.0,18548507.14285714,19554611.666666668,1429.9906774394033,1528.4720246156442,18776.0,16693.0,16992.0,15884.0,16895.85714285714,17522.933333333334,17205700.0,15182850.0,15725064.285714285,12646.0,18725300.0,
2022-09-18,84.0,-0.7818314824680299,0.6234898018587334,-0.8660254037844384,-0.5000000000000004,-0.97139528468375,-0.23746831555846842,0.0,0,0,70.0,70.0,28.2,31.2,25.5,1.2,86.0,6.6,1,0,0,0.0,12646.0,16090.0,11693.0,11675.0,12270.0,11161.0,12116.285714285714,12421.5,12801.733333333334,1888.8364773307771,2098.7802029345435,971.0,-685.4476190476198,18725300.0,17841800.0,19158950.0,18483657.14285714,19447303.333333332,1480.7290842954294,1532.9234375777658,16193.0,18776.0,17404.0,16785.0,16781.714285714286,17399.5,14478350.0,16123050.0,15624421.42857143,11690.0,18073700.0,
2022-09-19,85.0,0.0,1.0,-0.8660254037844384,-0.5000000000000004,-0.9753363880767837,-0.2207236509605022,0.0,0,0,71.0,71.0,28.2,31.1,26.3,5.6,83.0,15.8,1,0,0,0.0,11690.0,12646.0,16090.0,11491.0,11412.0,11265.0,12118.42857142857,12380.07142857143,12601.733333333334,1888.260827423228,1892.6561509548442,199.0,-483.3047619047629,18073700.0,17860800.0,17997150.0,18516785.714285713,19233418.333333332,1546.082121471343,1535.4772310091264,16911.0,16193.0,17295.0,17076.0,16711.285714285714,17331.666666666668,15658350.0,16474050.0,15558035.714285715,11662.0,18583600.0,
2022-09-20,86.0,0.7818314824680298,0.6234898018587336,-0.8660254037844384,-0.5000000000000004,-0.9789888737409319,-0.20391367068311472,0.0,0,0,72.0,72.0,27.9,30.3,26.2,1.3,82.0,22.0,1,0,0,0.0,11662.0,11690.0,12646.0,10731.0,11105.0,11249.0,12142.857142857143,12397.92857142857,12507.866666666667,1879.8784028558628,1866.0364178235532,931.0,-365.00952380952367,18583600.0,17032850.0,17379850.0,18620042.85714286,19164338.333333332,1593.5174069627851,1541.0755069693107,17392.0,16911.0,15592.0,17010.0,16725.14285714286,17317.2,16600200.0,15113100.0,15576057.142857144,11807.0,18951800.0,
2022-09-21,87.0,0.9749279121818236,-0.22252093395631434,-0.8660254037844384,-0.5000000000000004,-0.9823516608469237,-0.18704334906991657,0.0,0,0,73.0,73.0,28.0,30.7,25.8,1.2,83.0,14.7,1,0,0,0.0,11807.0,11662.0,11690.0,10488.0,11704.0,11543.0,12296.57142857143,12448.07142857143,12529.4,1786.8836799619562,1853.6443061691161,1319.0,-232.82857142857029,18951800.0,16677200.0,18328700.0,18894178.57142857,19210863.333333332,1605.132548488185,1543.6292215455946,17708.0,17392.0,15519.0,17277.0,17027.428571428572,17333.1,16993550.0,14871550.0,15844692.857142856,12235.0,19476500.0,
2022-09-22,88.0,0.43388373911755823,-0.900968867902419,-0.8660254037844384,-0.5000000000000004,-0.9854237542919524,-0.17011767832049052,0.0,0,0,74.0,74.0,28.0,31.7,25.8,2.7,84.0,10.1,1,0,0,0.0,12235.0,11807.0,11662.0,11693.0,12770.0,12254.0,12546.142857142857,12486.0,12561.733333333334,1604.9184224929427,1839.2325973423037,542.0,-15.590476190476693,19476500.0,18239100.0,20070750.0,19294078.57142857,19253230.0,1591.8675929709848,1543.8785856498728,17587.0,17708.0,16693.0,18257.0,17322.85714285714,17339.233333333334,16939500.0,15105150.0,16140114.285714285,12803.0,19972000.0,
2022-09-23,89.0,-0.433883739117558,-0.9009688679024191,-0.8660254037844384,-0.5000000000000004,-0.9882042449941422,-0.15314166701312007,1.0,0,0,75.0,75.0,28.3,31.7,25.7,7.0,83.0,8.1,1,0,0,0.0,12803.0,12235.0,11807.0,16090.0,16595.0,17409.0,12704.714285714286,12488.357142857143,12613.533333333333,1560.805744296407,1822.7959148315308,-3287.0,91.18095238095339,19972000.0,23008550.0,23651150.0,19541635.714285713,19314696.666666668,1559.9468874482543,1543.8951884394835,18359.0,17587.0,18776.0,19678.0,17560.85714285714,17382.766666666666,17077800.0,17205700.0,16421921.42857143,16970.0,24521100.0,
2022-09-24,90.0,-0.9749279121818236,-0.2225209339563146,-0.8660254037844384,-0.5000000000000004,-0.9906923101615609,-0.13612033862266704,1.0,0,0,76.0,76.0,28.4,31.4,25.3,1.9,81.0,6.7,1,0,0,0.0,16970.0,12803.0,12235.0,12646.0,13231.0,13743.0,12830.42857142857,12515.142857142857,12794.433333333332,1881.4250677915327,1975.7668032740146,4324.0,35.995238095238165,24521100.0,18725300.0,19179250.0,19757714.285714287,19511841.666666668,1444.9675898644666,1546.0347473573497,19657.0,18359.0,16193.0,16992.0,17686.714285714286,17466.3,18237000.0,14478350.0,16569250.0,13298.0,19717800.0,
2022-09-25,91.0,-0.7818314824680299,0.6234898018587334,-0.8660254037844384,-0.5000000000000004,-0.9928872135356962,-0.11905873003404988,0.0,0,0,77.0,77.0,28.5,31.7,25.8,0.4,79.0,5.6,1,0,0,0.0,13298.0,16970.0,12803.0,11690.0,11675.0,11071.0,12923.57142857143,12519.92857142857,12829.233333333334,1886.9040654948617,1975.1137842968994,1608.0,94.33809523809578,19717800.0,18073700.0,17841800.0,19899500.0,19515876.666666668,1482.7643254624757,1546.3254960954994,16927.0,19657.0,16911.0,17404.0,17791.571428571428,17413.033333333333,15107350.0,15658350.0,16659107.142857144,11910.0,18665650.0,
2022-09-26,92.0,0.0,1.0,-0.8660254037844384,-0.5000000000000004,-0.994788305609327,-0.10196189005174576,0.0,0,0,78.0,78.0,28.0,31.3,25.9,5.4,85.0,5.2,1,0,0,0.0,11910.0,13298.0,16970.0,11662.0,11491.0,11477.0,12955.0,12536.714285714286,12645.933333333332,1864.633833580582,1781.068256225295,248.0,309.0666666666675,18665650.0,18583600.0,17860800.0,19984064.285714287,19305971.666666668,1567.225020990764,1549.3459103125592,17038.0,16927.0,17392.0,17295.0,17809.714285714286,17334.033333333333,16023250.0,16600200.0,16711235.714285715,11730.0,18781250.0,
2022-09-27,93.0,0.7818314824680298,0.6234898018587336,-0.8660254037844384,-0.5000000000000004,-0.9963950238187231,-0.08483487790576538,0.0,0,0,79.0,79.0,27.6,30.4,25.4,3.9,85.0,4.6,1,0,0,0.0,11730.0,11910.0,13298.0,11807.0,10731.0,11627.0,12964.714285714286,12553.785714285714,12578.833333333334,1856.9361606587313,1776.224455436878,-77.0,385.8809523809523,18781250.0,18951800.0,17032850.0,20012300.0,19264430.0,1601.1295822676898,1550.4333639275458,17542.0,17038.0,17708.0,15592.0,17831.14285714286,17367.8,16995500.0,16993550.0,16767707.142857144,11970.0,19247900.0,
2022-09-28,94.0,0.9749279121818236,-0.22252093395631434,-0.8660254037844384,-0.5000000000000004,-0.9977068927101168,-0.06768276175455162,0.0,0,0,80.0,80.0,28.1,31.4,25.4,3.4,86.0,5.2,1,0,0,0.0,11970.0,11730.0,11910.0,12235.0,10488.0,11765.0,12988.0,12642.285714285714,12608.8,1840.952199270824,1757.3922962044362,-265.0,379.2000000000007,19247900.0,19476500.0,16677200.0,20054600.0,19326890.0,1608.0116959064328,1550.844670701581,17211.0,17542.0,17587.0,15519.0,17760.14285714286,17377.833333333332,16588850.0,16939500.0,16709892.857142856,12370.0,19599300.0,
2022-09-29,95.0,0.43388373911755823,-0.900968867902419,-0.8660254037844384,-0.5000000000000004,-0.9987235240803972,-0.050510617185222886,0.0,0,0,81.0,81.0,29.1,32.4,26.1,6.0,83.0,6.3,1,0,0,0.0,12370.0,11970.0,11730.0,12803.0,11693.0,12568.0,13007.285714285714,12776.714285714286,12638.566666666668,1832.4365122504666,1745.0805274045426,-433.0,368.71904761904625,19599300.0,19972000.0,18239100.0,20072142.85714286,19372015.0,1584.421988682296,1549.781012946054,17483.0,17211.0,18359.0,16693.0,17745.285714285714,17394.733333333334,17027800.0,17077800.0,16722507.142857144,13281.0,20422200.0,
2022-09-30,96.0,-0.433883739117558,-0.9009688679024191,-0.8660254037844384,-0.5000000000000004,-0.9994446170919858,-0.033323525711631344,1.0,0,0,82.0,82.0,30.2,33.6,27.1,0.0,77.0,7.5,0,0,0,0.0,13281.0,12370.0,11970.0,16970.0,16090.0,16646.0,13075.57142857143,12890.142857142857,12693.7,1832.4613554036277,1738.1335441333208,-3689.0,381.8714285714286,20422200.0,24521100.0,23008550.0,20136457.14285714,19434146.666666668,1537.7004743618704,1546.6029539337137,18120.0,17483.0,19657.0,18776.0,17711.14285714286,17426.7,16936150.0,18237000.0,16702271.42857143,18596.0,26126250.0,
2022-10-01,97.0,-0.9749279121818236,-0.2225209339563146,-1.0,-1.8369701987210297e-16,-0.9998699583618592,-0.016126573270657762,1.0,0,0,83.0,83.0,29.5,32.7,26.4,9.4,81.0,6.6,1,0,0,0.0,18596.0,13281.0,12370.0,13298.0,12646.0,14205.0,13307.857142857143,13069.142857142857,12921.4,2417.9312389293777,2034.456474055826,5298.0,386.4571428571435,26126250.0,19717800.0,18725300.0,20365764.285714287,19685568.333333332,1404.9392342439235,1540.8846174164933,20338.0,18120.0,16927.0,16193.0,17808.428571428572,17522.9,18277650.0,15107350.0,16708078.57142857,14540.0,21066000.0,
2022-10-02,98.0,-0.7818314824680299,0.6234898018587334,-1.0,-1.8369701987210297e-16,-0.9999994220246925,0.001075151282798226,0.0,0,0,84.0,84.0,26.9,30.0,25.5,36.7,89.0,8.2,1,1,0,0.0,14540.0,18596.0,13281.0,11910.0,11690.0,12270.0,13485.285714285714,13204.42857142857,12987.133333333333,2462.2503741012974,2054.4042635666906,2630.0,498.15238095238055,21066000.0,18665650.0,18073700.0,20558364.285714287,19742100.0,1448.830811554333,1536.036972572473,17313.0,20338.0,17038.0,16911.0,17863.571428571428,17487.866666666665,15156850.0,16023250.0,16715150.0,12950.0,19316750.0,
2022-10-03,99.0,0.0,1.0,-1.0,-1.8369701987210297e-16,-0.999832969770105,0.018276557681691223,0.0,0,0,85.0,85.0,26.2,28.7,24.6,14.2,90.0,14.6,1,0,0,0.0,12950.0,14540.0,18596.0,11730.0,11662.0,11412.0,13633.857142857143,13294.42857142857,12863.933333333332,2381.405497360165,1934.7587915834038,1220.0,769.9238095238106,19316750.0,18781250.0,18583600.0,20651378.57142857,19603915.0,1491.6409266409266,1525.2392448082103,17400.0,17313.0,17542.0,17392.0,17915.285714285714,17447.233333333334,15761450.0,16995500.0,16677750.0,13083.0,19885100.0,
2022-10-04,100.0,0.7818314824680298,0.6234898018587336,-1.0,-1.8369701987210297e-16,-0.9993706508539969,0.03547255575312556,0.0,0,0,86.0,86.0,27.4,31.4,24.6,16.9,86.0,9.2,1,0,0,0.0,13083.0,12950.0,14540.0,11970.0,11807.0,11105.0,13827.142857142857,13395.92857142857,12826.533333333333,2252.5470345493814,1918.719251953284,1113.0,1000.609523809524,19885100.0,19247900.0,18951800.0,20809071.42857143,19585276.666666668,1519.918978827486,1513.6377300310382,16909.0,17400.0,17211.0,17708.0,17824.85714285714,17481.4,15622900.0,16588850.0,16481664.285714285,14260.0,21163650.0,
2022-10-05,101.0,0.9749279121818236,-0.22252093395631434,-1.0,-1.8369701987210297e-16,-0.9986126020839734,0.052658056924614005,0.0,1,0,87.0,87.0,28.0,31.7,26.0,1.0,83.0,8.2,1,0,0,0.0,14260.0,13083.0,12950.0,12370.0,12235.0,11704.0,14154.285714285714,13571.142857142857,12892.866666666667,2098.929783984043,1933.159977562812,1890.0,1261.419047619047,21163650.0,19599300.0,19476500.0,21082750.0,19652100.0,1484.1269284712482,1495.9399061117263,18502.0,16909.0,17483.0,17587.0,18009.285714285714,17538.633333333335,16715900.0,17027800.0,16499814.285714285,17100.0,23641200.0,Durga Puja
2022-10-06,102.0,0.43388373911755823,-0.900968867902419,-1.0,-1.8369701987210297e-16,-0.9975590477788613,0.06982797572987089,0.0,0,0,88.0,88.0,27.1,31.3,24.8,5.1,86.0,8.4,1,0,0,0.0,17100.0,14260.0,13083.0,13281.0,12803.0,12770.0,14830.0,13918.642857142857,13082.466666666667,2188.2438163970787,2057.825077739794,3819.0,1747.5333333333328,23641200.0,20422200.0,19972000.0,21660164.285714287,19840235.0,1382.5263157894738,1467.0976671270375,18090.0,18502.0,18120.0,18359.0,18096.0,17572.433333333334,16105900.0,16936150.0,16368114.285714285,14155.0,20375500.0,
2022-10-07,103.0,-0.433883739117558,-0.9009688679024191,-1.0,-1.8369701987210297e-16,-0.9962102997023297,0.0869772313136861,1.0,0,0,89.0,89.0,28.6,31.8,24.9,0.3,76.0,3.7,1,0,0,0.0,14155.0,17100.0,14260.0,18596.0,16970.0,16595.0,14954.857142857143,14015.214285714286,13184.133333333333,2108.615851577489,2031.939344284334,-4441.0,1770.72380952381,20375500.0,26126250.0,24521100.0,21653492.85714286,19940090.0,1439.4560226068527,1453.0627454477492,18364.0,18090.0,20338.0,19657.0,18130.85714285714,17617.566666666666,15632600.0,18277650.0,16181892.857142856,17376.0,23206100.0,
2022-10-08,104.0,-0.9749279121818236,-0.2225209339563146,-1.0,-1.8369701987210297e-16,-0.9945667569706337,0.1041007489354256,1.0,0,0,90.0,90.0,28.9,32.0,26.0,5.1,80.0,4.4,1,0,0,0.0,17376.0,14155.0,17100.0,14540.0,13298.0,13231.0,14780.57142857143,14044.214285714286,13373.2,1782.7388906906713,2149.9247204142634,2836.0,1407.3714285714286,23206100.0,21066000.0,19717800.0,21236328.57142857,20102670.0,1335.5260128913444,1443.146570968809,19997.0,18364.0,17313.0,16927.0,18082.14285714286,17708.233333333334,17100600.0,15156850.0,16013742.857142856,18220.0,25523400.0,
2022-10-09,105.0,-0.7818314824680299,0.6234898018587334,-1.0,-1.8369701987210297e-16,-0.9926289059345095,0.121193461470736,0.0,1,0,91.0,91.0,28.6,32.0,25.6,1.5,80.0,6.0,1,0,0,0.0,18220.0,17376.0,14155.0,12950.0,11910.0,11675.0,15306.285714285714,14395.785714285714,13554.866666666667,2194.9226800570027,2320.6765472124034,5270.0,1751.419047619047,25523400.0,19316750.0,18665650.0,21873100.0,20284425.0,1400.8452250274424,1436.2914871792532,18000.0,19997.0,17400.0,17038.0,18180.285714285714,17699.666666666668,15410600.0,15761450.0,16049992.857142856,18317.0,25363150.0,Eid-e-Miladunnabi
2022-10-10,106.0,0.0,1.0,-1.0,-1.8369701987210297e-16,-0.9903973200352558,0.1382503109109819,0.0,0,0,92.0,92.0,27.8,31.0,25.3,3.5,82.0,7.1,1,0,0,0.0,18317.0,18220.0,17376.0,13083.0,11730.0,11491.0,16073.0,14853.42857142857,13612.266666666666,2171.92219013482,2417.731266737681,5234.0,2460.7333333333336,25363150.0,19885100.0,18781250.0,22736871.42857143,20341491.666666668,1384.6781678222417,1421.0110930622982,20980.0,18000.0,16909.0,17542.0,18691.714285714286,17743.066666666666,17403550.0,15622900.0,16284578.57142857,12711.0,19589550.0,
2022-10-11,107.0,0.7818314824680298,0.6234898018587336,-1.0,-1.8369701987210297e-16,-0.9878726596350429,0.15526624985999563,0.0,0,0,93.0,93.0,27.6,31.6,25.5,3.2,84.0,8.9,1,0,0,0.0,12711.0,18317.0,18220.0,14260.0,11970.0,10731.0,16019.857142857143,14923.5,13594.933333333332,2260.0387480875584,2422.4183831428827,-1549.0,2424.9238095238106,19589550.0,21163650.0,19247900.0,22694650.0,20355168.333333332,1541.1493981590747,1424.0440101096683,18083.0,20980.0,18502.0,17211.0,18859.428571428572,17779.433333333334,15924550.0,16715900.0,16327671.42857143,13064.0,20894200.0,
2022-10-12,108.0,0.9749279121818236,-0.22252093395631434,-1.0,-1.8369701987210297e-16,-0.9850556718215013,0.172236243027682,0.0,0,0,94.0,94.0,26.8,30.1,24.9,7.3,88.0,5.7,1,0,0,0.0,13064.0,12711.0,18317.0,17100.0,12370.0,10488.0,15849.0,15001.642857142857,13641.233333333334,2452.2880472462252,2397.604043743417,-4036.0,2207.7666666666664,20894200.0,23641200.0,19599300.0,22656157.14285714,20456915.0,1599.3723208818126,1440.5076375968915,18685.0,18083.0,18090.0,17483.0,18885.571428571428,17822.133333333335,17488250.0,16105900.0,16438007.142857144,12737.0,20275200.0,
2022-10-13,109.0,0.43388373911755823,-0.900968867902419,-1.0,-1.8369701987210297e-16,-0.981947190186646,0.18915526872004093,0.0,0,0,95.0,95.0,26.7,30.2,24.2,4.5,86.0,5.0,1,0,0,0.0,12737.0,13064.0,12711.0,14155.0,13281.0,11693.0,15225.714285714286,15027.857142857143,13682.766666666666,2629.399406346492,2369.701227833474,-1418.0,1542.9476190476198,20275200.0,20375500.0,20422200.0,22175300.0,20537395.0,1591.834811965141,1470.4088513362728,18070.0,18685.0,18364.0,18120.0,18882.714285714286,17847.966666666667,17130800.0,15632600.0,16584421.42857143,13163.0,20569900.0,
2022-10-14,110.0,-0.433883739117558,-0.9009688679024191,-1.0,-1.8369701987210297e-16,-0.9785481345802031,0.20601832032517084,1.0,0,0,96.0,96.0,27.5,30.8,25.0,6.9,83.0,5.0,1,0,0,0.0,13163.0,12737.0,13064.0,17376.0,18596.0,16090.0,15084.0,15019.42857142857,13763.833333333334,2721.832348498596,2305.9825504518844,-4213.0,1320.166666666666,20569900.0,23206100.0,26126250.0,22203071.42857143,20655296.666666668,1562.7060700448226,1488.0160009702684,18356.0,18070.0,19997.0,20338.0,18881.571428571428,17940.1,16955750.0,17100600.0,16773442.857142856,16960.0,24916600.0,
2022-10-15,111.0,-0.9749279121818236,-0.2225209339563146,-1.0,-1.8369701987210297e-16,-0.9748595108374125,0.22282040779479959,1.0,0,0,97.0,97.0,28.5,31.8,25.7,0.0,76.0,8.4,0,0,0,0.0,16960.0,13163.0,12737.0,18220.0,14540.0,12646.0,15024.57142857143,14902.57142857143,13979.566666666668,2667.4462729449056,2291.6436005526893,-1260.0,1045.0047619047618,24916600.0,25523400.0,21066000.0,22447428.57142857,20929943.333333332,1469.1391509433963,1507.1035921205616,20237.0,18356.0,18000.0,17313.0,18915.85714285714,18097.366666666665,18530700.0,15410600.0,16977742.85714286,13746.0,20529900.0,
2022-10-16,112.0,-0.7818314824680299,0.6234898018587334,-1.0,-1.8369701987210297e-16,-0.9708824104813836,0.23955655912092708,0.0,0,0,98.0,98.0,28.0,32.2,24.6,0.0,72.0,11.0,0,0,0,0.0,13746.0,16960.0,13163.0,18317.0,12950.0,11690.0,14385.42857142857,14845.857142857143,14048.0,2282.3990928511334,2251.305782015851,-4571.0,337.42857142857065,20529900.0,25363150.0,19316750.0,21734071.42857143,21006303.333333332,1493.5181143605412,1520.3425763110044,17681.0,20237.0,20980.0,17400.0,18870.285714285714,18130.3,16223050.0,17403550.0,17093807.14285714,12268.0,19200150.0,
2022-10-17,113.0,0.0,1.0,-1.0,-1.8369701987210297e-16,-0.9666180104000972,0.2562218218071163,0.0,0,0,99.0,99.0,28.3,31.3,24.3,0.0,68.0,5.4,0,0,0,0.0,12268.0,13746.0,16960.0,12711.0,13083.0,11662.0,13521.285714285714,14797.142857142857,13920.6,1584.041425624756,2239.878900667454,-443.0,-399.3142857142866,19200150.0,19589550.0,19885100.0,20853642.85714286,20879356.666666668,1565.0595044016954,1546.111338679498,17915.0,17681.0,18083.0,16909.0,18432.428571428572,18101.6,16860750.0,15924550.0,17016264.285714287,12925.0,20649750.0,
2022-10-18,114.0,0.7818314824680298,0.6234898018587336,-1.0,-1.8369701987210297e-16,-0.9620675724981452,0.27281126433401914,0.0,0,0,100.0,100.0,27.7,30.9,24.9,4.0,78.0,6.7,1,0,0,0.0,12925.0,12268.0,13746.0,13064.0,14260.0,11807.0,13551.857142857143,14785.857142857143,13929.9,1567.7784099984324,2234.97810449818,-139.0,-378.0428571428565,20649750.0,20894200.0,21163650.0,21005100.0,20943505.0,1597.659574468085,1554.1842210093564,17938.0,17915.0,18685.0,18502.0,18411.714285714286,18159.766666666666,17209100.0,17488250.0,17199771.42857143,13097.0,20307850.0,
2022-10-19,115.0,0.9749279121818236,-0.22252093395631434,-1.0,-1.8369701987210297e-16,-0.957232443323312,0.28931997761869527,0.0,0,0,101.0,101.0,28.0,31.4,25.2,0.2,75.0,8.8,1,0,0,0.0,13097.0,12925.0,12268.0,12737.0,17100.0,12235.0,13556.57142857143,14702.785714285714,13976.8,1566.1156680508486,2200.8561719601857,360.0,-420.2285714285699,20307850.0,20275200.0,23641200.0,20921335.714285713,21017976.666666668,1550.5726502252423,1547.2128394869892,18028.0,17938.0,18070.0,18090.0,18317.85714285714,18197.0,17411800.0,17130800.0,17188850.0,12674.0,20205050.0,
2022-10-20,116.0,0.43388373911755823,-0.900968867902419,-1.0,-1.8369701987210297e-16,-0.9521140536681102,0.3057430764672831,0.0,0,0,102.0,102.0,27.7,32.2,23.8,0.0,70.0,9.9,0,0,0,0.0,12674.0,13097.0,12925.0,13163.0,14155.0,12803.0,13547.57142857143,14386.642857142857,14010.533333333333,1571.7812461390283,2171.7156690337038,-489.0,-462.9619047619035,20205050.0,20569900.0,20375500.0,20911314.285714287,21072025.0,1594.2125611488086,1547.5525179417987,18285.0,18028.0,18356.0,18364.0,18348.571428571428,18226.766666666666,17746650.0,16955750.0,17276828.57142857,13475.0,20765400.0,
2022-10-21,117.0,-0.433883739117558,-0.9009688679024191,-1.0,-1.8369701987210297e-16,-0.9467139181463862,0.3220757010206104,1.0,0,0,103.0,103.0,27.7,32.4,24.0,0.0,72.0,9.6,0,0,0,0.0,13475.0,12674.0,13097.0,16960.0,17376.0,16970.0,13592.142857142857,14338.07142857143,14066.133333333333,1563.4599908079558,2134.386897890148,-3485.0,-473.99047619047633,20765400.0,24916600.0,23206100.0,20939242.85714286,21132478.333333332,1541.0315398886828,1544.4561564909218,19004.0,18285.0,20237.0,19997.0,18441.14285714286,18269.966666666667,17395350.0,18530700.0,17339628.57142857,16148.0,22982650.0,
2022-10-22,118.0,-0.9749279121818236,-0.2225209339563146,-1.0,-1.8369701987210297e-16,-0.9410336347451197,0.3383130181923076,1.0,0,0,104.0,104.0,28.2,33.0,23.9,0.0,73.0,9.1,0,0,0,0.0,16148.0,13475.0,12674.0,13746.0,18220.0,13298.0,13476.142857142857,14250.357142857143,14196.566666666668,1275.5518320282197,2138.1860614393227,2402.0,-720.4238095238106,22982650.0,20529900.0,25523400.0,20662964.285714287,21249350.0,1423.2505573445628,1537.90064311966,20405.0,19004.0,17681.0,18000.0,18465.14285714286,18363.9,18670100.0,16223050.0,17359542.85714286,13106.0,19041850.0,
2022-10-23,119.0,-0.7818314824680299,0.6234898018587334,-1.0,-1.8369701987210297e-16,-0.9350748843515574,0.3544502230989869,0.0,0,0,105.0,105.0,26.6,28.1,25.4,14.9,83.0,6.2,1,0,0,0.0,13106.0,16148.0,13475.0,12268.0,18317.0,11910.0,13384.714285714286,13885.07142857143,14206.666666666666,1275.9221128639913,2132.0832993582517,838.0,-821.9523809523798,19041850.0,19200150.0,25363150.0,20450385.714285713,21218345.0,1452.9108805127423,1532.0996097128314,17267.0,20405.0,17915.0,20980.0,18406.0,18327.5,15433950.0,16860750.0,17246814.285714287,12469.0,19591300.0,
2022-10-24,120.0,0.0,1.0,-1.0,-1.8369701987210297e-16,-0.9288394302558068,0.3704825404820963,0.0,0,0,106.0,106.0,23.8,25.5,22.3,102.9,91.0,27.6,1,1,0,0.0,12469.0,13106.0,16148.0,12925.0,12711.0,11730.0,13413.42857142857,13467.357142857143,14056.633333333333,1248.5707638660394,2088.8519447597305,-456.0,-643.2047619047626,19591300.0,20649750.0,19589550.0,20506264.285714287,21054018.333333332,1571.2005774320314,1532.976905860022,17684.0,17267.0,17938.0,18083.0,18373.0,18261.733333333334,16620950.0,17209100.0,17212557.14285714,8809.0,13441050.0,
2022-10-25,121.0,0.7818314824680298,0.6234898018587336,-1.0,-1.8369701987210297e-16,-0.9223291176290545,0.3864052261209853,0.0,0,0,107.0,107.0,23.7,27.2,21.3,2.6,79.0,15.4,1,0,0,0.0,8809.0,12469.0,13106.0,13097.0,13064.0,11970.0,12825.42857142857,13188.642857142857,13907.0,2156.214495911999,2295.6195016926904,-4288.0,-1081.5714285714294,13441050.0,20307850.0,20894200.0,19476450.0,20844793.333333332,1525.8315359291635,1522.715757497319,15530.0,17684.0,18028.0,18685.0,18029.0,18215.166666666668,15415000.0,17411800.0,16956257.14285714,9332.0,14753500.0,
2022-10-26,122.0,0.9749279121818236,-0.22252093395631434,-1.0,-1.8369701987210297e-16,-0.9155458729775467,0.40221356823680365,0.0,0,0,108.0,108.0,24.7,29.2,20.4,0.0,81.0,6.3,0,0,0,0.0,9332.0,8809.0,12469.0,12674.0,12737.0,12370.0,12287.57142857143,12922.07142857143,13821.066666666668,2516.6388204073,2417.9449657656264,-3342.0,-1533.4952380952382,14753500.0,20205050.0,20275200.0,18682971.42857143,20714388.333333332,1580.9579939991427,1527.0565208935907,14252.0,15530.0,18285.0,18070.0,17489.571428571428,18122.3,13999550.0,17746650.0,16468792.857142856,11732.0,18459900.0,
2022-10-27,123.0,0.43388373911755823,-0.900968867902419,-1.0,-1.8369701987210297e-16,-0.9084917035725082,0.41790288888678667,0.0,0,0,109.0,109.0,25.5,29.0,22.7,0.2,78.0,7.5,1,0,0,0.0,11732.0,9332.0,8809.0,13475.0,13163.0,13281.0,12153.0,12850.285714285714,13821.133333333333,2517.7169552328087,2417.885350428379,-1743.0,-1668.1333333333332,18459900.0,20765400.0,20569900.0,18433664.285714287,20703676.666666668,1573.4657347425843,1524.0926885498443,17192.0,14252.0,19004.0,18356.0,17333.428571428572,18110.633333333335,16718750.0,17395350.0,16321950.0,13061.0,20462450.0,
2022-10-28,124.0,-0.433883739117558,-0.9009688679024191,-1.0,-1.8369701987210297e-16,-0.9011686968561569,0.4334685453485363,1.0,0,0,110.0,110.0,24.8,29.2,20.4,0.0,73.0,8.5,0,0,0,0.0,13061.0,11732.0,9332.0,16148.0,16960.0,18596.0,12093.857142857143,12843.0,13857.5,2486.151204075067,2397.1991523154975,-3087.0,-1763.6428571428569,20462450.0,22982650.0,24916600.0,18390385.714285713,20744161.666666668,1566.6832554934538,1527.7572193505257,18600.0,17192.0,20405.0,20237.0,17275.714285714286,18156.933333333334,17309500.0,18670100.0,16309685.714285715,16220.0,23589150.0,
2022-10-29,125.0,-0.9749279121818236,-0.2225209339563146,-1.0,-1.8369701987210297e-16,-0.8935790198239952,0.4489059314938798,1.0,0,0,111.0,111.0,24.6,29.4,20.1,0.0,78.0,6.8,0,0,0,0.0,16220.0,13061.0,11732.0,13106.0,13746.0,14540.0,12104.142857142857,12790.142857142857,13985.833333333334,2505.7908551042137,2417.786221452126,3114.0,-1881.690476190477,23589150.0,19041850.0,20529900.0,18477028.57142857,20877156.666666668,1454.3249075215783,1532.1964122329566,20080.0,18600.0,17267.0,17681.0,17229.285714285714,18243.5,18553600.0,15433950.0,16293042.857142856,13760.0,20310900.0,
2022-10-30,126.0,-0.7818314824680299,0.6234898018587334,-1.0,-1.8369701987210297e-16,-0.8857249183835637,0.4642104791518923,0.0,0,0,112.0,112.0,26.0,30.2,21.6,0.0,74.0,6.2,0,0,0,0.0,13760.0,16220.0,13061.0,12469.0,12268.0,12950.0,12197.57142857143,12791.142857142857,14001.8,2560.955866933487,2414.550567161388,1291.0,-1804.22857142857,20310900.0,19591300.0,19200150.0,18658321.42857143,20873446.666666668,1476.0828488372092,1535.5066934221663,16744.0,20080.0,17684.0,17915.0,17154.571428571428,18197.633333333335,15193400.0,16620950.0,16258678.57142857,12146.0,18845600.0,
2022-10-31,127.0,0.0,1.0,-1.0,-1.8369701987210297e-16,-0.8776087166898392,0.4793776594606945,0.0,0,0,113.0,113.0,26.7,30.7,23.1,0.0,77.0,6.8,0,0,0,0.0,12146.0,13760.0,16220.0,8809.0,12925.0,13083.0,12151.42857142857,12782.42857142857,13786.8,2558.158573215191,2274.4620341583322,3337.0,-1635.3714285714286,18845600.0,13441050.0,20649750.0,18551792.85714286,20630758.333333332,1551.5890004939897,1532.7050395738745,17559.0,16744.0,15530.0,17938.0,17136.714285714286,18105.0,16535650.0,15415000.0,16246492.857142856,12523.0,19829200.0,
2022-11-01,128.0,0.7818314824680298,0.6234898018587336,-0.8660254037844386,0.5000000000000001,-0.8692328164574792,0.49440298420761813,0.0,0,0,114.0,114.0,27.3,31.3,24.2,0.0,77.0,8.0,0,0,0,0.0,12523.0,12146.0,13760.0,9332.0,13097.0,14260.0,12682.0,12753.714285714286,13719.566666666668,2092.0781534159014,2281.230909162773,3191.0,-1037.5666666666675,19829200.0,14753500.0,20307850.0,19464385.714285713,20589531.666666668,1583.4225025952248,1540.9323205261692,18159.0,17559.0,14252.0,18028.0,17512.285714285714,18133.2,17540450.0,13999550.0,16550128.57142857,12614.0,19845900.0,
2022-11-02,129.0,0.9749279121818236,-0.22252093395631434,-0.8660254037844386,0.5000000000000001,-0.8605996962501181,0.5092820071573356,0.0,0,0,115.0,115.0,26.7,30.2,24.0,0.0,72.0,7.5,0,0,0,0.0,12614.0,12523.0,12146.0,11732.0,12674.0,17100.0,13150.857142857143,12719.214285714286,13708.366666666667,1500.2266971552076,2285.9593999371455,882.0,-557.5095238095237,19845900.0,18459900.0,20205050.0,20191871.42857143,20607170.0,1573.3232915807832,1539.8416487521176,18811.0,18159.0,17192.0,18285.0,18163.571428571428,18180.233333333334,18162650.0,16718750.0,17144857.14285714,12456.0,19691100.0,
2022-11-03,130.0,0.43388373911755823,-0.900968867902419,-0.8660254037844386,0.5000000000000001,-0.8517119107469189,0.5240103253675756,0.0,0,0,116.0,116.0,25.4,28.6,22.6,0.0,73.0,7.2,0,0,0,0.0,12456.0,12614.0,12523.0,13061.0,13475.0,14155.0,13254.285714285714,12703.642857142857,13687.466666666667,1408.241777807342,2294.7235989117235,-605.0,-433.1809523809534,19691100.0,20462450.0,20765400.0,20367757.14285714,20600703.333333332,1580.8526011560693,1540.8969153826154,18319.0,18811.0,18600.0,19004.0,18324.571428571428,18227.233333333334,17846250.0,17309500.0,17305928.57142857,13686.0,21398300.0,
2022-11-04,131.0,-0.433883739117558,-0.9009688679024191,-0.8660254037844386,0.5000000000000001,-0.8425720899866032,0.5385835804920232,1.0,0,0,117.0,117.0,26.0,28.8,23.3,0.0,66.0,5.2,0,0,0,0.0,13686.0,12456.0,12614.0,16220.0,16148.0,17376.0,13343.57142857143,12718.714285714286,13668.333333333334,1413.7470138068181,2292.176805080097,-2534.0,-324.7619047619046,21398300.0,23589150.0,22982650.0,20501450.0,20608525.0,1563.517463100979,1540.4446593265477,19816.0,18319.0,20080.0,20405.0,18498.285714285714,18271.033333333333,18132100.0,18553600.0,17423442.85714286,15835.0,22668800.0,
2022-11-05,132.0,-0.9749279121818236,-0.2225209339563146,-0.8660254037844386,0.5000000000000001,-0.8331829385891785,0.5529974600700271,1.0,0,0,118.0,118.0,25.2,29.6,20.6,0.0,75.0,5.9,0,0,0,0.0,15835.0,13686.0,12456.0,13760.0,13106.0,18220.0,13288.57142857143,12696.357142857143,13626.166666666666,1284.801133398095,2237.8632678846134,2075.0,-337.5952380952367,22668800.0,20310900.0,19041850.0,20369971.42857143,20576111.666666668,1431.562993369119,1537.1929573047678,20390.0,19816.0,16744.0,17267.0,18542.571428571428,18347.7,18943850.0,15193400.0,17479192.85714286,12424.0,17801700.0,
2022-11-06,133.0,-0.7818314824680299,0.6234898018587334,-0.8660254037844386,0.5000000000000001,-0.8235472349556007,0.5672476988027229,0.0,0,0,119.0,119.0,25.4,29.8,21.7,0.1,72.0,5.4,1,0,0,0.0,12424.0,15835.0,13686.0,12146.0,12469.0,18317.0,13097.714285714286,12647.642857142857,13568.466666666667,1302.2120557325984,2246.0585359973397,278.0,-470.7523809523809,17801700.0,18845600.0,19591300.0,20011514.285714287,20490318.333333332,1432.8477141017386,1531.0165094854146,17888.0,20390.0,17559.0,17684.0,18706.0,18331.833333333332,19428350.0,16535650.0,18084185.714285713,12434.0,19334750.0,
2022-11-07,134.0,0.0,1.0,-0.8660254037844386,0.5000000000000001,-0.8136678304455991,0.5813300798152042,0.0,0,0,120.0,120.0,25.0,29.4,21.7,0.0,67.0,5.4,0,0,0,0.0,12434.0,12424.0,15835.0,12523.0,8809.0,12711.0,13138.857142857143,12645.142857142857,13403.733333333334,1271.3145989580592,2135.691617499481,-89.0,-264.87619047619046,19334750.0,19829200.0,13441050.0,20081392.85714286,20361273.333333332,1554.9903490429467,1531.5024164209804,18301.0,17888.0,18159.0,15530.0,18812.0,18275.3,17202750.0,17540450.0,18179485.714285713,12846.0,20131050.0,
2022-11-08,135.0,0.7818314824680298,0.6234898018587336,-0.8660254037844386,0.5000000000000001,-0.8035476485339116,0.5952404359043674,0.0,0,0,121.0,121.0,25.4,28.8,20.6,0.0,65.0,4.3,0,0,0,0.0,12846.0,12434.0,12424.0,12614.0,9332.0,13064.0,13185.0,12933.5,13224.6,1250.9347171882098,1933.6062538240992,232.0,-39.600000000000364,20131050.0,19845900.0,14753500.0,20124514.285714287,20181528.333333332,1567.1064922933208,1529.1715578064225,18339.0,18301.0,18811.0,14252.0,18837.714285714286,18286.6,17798000.0,18162650.0,18216278.57142857,12630.0,20017050.0,
2022-11-09,136.0,0.9749279121818236,-0.22252093395631434,-0.8660254037844386,0.5000000000000001,-0.7931896839451843,0.6089746507720486,0.0,0,0,122.0,122.0,25.3,29.5,21.8,0.0,72.0,8.1,0,0,0,0.0,12630.0,12846.0,12434.0,12456.0,11732.0,12737.0,13187.285714285714,13169.07142857143,13035.033333333333,1249.7315330749977,1679.1737188751501,174.0,152.25238095238092,20017050.0,19691100.0,18459900.0,20148964.285714287,20003325.0,1584.8812351543943,1530.8226926026525,18767.0,18339.0,18319.0,17192.0,18831.428571428572,18212.833333333332,18119100.0,17846250.0,18210057.14285714,12783.0,20208400.0,
2022-11-10,137.0,0.43388373911755823,-0.900968867902419,-0.8660254037844386,0.5000000000000001,-0.7825970017677834,0.6225286602431057,0.0,0,0,123.0,123.0,24.9,29.4,20.6,0.0,68.0,7.0,0,0,0,0.0,12783.0,12630.0,12846.0,13686.0,13061.0,13163.0,13234.0,13244.142857142857,13037.433333333332,1223.6806500608775,1678.746015649048,-903.0,196.56666666666752,20208400.0,21398300.0,20462450.0,20222864.285714287,20023953.333333332,1580.8808573887195,1530.8267292073172,18938.0,18767.0,19816.0,18600.0,18919.85714285714,18241.333333333332,18342400.0,18132100.0,18280935.714285713,13999.0,21938250.0,
2022-11-11,138.0,-0.433883739117558,-0.9009688679024191,-0.8660254037844386,0.5000000000000001,-0.7717727365467837,0.6358984534680745,1.0,0,0,124.0,124.0,24.1,28.9,19.3,0.0,68.0,7.8,0,0,0,0.0,13999.0,12783.0,12630.0,15835.0,16220.0,16960.0,13278.714285714286,13311.142857142857,13068.6,1248.4184280234929,1687.910575340089,-1836.0,210.11428571428587,21938250.0,22668800.0,23589150.0,20300000.0,20058755.0,1567.129794985356,1531.3427766193709,19819.0,18938.0,20390.0,20080.0,18920.285714285714,18279.133333333335,18410700.0,18943850.0,18320735.714285713,16223.0,23390200.0,
2022-11-12,139.0,-0.9749279121818236,-0.2225209339563146,-0.8660254037844386,0.5000000000000001,-0.7607200913564104,0.6490800741100398,1.0,0,0,125.0,125.0,24.0,28.5,20.5,0.0,75.0,7.4,0,0,0,0.0,16223.0,13999.0,12783.0,12424.0,13760.0,13746.0,13334.142857142857,13311.357142857143,13184.8,1382.2690799999418,1781.6829394007805,3799.0,149.3428571428576,23390200.0,17801700.0,20310900.0,20403057.14285714,20162588.333333332,1441.7925167971398,1532.8041371090878,21768.0,19819.0,17888.0,16744.0,19117.14285714286,18402.4,20086450.0,19428350.0,18483964.285714287,12384.0,17992100.0,
2022-11-13,140.0,-0.7818314824680299,0.6234898018587334,-0.8660254037844386,0.5000000000000001,-0.7494423368521953,0.6620696215153815,0.0,0,0,126.0,126.0,24.3,28.2,20.2,0.0,68.0,7.7,0,0,0,0.0,12384.0,16223.0,13999.0,12434.0,12146.0,12268.0,13328.42857142857,13213.07142857143,13158.833333333334,1386.7341558668322,1787.6781914237347,-50.0,169.5952380952367,17992100.0,19334750.0,18845600.0,20430257.14285714,20076661.666666668,1452.8504521963823,1535.6616711226086,18426.0,21768.0,18301.0,17559.0,19194.0,18404.733333333334,16904150.0,17202750.0,18123364.285714287,12961.0,19934300.0,
2022-11-14,141.0,0.0,1.0,-0.8660254037844386,0.5000000000000001,-0.7379428103031386,0.6748632518680403,0.0,0,0,127.0,127.0,23.0,27.8,18.9,0.0,72.0,8.5,0,0,0,0.0,12961.0,12384.0,16223.0,12846.0,12523.0,12925.0,13403.714285714286,13271.285714285714,13025.533333333333,1343.7209177362608,1637.2307303394655,115.0,378.1809523809534,19934300.0,20131050.0,19829200.0,20515907.14285714,19910585.0,1538.0217575804336,1533.2375866279638,18607.0,18426.0,18339.0,18159.0,19237.714285714286,18350.4,17722650.0,17798000.0,18197635.714285713,12684.0,20214650.0,
2022-11-15,142.0,0.7818314824680298,0.6234898018587336,-0.8660254037844386,0.5000000000000001,-0.7262249146041543,0.6874571793269664,0.0,0,0,128.0,128.0,22.8,27.4,18.8,0.0,76.0,8.3,0,0,0,0.0,12684.0,12961.0,12384.0,12630.0,12614.0,13097.0,13380.57142857143,13282.785714285714,12990.133333333333,1356.263845661195,1632.5903625692843,54.0,390.43809523809614,20214650.0,20017050.0,19845900.0,20527850.0,19900076.666666668,1593.712551245664,1537.0384521925844,18970.0,18607.0,18767.0,18811.0,19327.85714285714,18393.366666666665,18323200.0,18119100.0,18272664.285714287,13052.0,20743400.0,
2022-11-16,143.0,0.9749279121818236,-0.22252093395631434,-0.8660254037844386,0.5000000000000001,-0.7142921172691032,0.699847677146407,0.0,0,0,129.0,129.0,23.3,27.9,18.9,0.0,75.0,7.7,0,0,0,0.0,13052.0,12684.0,12961.0,12783.0,12456.0,12674.0,13440.857142857143,13314.07142857143,13016.266666666666,1326.3905192377856,1626.8972994594924,269.0,424.5904761904767,20743400.0,20208400.0,19691100.0,20631614.285714287,19951518.333333332,1589.2889978547348,1537.668132578347,18822.0,18970.0,18938.0,18319.0,19335.714285714286,18423.6,18442900.0,18342400.0,18318921.42857143,12841.0,20449400.0,
2022-11-17,144.0,0.43388373911755823,-0.900968867902419,-0.8660254037844386,0.5000000000000001,-0.7021479494046978,0.7120310787787131,0.0,0,0,130.0,130.0,22.9,28.0,19.0,0.0,73.0,8.2,0,0,0,0.0,12841.0,13052.0,12684.0,13999.0,13686.0,13475.0,13449.142857142857,13341.57142857143,13013.466666666667,1321.7691967676817,1627.1320598617583,-1158.0,435.67619047618973,20449400.0,21938250.0,21398300.0,20666042.85714286,19944840.0,1592.5083716221477,1539.3292060402653,18796.0,18822.0,19819.0,19816.0,19315.428571428572,18452.2,18292200.0,18410700.0,18311750.0,13771.0,21665250.0,
2022-11-18,145.0,-0.433883739117558,-0.9009688679024191,-0.8660254037844386,0.5000000000000001,-0.6897960046655887,0.7240037789593305,1.0,0,0,131.0,131.0,22.9,28.0,19.3,0.0,70.0,9.4,0,0,0,0.0,13771.0,12841.0,13052.0,16223.0,15835.0,16148.0,13416.57142857143,13347.642857142857,13035.933333333332,1308.7058311098892,1632.9678910907637,-2452.0,380.63809523809687,21665250.0,23390200.0,22668800.0,20627042.85714286,19990086.666666668,1573.2517609469173,1540.2037726062026,19470.0,18796.0,21768.0,20390.0,19265.571428571428,18500.266666666666,18025700.0,20086450.0,18256750.0,17501.0,25681150.0,
2022-11-19,146.0,-0.9749279121818236,-0.2225209339563146,-0.8660254037844386,0.5000000000000001,-0.6772399381909491,0.7357622347736527,1.0,0,0,132.0,132.0,22.6,27.4,18.0,0.0,76.0,8.5,0,0,0,0.0,17501.0,13771.0,12841.0,12384.0,12424.0,13106.0,13599.142857142857,13466.642857142857,13196.833333333334,1772.4490992758801,1822.8445009689456,5117.0,402.30952380952294,25681150.0,17992100.0,17801700.0,20954321.42857143,20172623.333333332,1467.4104336895034,1543.8634750193976,20854.0,19470.0,18426.0,17888.0,19135.0,18585.9,19532950.0,16904150.0,18177678.57142857,13883.0,20521750.0,
2022-11-20,147.0,-0.7818314824680299,0.6234898018587334,-0.8660254037844386,0.5000000000000001,-0.6644834655228552,0.7473029667054297,0.0,0,0,133.0,133.0,24.1,28.7,20.5,0.0,72.0,8.1,0,0,0,0.0,13883.0,17501.0,13771.0,12961.0,12434.0,12469.0,13813.285714285714,13570.857142857143,13210.433333333332,1689.7957188455164,1826.509761593264,922.0,602.8523809523813,20521750.0,19934300.0,19334750.0,21315700.0,20164501.666666668,1478.1927537275806,1547.4838038095688,17732.0,20854.0,18607.0,18301.0,19035.85714285714,18543.5,16132250.0,17722650.0,18067407.14285714,12662.0,19857750.0,
2022-11-21,148.0,0.0,1.0,-0.8660254037844386,0.5000000000000001,-0.6515303615068021,0.75862255966641,0.0,0,0,134.0,134.0,23.7,27.6,20.3,0.0,69.0,9.5,0,0,0,0.0,12662.0,13883.0,17501.0,12684.0,12846.0,8809.0,13770.57142857143,13587.142857142857,13094.233333333334,1718.4660657248035,1742.1192738638472,-22.0,676.3380952380958,19857750.0,20214650.0,20131050.0,21304764.285714287,20060338.333333332,1568.2948981203601,1551.8085381724154,18319.0,17732.0,18970.0,18339.0,18994.714285714286,18473.966666666667,17463450.0,18323200.0,18030378.57142857,12656.0,20405700.0,
2022-11-22,149.0,0.7818314824680298,0.6234898018587336,-0.8660254037844386,0.5000000000000001,-0.6383844591746642,0.769717664006921,0.0,0,0,135.0,135.0,22.0,26.6,18.2,0.0,71.0,9.5,0,0,0,0.0,12656.0,12662.0,13883.0,13052.0,12630.0,9332.0,13766.57142857143,13573.57142857143,13079.233333333334,1721.446761413497,1743.95079975156,-396.0,687.3380952380958,20405700.0,20743400.0,20017050.0,21332057.14285714,20105800.0,1612.33407079646,1554.4687552511007,18326.0,18319.0,18822.0,18767.0,18902.714285714286,18509.266666666666,17788350.0,18442900.0,17953971.42857143,12379.0,19777950.0,
2022-11-23,150.0,0.9749279121818236,-0.22252093395631434,-0.8660254037844386,0.5000000000000001,-0.6250496486104377,0.7805849965070866,0.0,0,0,136.0,136.0,22.1,27.2,18.4,0.0,75.0,9.6,0,0,0,0.0,12379.0,12656.0,12662.0,12841.0,12783.0,11732.0,13670.42857142857,13555.642857142857,13076.233333333334,1785.605019514213,1745.113763376623,-462.0,594.1952380952371,19777950.0,20449400.0,20208400.0,21194135.714285713,20112021.666666668,1597.7017529687373,1555.6705774102436,18542.0,18326.0,18796.0,18938.0,18862.714285714286,18537.866666666665,18309900.0,18292200.0,17934971.42857143,12798.0,20132300.0,
2022-11-24,151.0,0.43388373911755823,-0.900968867902419,-0.8660254037844386,0.5000000000000001,-0.6115298757991053,0.7912213413483807,0.0,0,0,137.0,137.0,22.2,27.1,18.2,0.0,74.0,9.4,0,0,0,0.0,12798.0,12379.0,12656.0,13771.0,13999.0,13061.0,13664.285714285714,13556.714285714286,13209.2,1789.0047246337758,1549.8049799449445,-973.0,455.08571428571304,20132300.0,21665250.0,21938250.0,21148835.714285713,20335063.333333332,1573.0817315205502,1552.8953431100156,17749.0,18542.0,19470.0,19819.0,18713.14285714286,18611.833333333332,17536900.0,18025700.0,17827071.42857143,13151.0,20167400.0,
2022-11-25,152.0,-0.433883739117558,-0.9009688679024191,-0.8660254037844386,0.5000000000000001,-0.5978291414589552,0.801623551065242,1.0,0,0,138.0,138.0,22.4,27.5,18.5,0.0,76.0,8.5,0,0,0,0.0,13151.0,12798.0,12379.0,17501.0,16223.0,16220.0,13575.714285714286,13496.142857142857,13336.5,1798.1651494681944,1366.3381403566186,-4350.0,239.21428571428623,20167400.0,25681150.0,23390200.0,20934857.14285714,20515526.666666668,1533.5259676070261,1547.2202297757453,18531.0,17749.0,20854.0,21768.0,18579.0,18754.466666666667,17626350.0,19532950.0,17770021.42857143,16305.0,23760950.0,
2022-11-26,153.0,-0.9749279121818236,-0.2225209339563146,-0.8660254037844386,0.5000000000000001,-0.5839514998576998,0.8117885474764613,1.0,0,0,139.0,139.0,22.2,27.4,18.3,0.0,72.0,7.3,0,0,0,0.0,16305.0,13151.0,12798.0,13883.0,12384.0,13760.0,13404.857142857143,13502.0,13488.933333333332,1368.5256578488218,1434.5492127069876,2422.0,-84.07619047618937,23760950.0,20521750.0,17992100.0,20660542.85714286,20692228.333333332,1457.279975467648,1545.7730214583376,19733.0,18531.0,17732.0,18426.0,18418.85714285714,18839.166666666668,18548900.0,16132250.0,17629442.85714286,13322.0,19727350.0,
2022-11-27,154.0,-0.7818314824680299,0.6234898018587334,-0.8660254037844386,0.5000000000000001,-0.5699010576127624,0.821713322596059,0.0,0,0,140.0,140.0,22.2,27.2,17.3,0.0,72.0,7.1,0,0,0,0.0,13322.0,16305.0,13151.0,12662.0,12961.0,12146.0,13324.714285714286,13569.0,13497.633333333333,1352.1870820126856,1432.6546491315478,660.0,-172.91904761904698,19727350.0,19857750.0,19934300.0,20547057.14285714,20667725.0,1480.8099384476805,1546.1469049897803,16343.0,19733.0,18319.0,18607.0,18220.428571428572,18763.933333333334,14823450.0,17463450.0,17442471.42857143,12353.0,19423200.0,
2022-11-28,155.0,0.0,1.0,-0.8660254037844386,0.5000000000000001,-0.5556819724760489,0.8313949395234058,0.0,0,0,141.0,141.0,22.7,27.6,17.6,0.0,69.0,8.1,0,0,0,0.0,12353.0,13322.0,16305.0,12656.0,12684.0,12523.0,13280.57142857143,13525.57142857143,13368.733333333334,1382.1395078094313,1350.8991879825944,-303.0,-88.16190476190422,19423200.0,20405700.0,20214650.0,20484978.57142857,20528860.0,1572.3467983485793,1546.725747879526,16976.0,16343.0,18326.0,18970.0,18028.571428571428,18660.466666666667,16139200.0,17788350.0,17253292.85714286,13083.0,20866000.0,
2022-11-29,156.0,0.7818314824680298,0.6234898018587336,-0.8660254037844386,0.5000000000000001,-0.5412984521036173,0.8408305333122887,0.0,0,0,142.0,142.0,24.2,27.5,20.9,0.0,67.0,5.8,0,0,0,0.0,13083.0,12353.0,13322.0,12379.0,13052.0,12614.0,13341.57142857143,13554.07142857143,13346.166666666666,1359.212744832229,1349.7918890252083,704.0,-4.595238095236709,20866000.0,19777950.0,20743400.0,20550735.714285713,20547363.333333332,1594.894137430253,1544.2343288272107,17270.0,16976.0,18542.0,18822.0,17877.714285714286,18678.0,16741550.0,18309900.0,17103750.0,12688.0,19851100.0,
2022-11-30,157.0,0.9749279121818236,-0.22252093395631434,-0.8660254037844386,0.5000000000000001,-0.5267547528105542,0.8500173118187018,0.0,0,0,143.0,143.0,24.8,28.6,21.3,0.0,67.0,6.8,0,0,0,0.0,12688.0,13083.0,12353.0,12798.0,12841.0,12456.0,13385.714285714286,13528.07142857143,13364.233333333334,1327.3863685561362,1336.7381473993787,-110.0,21.480952380952658,19851100.0,20132300.0,20449400.0,20561185.714285713,20580880.0,1564.5570617906683,1539.4993729446294,17651.0,17270.0,17749.0,18796.0,17750.428571428572,18681.066666666666,17373650.0,17536900.0,16970000.0,12479.0,19643200.0,
2022-12-01,158.0,0.43388373911755823,-0.900968867902419,-0.5000000000000004,0.8660254037844384,-0.5120551783114646,0.8589525565270845,0.0,0,0,142.0,-142.0,23.4,27.5,20.3,0.0,71.0,8.8,0,0,0,0.0,12479.0,12688.0,13083.0,13151.0,13771.0,13686.0,13340.142857142857,13502.214285714286,13362.766666666666,1356.0919866257425,1337.7167548072473,-672.0,-22.62380952380954,19643200.0,20167400.0,21665250.0,20491314.285714287,20574680.0,1574.1004888212196,1539.6449097018678,16937.0,17651.0,18531.0,19470.0,17634.428571428572,18640.333333333332,16583550.0,17626350.0,16833807.14285714,13891.0,21509100.0,
2022-12-02,159.0,-0.433883739117558,-0.9009688679024191,-0.5000000000000004,0.8660254037844384,-0.4972040784469378,0.8676336233547726,1.0,0,0,141.0,-141.0,22.3,27.1,19.2,0.0,73.0,9.4,0,0,0,0.0,13891.0,12479.0,12688.0,16305.0,17501.0,15835.0,13445.857142857143,13510.785714285714,13405.333333333334,1367.6837388533518,1333.379407249954,-2414.0,40.52380952380918,21509100.0,23760950.0,25681150.0,20682985.714285713,20630120.0,1548.419840184292,1541.7726057843345,18485.0,16937.0,19733.0,20854.0,17627.85714285714,18629.466666666667,16672950.0,18548900.0,16697607.142857144,15933.0,23256000.0,
2022-12-03,160.0,-0.9749279121818236,-0.2225209339563146,-0.5000000000000004,0.8660254037844384,-0.4822058478963526,0.8760579434344281,1.0,0,0,140.0,-140.0,21.5,26.5,18.2,0.0,71.0,9.5,0,0,0,0.0,15933.0,13891.0,12479.0,13322.0,13883.0,12424.0,13392.714285714286,13398.785714285714,13521.233333333334,1239.2716562946614,1397.5841146318671,2611.0,-128.51904761904734,23256000.0,19727350.0,20521750.0,20610850.0,20748950.0,1459.61212577669,1542.1057701141976,18491.0,18485.0,16343.0,17732.0,17450.428571428572,18635.2,16624000.0,14823450.0,16422621.42857143,12976.0,19049950.0,
2022-12-04,161.0,-0.7818314824680299,0.6234898018587334,-0.5000000000000004,0.8660254037844384,-0.46706492487743034,0.8842230238742036,0.0,0,0,139.0,-139.0,21.8,26.3,17.3,0.0,75.0,8.9,0,0,0,0.0,12976.0,15933.0,13891.0,12353.0,12662.0,12434.0,13343.285714285714,13334.0,13497.566666666668,1249.4207610310125,1400.7058241283935,623.0,-154.28095238095375,19049950.0,19423200.0,19857750.0,20514078.57142857,20670671.666666668,1468.091091245376,1540.2887919424395,15545.0,18491.0,16976.0,18319.0,17336.428571428572,18492.833333333332,13466800.0,16139200.0,16228814.285714285,11740.0,18186450.0,
2022-12-05,162.0,0.0,1.0,-0.5000000000000004,0.8660254037844384,-0.451785789832884,0.8921264484954345,0.0,0,0,138.0,-138.0,21.8,26.5,18.5,0.0,73.0,8.4,0,0,0,0.0,11740.0,12976.0,15933.0,13083.0,12656.0,12846.0,13255.714285714286,13268.142857142857,13361.066666666668,1347.9918044120236,1364.1190900922477,-1343.0,-105.35238095238128,18186450.0,20866000.0,20405700.0,20337400.0,20521260.0,1549.1013628620103,1536.9680154443583,17443.0,15545.0,17270.0,18326.0,17403.14285714286,18394.6,16169350.0,16741550.0,16233121.42857143,12053.0,18967750.0,
2022-12-06,163.0,0.7818314824680298,0.6234898018587336,-0.5000000000000004,0.8660254037844384,-0.4363729641045924,0.8997658785476209,0.0,0,0,137.0,-137.0,21.8,26.4,18.0,0.0,74.0,8.7,0,0,0,0.0,12053.0,11740.0,12976.0,12688.0,12379.0,12630.0,13108.57142857143,13225.07142857143,13348.7,1424.0567471304298,1374.5489830837716,-635.0,-240.12857142857138,18967750.0,19851100.0,19777950.0,20066221.42857143,20560128.333333332,1573.6953455571227,1533.9396166053398,17516.0,17443.0,17651.0,18542.0,17438.285714285714,18382.2,16713750.0,17373650.0,16229150.0,12638.0,19953600.0,
2022-12-07,164.0,0.9749279121818236,-0.22252093395631434,-0.5000000000000004,0.8660254037844384,-0.42083100859565564,0.9071390534005044,0.0,0,0,136.0,-136.0,21.5,25.9,18.2,0.0,72.0,9.6,0,0,0,0.0,12638.0,12053.0,11740.0,12479.0,12798.0,12783.0,13101.42857142857,13243.57142857143,13355.5,1426.640909869883,1370.3660912829132,159.0,-254.07142857142935,19953600.0,19643200.0,20132300.0,20080864.285714287,20580756.666666668,1578.8574141478082,1535.9825240849314,18282.0,17516.0,16937.0,17749.0,17528.428571428572,18381.566666666666,17678300.0,16583550.0,16272671.42857143,12346.0,19304400.0,
2022-12-08,165.0,0.43388373911755823,-0.900968867902419,-0.5000000000000004,0.8660254037844384,-0.4051645224207563,0.9142437912130223,0.0,0,0,135.0,-135.0,21.5,26.7,17.7,0.0,71.0,8.4,0,0,0,0.0,12346.0,12638.0,12053.0,13891.0,13151.0,13999.0,13082.42857142857,13211.285714285714,13338.833333333334,1437.1588704968221,1379.7845929668097,-1545.0,-256.4047619047633,19304400.0,21509100.0,20167400.0,20032464.285714287,20553201.666666668,1563.6157459906042,1534.4847036805575,17760.0,18282.0,18485.0,18531.0,17646.0,18362.266666666666,17184900.0,16672950.0,16358578.57142857,11796.0,17856950.0,
2022-12-09,166.0,-0.433883739117558,-0.9009688679024191,-0.5000000000000004,0.8660254037844384,-0.3893781415452015,0.9210779895789526,1.0,0,0,134.0,-134.0,21.1,26.2,16.8,0.0,70.0,7.6,0,0,0,0.0,11796.0,12346.0,12638.0,15933.0,16305.0,16223.0,12783.142857142857,13114.5,13311.033333333333,1458.6901005778777,1402.7689977040482,-4137.0,-527.890476190476,17856950.0,23256000.0,23760950.0,19510728.57142857,20481198.333333332,1513.8140047473719,1529.5410129038548,18147.0,17760.0,18491.0,19733.0,17597.714285714286,18341.6,16630400.0,16624000.0,16352500.0,10185.0,15293150.0,
2022-12-10,167.0,-0.9749279121818236,-0.2225209339563146,-0.5000000000000004,0.8660254037844384,-0.37347653741307074,0.9276396261490467,1.0,0,0,133.0,-133.0,21.3,25.7,17.0,0.0,72.0,8.1,0,0,0,0.0,10185.0,11796.0,12346.0,12976.0,13322.0,12384.0,11962.0,12677.357142857143,13224.433333333332,901.432008898495,1512.400961324798,-2791.0,-1262.4333333333325,15293150.0,19049950.0,19727350.0,18373178.57142857,20317356.666666668,1501.5365733922436,1535.5302197060767,16616.0,18147.0,15545.0,16343.0,17329.85714285714,18264.2,15723500.0,13466800.0,16223857.142857144,5671.0,8117150.0,
2022-12-11,168.0,-0.7818314824680299,0.6234898018587334,-0.5000000000000004,0.8660254037844384,-0.3574644155648614,0.9339267592294762,0.0,0,0,132.0,-132.0,21.6,26.5,17.7,0.0,73.0,8.2,0,0,0,0.0,5671.0,10185.0,11796.0,11740.0,12353.0,12961.0,10918.42857142857,12130.857142857143,12946.833333333334,2442.6991121259875,2038.22008360125,-6069.0,-2028.4047619047633,8117150.0,18186450.0,19423200.0,16811350.0,19856653.333333332,1431.3436783636043,1530.280589294395,11505.0,16616.0,17443.0,16976.0,16752.714285714286,17987.066666666666,10466800.0,16169350.0,15795285.714285715,11289.0,17155400.0,
2022-12-12,169.0,0.0,1.0,-0.5000000000000004,0.8660254037844384,-0.34134651424503615,0.9399375283564133,0.0,0,0,131.0,-131.0,21.1,26.2,16.6,0.0,71.0,8.2,0,0,0,0.0,11289.0,5671.0,10185.0,12053.0,13083.0,12684.0,10854.0,12054.857142857143,12782.366666666667,2423.2883994000395,1962.4013875217304,-764.0,-1928.3666666666668,17155400.0,18967750.0,20866000.0,16664057.142857144,19648826.666666668,1519.656302595447,1526.0741521134573,15443.0,11505.0,17516.0,17270.0,16467.0,17776.233333333334,14266550.0,16713750.0,15523457.142857144,13187.0,20594300.0,
2022-12-13,170.0,0.7818314824680298,0.6234898018587336,-0.5000000000000004,0.8660254037844384,-0.3251276029999093,0.9456701548465688,0.0,0,0,130.0,-130.0,21.6,26.4,16.7,0.0,72.0,7.3,0,0,0,0.0,13187.0,11289.0,5671.0,12638.0,12688.0,13052.0,11016.0,12062.285714285714,12809.133333333333,2551.324492624723,1962.2567537955317,549.0,-1793.1333333333332,20594300.0,19953600.0,19851100.0,16896421.42857143,19735566.666666668,1561.712292409191,1524.3622873780387,18007.0,15443.0,18282.0,17651.0,16537.14285714286,17762.266666666666,17079050.0,17678300.0,15575642.857142856,13199.0,20547000.0,
2022-12-14,171.0,0.9749279121818236,-0.22252093395631434,-0.5000000000000004,0.8660254037844384,-0.30881248126625377,0.9511229423235357,0.0,0,0,129.0,-129.0,21.4,26.3,16.7,0.0,76.0,6.8,0,0,0,0.0,13199.0,13187.0,11289.0,12346.0,12479.0,12841.0,11096.142857142857,12098.785714285714,12817.066666666668,2618.68875766555,1963.3727127561613,853.0,-1720.9238095238106,20547000.0,19304400.0,19643200.0,16981192.85714286,19755990.0,1556.7088415789076,1521.1982055824813,19237.0,18007.0,17760.0,16937.0,16673.571428571428,17783.266666666666,18351450.0,17184900.0,15671807.142857144,13871.0,21211200.0,
2022-12-15,172.0,0.43388373911755823,-0.900968867902419,-0.5000000000000004,0.8660254037844384,-0.29240597695107734,0.9562942772197719,0.0,0,0,128.0,-128.0,20.4,25.1,16.2,0.0,72.0,7.5,0,0,0,0.0,13871.0,13199.0,13187.0,11796.0,13891.0,13771.0,11314.0,12198.214285714286,12856.633333333333,2797.33927152216,1972.5376878237696,2075.0,-1542.6333333333332,21211200.0,17856950.0,21509100.0,17253592.85714286,19789208.333333332,1529.1759786605148,1516.2782388210398,18971.0,19237.0,18147.0,18485.0,16846.571428571428,17783.3,18204600.0,16630400.0,15817478.57142857,15505.0,23047800.0,
2022-12-16,173.0,-0.433883739117558,-0.9009688679024191,-0.5000000000000004,0.8660254037844384,-0.27591294500296043,0.9611826292540837,1.0,1,0,127.0,-127.0,19.5,24.5,16.2,0.0,73.0,7.4,0,0,0,0.0,15505.0,13871.0,13199.0,10185.0,15933.0,17501.0,11843.857142857143,12313.5,12938.4,3222.772069123711,2030.8936982996397,5320.0,-1094.5428571428565,23047800.0,15293150.0,23256000.0,17995142.85714286,19866021.666666668,1486.475330538536,1512.3727139340633,20731.0,18971.0,16616.0,18491.0,17215.714285714286,17846.933333333334,18625450.0,15723500.0,16102485.714285715,19786.0,27596950.0,Victory Day
2022-12-17,174.0,-0.9749279121818236,-0.2225209339563146,-0.5000000000000004,0.8660254037844384,-0.2593382659754056,0.9657865518844574,1.0,0,0,126.0,-126.0,20.1,24.8,15.9,0.0,75.0,7.6,0,0,0,0.0,19786.0,15505.0,13871.0,5671.0,12976.0,13883.0,13215.42857142857,12588.714285714286,13169.9,4271.512763145437,2384.4591572123595,14115.0,45.52857142857101,27596950.0,8117150.0,19049950.0,19752828.57142857,20104273.333333332,1394.771555645406,1497.1205685416583,21999.0,20731.0,11505.0,15545.0,17984.714285714286,17953.7,19712950.0,10466800.0,16672407.142857144,15669.0,21998100.0,
2022-12-18,175.0,-0.7818314824680299,0.6234898018587334,-0.5000000000000004,0.8660254037844384,-0.2426868445825954,0.9701046827361175,0.0,0,0,125.0,-125.0,20.0,25.2,15.8,0.0,76.0,6.9,0,0,0,0.0,15669.0,19786.0,15505.0,11289.0,11740.0,12662.0,14643.714285714286,12781.07142857143,13233.166666666666,2717.12278671673,2425.7797762757828,4380.0,1410.5476190476202,21998100.0,17155400.0,18186450.0,21735821.42857143,20115368.333333332,1403.9249473482673,1493.2036069680385,18486.0,21999.0,15443.0,17443.0,18982.0,17920.9,16399950.0,14266550.0,17520000.0,13980.0,20874350.0,
2022-12-19,176.0,0.0,1.0,-0.5000000000000004,0.8660254037844384,-0.22596360824801906,0.974135744004672,0.0,0,0,124.0,-124.0,20.4,24.5,16.7,0.0,69.0,6.5,0,0,0,0.0,13980.0,15669.0,19786.0,13187.0,12053.0,12656.0,15028.142857142857,12941.07142857143,13115.8,2325.526781080762,2293.7541040083734,793.0,1912.3428571428576,20874350.0,20594300.0,18967750.0,22267100.0,19955141.666666668,1493.1580829756795,1489.4181470223573,18949.0,18486.0,18007.0,17516.0,19482.85714285714,17857.4,17794750.0,17079050.0,18024028.57142857,14268.0,21266750.0,
2022-12-20,177.0,0.7818314824680298,0.6234898018587336,-0.5000000000000004,0.8660254037844384,-0.20917350564635637,0.9778785428342386,0.0,0,0,123.0,-123.0,20.0,25.0,15.4,0.0,75.0,7.9,0,0,0,0.0,14268.0,13980.0,15669.0,13199.0,12638.0,12379.0,15182.57142857143,13099.285714285714,13128.633333333333,2216.210042478147,2299.264927264192,1069.0,2053.938095238096,21266750.0,20547000.0,19953600.0,22363164.285714287,19979975.0,1490.5207457246986,1479.24792606743,18981.0,18949.0,19237.0,18282.0,19622.0,17899.033333333333,18013550.0,18351450.0,18157528.57142857,14695.0,21974200.0,
2022-12-21,178.0,0.9749279121818236,-0.22252093395631434,-0.5000000000000004,0.8660254037844384,-0.19232150523909483,0.9813319716704275,0.0,0,0,122.0,-122.0,20.5,25.3,16.1,0.0,76.0,8.0,0,0,0,0.0,14695.0,14268.0,13980.0,13871.0,12346.0,12798.0,15396.285714285714,13246.214285714286,13196.4,2059.651080020255,2314.943547386478,824.0,2199.885714285714,21974200.0,21211200.0,19304400.0,22567050.0,20050523.333333332,1495.352160598843,1470.4826859274206,19807.0,18981.0,18971.0,17760.0,19703.428571428572,17948.633333333335,18765400.0,18204600.0,18216664.285714287,15451.0,23113950.0,
2022-12-22,179.0,0.43388373911755823,-0.900968867902419,-0.5000000000000004,0.8660254037844384,-0.17541259380427843,0.9844950085880858,0.0,0,0,121.0,-121.0,20.4,25.0,16.4,0.0,76.0,8.6,0,0,0,0.0,15451.0,14695.0,14268.0,15505.0,11796.0,13151.0,15622.0,13468.0,13289.566666666668,1948.1976285787907,2348.4458056976605,-54.0,2332.4333333333325,23113950.0,23047800.0,17856950.0,22838871.42857143,20140798.333333332,1495.9517183353828,1465.7363630238306,19646.0,19807.0,20731.0,18147.0,19799.85714285714,17992.633333333335,18571050.0,18625450.0,18269014.285714287,17937.0,26025000.0,
2022-12-23,180.0,-0.433883739117558,-0.9009688679024191,-0.5000000000000004,0.8660254037844384,-0.15845177496083632,0.9873667175937016,1.0,0,0,120.0,-120.0,19.5,24.7,16.1,0.0,74.0,8.9,0,0,0,0.0,17937.0,15451.0,14695.0,19786.0,10185.0,16305.0,15969.42857142857,13906.642857142857,13474.833333333334,2132.0347759157917,2489.152508916189,-1849.0,2494.5952380952367,26025000.0,27596950.0,15293150.0,23264185.714285713,20349033.333333332,1450.9115236661648,1460.6558191849201,21991.0,19646.0,21999.0,16616.0,19979.85714285714,18107.6,19106450.0,19712950.0,18337728.57142857,22825.0,31200850.0,
2022-12-24,181.0,-0.9749279121818236,-0.2225209339563146,-0.5000000000000004,0.8660254037844384,-0.14144406768794202,0.9899462489023779,1.0,0,0,119.0,-119.0,19.8,24.0,14.3,0.0,67.0,6.7,0,0,0,0.0,22825.0,17937.0,15451.0,15669.0,5671.0,13322.0,16403.571428571428,14809.5,13809.066666666668,3119.474200200138,3013.1704111179743,7156.0,2594.50476190476,31200850.0,21998100.0,8117150.0,23779028.57142857,20717985.0,1366.9594742606791,1456.6826647013877,24202.0,21991.0,18486.0,11505.0,20294.571428571428,18322.7,21350650.0,16399950.0,18571685.714285713,17440.0,24274600.0,
2022-12-25,182.0,-0.7818314824680299,0.6234898018587334,-0.5000000000000004,0.8660254037844384,-0.12439450483979998,0.9922328391893008,0.0,1,0,118.0,-118.0,20.4,26.4,14.0,0.0,67.0,5.6,0,0,0,0.0,17440.0,22825.0,17937.0,13980.0,11289.0,12353.0,16656.571428571428,15650.142857142857,13952.033333333333,3121.784791703984,3081.838473729764,3460.0,2704.5380952380947,24274600.0,20874350.0,17155400.0,24104242.85714286,20854891.666666668,1391.8922018348624,1454.963701056616,19260.0,24202.0,18949.0,15443.0,20405.14285714286,18347.0,17225050.0,17794750.0,18689557.14285714,19764.0,26429650.0,Christmas Day
2022-12-26,183.0,0.0,1.0,-0.5000000000000004,0.8660254037844384,-0.10730813165636247,0.9942258118156161,0.0,0,0,117.0,-117.0,21.3,27.6,16.0,0.3,75.0,4.8,1,0,0,0.0,19764.0,17440.0,22825.0,14268.0,13187.0,13083.0,17482.85714285714,16255.5,14067.333333333334,3060.1220797309907,3233.8607473627267,5496.0,3415.5238095238074,26429650.0,21266750.0,20594300.0,24897857.14285714,20943848.333333332,1337.262193887877,1432.6928597583585,21802.0,19260.0,18981.0,18007.0,20812.714285714286,18415.966666666667,19134950.0,18013550.0,18881014.285714287,16955.0,24431600.0,
2022-12-27,184.0,0.7818314824680298,0.6234898018587336,-0.5000000000000004,0.8660254037844384,-0.09019000427034513,0.9959245770286599,0.0,0,0,116.0,-116.0,21.0,25.5,17.7,1.0,85.0,7.0,1,0,0,0.0,16955.0,19764.0,17440.0,14695.0,13199.0,12688.0,17866.714285714286,16524.64285714286,14188.433333333332,2741.5927678562834,3272.776662347933,2260.0,3678.2809523809537,24431600.0,21974200.0,20547000.0,25349978.57142857,21100656.666666668,1440.967266293129,1425.6137912681338,19283.0,21802.0,19807.0,19237.0,20855.85714285714,18513.966666666667,17273650.0,18765400.0,18775314.285714287,15838.0,23612000.0,
2022-12-28,185.0,0.9749279121818236,-0.22252093395631434,-0.5000000000000004,0.8660254037844384,-0.07304518821104743,0.9973286321364752,0.0,0,0,115.0,-115.0,20.3,24.2,17.5,0.8,86.0,6.0,1,0,0,0.0,15838.0,16955.0,19764.0,15451.0,13871.0,12479.0,18030.0,16713.14285714286,14304.6,2548.4393917323796,3267.2268067730824,387.0,3725.3999999999996,23612000.0,23113950.0,21211200.0,25583950.0,21240283.333333332,1490.844803636823,1424.9698831307028,19961.0,19283.0,19646.0,18971.0,20877.85714285714,18613.466666666667,18785500.0,18571050.0,18778185.714285713,15613.0,23293350.0,
2022-12-29,186.0,0.43388373911755823,-0.900968867902419,-0.5000000000000004,0.8660254037844384,-0.05587875690537313,0.9984375616565666,0.0,0,0,114.0,-114.0,18.2,23.0,14.3,0.0,73.0,7.6,0,0,0,0.0,15613.0,15838.0,16955.0,17937.0,15505.0,13891.0,18053.14285714286,16837.571428571428,14388.933333333332,2521.711021546768,3267.25973903192,-2324.0,3664.209523809526,23293350.0,26025000.0,23047800.0,25609578.57142857,21321195.0,1491.9201947095369,1424.393951184153,19210.0,19961.0,21991.0,20731.0,20815.571428571428,18678.133333333335,18280600.0,19106450.0,18736692.85714286,16387.0,24486500.0,
2022-12-30,187.0,-0.433883739117558,-0.9009688679024191,-0.5000000000000004,0.8660254037844384,-0.03869579017652689,0.9992510374388481,1.0,0,0,113.0,-113.0,17.9,22.1,14.2,0.0,76.0,7.1,0,0,0,0.0,16387.0,15613.0,15838.0,22825.0,19786.0,15933.0,17831.714285714286,16900.571428571428,14512.233333333334,2600.43225344593,3270.651149798499,-6438.0,3319.4809523809527,24486500.0,31200850.0,27596950.0,25389792.85714286,21475708.333333332,1494.2637456520413,1430.5871257535641,19797.0,19210.0,24202.0,21999.0,20502.14285714286,18749.666666666668,18499150.0,21350650.0,18649935.714285713,19490.0,28003650.0,
2022-12-31,188.0,-0.9749279121818236,-0.2225209339563146,-0.5000000000000004,0.8660254037844384,-0.021501372740813793,0.999768818762748,1.0,0,0,112.0,-112.0,18.3,22.5,14.2,0.0,78.0,6.1,0,0,0,0.0,19490.0,16387.0,15613.0,17440.0,15669.0,12976.0,17355.285714285714,16879.428571428572,14745.933333333332,1673.4001030123943,3369.351016333034,2050.0,2609.3523809523813,28003650.0,24274600.0,21998100.0,24933050.0,21754390.0,1436.821446895844,1440.5674075585873,20856.0,19797.0,19260.0,18486.0,20024.14285714286,18880.3,18969750.0,17225050.0,18309807.14285714,17005.0,24286400.0,
2023-01-01,189.0,-0.7818314824680299,0.6234898018587334,0.0,1.0,0.0,1.0,0.0,0,0,111.0,-111.0,18.7,23.2,14.4,0.0,81.0,7.6,0,0,0,0.0,17005.0,19490.0,16387.0,19764.0,13980.0,11740.0,17293.14285714286,16974.85714285714,14849.733333333334,1677.8010836182175,3390.008136836278,-2759.0,2443.409523809525,24286400.0,26429650.0,20874350.0,24934735.714285713,21846966.666666668,1428.191708321082,1445.7530513423333,18871.0,20856.0,21802.0,18949.0,19968.571428571428,18893.166666666668,17051500.0,19134950.0,18285014.285714287,14736.0,21621150.0,
2023-01-02,190.0,0.0,1.0,0.0,1.0,0.017201575418260506,0.9998520419557735,0.0,0,0,110.0,-110.0,18.6,23.6,15.3,0.0,79.0,7.7,0,0,0,0.0,14736.0,17005.0,19490.0,16955.0,14268.0,12053.0,16574.85714285714,17028.85714285714,14809.833333333334,1511.7541057296605,3383.857257152212,-2219.0,1765.0238095238074,21621150.0,24431600.0,21266750.0,24247807.14285714,21792471.666666668,1467.233306188925,1464.3203530996257,18647.0,18871.0,19283.0,18981.0,19517.85714285714,18898.366666666665,17534850.0,17273650.0,18056428.57142857,14104.0,21494850.0,
2023-01-03,191.0,0.7818314824680298,0.6234898018587336,0.0,1.0,0.03439806061360801,0.9994082116062598,0.0,0,0,109.0,-109.0,18.4,22.7,13.8,0.0,79.0,9.3,0,0,0,0.0,14104.0,14736.0,17005.0,15838.0,14695.0,12638.0,16167.57142857143,17017.14285714286,14847.433333333332,1756.504944213833,3369.012192108363,-1734.0,1320.1380952380969,21494850.0,23612000.0,21974200.0,23828271.42857143,21873968.333333332,1524.0250992626206,1476.1857578095533,18373.0,18647.0,19961.0,19807.0,19387.85714285714,18992.633333333335,17765250.0,18785500.0,18126657.14285714,14416.0,22274550.0,
2023-01-04,192.0,0.9749279121818236,-0.22252093395631434,0.0,1.0,0.051584366869408364,0.9986686402879997,0.0,0,0,108.0,-108.0,18.2,22.7,15.2,0.0,81.0,9.7,0,0,0,0.0,14416.0,14104.0,14736.0,15613.0,15451.0,12346.0,15964.42857142857,16997.214285714286,14936.633333333333,1878.9347032421445,3318.9546805077725,-1197.0,1027.7952380952374,22274550.0,23293350.0,23113950.0,23637207.14285714,22010238.333333332,1545.1269422863486,1483.9403490452,18677.0,18373.0,19210.0,19646.0,19204.428571428572,19033.766666666666,18395600.0,18280600.0,18070957.14285714,14627.0,22361000.0,
2023-01-05,193.0,0.43388373911755823,-0.900968867902419,0.0,1.0,0.06875540848113941,0.9976335468520451,0.0,0,0,107.0,-107.0,17.5,21.5,13.9,0.0,83.0,12.2,0,0,0,0.0,14627.0,14416.0,14104.0,16387.0,17937.0,11796.0,15823.57142857143,16938.35714285714,15022.433333333332,1945.452034630422,3274.815221776901,-1760.0,801.1380952380969,22361000.0,24486500.0,26025000.0,23504014.285714287,22123346.666666668,1528.7482053736242,1489.2014934257838,19051.0,18677.0,19797.0,21991.0,19181.714285714286,19084.933333333334,18743450.0,18499150.0,18137078.57142857,14766.0,21713250.0,
2023-01-06,194.0,-0.433883739117558,-0.9009688679024191,0.0,1.0,0.08590610426133272,0.9963032375991965,1.0,0,0,106.0,-106.0,17.1,21.1,14.2,0.0,83.0,11.4,0,0,0,0.0,14766.0,14627.0,14416.0,19490.0,22825.0,10185.0,15592.0,16711.85714285714,15093.366666666667,1963.5991614040538,3244.291097141036,-4724.0,498.6333333333332,21713250.0,28003650.0,31200850.0,23107835.714285713,22182001.666666668,1470.489638358391,1485.8051923838336,19506.0,19051.0,20856.0,24202.0,19140.14285714286,19125.733333333334,18312500.0,18969750.0,18110414.285714287,17603.0,24960500.0,
2023-01-07,195.0,-0.9749279121818236,-0.2225209339563146,0.0,1.0,0.10303137904317879,0.9946781061893646,1.0,0,0,105.0,-105.0,16.5,21.0,13.4,0.0,85.0,9.5,0,0,0,0.0,17603.0,14766.0,14627.0,17005.0,17440.0,5671.0,15322.42857142857,16338.857142857143,15268.6,1382.9537057982081,3232.7331833114285,598.0,53.828571428570285,24960500.0,24286400.0,24274600.0,22673100.0,22370538.333333332,1417.9685280918025,1483.1119182689706,20030.0,19506.0,18871.0,19260.0,19022.14285714286,19201.4,18913600.0,17051500.0,18102392.85714286,14750.0,20764000.0,
2023-01-08,196.0,-0.7818314824680299,0.6234898018587334,0.0,1.0,0.1201261651823505,0.9927586335250793,0.0,0,0,104.0,-104.0,18.0,23.1,14.1,0.0,87.0,8.1,0,0,0,0.0,14750.0,17603.0,14766.0,14736.0,19764.0,11289.0,15000.285714285714,16146.714285714286,15367.066666666668,1172.288461981646,3167.6461176142866,14.0,-366.78095238095375,20764000.0,21621150.0,26429650.0,22169900.0,22467440.0,1407.7288135593221,1480.188647588719,17623.0,20030.0,18647.0,21802.0,18843.85714285714,19183.933333333334,16057550.0,17534850.0,17960400.0,13484.0,20273150.0,
2023-01-09,197.0,0.0,1.0,0.0,1.0,0.13718540405660057,0.9905453876091833,0.0,0,0,103.0,-103.0,18.8,23.7,14.8,0.0,84.0,9.1,0,0,0,0.0,13484.0,14750.0,17603.0,14104.0,16955.0,13187.0,14821.42857142857,15698.142857142857,15477.033333333333,1307.0901342477036,3036.0751715210413,-620.0,-655.6047619047622,20273150.0,21494850.0,24431600.0,21977328.57142857,22633440.0,1503.4967368733314,1485.3691376864915,17848.0,17623.0,18373.0,19283.0,18729.714285714286,19225.0,17143000.0,17765250.0,17904421.42857143,13379.0,20732000.0,
2023-01-10,198.0,0.7818314824680298,0.6234898018587336,0.0,1.0,0.1542040475626894,0.988039023376751,0.0,0,0,102.0,-102.0,18.2,23.0,14.5,0.0,83.0,8.6,0,0,0,0.0,13379.0,13484.0,14750.0,14416.0,15838.0,13199.0,14717.857142857143,15442.714285714286,15733.966666666667,1398.9111752325596,2446.516404214784,-1037.0,-1016.109523809524,20732000.0,22274550.0,23612000.0,21868350.0,23053935.0,1549.5926451902235,1489.0216442475778,18575.0,17848.0,18677.0,19961.0,18758.571428571428,19460.666666666668,18218800.0,18395600.0,17969214.285714287,13409.0,20678350.0,
2023-01-11,199.0,0.9749279121818236,-0.22252093395631434,0.0,1.0,0.17117705961019986,0.985240282501282,0.0,0,0,101.0,-101.0,17.5,22.2,13.9,0.0,77.0,8.5,0,0,0,0.0,13409.0,13379.0,13484.0,14627.0,15613.0,13871.0,14574.0,15269.214285714286,15804.633333333333,1484.2978137826888,2342.0869044115707,-1218.0,-1230.6333333333332,20678350.0,22361000.0,23293350.0,21640321.42857143,23171366.666666668,1542.1246923707956,1488.5927514024986,19440.0,18575.0,19051.0,19210.0,18867.571428571428,19593.9,19251250.0,18743450.0,18091450.0,14060.0,21652350.0,
2023-01-12,200.0,0.43388373911755823,-0.900968867902419,0.0,1.0,0.18809941761179758,0.9821499931752291,0.0,0,0,100.0,-100.0,16.7,21.9,12.0,0.0,77.0,6.9,0,0,0,0.0,14060.0,13409.0,13379.0,14766.0,16387.0,15505.0,14493.0,15158.285714285714,15833.733333333334,1496.3455483276823,2313.693105946817,-706.0,-1340.7333333333336,21652350.0,21713250.0,24486500.0,21539085.714285713,23206635.0,1539.9964438122333,1490.1996426080143,19402.0,19440.0,19506.0,19797.0,18917.714285714286,19640.4,18787850.0,18312500.0,18097792.85714286,14580.0,21693300.0,
2023-01-13,201.0,-0.433883739117558,-0.9009688679024191,0.0,1.0,0.20496611396949532,0.9787690698649216,1.0,0,0,99.0,-99.0,18.8,24.9,13.1,0.0,75.0,6.1,0,0,0,0.0,14580.0,14060.0,13409.0,17603.0,19490.0,19786.0,14466.42857142857,15029.214285714286,15879.766666666666,1492.3358488337533,2272.842314164701,-3023.0,-1413.3380952380958,21693300.0,24960500.0,28003650.0,21536235.714285713,23244845.0,1487.880658436214,1492.6840740477032,19658.0,19402.0,20030.0,20856.0,18939.428571428572,19654.433333333334,18458850.0,18913600.0,18118700.0,17577.0,25327100.0,
2023-01-14,202.0,-0.9749279121818236,-0.2225209339563146,0.0,1.0,0.22177215755648186,0.975098513039961,1.0,0,0,98.0,-98.0,19.7,25.6,14.9,1.6,87.0,5.1,1,0,0,0.0,17577.0,14580.0,14060.0,14750.0,17005.0,15669.0,14462.714285714286,14892.57142857143,16003.3,1483.2326985659774,2260.5781706274443,2827.0,-1540.585714285713,25327100.0,20764000.0,24286400.0,21588607.14285714,23382041.666666668,1440.9227968367754,1495.9632552969852,20611.0,19658.0,17623.0,18871.0,19022.428571428572,19709.1,19474500.0,16057550.0,18198828.57142857,14945.0,21347950.0,
2023-01-15,203.0,-0.7818314824680299,0.6234898018587334,0.0,1.0,0.23851257519407648,0.9711394088771653,0.0,0,0,97.0,-97.0,19.7,24.6,16.2,0.0,80.0,7.3,0,0,0,0.0,14945.0,17577.0,14580.0,13484.0,14736.0,13980.0,14490.57142857143,14745.42857142857,15984.633333333333,1491.336632816691,2267.1373334021537,1461.0,-1494.0619047619039,21347950.0,20273150.0,21621150.0,21672028.57142857,23325380.0,1428.4342589494813,1498.9211760670078,18026.0,20611.0,17848.0,18647.0,19080.0,19618.933333333334,16409050.0,17143000.0,18249042.85714286,14237.0,21586100.0,
2023-01-16,204.0,0.0,1.0,0.0,1.0,0.2551824131233728,0.9668929289391521,0.0,0,0,96.0,-96.0,18.9,23.2,15.4,0.0,75.0,8.3,0,0,0,0.0,14237.0,14945.0,17577.0,13379.0,14104.0,14268.0,14598.142857142857,14709.785714285714,15799.666666666666,1432.6328243914695,2170.610057792184,858.0,-1201.5238095238092,21586100.0,20732000.0,21494850.0,21859592.85714286,23125018.333333332,1516.19723256304,1500.7355325941091,18446.0,18026.0,18575.0,18373.0,19165.428571428572,19500.5,17376300.0,18218800.0,18282371.42857143,13838.0,21307100.0,
2023-01-17,205.0,0.7818314824680298,0.6234898018587336,0.0,1.0,0.2717767384711357,0.9623603298276545,0.0,0,0,95.0,-95.0,18.1,22.5,14.6,0.0,76.0,8.0,0,0,0,0.0,13838.0,14237.0,14945.0,13409.0,14416.0,14695.0,14663.714285714286,14690.785714285714,15738.633333333333,1376.9550603034604,2199.954568235202,429.0,-1074.919047619047,21307100.0,20678350.0,22274550.0,21941750.0,23101985.0,1539.752854458737,1499.3298482038965,19480.0,18446.0,19440.0,18677.0,19294.714285714286,19533.633333333335,18791100.0,19251250.0,18364128.57142857,13467.0,20620250.0,
2023-01-18,206.0,0.9749279121818236,-0.22252093395631434,0.0,1.0,0.2882906407095177,0.9575429528116719,0.0,0,0,94.0,-94.0,17.9,22.3,14.8,0.0,75.0,7.7,0,0,0,0.0,13467.0,13838.0,14237.0,14060.0,14627.0,15451.0,14672.0,14623.0,15721.533333333333,1368.2938280939761,2216.030603755664,-593.0,-1049.5333333333328,20620250.0,21652350.0,22361000.0,21933450.0,23093515.0,1531.1687829509171,1497.764718286771,18575.0,19480.0,19402.0,19051.0,19171.14285714286,19521.166666666668,17919550.0,18787850.0,18173885.714285713,14028.0,21550850.0,
2023-01-19,207.0,0.43388373911755823,-0.900968867902419,0.0,1.0,0.3047192331091634,0.9524422234305676,0.0,0,0,93.0,-93.0,17.3,22.1,13.7,0.0,69.0,9.8,0,0,0,0.0,14028.0,13467.0,13838.0,14580.0,14766.0,17937.0,14667.42857142857,14580.214285714286,15713.533333333333,1370.7305664186356,2221.884362324087,-552.0,-1046.1047619047622,21550850.0,21693300.0,21713250.0,21918950.0,23102985.0,1536.273880809809,1497.232923572139,18759.0,18575.0,19658.0,19506.0,19079.285714285714,19513.766666666666,18501900.0,18458850.0,18133035.714285713,15083.0,22836600.0,
2023-01-20,208.0,-0.433883739117558,-0.9009688679024191,0.0,1.0,0.321057654185271,0.9470596510722283,1.0,0,0,92.0,-92.0,16.8,22.2,11.9,0.0,73.0,9.2,0,0,0,0.0,15083.0,14028.0,13467.0,17577.0,17603.0,22825.0,14739.285714285714,14602.857142857143,15726.466666666667,1378.545454973697,2216.8747609522757,-2494.0,-987.1809523809534,22836600.0,25327100.0,24960500.0,22082278.57142857,23131731.666666668,1514.0621892196514,1500.9731422554873,20390.0,18759.0,20611.0,20030.0,19183.85714285714,19533.2,18984900.0,19474500.0,18208185.714285713,18091.0,26066450.0,
2023-01-21,209.0,-0.9749279121818236,-0.2225209339563146,0.0,1.0,0.3373010691361842,0.9413968285264122,1.0,0,0,91.0,-91.0,18.0,23.1,12.6,0.0,70.0,8.1,0,0,0,0.0,18091.0,15083.0,14028.0,14945.0,14750.0,17440.0,14812.714285714286,14637.714285714286,15814.466666666667,1557.0243751341752,2257.5871577223165,3146.0,-1001.7523809523809,26066450.0,21347950.0,20764000.0,22187900.0,23230148.333333332,1440.8518047648001,1500.9630005309193,20361.0,20390.0,18026.0,17623.0,19148.14285714286,19557.033333333333,19166350.0,16409050.0,18164164.285714287,15213.0,21892300.0,
2023-01-22,210.0,-0.7818314824680299,0.6234898018587334,0.0,1.0,0.3534446712740877,0.9354554315134164,0.0,0,0,90.0,-90.0,19.4,25.3,14.6,0.0,72.0,6.8,0,0,0,0.0,15213.0,18091.0,15083.0,14237.0,13484.0,19764.0,14851.0,14670.785714285714,15723.666666666666,1564.0981427007907,2223.8020305918535,976.0,-872.6666666666661,21892300.0,21586100.0,20273150.0,22265664.285714287,23092391.666666668,1439.0521264707816,1502.479838748248,17807.0,20361.0,18446.0,17848.0,19116.85714285714,19417.566666666666,16403650.0,17376300.0,18163392.85714286,13815.0,20890550.0,
2023-01-23,211.0,0.0,1.0,0.0,1.0,0.3694836834473831,0.9292372181882051,0.0,0,0,89.0,-89.0,20.3,26.0,15.5,0.0,77.0,7.9,0,0,0,0.0,13815.0,15213.0,18091.0,13838.0,13379.0,16955.0,14790.714285714286,14694.42857142857,15423.333333333334,1599.4414352398057,1799.6325167662383,-23.0,-632.6190476190477,20890550.0,21307100.0,20732000.0,22166300.0,22748715.0,1512.1643141512848,1501.9037075465687,17861.0,17807.0,19480.0,18575.0,19033.285714285714,19206.2,17282200.0,18791100.0,18149950.0,13921.0,21395950.0,
2023-01-24,212.0,0.7818314824680298,0.6234898018587336,0.0,1.0,0.38541335945432564,0.9227440286201427,0.0,0,0,88.0,-88.0,21.1,26.7,17.3,0.0,77.0,7.6,0,0,0,0.0,13921.0,13815.0,15213.0,13467.0,13409.0,15838.0,14802.57142857143,14733.142857142857,15306.033333333333,1591.4894341614975,1778.2102680704977,454.0,-503.4619047619035,21395950.0,20620250.0,20678350.0,22178992.85714286,22652760.0,1536.9549601321744,1501.50400835706,18796.0,17861.0,18575.0,19440.0,18935.571428571428,19190.733333333334,18509850.0,17919550.0,18109771.42857143,13521.0,20853650.0,
2023-01-25,213.0,0.9749279121818236,-0.22252093395631434,0.0,1.0,0.4012289854475009,0.9159777842484877,0.0,0,0,87.0,-87.0,21.4,26.5,16.8,0.0,74.0,6.6,0,0,0,0.0,13521.0,13921.0,13815.0,14028.0,14060.0,15613.0,14810.285714285714,14741.142857142857,15097.933333333332,1584.050158537276,1594.307003995339,-507.0,-287.6476190476187,20853650.0,21550850.0,21652350.0,22212335.714285713,22466893.333333332,1542.3156571259522,1503.0964189534934,19034.0,18796.0,18759.0,19402.0,19001.14285714286,19098.466666666667,18618300.0,18501900.0,18209592.85714286,14057.0,21240050.0,
2023-01-26,214.0,0.43388373911755823,-0.900968867902419,0.0,1.0,0.4169258813287287,0.908940487313808,0.0,0,0,86.0,-86.0,22.0,27.3,17.6,0.0,78.0,7.1,0,0,0,0.0,14057.0,13521.0,13921.0,15083.0,14580.0,16387.0,14814.42857142857,14740.92857142857,15001.333333333334,1581.6993874883485,1565.4406525900936,-1026.0,-186.9047619047633,21240050.0,22836600.0,21693300.0,22167935.714285713,22360508.333333332,1510.9945223020559,1499.4850820238146,18944.0,19034.0,20390.0,19658.0,19027.571428571428,19087.166666666668,18658900.0,18984900.0,18232021.42857143,15743.0,23485700.0,
2023-01-27,215.0,-0.433883739117558,-0.9009688679024191,0.0,1.0,0.4324994021339788,0.901634220265486,1.0,0,0,85.0,-85.0,21.6,26.2,18.1,0.0,76.0,8.2,0,0,0,0.0,15743.0,14057.0,13521.0,18091.0,17577.0,19490.0,14908.714285714286,14824.0,14998.166666666666,1619.5947758915809,1563.7850430668627,-2348.0,-89.45238095237983,23485700.0,26066450.0,25327100.0,22260664.285714287,22356298.333333332,1491.8185860382391,1496.3074244264697,20453.0,18944.0,20361.0,20611.0,19036.571428571428,19103.566666666666,19438800.0,19166350.0,18296864.285714287,18425.0,25944500.0,
2023-01-28,216.0,-0.9749279121818236,-0.2225209339563146,0.0,1.0,0.44794493940789115,0.8940611451454876,1.0,0,0,84.0,-84.0,21.6,25.8,18.5,0.0,79.0,8.8,0,0,0,0.0,18425.0,15743.0,14057.0,15213.0,14945.0,17005.0,14956.42857142857,14884.57142857143,15091.9,1730.1208876013102,1681.7363225609352,3212.0,-135.471428571429,25944500.0,21892300.0,21347950.0,22243242.85714286,22444670.0,1408.1139755766621,1491.630591685307,20591.0,20453.0,17807.0,18026.0,19069.428571428572,19149.6,19319450.0,16403650.0,18318735.714285713,15797.0,22431000.0,
2023-01-29,217.0,-0.7818314824680299,0.6234898018587334,0.0,1.0,0.4632579225674917,0.88622350294858,0.0,0,0,83.0,-83.0,20.3,24.8,16.4,0.0,78.0,8.9,0,0,0,0.0,15797.0,18425.0,15743.0,13815.0,14237.0,14736.0,15039.857142857143,14945.42857142857,15072.233333333334,1758.4045257535406,1669.4739349688327,1982.0,-32.37619047619046,22431000.0,20890550.0,21586100.0,22320200.0,22376153.333333332,1419.9531556624675,1488.9021672841193,18441.0,20591.0,17861.0,18446.0,19160.0,19104.4,16921150.0,17282200.0,18392664.285714287,13908.0,20884300.0,
2023-01-30,218.0,0.0,1.0,0.0,1.0,0.4784338202547012,0.8781236129591848,0.0,0,0,82.0,-82.0,21.0,25.9,16.4,0.0,72.0,6.3,0,0,0,0.0,13908.0,15797.0,18425.0,13921.0,13838.0,14104.0,15053.142857142857,14921.92857142857,14886.166666666666,1747.9277662965749,1457.7652496162045,-13.0,166.97619047619082,20884300.0,21395950.0,21307100.0,22319307.14285714,22138841.666666668,1501.6033937302273,1487.3934643668254,18104.0,18441.0,18796.0,19480.0,19194.714285714286,19012.666666666668,17326100.0,18509850.0,18398935.714285713,13876.0,21377400.0,
2023-01-31,219.0,0.7818314824680298,0.6234898018587336,0.0,1.0,0.49346814167723735,0.8697638720650646,0.0,0,0,81.0,-81.0,21.1,26.1,16.6,0.0,76.0,8.0,0,0,0,0.0,13876.0,13908.0,15797.0,13521.0,13467.0,14416.0,15046.714285714286,14924.642857142857,14781.866666666667,1752.8613478429954,1412.1630933780066,355.0,264.84761904761945,21377400.0,20853650.0,20620250.0,22316657.14285714,22041875.0,1540.6024791006053,1487.9145385051727,18697.0,18104.0,19034.0,18575.0,19180.571428571428,19006.866666666665,18208500.0,18618300.0,18355885.714285713,13861.0,21311250.0,
2023-02-01,220.0,0.9749279121818236,-0.22252093395631434,0.49999999999999994,0.8660254037844387,0.5083564379375122,0.8611467540480452,0.0,0,0,80.0,-80.0,20.9,23.8,18.4,0.0,78.0,9.6,0,0,0,0.0,13861.0,13876.0,13908.0,14057.0,14028.0,14627.0,15095.285714285714,14952.785714285714,14752.7,1707.6659230546124,1422.1438927633967,-196.0,342.58571428571304,21311250.0,21240050.0,21550850.0,22382028.57142857,22031545.0,1537.4972945674915,1487.2262009968213,18751.0,18697.0,18944.0,18759.0,19140.14285714286,19010.333333333332,18300700.0,18658900.0,18310514.285714287,14074.0,21596250.0,
2023-02-02,221.0,0.43388373911755823,-0.900968867902419,0.49999999999999994,0.8660254037844387,0.5230943033491326,0.8522748088519838,0.0,0,0,79.0,-79.0,19.5,23.7,15.6,0.0,68.0,12.5,0,0,0,0.0,14074.0,13861.0,13876.0,15743.0,15083.0,14766.0,15097.714285714286,14956.07142857143,14751.7,1705.954445883192,1422.6262297790176,-1669.0,346.0142857142855,21596250.0,23485700.0,22836600.0,22432914.285714287,22034925.0,1534.4784709393207,1490.5810508021448,18929.0,18751.0,20453.0,20390.0,19138.0,19028.866666666665,18443850.0,19438800.0,18279792.85714286,15255.0,23087300.0,
2023-02-03,222.0,-0.433883739117558,-0.9009688679024191,0.49999999999999994,0.8660254037844387,0.5376773767406141,0.8431506618282,1.0,0,0,78.0,-78.0,19.2,24.3,15.7,0.0,75.0,9.7,0,0,0,0.0,15255.0,14074.0,13861.0,18425.0,18091.0,17603.0,15028.0,14968.357142857143,14779.666666666666,1685.0325417233714,1424.045338617023,-3170.0,248.33333333333394,23087300.0,25944500.0,26066450.0,22376000.0,22062016.666666668,1513.4251065224516,1493.6676965856038,20146.0,18929.0,20591.0,20361.0,19094.14285714286,19077.833333333332,18562150.0,19319450.0,18154557.14285714,18486.0,26219700.0,
2023-02-04,223.0,-0.9749279121818236,-0.2225209339563146,0.49999999999999994,0.8660254037844387,0.5521013427459208,0.8337770129585915,1.0,0,0,77.0,-77.0,19.3,24.4,14.9,0.0,75.0,9.5,0,0,0,0.0,18486.0,15255.0,14074.0,15797.0,15213.0,14750.0,15036.714285714286,14996.57142857143,14908.3,1705.5610723244797,1575.9666141659243,2689.0,128.41428571428696,26219700.0,22431000.0,21892300.0,22415314.285714287,22190640.0,1418.3544303797469,1495.1306187003302,20539.0,20146.0,18441.0,17807.0,19086.714285714286,19127.433333333334,18853250.0,16921150.0,18087957.14285714,15289.0,22107100.0,
2023-02-05,224.0,-0.7818314824680299,0.6234898018587334,0.49999999999999994,0.8660254037844387,0.5663619330814524,0.8241566360566663,0.0,0,0,76.0,-76.0,20.2,24.8,16.8,0.0,72.0,7.7,0,0,0,0.0,15289.0,18486.0,15255.0,13908.0,13815.0,13484.0,14964.142857142857,15002.0,14925.733333333334,1678.410898098914,1577.2304170620846,1381.0,38.40952380952331,22107100.0,20884300.0,20890550.0,22369042.85714286,22203768.333333332,1445.9480672378834,1498.844177496818,18462.0,20539.0,18104.0,17861.0,19089.714285714286,19092.633333333335,16957850.0,17326100.0,18093200.0,14279.0,21645400.0,
2023-02-06,225.0,0.0,1.0,0.49999999999999994,0.8660254037844387,0.580454927809098,0.8142923779467267,0.0,0,0,75.0,-75.0,20.9,25.9,15.6,0.0,69.0,5.6,0,0,0,0.0,14279.0,15289.0,18486.0,13876.0,13921.0,13379.0,15017.142857142857,15035.142857142857,14814.933333333332,1645.0278040782578,1497.4026462703882,403.0,202.2095238095244,21645400.0,21377400.0,21395950.0,22477771.42857143,22093265.0,1515.8904685202044,1500.8851881811006,19148.0,18462.0,18697.0,18796.0,19238.85714285714,19063.233333333334,18201600.0,18208500.0,18218271.42857143,13527.0,20980350.0,
2023-02-07,226.0,0.7818314824680298,0.6234898018587336,0.49999999999999994,0.8660254037844387,0.5943761565849831,0.804187157621448,0.0,0,0,74.0,-74.0,21.4,29.3,15.7,0.0,69.0,10.3,0,0,0,0.0,13527.0,14279.0,15289.0,13861.0,13521.0,13409.0,14967.285714285714,15007.0,14774.166666666666,1690.0501683170924,1515.7668386646715,-334.0,193.1190476190477,20980350.0,21311250.0,20853650.0,22421050.0,22100476.666666668,1550.998003992016,1502.3702631655876,18519.0,19148.0,18751.0,19034.0,19213.428571428572,19093.1,18182800.0,18300700.0,18214600.0,13308.0,20806800.0,
2023-02-08,227.0,0.9749279121818236,-0.22252093395631434,0.49999999999999994,0.8660254037844387,0.6081214998935418,0.7938439653781019,0.0,0,0,73.0,-73.0,22.7,29.3,17.7,0.0,74.0,9.3,0,0,0,0.0,13308.0,13527.0,14279.0,14074.0,14057.0,14060.0,14888.285714285714,14991.785714285714,14768.3,1761.7837281465531,1521.263158218135,-766.0,119.9857142857145,20806800.0,21596250.0,21240050.0,22348985.714285713,22118265.0,1563.4806131650134,1506.0821658223765,19211.0,18519.0,18929.0,18944.0,19279.14285714286,19138.533333333333,18820200.0,18443850.0,18288814.285714287,13500.0,21015200.0,
2023-02-09,228.0,0.43388373911755823,-0.900968867902419,0.49999999999999994,0.8660254037844387,0.6216868902665479,0.7832658619336791,0.0,0,0,72.0,-72.0,22.6,28.0,18.7,0.3,82.0,4.9,1,0,0,0.0,13500.0,13308.0,13527.0,15255.0,15743.0,14580.0,14806.285714285714,14952.0,14772.333333333334,1818.4471135455026,1517.6086982221834,-1755.0,33.952380952379826,21015200.0,23087300.0,23485700.0,22265978.57142857,22127705.0,1556.6814814814816,1509.2540244712568,18854.0,19211.0,20146.0,20453.0,19268.428571428572,19147.833333333332,18504850.0,18562150.0,18297528.57142857,14968.0,22803250.0,
2023-02-10,229.0,-0.433883739117558,-0.9009688679024191,0.49999999999999994,0.8660254037844387,0.6350683134867438,0.7724559775191742,1.0,0,0,71.0,-71.0,22.9,27.8,18.0,0.0,65.0,7.2,0,0,0,0.0,14968.0,13500.0,13308.0,18486.0,18425.0,17577.0,14765.285714285714,14896.642857142857,14824.3,1809.8590842278222,1495.8510471208365,-3518.0,-59.014285714285506,22803250.0,26219700.0,25944500.0,22225400.0,22198535.0,1523.4667290219134,1510.6885419711798,20039.0,18854.0,20539.0,20591.0,19253.14285714286,19167.8,18786050.0,18853250.0,18329514.285714287,18151.0,26022350.0,
2023-02-11,230.0,-0.9749279121818236,-0.2225209339563146,0.49999999999999994,0.8660254037844387,0.6482618097757122,0.7614175109532997,1.0,0,0,70.0,-70.0,22.7,30.2,14.7,0.0,64.0,7.4,0,0,0,0.0,18151.0,14968.0,13500.0,15289.0,15797.0,14945.0,14717.42857142857,14877.07142857143,14960.666666666666,1695.9193040101743,1606.1781868199375,2862.0,-243.2380952380954,26022350.0,22107100.0,22431000.0,22197207.14285714,22344201.666666668,1433.6593025177676,1512.8749522766116,21702.0,20039.0,18462.0,18441.0,19419.285714285714,19244.466666666667,20090150.0,16957850.0,18506214.285714287,15409.0,22329900.0,
2023-02-12,231.0,-0.7818314824680299,0.6234898018587334,0.49999999999999994,0.8660254037844387,0.6612634749656386,0.7501537286959042,0.0,0,0,69.0,-69.0,23.4,28.4,20.0,0.0,77.0,7.9,0,0,0,0.0,15409.0,18151.0,14968.0,14279.0,13908.0,14237.0,14734.57142857143,14849.357142857143,14988.3,1703.250505860589,1606.5343970689228,1130.0,-253.72857142856992,22329900.0,21645400.0,20884300.0,22229035.714285713,22365421.666666668,1449.1466026348237,1513.3318859047456,18755.0,21702.0,19148.0,18104.0,19461.14285714286,19214.366666666665,16923700.0,18201600.0,18501335.714285713,13761.0,21033250.0,
2023-02-13,232.0,0.0,1.0,0.49999999999999994,0.8660254037844387,0.6740694616546161,0.7386679638813748,0.0,0,0,68.0,-68.0,21.9,26.9,17.5,0.0,48.0,9.8,0,0,0,0.0,13761.0,15409.0,18151.0,13527.0,13876.0,13838.0,14660.57142857143,14838.857142857143,14861.1,1737.2553887423562,1544.3683308652119,234.0,-200.528571428571,21033250.0,20980350.0,21377400.0,22141585.714285713,22222293.333333332,1528.4681345832425,1515.1286953423225,19166.0,18755.0,18519.0,18697.0,19463.714285714286,19166.2,18187150.0,18182800.0,18499271.42857143,13993.0,22010000.0,
2023-02-14,233.0,0.7818314824680298,0.6234898018587336,0.49999999999999994,0.8660254037844387,0.6866759803451553,0.726963615332308,0.0,0,0,67.0,-67.0,19.9,25.2,14.3,0.0,51.0,9.2,0,0,0,0.0,13993.0,13761.0,15409.0,13308.0,13861.0,13467.0,14727.142857142857,14847.214285714286,14829.366666666667,1694.99178253383,1552.3450665838495,685.0,-102.2238095238099,22010000.0,20806800.0,21311250.0,22288678.57142857,22244361.666666668,1572.929321803759,1518.261740744,19597.0,19166.0,19211.0,18751.0,19617.714285714286,19218.566666666666,19210850.0,18820200.0,18646135.714285713,13788.0,21727150.0,
2023-02-15,234.0,0.9749279121818236,-0.22252093395631434,0.49999999999999994,0.8660254037844387,0.6990793005655562,0.7150441465537444,0.0,0,0,66.0,-66.0,20.8,25.3,17.4,0.0,55.0,6.7,0,0,0,0.0,13788.0,13993.0,13761.0,13500.0,14074.0,14028.0,14795.714285714286,14842.0,14814.4,1636.7188431213947,1560.39680187779,288.0,-18.685714285713402,21727150.0,21015200.0,21596250.0,22420157.14285714,22249063.333333332,1575.8014215259645,1520.021856224136,19791.0,19597.0,18854.0,18929.0,19700.571428571428,19263.4,19248200.0,18504850.0,18707278.57142857,13927.0,21750000.0,
2023-02-16,235.0,0.43388373911755823,-0.900968867902419,0.49999999999999994,0.8660254037844387,0.7112757519738152,0.7029130847082615,0.0,0,0,65.0,-65.0,21.7,27.2,16.3,0.0,59.0,6.9,0,0,0,0.0,13927.0,13788.0,13993.0,14968.0,15255.0,15083.0,14856.714285714286,14831.5,14817.366666666667,1587.599520690058,1558.5599561074637,-1041.0,39.347619047619446,21750000.0,22803250.0,23087300.0,22525128.57142857,22263826.666666668,1561.7146549867164,1520.7408810105983,19384.0,19791.0,20039.0,20146.0,19776.285714285714,19260.2,18913050.0,18786050.0,18765592.85714286,15998.0,24388550.0,
2023-02-17,236.0,-0.433883739117558,-0.9009688679024191,0.49999999999999994,0.8660254037844387,0.7232617254437388,0.6905740195722294,1.0,0,0,64.0,-64.0,22.6,28.1,16.5,0.0,58.0,6.5,0,0,0,0.0,15998.0,13927.0,13788.0,18151.0,18486.0,18091.0,15003.857142857143,14884.57142857143,14901.733333333334,1646.2798899915335,1551.4291283297393,-2153.0,102.12380952380954,24388550.0,26022350.0,26219700.0,22751600.0,22389436.666666668,1524.4749343667959,1520.8849103455814,20604.0,19384.0,21702.0,20539.0,19857.0,19327.833333333332,19029300.0,20090150.0,18800342.85714286,19168.0,27730700.0,
2023-02-18,237.0,-0.9749279121818236,-0.2225209339563146,0.49999999999999994,0.8660254037844387,0.7350336741329412,0.6780306024735382,1.0,0,0,63.0,-63.0,23.2,27.9,18.9,1.2,70.0,5.4,1,0,0,0.0,19168.0,15998.0,13927.0,15409.0,15289.0,15213.0,15149.142857142857,14933.285714285714,15073.066666666668,1981.1295960109558,1725.6483625769354,3759.0,76.07619047618937,27730700.0,22329900.0,22107100.0,22995650.0,22595431.666666668,1446.718489148581,1522.7505084356976,21400.0,20604.0,18755.0,18462.0,19813.85714285714,19415.866666666665,19839550.0,16923700.0,18764542.85714286,16635.0,24113750.0,
2023-02-19,238.0,-0.7818314824680299,0.6234898018587334,0.49999999999999994,0.8660254037844387,0.746588114532413,0.6652865452111116,0.0,0,0,62.0,-62.0,23.2,27.7,19.5,0.3,77.0,5.5,1,0,0,0.0,16635.0,19168.0,15998.0,13761.0,14279.0,13815.0,15324.285714285714,15029.42857142857,15124.8,2060.5325941194483,1749.061352209577,2874.0,199.4857142857145,24113750.0,21033250.0,21645400.0,23250485.714285713,22638003.333333332,1449.5792004809136,1522.8123081279962,18056.0,21400.0,19166.0,19148.0,19714.0,19338.066666666666,16214850.0,18187150.0,18663278.57142857,14865.0,22545750.0,
2023-02-20,239.0,0.0,1.0,0.49999999999999994,0.8660254037844387,0.7579216274973472,0.6523456189565257,0.0,0,0,61.0,-61.0,23.4,28.8,19.0,0.0,74.0,6.1,0,0,0,0.0,14865.0,16635.0,19168.0,13993.0,13527.0,13921.0,15482.0,15071.285714285714,15017.266666666666,1960.7707668159599,1657.1631749788062,872.0,464.7333333333336,22545750.0,22010000.0,20980350.0,23466557.14285714,22520646.666666668,1516.7003027245207,1521.131189291036,19416.0,18056.0,19597.0,18519.0,19749.714285714286,19306.566666666666,18415400.0,19210850.0,18695885.714285713,15472.0,23888850.0,
2023-02-21,240.0,0.7818314824680298,0.6234898018587336,0.49999999999999994,0.8660254037844387,0.7690308592589181,0.6392116531380588,0.0,1,0,60.0,-60.0,24.5,29.2,20.1,0.9,75.0,8.4,1,0,0,0.0,15472.0,14865.0,16635.0,13788.0,13308.0,13521.0,15693.285714285714,15210.214285714286,15025.9,1850.1450136215306,1658.8918060373985,1684.0,667.3857142857141,23888850.0,21727150.0,20806800.0,23734964.285714287,22587198.333333332,1544.0052998965873,1516.9991861614399,19744.0,19416.0,19791.0,19211.0,19770.714285714286,19371.133333333335,18843850.0,19248200.0,18643457.14285714,19087.0,28090250.0,Language Martyrs' Day
2023-02-22,241.0,0.9749279121818236,-0.22252093395631434,0.49999999999999994,0.8660254037844387,0.7799125224167177,0.6258885343075018,0.0,0,0,59.0,-59.0,25.8,32.1,21.6,0.0,73.0,15.9,0,0,0,0.0,19087.0,15472.0,14865.0,13927.0,13500.0,14057.0,16450.285714285714,15623.0,15201.633333333333,2017.1786992633868,1799.478152004164,5160.0,1248.6523809523806,28090250.0,21750000.0,21015200.0,24643978.57142857,22827188.333333332,1471.6953947713102,1502.126896625061,21331.0,19744.0,19384.0,18854.0,19990.714285714286,19486.8,19998800.0,18913050.0,18750685.714285713,13368.0,20373750.0,
2023-02-23,242.0,0.43388373911755823,-0.900968867902419,0.49999999999999994,0.8660254037844387,0.7905633969115482,0.612380204990065,0.0,0,0,58.0,-58.0,25.7,31.5,21.4,0.2,73.0,9.8,1,0,0,0.0,13368.0,19087.0,15472.0,15998.0,14968.0,15743.0,16370.42857142857,15613.57142857143,15183.2,2140.986288072465,1815.8072470999725,-2630.0,1187.22857142857,20373750.0,24388550.0,22803250.0,24447371.42857143,22793115.0,1524.068671454219,1496.748898977561,18284.0,21331.0,20604.0,20039.0,19833.571428571428,19469.733333333334,17305250.0,19029300.0,18521000.0,15252.0,23102400.0,
2023-02-24,243.0,-0.433883739117558,-0.9009688679024191,0.49999999999999994,0.8660254037844387,0.8009803309782905,0.5986906625177214,1.0,0,0,57.0,-57.0,25.4,30.9,21.3,0.4,75.0,7.1,1,0,0,0.0,15252.0,13368.0,19087.0,19168.0,18151.0,18425.0,16263.857142857143,15633.857142857143,15240.9,2180.81066185425,1788.4636895854524,-3916.0,1022.9571428571435,23102400.0,27730700.0,26022350.0,24263635.714285713,22868073.333333332,1514.7128245476003,1495.3543118605332,19951.0,18284.0,21400.0,21702.0,19740.285714285714,19500.3,18592200.0,19839550.0,18458557.14285714,18826.0,27087650.0,
2023-02-25,244.0,-0.9749279121818236,-0.2225209339563146,0.49999999999999994,0.8660254037844387,0.8111602420785621,0.5848239578463322,1.0,0,0,56.0,-56.0,25.2,30.3,21.5,0.5,70.0,6.1,1,0,0,0.0,18826.0,15252.0,13368.0,16635.0,15409.0,15797.0,16215.0,15682.07142857143,15399.866666666667,2107.5037366514994,1888.738672954185,2191.0,815.1333333333332,27087650.0,24113750.0,22329900.0,24171771.42857143,23062993.333333332,1438.842558164241,1494.2291788627701,21288.0,19951.0,18056.0,18755.0,19724.285714285714,19578.433333333334,19780150.0,16214850.0,18450071.42857143,15356.0,22009450.0,
2023-02-26,245.0,-0.7818314824680299,0.6234898018587334,0.49999999999999994,0.8660254037844387,0.8211001178128892,0.5707841943569036,0.0,0,0,55.0,-55.0,24.5,30.8,19.3,0.0,56.0,8.3,0,0,0,0.0,15356.0,18826.0,15252.0,14865.0,13761.0,13908.0,16032.285714285714,15678.285714285714,15386.966666666667,2120.4253279539485,1887.63554860781,491.0,645.3190476190466,22009450.0,22545750.0,21033250.0,23871157.14285714,23013785.0,1433.2801510810107,1491.9007432342128,18778.0,21288.0,19416.0,19166.0,19827.428571428572,19522.6,17006500.0,18415400.0,18563164.285714287,14509.0,22191700.0,
2023-02-27,246.0,0.0,1.0,0.49999999999999994,0.8660254037844387,0.8307970168121247,0.5565755266413303,0.0,0,0,54.0,-54.0,25.5,32.0,19.8,0.0,57.0,8.4,0,0,0,0.0,14509.0,15356.0,18826.0,15472.0,13993.0,13876.0,15981.42857142857,15731.714285714286,15256.433333333332,2157.0411723116595,1803.84533099737,-963.0,724.9952380952382,22191700.0,23888850.0,22010000.0,23820578.57142857,22888691.666666668,1529.5127162450892,1493.7310880228652,18769.0,18778.0,19744.0,19597.0,19735.0,19461.866666666665,18045650.0,18843850.0,18510342.85714286,13975.0,21743000.0,
2023-02-28,247.0,0.7818314824680298,0.6234898018587336,0.49999999999999994,0.8660254037844387,0.8402480696078469,0.5422021592729844,0.0,0,0,53.0,-53.0,25.3,31.4,20.5,0.0,57.0,7.5,0,0,0,0.0,13975.0,14509.0,15356.0,19087.0,13788.0,13861.0,15767.57142857143,15730.42857142857,15195.7,2286.301734034172,1815.6511542125031,-5112.0,571.8714285714286,21743000.0,28090250.0,21727150.0,23514028.57142857,22865758.333333332,1555.8497316636851,1495.4231497038793,19209.0,18769.0,21331.0,19791.0,19658.571428571428,19487.466666666667,18681250.0,19998800.0,18487114.285714287,14462.0,22399800.0,
2023-03-01,248.0,0.9749279121818236,-0.22252093395631434,0.8660254037844386,0.5000000000000001,0.8494504794814806,0.527668345562516,0.0,0,0,52.0,-52.0,25.2,31.5,19.0,0.0,54.0,7.7,0,0,0,0.0,14462.0,13975.0,14509.0,13368.0,13927.0,14074.0,15106.857142857143,15778.57142857143,15214.166666666666,1779.192740970992,1804.88798168664,1094.0,-107.30952380952294,22399800.0,20373750.0,21750000.0,22701107.14285714,22916275.0,1548.872908311437,1506.4485087810403,19625.0,19209.0,18284.0,19384.0,19414.85714285714,19538.166666666668,19134800.0,17305250.0,18363685.714285713,14315.0,22276550.0,
2023-03-02,249.0,0.43388373911755823,-0.900968867902419,0.8660254037844386,0.5000000000000001,0.8584015232918917,0.512978386299228,0.0,0,0,51.0,-51.0,26.6,32.1,20.7,0.0,53.0,4.6,0,0,0,0.0,14315.0,14462.0,13975.0,15252.0,15998.0,15255.0,15242.142857142857,15806.285714285714,15228.8,1656.7266349211634,1795.4193132371386,-937.0,13.34285714285761,22276550.0,23102400.0,24388550.0,22972935.714285713,22946246.666666668,1556.1683548725114,1511.0341778407962,19684.0,19625.0,19951.0,20604.0,19614.85714285714,19571.066666666666,18887650.0,18592200.0,18589742.85714286,15101.0,23363800.0,
2023-03-03,250.0,-0.433883739117558,-0.9009688679024191,0.8660254037844386,0.5000000000000001,0.8670985522812081,0.4981366284784055,1.0,0,0,50.0,-50.0,26.7,32.5,20.4,0.0,56.0,7.3,0,0,0,0.0,15101.0,14315.0,14462.0,18826.0,19168.0,18486.0,15220.57142857143,15742.214285714286,15270.133333333333,1657.5597382038288,1777.0237367350026,-3725.0,-49.56190476190386,23363800.0,27087650.0,27730700.0,23010278.57142857,23014665.0,1547.1690616515461,1515.67078314136,21218.0,19684.0,21288.0,21400.0,19795.85714285714,19653.3,19447850.0,19780150.0,18711978.57142857,18047.0,26078750.0,
2023-03-04,251.0,-0.9749279121818236,-0.2225209339563146,0.8660254037844386,0.5000000000000001,0.8755389928586302,0.4831474640149687,1.0,0,0,49.0,-49.0,26.4,32.6,20.1,0.0,53.0,7.2,0,0,0,0.0,18047.0,15101.0,14315.0,15356.0,16635.0,15289.0,15109.285714285714,15662.142857142857,15402.566666666668,1377.674213337573,1832.0017633505795,2691.0,-293.28095238095375,26078750.0,22009450.0,24113750.0,22866150.0,23164081.666666668,1445.0462680777969,1516.5570274147253,21914.0,21218.0,18778.0,18056.0,19885.285714285714,19752.8,20143400.0,17006500.0,18763871.42857143,14996.0,21984900.0,
2023-03-05,252.0,-0.7818314824680299,0.6234898018587334,0.8660254037844386,0.5000000000000001,0.8837203473619977,0.4680153284438345,0.0,0,0,48.0,-48.0,26.6,32.5,20.7,0.0,59.0,6.5,0,0,0,0.0,14996.0,18047.0,15101.0,14509.0,14865.0,14279.0,15057.857142857143,15545.07142857143,15393.933333333332,1373.6428973804923,1833.3309412732817,487.0,-336.07619047618937,21984900.0,22191700.0,22545750.0,22862642.85714286,23127335.0,1466.0509469191784,1521.2385696773204,18633.0,21914.0,18769.0,19416.0,19864.571428571428,19702.366666666665,16786650.0,18045650.0,18732464.285714287,13977.0,21628650.0,
2023-03-06,253.0,0.0,1.0,0.8660254037844386,0.5000000000000001,0.8916401947968874,0.45274469960737107,0.0,0,0,47.0,-47.0,26.2,31.8,20.9,0.0,55.0,8.2,0,0,0,0.0,13977.0,14996.0,18047.0,13975.0,15472.0,13527.0,14981.857142857143,15481.642857142857,15243.633333333333,1422.9045913871182,1754.217469382046,2.0,-261.7761904761901,21628650.0,21743000.0,23888850.0,22782207.14285714,22974300.0,1547.4458038205623,1523.8004393309598,19174.0,18633.0,19209.0,19744.0,19922.428571428572,19656.866666666665,18115750.0,18681250.0,18742478.57142857,14405.0,22645300.0,
2023-03-07,254.0,0.7818314824680298,0.6234898018587336,0.8660254037844386,0.5000000000000001,0.8992961915530253,0.4373400963303323,0.0,0,0,46.0,-46.0,27.5,32.6,22.6,0.0,47.0,5.5,0,0,0,0.0,14405.0,13977.0,14996.0,14462.0,19087.0,13308.0,15043.285714285714,15405.42857142857,15214.166666666666,1380.8532041562694,1760.8411799249902,-57.0,-170.8809523809523,22645300.0,22399800.0,28090250.0,22911107.14285714,22992240.0,1572.0444290177022,1526.1139675243905,20479.0,19174.0,19625.0,21331.0,20103.85714285714,19724.1,19954750.0,19134800.0,18924407.14285714,14400.0,22592250.0,
2023-03-08,255.0,0.9749279121818236,-0.22252093395631434,0.8660254037844386,0.5000000000000001,0.9066860720977985,0.4218060770826634,0.0,1,0,45.0,-45.0,26.6,31.8,20.7,0.0,46.0,9.3,0,0,0,0.0,14400.0,14405.0,13977.0,14315.0,13368.0,13500.0,15034.42857142857,15070.642857142857,15218.2,1385.3945114591065,1758.7626018468961,85.0,-183.77142857143008,22592250.0,22276550.0,20373750.0,22938600.0,23023801.666666668,1568.90625,1528.9758734798995,20150.0,20479.0,19684.0,18284.0,20178.85714285714,19757.5,19050450.0,18887650.0,18912357.14285714,15143.0,22629400.0,Shab e-Barat
2023-03-09,256.0,0.43388373911755823,-0.900968867902419,0.8660254037844386,0.5000000000000001,0.9138076496466615,0.40614723863057883,0.0,0,0,44.0,-44.0,26.8,33.0,21.9,0.0,48.0,10.2,0,0,0,0.0,15143.0,14400.0,14405.0,15101.0,15252.0,14968.0,15152.714285714286,15197.42857142857,15272.066666666668,1348.5904634451854,1729.6858381945162,42.0,-119.35238095238128,22629400.0,23363800.0,23102400.0,22989007.14285714,23078770.0,1494.380241695833,1520.1490001689456,20559.0,20150.0,21218.0,19951.0,20303.85714285714,19825.5,19622550.0,19447850.0,19017342.85714286,13736.0,20769900.0,
2023-03-10,257.0,-0.433883739117558,-0.9009688679024191,0.8660254037844386,0.5000000000000001,0.9206588168102428,0.3903682146763026,1.0,0,0,43.0,-43.0,27.0,31.7,23.6,0.0,49.0,8.4,0,0,0,0.0,13736.0,15143.0,14400.0,18047.0,18826.0,18151.0,14957.714285714286,15089.142857142857,15286.333333333334,1452.0334838065216,1714.6268988613651,-4311.0,-328.6190476190477,20769900.0,26078750.0,27087650.0,22618450.0,23077540.0,1512.0777518928364,1515.1359559177015,19468.0,20559.0,21914.0,21288.0,20053.85714285714,19834.066666666666,17900800.0,20143400.0,18796335.714285713,18516.0,26850750.0,
2023-03-11,258.0,-0.9749279121818236,-0.2225209339563146,0.8660254037844386,0.5000000000000001,0.9272375462179537,0.374473674486883,1.0,0,0,42.0,-42.0,27.6,32.7,22.3,0.0,51.0,7.1,0,0,0,0.0,18516.0,13736.0,15143.0,14996.0,15356.0,15409.0,15024.714285714286,15067.0,15453.533333333333,1619.5007167113683,1777.8280187824435,3520.0,-428.8190476190466,26850750.0,21984900.0,22009450.0,22728735.714285713,23272058.333333332,1450.1377187297473,1515.8633060108373,22544.0,19468.0,18633.0,18778.0,20143.85714285714,19957.066666666666,21066400.0,16786650.0,18928192.85714286,16286.0,23850100.0,
2023-03-12,259.0,-0.7818314824680299,0.6234898018587334,0.8660254037844386,0.5000000000000001,0.9335418911179212,0.35846832151248087,0.0,0,0,41.0,-41.0,27.4,34.3,22.1,0.0,49.0,10.5,0,0,0,0.0,16286.0,18516.0,13736.0,13977.0,14509.0,13761.0,15209.0,15133.42857142857,15497.466666666667,1687.6504377388287,1781.6967452274575,2309.0,-288.46666666666715,23850100.0,21628650.0,22191700.0,22995192.85714286,23306953.333333332,1464.4541323836424,1515.6351896486178,20709.0,22544.0,19174.0,18769.0,20440.428571428572,19979.4,18805550.0,18115750.0,19216607.14285714,14403.0,22193350.0,
2023-03-13,260.0,0.0,1.0,0.8660254037844386,0.5000000000000001,0.9395699859530622,0.342356891994542,0.0,0,0,40.0,-40.0,27.7,33.6,21.2,0.0,46.0,9.9,0,0,0,0.0,14403.0,16286.0,18516.0,14405.0,13975.0,13993.0,15269.857142857143,15125.857142857143,15372.533333333333,1642.9075271777172,1719.535056111243,-2.0,-102.67619047618973,22193350.0,22645300.0,21743000.0,23075864.285714287,23179320.0,1540.8838436436854,1514.6977667662068,20135.0,20709.0,20479.0,19209.0,20577.714285714286,19927.166666666668,19233000.0,19954750.0,19376214.285714287,14311.0,22412400.0,
2023-03-14,261.0,0.7818314824680298,0.6234898018587336,0.8660254037844386,0.5000000000000001,0.945320046913132,0.3261441535642696,0.0,0,0,39.0,-39.0,26.9,33.9,21.2,0.4,55.0,9.4,1,0,0,0.0,14311.0,14403.0,16286.0,14400.0,14462.0,13788.0,15256.42857142857,15149.857142857143,15335.933333333332,1651.5163595055135,1730.383253010426,-89.0,-79.50476190476184,22412400.0,22592250.0,22399800.0,23042592.85714286,23182070.0,1566.0960100621899,1513.8479926297052,20453.0,20135.0,20150.0,19625.0,20574.0,19983.766666666666,20162850.0,19050450.0,19405942.85714286,14408.0,22670250.0,
2023-03-15,262.0,0.9749279121818236,-0.22252093395631434,0.8660254037844386,0.5000000000000001,0.9507903724625832,0.3098349038318025,0.0,0,0,38.0,-38.0,25.6,31.7,22.1,7.4,67.0,12.4,1,0,0,0.0,14408.0,14311.0,14403.0,15143.0,14315.0,13927.0,15257.57142857143,15146.0,15357.5,1650.8275558178927,1714.0318620545022,-735.0,-99.92857142857065,22670250.0,22629400.0,22276550.0,23053735.714285713,23236636.666666668,1573.448778456413,1514.4969252663354,20692.0,20453.0,20559.0,19684.0,20651.428571428572,20034.633333333335,20582450.0,19622550.0,19624800.0,14611.0,22772200.0,
2023-03-16,263.0,0.43388373911755823,-0.900968867902419,0.8660254037844386,0.5000000000000001,0.9559793438440766,0.2934339689665273,0.0,0,0,37.0,-37.0,25.5,30.8,20.5,0.9,75.0,7.5,1,0,0,0.0,14611.0,14408.0,14311.0,13736.0,15101.0,15998.0,15181.57142857143,15167.142857142857,15378.1,1669.1258048394711,1700.7292827206632,875.0,-196.528571428571,22772200.0,20769900.0,23363800.0,23074135.714285713,23262043.333333332,1558.565464376155,1523.6662427920958,20483.0,20692.0,19468.0,21218.0,20640.571428571428,20064.166666666668,20497450.0,17900800.0,19749785.714285713,15464.0,23402750.0,
2023-03-17,264.0,-0.433883739117558,-0.9009688679024191,0.8660254037844386,0.5000000000000001,0.9608854255574977,0.27694620226893646,1.0,1,0,36.0,-36.0,25.7,29.8,21.7,1.4,71.0,9.8,1,0,0,0.0,15464.0,14611.0,14408.0,18516.0,18047.0,19168.0,15428.42857142857,15193.07142857143,15433.966666666667,1542.692760202435,1674.0128430960938,-3052.0,-5.538095238096503,23402750.0,26850750.0,26078750.0,23450257.14285714,23317896.666666668,1513.3697620279358,1523.8508156685384,21866.0,20483.0,22544.0,21914.0,20983.14285714286,20133.333333333332,21103950.0,21066400.0,20207378.57142857,17981.0,25881500.0,Sheikh Mujibur Rahman's Birthday
2023-03-18,265.0,-0.9749279121818236,-0.2225209339563146,0.8660254037844386,0.5000000000000001,0.9655071658143364,0.2603764827344581,1.0,0,0,35.0,-35.0,24.6,29.2,21.3,0.0,70.0,7.1,0,0,0,0.0,17981.0,15464.0,14611.0,16286.0,14996.0,16635.0,15352.0,15188.357142857143,15569.1,1367.5428085926194,1711.3802727421883,1695.0,-217.10000000000036,25881500.0,23850100.0,21984900.0,23311792.85714286,23455613.333333332,1439.380457149213,1522.3140640141762,22427.0,21866.0,20709.0,18633.0,20966.428571428572,20234.766666666666,21438200.0,18805550.0,20260492.85714286,16191.0,23749600.0,
2023-03-19,266.0,-0.7818314824680299,0.6234898018587334,0.8660254037844386,0.5000000000000001,0.969843196967294,0.24372971360968387,0.0,0,0,34.0,-34.0,22.8,26.4,20.9,9.7,84.0,6.5,1,0,0,0.0,16191.0,17981.0,15464.0,14403.0,13977.0,14865.0,15338.42857142857,15273.714285714286,15575.533333333333,1357.1609898538231,1713.4097227928328,1788.0,-237.1047619047622,23749600.0,22193350.0,21628650.0,23297435.714285713,23434315.0,1466.8396022481625,1522.6548454233937,20522.0,22427.0,20135.0,19174.0,20939.714285714286,20232.033333333333,19484700.0,19233000.0,20357514.285714287,14316.0,21855150.0,
2023-03-20,267.0,0.0,1.0,0.8660254037844386,0.5000000000000001,0.9738922359149924,0.22701082094141847,0.0,0,0,33.0,-33.0,22.1,26.5,19.4,7.8,84.0,9.5,1,0,0,0.0,14316.0,16191.0,17981.0,14311.0,14405.0,15472.0,15326.0,15297.92857142857,15413.8,1367.5140462411068,1586.9433946839843,5.0,-87.79999999999927,21855150.0,22412400.0,22645300.0,23249121.42857143,23238463.333333332,1526.6240569991617,1520.6177330456044,20220.0,20522.0,20453.0,20479.0,20951.85714285714,20192.7,19731850.0,20162850.0,20428778.57142857,14629.0,22559000.0,
2023-03-21,268.0,0.7818314824680298,0.6234898018587336,0.8660254037844386,0.5000000000000001,0.9776530844816641,0.2102247521189836,0.0,0,0,32.0,-32.0,22.0,25.8,19.3,5.7,87.0,6.8,1,0,0,0.0,14629.0,14316.0,16191.0,14408.0,14400.0,19087.0,15371.42857142857,15313.92857142857,15346.933333333332,1333.0232377498182,1575.9369174609071,221.0,24.495238095238165,22559000.0,22670250.0,22592250.0,23270064.285714287,23186638.333333332,1542.0739626768748,1517.1860119905596,20571.0,20220.0,20692.0,20150.0,20968.714285714286,20276.533333333333,20281450.0,20582450.0,20445721.42857143,14888.0,23031300.0,
2023-03-22,269.0,0.9749279121818236,-0.22252093395631434,0.8660254037844386,0.5000000000000001,0.981124629771712,0.19337647441020586,0.0,0,0,31.0,-31.0,22.6,26.4,19.9,2.8,84.0,6.8,1,0,0,0.0,14888.0,14629.0,14316.0,14611.0,15143.0,13368.0,15440.0,15348.785714285714,15347.7,1286.746543289206,1575.6999572166358,277.0,92.29999999999927,23031300.0,22772200.0,22629400.0,23321642.85714286,23202823.333333332,1546.9707146695325,1513.4034314495766,21334.0,20571.0,20483.0,20559.0,21060.428571428572,20340.466666666667,20926200.0,20497450.0,20494828.57142857,14357.0,22360000.0,
2023-03-23,270.0,0.43388373911755823,-0.900968867902419,0.8660254037844386,0.5000000000000001,0.984305844499033,0.17647097349152166,0.0,0,0,30.0,-30.0,23.7,29.2,19.6,1.1,83.0,8.2,1,0,0,0.0,14357.0,14888.0,14629.0,15464.0,13736.0,15252.0,15403.714285714286,15292.642857142857,15310.533333333333,1317.2402608339755,1585.7846471468097,-1107.0,93.18095238095339,22360000.0,23402750.0,20769900.0,23262757.14285714,23151861.666666668,1557.4284321237028,1513.2409982706547,20519.0,21334.0,21866.0,19468.0,21065.571428571428,20366.3,19974100.0,21103950.0,20420064.285714287,14700.0,23142700.0,
2023-03-24,271.0,-0.433883739117558,-0.9009688679024191,0.8660254037844386,0.5000000000000001,0.9871957872910085,0.15951325197263655,1.0,0,0,29.0,-29.0,24.3,30.3,18.7,0.0,80.0,5.8,0,0,0,0.0,14700.0,14357.0,14888.0,17981.0,18516.0,18826.0,15294.57142857143,15361.5,15164.3,1342.8158048348787,1419.0356159414891,-3281.0,130.27142857143008,23142700.0,25881500.0,26850750.0,23225607.14285714,22986943.333333332,1574.3333333333333,1521.9500798857114,21887.0,20519.0,22427.0,22544.0,21068.571428571428,20384.833333333332,21009550.0,21438200.0,20406578.57142857,12521.0,20014700.0,
2023-03-25,272.0,-0.9749279121818236,-0.2225209339563146,0.8660254037844386,0.5000000000000001,0.9897936029670716,0.14250832791617088,1.0,0,0,28.0,-28.0,24.8,29.6,20.2,2.0,83.0,6.4,1,0,0,0.0,12521.0,14700.0,14357.0,16191.0,16286.0,15356.0,14514.57142857143,14933.285714285714,15136.066666666668,1082.8916315653923,1463.729622982161,-3670.0,-621.4952380952382,20014700.0,23749600.0,23850100.0,22387492.85714286,22974975.0,1598.4905358996884,1544.6800911357793,19194.0,21887.0,20522.0,20709.0,20606.714285714286,20415.166666666668,19411750.0,19484700.0,20117085.714285713,10612.0,16481650.0,
2023-03-26,273.0,-0.7818314824680299,0.6234898018587334,0.8660254037844386,0.5000000000000001,0.992098522791769,0.12546123335273648,0.0,1,0,27.0,-27.0,25.6,32.4,21.1,3.4,81.0,9.0,1,0,0,0.0,10612.0,12521.0,14700.0,14316.0,14403.0,14509.0,13717.57142857143,14528.0,14981.4,1581.619092063901,1680.1961420804919,-3704.0,-1263.8285714285703,16481650.0,21855150.0,22193350.0,21349214.285714287,22754283.333333332,1553.1143987938183,1557.005062070873,16065.0,19194.0,20220.0,20135.0,19970.0,20285.633333333335,15620600.0,19731850.0,19565071.42857143,12077.0,18667850.0,Independence Day
2023-03-27,274.0,0.0,1.0,0.8660254037844386,0.5000000000000001,0.9941098647022418,0.10837701279187609,0.0,0,0,26.0,-26.0,25.3,29.3,23.2,5.8,83.0,8.4,1,0,0,0.0,12077.0,10612.0,12521.0,14629.0,14311.0,13975.0,13397.714285714286,14361.857142857143,14756.433333333332,1664.647681872052,1597.4657016087058,-2552.0,-1358.7190476190463,18667850.0,22559000.0,22412400.0,20893885.714285713,22473623.333333332,1545.7356959509812,1559.7352962068474,17252.0,16065.0,20571.0,20453.0,19546.0,20151.1,16679350.0,20281450.0,19129000.0,10710.0,16904300.0,
2023-03-28,275.0,0.7818314824680298,0.6234898018587336,0.8660254037844386,0.5000000000000001,0.9958270335100595,0.09126072172931188,0.0,0,0,25.0,-25.0,25.8,31.3,21.8,0.5,77.0,5.3,1,0,0,0.0,10710.0,12077.0,10612.0,14888.0,14408.0,14462.0,12837.857142857143,14104.642857142857,14601.566666666668,1832.1196675410092,1754.7928000947784,-4178.0,-1763.7095238095244,16904300.0,23031300.0,22670250.0,20086071.42857143,22303451.666666668,1578.3660130718954,1564.9198748347076,16139.0,17252.0,21334.0,20692.0,18912.85714285714,20063.133333333335,15522850.0,20926200.0,18449200.0,11478.0,18499750.0,
2023-03-29,276.0,0.9749279121818236,-0.22252093395631434,0.8660254037844386,0.5000000000000001,0.9972495210773451,0.07411742515094437,0.0,0,0,24.0,-24.0,24.8,29.1,20.6,20.0,85.0,8.6,1,1,0,0.0,11478.0,10710.0,12077.0,14357.0,14611.0,14315.0,12350.714285714286,13895.357142857143,14500.533333333333,1639.3567553856853,1845.231538285958,-2879.0,-2149.8190476190466,18499750.0,22360000.0,22772200.0,19438707.14285714,22180386.666666668,1611.7572747865481,1574.1750977085667,17221.0,16139.0,20519.0,20483.0,18325.285714285714,20011.533333333333,17538600.0,19974100.0,17965257.14285714,11524.0,18296000.0,
2023-03-30,277.0,0.43388373911755823,-0.900968867902419,0.8660254037844386,0.5000000000000001,0.998376906467142,0.056952196034039754,0.0,0,0,23.0,-23.0,25.4,30.5,22.9,3.8,86.0,6.1,1,0,0,0.0,11524.0,11478.0,10710.0,14700.0,15464.0,15101.0,11946.0,13674.857142857143,14418.833333333334,1392.6391013707696,1921.9675816874692,-3176.0,-2472.833333333334,18296000.0,23142700.0,23402750.0,18858135.714285713,22065486.666666668,1587.6431794515793,1578.4914901839777,16249.0,17221.0,21887.0,21866.0,17715.285714285714,19912.866666666665,16417000.0,21009550.0,17457100.0,11675.0,18572000.0,
2023-03-31,278.0,-0.433883739117558,-0.9009688679024191,0.8660254037844386,0.5000000000000001,0.9992088560679753,0.03977011384605572,1.0,0,0,22.0,-22.0,24.8,28.8,20.9,17.3,84.0,7.7,1,0,0,0.0,11675.0,11524.0,11478.0,12521.0,17981.0,18047.0,11513.857142857143,13404.214285714286,14325.933333333332,685.3654569088939,1986.0953537086525,-846.0,-2812.0761904761894,18572000.0,20014700.0,25881500.0,18205178.57142857,21937893.333333332,1590.749464668094,1580.8366518032292,16961.0,16249.0,19194.0,22427.0,17011.571428571428,19824.066666666666,16843000.0,19411750.0,16861878.57142857,12272.0,18825750.0,
2023-04-01,279.0,-0.9749279121818236,-0.2225209339563146,1.0,6.123233995736766e-17,0.9997451236925734,0.022576263041545485,1.0,0,0,21.0,-21.0,23.5,26.1,21.7,1.2,86.0,9.6,1,0,0,0.0,12272.0,11675.0,11524.0,10612.0,16191.0,14996.0,11478.285714285714,12996.42857142857,14257.833333333334,628.4824882965048,2021.1985362622386,1660.0,-2779.54761904762,18825750.0,16481650.0,23749600.0,18035328.57142857,21822866.666666668,1534.0409061277705,1571.6295618358124,17277.0,16961.0,16065.0,20522.0,16737.714285714286,19743.833333333332,17187200.0,15620600.0,16544085.714285715,10651.0,16475350.0,
2023-04-02,280.0,-0.7818314824680299,0.6234898018587334,1.0,6.123233995736766e-17,0.9999855506507186,0.005375731557583884,0.0,0,0,20.0,-20.0,24.5,29.7,19.0,3.2,78.0,8.8,1,0,0,0.0,10651.0,12272.0,11675.0,12077.0,14316.0,13977.0,11483.857142857143,12600.714285714286,14109.5,619.6336090981006,2118.150588082258,-1426.0,-2625.642857142857,16475350.0,18667850.0,21855150.0,18034428.57142857,21593251.666666668,1546.835977842456,1570.7326445570466,14774.0,17277.0,17252.0,20220.0,16553.285714285714,19529.033333333333,14389800.0,16679350.0,16368257.142857144,10632.0,16652750.0,
2023-04-03,281.0,0.0,1.0,1.0,6.123233995736766e-17,0.9999300657962057,-0.011826390691832589,0.0,0,0,19.0,-19.0,25.2,30.1,21.1,0.2,81.0,8.5,1,0,0,0.0,10632.0,10651.0,12272.0,10710.0,14629.0,14405.0,11277.42857142857,12337.57142857143,13862.333333333334,629.7125950630852,2075.0293281406393,-78.0,-2584.9047619047633,16652750.0,16904300.0,22559000.0,17746557.14285714,21279051.666666668,1566.285741158766,1573.6683653010155,15631.0,14774.0,16139.0,20571.0,16321.714285714286,19319.6,15250800.0,15522850.0,16164178.57142857,11055.0,17555000.0,
2023-04-04,282.0,0.7818314824680298,0.6234898018587336,1.0,6.123233995736766e-17,0.9995786855478958,-0.029025013321975237,0.0,0,0,18.0,-18.0,25.9,32.7,21.8,6.1,79.0,13.3,1,0,0,0.0,11055.0,10632.0,10651.0,11478.0,14888.0,14400.0,11326.714285714286,12082.285714285714,13730.966666666667,590.1586550203003,2124.932931734066,-423.0,-2404.252380952381,17555000.0,18499750.0,23031300.0,17839514.285714287,21131388.333333332,1587.9692446856625,1575.0402555315538,16524.0,15631.0,17221.0,21334.0,16376.714285714286,19249.3,16710950.0,17538600.0,16333907.142857144,11305.0,18128100.0,
2023-04-05,283.0,0.9749279121818236,-0.22252093395631434,1.0,6.123233995736766e-17,0.9989315138848577,-0.046215046983708354,0.0,0,0,17.0,-17.0,27.0,32.5,23.9,0.4,82.0,12.9,1,0,0,0.0,11305.0,11055.0,10632.0,11524.0,14357.0,15143.0,11302.0,11826.357142857143,13641.9,586.3775802900371,2169.7898730300053,-219.0,-2339.8999999999996,18128100.0,18296000.0,22360000.0,17786421.42857143,21014703.333333332,1603.547103051747,1573.8673738551536,16960.0,16524.0,16249.0,20519.0,16339.42857142857,19175.5,17144750.0,16417000.0,16277642.857142856,11445.0,18240700.0,
2023-04-06,284.0,0.43388373911755823,-0.900968867902419,1.0,6.123233995736766e-17,0.9979887423155984,-0.06339140486951038,0.0,0,0,16.0,-16.0,27.1,33.0,22.2,0.0,73.0,5.4,0,0,0,0.0,11445.0,11305.0,11055.0,11675.0,14700.0,13736.0,11290.714285714286,11618.357142857143,13543.233333333334,582.1376453171283,2200.968825600328,-230.0,-2252.5190476190473,18240700.0,18572000.0,23142700.0,17778521.42857143,20867883.333333332,1593.7702053298383,1574.7426632663335,16820.0,16960.0,16961.0,21887.0,16421.0,19053.533333333333,17044500.0,16843000.0,16367285.714285715,12032.0,18708950.0,
2023-04-07,285.0,-0.433883739117558,-0.9009688679024191,1.0,6.123233995736766e-17,0.9967506498213929,-0.08054900421874167,1.0,0,0,15.0,-15.0,28.0,34.2,21.6,0.0,65.0,7.7,0,0,0,0.0,12032.0,11445.0,11305.0,12272.0,12521.0,18516.0,11341.714285714286,11427.785714285714,13464.3,634.6819976140566,2211.6191003036006,-240.0,-2122.585714285713,18708950.0,18825750.0,20014700.0,17798085.714285713,20738440.0,1554.9326795212767,1569.6259796739307,17748.0,16820.0,17277.0,19194.0,16533.428571428572,18973.466666666667,17237600.0,17187200.0,16423657.142857144,12840.0,19644150.0,
2023-04-08,286.0,-0.9749279121818236,-0.2225209339563146,1.0,6.123233995736766e-17,0.9952176027737294,-0.09768276782171598,1.0,0,0,14.0,-14.0,28.5,35.0,21.2,0.0,60.0,6.0,0,0,0,0.0,12840.0,12032.0,11445.0,10651.0,10612.0,16286.0,11422.857142857143,11450.57142857143,13387.533333333333,790.5975437544726,2191.2162853528457,2189.0,-1964.6761904761897,19644150.0,16475350.0,16481650.0,17915000.0,20638931.666666668,1529.9182242990655,1569.037025126973,17533.0,17748.0,14774.0,16065.0,16570.0,18872.6,17037800.0,14389800.0,16402314.285714285,11715.0,17671300.0,
2023-04-09,287.0,-0.7818314824680299,0.6234898018587334,1.0,6.123233995736766e-17,0.9933900548258936,-0.11478762552212701,0.0,0,0,13.0,-13.0,29.5,35.4,23.1,0.0,56.0,6.3,0,0,0,0.0,11715.0,12840.0,12032.0,10632.0,12077.0,14403.0,11574.857142857143,11529.357142857143,13320.166666666666,716.2544772569323,2211.1100829336146,1083.0,-1745.309523809523,17671300.0,16652750.0,18667850.0,18085850.0,20535645.0,1508.433632095604,1563.5509757345658,15717.0,17533.0,15631.0,17252.0,16704.714285714286,18747.566666666666,14787500.0,15250800.0,16459128.57142857,11509.0,18189800.0,
2023-04-10,288.0,0.0,1.0,1.0,6.123233995736766e-17,0.9912685467787256,-0.13185851571739118,0.0,0,0,12.0,-12.0,29.2,36.1,23.0,0.0,57.0,7.4,0,0,0,0.0,11509.0,11715.0,12840.0,11055.0,10710.0,14311.0,11700.142857142857,11488.785714285714,13086.6,589.2940490032103,2003.6885400474212,454.0,-1386.4571428571435,18189800.0,17555000.0,16904300.0,18305428.57142857,20246946.666666668,1580.4848379529064,1565.5794181337285,16584.0,15717.0,16524.0,16139.0,16840.85714285714,18548.9,16000550.0,16710950.0,16566235.714285715,12381.0,19360250.0,
2023-04-11,289.0,0.7818314824680298,0.6234898018587336,1.0,6.123233995736766e-17,0.9888537064205885,-0.1488903868564548,0.0,0,0,11.0,-11.0,30.0,36.2,24.0,0.0,57.0,7.4,0,0,0,0.0,12381.0,11509.0,11715.0,11305.0,11478.0,14408.0,11889.57142857143,11608.142857142857,12956.433333333332,559.7290586058011,1913.4881974052835,1076.0,-1066.8619047619031,19360250.0,18128100.0,18499750.0,18563321.42857143,20097285.0,1563.7064857442856,1562.113309713532,17546.0,16584.0,16960.0,17221.0,16986.85714285714,18443.466666666667,17296200.0,17144750.0,16649842.857142856,12151.0,19172650.0,
2023-04-12,290.0,0.9749279121818236,-0.22252093395631434,1.0,6.123233995736766e-17,0.986146248341595,-0.16587819893463143,0.0,0,0,10.0,-10.0,30.3,37.1,23.5,0.0,56.0,6.3,0,0,0,0.0,12151.0,12381.0,11509.0,11445.0,11524.0,14611.0,12010.42857142857,11656.214285714286,12881.366666666667,500.6921399899679,1898.899799127527,706.0,-870.9380952380961,19172650.0,18240700.0,18296000.0,18712542.85714286,19996595.0,1577.8660192576742,1558.444583457236,17914.0,17546.0,16820.0,16249.0,17123.14285714286,18369.433333333334,17625100.0,17044500.0,16718464.285714285,12567.0,19654800.0,
2023-04-13,291.0,0.43388373911755823,-0.900968867902419,1.0,6.123233995736766e-17,0.9831469737221499,-0.1828169249850199,0.0,0,0,9.0,-9.0,30.5,38.3,22.2,0.0,50.0,9.2,0,0,0,0.0,12567.0,12151.0,12381.0,12032.0,11675.0,15464.0,12170.714285714286,11730.714285714286,12823.233333333334,468.04156307107553,1880.2272731908506,535.0,-652.5190476190473,19654800.0,18708950.0,18572000.0,18914557.14285714,19904675.0,1564.0009548818334,1554.1918333932351,18238.0,17914.0,17748.0,16961.0,17325.714285714286,18295.6,17930350.0,17237600.0,16845014.285714287,13194.0,20581450.0,
2023-04-14,292.0,-0.433883739117558,-0.9009688679024191,1.0,6.123233995736766e-17,0.9798567700958665,-0.1997015525660636,1.0,1,0,8.0,-8.0,31.6,39.5,24.1,0.0,53.0,9.7,0,0,0,0.0,13194.0,12567.0,12151.0,12840.0,12272.0,17981.0,12336.714285714286,11839.214285714286,12782.766666666666,598.5200398444025,1857.8745676701456,354.0,-446.0523809523802,20581450.0,19644150.0,18825750.0,19182057.14285714,19835048.333333332,1559.9098074882522,1554.9028516742317,19525.0,18238.0,17533.0,17277.0,17579.571428571428,18256.7,18709900.0,17037800.0,17055342.85714286,14693.0,22198200.0,Bengali New Year
2023-04-15,293.0,-0.9749279121818236,-0.2225209339563146,1.0,6.123233995736766e-17,0.9762766110869321,-0.21652708524481437,1.0,0,0,7.0,-7.0,32.0,39.1,24.9,0.0,58.0,6.2,0,0,0,0.0,14693.0,13194.0,12567.0,11715.0,10651.0,16191.0,12601.42857142857,12012.142857142857,12785.5,1076.8493947844888,1860.7151897164451,2978.0,-184.07142857142935,22198200.0,17671300.0,16475350.0,19546921.42857143,19815915.0,1510.8010617300756,1552.17182845009,20486.0,19525.0,15717.0,14774.0,18001.428571428572,18256.8,19558650.0,14787500.0,17415464.285714287,12813.0,19358550.0,
2023-04-16,294.0,-0.7818314824680299,0.6234898018587334,1.0,6.123233995736766e-17,0.9724075561219968,-0.23328854407545518,0.0,0,0,6.0,-6.0,32.4,39.9,25.9,0.0,57.0,7.7,0,0,0,0.0,12813.0,14693.0,13194.0,11509.0,10632.0,14316.0,12758.285714285714,12166.57142857143,12697.133333333333,1003.6936309262911,1790.758878498071,1304.0,61.152380952380554,19358550.0,18189800.0,16652750.0,19787957.14285714,19681108.333333332,1510.8522594240226,1552.5173466398644,19057.0,20486.0,16584.0,15631.0,18478.571428571428,18163.166666666668,18088450.0,16000550.0,17887028.57142857,13160.0,20092850.0,
2023-04-17,295.0,0.0,1.0,1.0,6.123233995736766e-17,0.9682507501166718,-0.2499809690726521,0.0,0,0,5.0,-5.0,30.2,37.6,26.3,0.2,74.0,12.5,1,0,0,0.0,13160.0,12813.0,14693.0,12381.0,11055.0,14629.0,12994.142857142857,12347.142857142857,12536.433333333332,842.186129184379,1491.5620990768132,779.0,457.7095238095244,20092850.0,19360250.0,17555000.0,20059821.42857143,19488153.333333332,1526.812310030395,1544.849842650934,19607.0,19057.0,17546.0,16524.0,18910.428571428572,18069.166666666668,18614650.0,17296200.0,18260471.42857143,15416.0,23927850.0,
2023-04-18,296.0,0.7818314824680298,0.6234898018587336,1.0,6.123233995736766e-17,0.9638074231367307,-0.26659942067929354,0.0,0,0,4.0,-4.0,29.8,38.6,25.8,9.7,77.0,10.6,1,0,0,0.0,15416.0,13160.0,12813.0,12151.0,11305.0,14888.0,13427.714285714286,12658.642857142857,12510.6,1185.2723617079118,1431.5893410400347,3265.0,917.1142857142859,23927850.0,19172650.0,18128100.0,20712335.714285713,19494095.0,1552.1438764919565,1543.1980413291728,22485.0,19607.0,17914.0,16960.0,19616.0,18134.6,20964500.0,17625100.0,18784514.285714287,18543.0,28280000.0,
2023-04-19,297.0,0.9749279121818236,-0.22252093395631434,1.0,6.123233995736766e-17,0.9590788900341131,-0.28313898122818354,0.0,1,0,3.0,-3.0,30.8,36.5,26.6,0.0,78.0,12.8,0,0,0,0.0,18543.0,15416.0,13160.0,12567.0,11445.0,14357.0,14340.857142857143,13175.642857142857,12651.5,2126.364771824721,1780.8249686495428,5976.0,1689.3571428571431,28280000.0,19654800.0,18240700.0,22013385.714285713,19708256.666666668,1525.1038127595318,1535.6605832580096,30251.0,22485.0,18238.0,16820.0,21378.428571428572,18468.966666666667,24421550.0,17930350.0,19755435.714285713,24135.0,34747200.0,Shab-e-Qadr
2023-04-20,298.0,0.43388373911755823,-0.900968867902419,1.0,6.123233995736766e-17,0.9540665500578387,-0.2995947563972602,0.0,1,1,2.0,-2.0,30.3,36.7,25.8,0.0,75.0,15.8,0,0,0,0.0,24135.0,18543.0,15416.0,13194.0,12032.0,14700.0,15993.42857142857,14082.07142857143,12968.366666666667,4098.582716710046,2734.939455716873,10941.0,3025.061904761904,34747200.0,20581450.0,18708950.0,24169442.85714286,20114530.0,1439.7016780609074,1517.9035437121634,36069.0,30251.0,19525.0,17748.0,23925.714285714286,18985.566666666666,27195400.0,18709900.0,21079014.285714287,34268.0,37348400.0,Eid al-Fitr Holiday
2023-04-21,299.0,-0.433883739117558,-0.9009688679024191,1.0,6.123233995736766e-17,0.9487718864399473,-0.31596187665790293,1.0,1,0,1.0,-1.0,28.1,34.8,25.3,37.1,82.0,14.8,1,1,0,0.0,34268.0,24135.0,18543.0,14693.0,12840.0,12521.0,19004.0,15670.357142857143,13614.366666666667,7783.194074414433,4750.26978895054,19575.0,5389.633333333333,37348400.0,22198200.0,19644150.0,26564721.42857143,20591766.666666668,1089.8914439126881,1450.7580632013683,42365.0,36069.0,20486.0,17533.0,27188.571428571428,19686.6,28862650.0,19558650.0,22529407.14285714,35524.0,39150000.0,Jumatul Bidah
2023-04-22,300.0,-0.9749279121818236,-0.2225209339563146,1.0,6.123233995736766e-17,0.9431964659565866,-0.33223549871590435,1.0,1,1,0.0,0.0,27.2,33.5,24.6,8.0,77.0,8.3,1,0,0,0.0,35524.0,34268.0,24135.0,12813.0,11715.0,10612.0,21979.85714285714,17290.64285714286,14319.933333333332,9624.658079269986,6211.592687832996,22711.0,7659.923809523809,39150000.0,19358550.0,17671300.0,28986407.14285714,21151433.333333332,1102.0718387568968,1392.3681742051997,32577.0,42365.0,19057.0,15717.0,28915.85714285714,20088.533333333333,23377350.0,18088450.0,23074935.714285713,23840.0,18160050.0,Eid al-Fitr
2023-04-23,301.0,-0.7818314824680299,0.6234898018587334,1.0,6.123233995736766e-17,0.9373419384643772,-0.3484108069446808,0.0,1,1,1.0,1.0,27.1,31.6,24.5,4.0,67.0,10.5,1,0,0,0.0,23840.0,35524.0,34268.0,13160.0,11509.0,12077.0,23555.14285714286,18156.714285714286,14624.6,8735.582835517633,6450.434877614448,10680.0,8930.542857142858,18160050.0,20092850.0,18189800.0,28815192.85714286,20985345.0,761.7470637583892,1285.3531462529666,15977.0,32577.0,19607.0,16584.0,28475.85714285714,19891.533333333333,7080800.0,18614650.0,21502414.285714287,36519.0,26003800.0,Eid al-Fitr Holiday
2023-04-24,302.0,0.0,1.0,1.0,6.123233995736766e-17,0.9312100364121947,-0.3644830148102912,0.0,0,0,2.0,2.0,27.0,31.9,22.8,0.0,71.0,7.0,0,0,0,0.0,36519.0,23840.0,35524.0,15416.0,12381.0,10710.0,26892.14285714286,19943.14285714286,15424.533333333333,8562.671495675684,7571.220489838293,21103.0,11467.609523809526,26003800.0,23927850.0,19360250.0,29659614.285714287,21184981.666666668,712.0622141898738,1168.9602754186062,16526.0,15977.0,22485.0,17546.0,28035.714285714286,19802.6,8872850.0,20964500.0,20110728.57142857,33637.0,25504300.0,
2023-04-25,303.0,0.7818314824680298,0.6234898018587336,1.0,6.123233995736766e-17,0.9248025743285089,-0.38044736628785164,0.0,0,0,3.0,3.0,28.0,31.7,23.6,0.0,67.0,6.1,0,0,0,0.0,33637.0,36519.0,23840.0,18543.0,12151.0,11478.0,29495.14285714286,21461.428571428572,16192.033333333333,7144.672127503363,8206.893210665314,15094.0,13303.109523809526,25504300.0,28280000.0,19172650.0,29884821.42857143,21485736.666666668,758.2216012129501,1055.5428075216055,18117.0,16526.0,30251.0,17914.0,27411.714285714286,19871.0,10823350.0,24421550.0,18661992.85714286,32264.0,27568450.0,
2023-04-26,304.0,0.9749279121818236,-0.22252093395631434,1.0,6.123233995736766e-17,0.9181214482844365,-0.39629913726891813,0.0,0,0,4.0,4.0,29.6,33.2,24.9,0.0,59.0,4.3,0,0,0,0.0,32264.0,33637.0,36519.0,24135.0,12567.0,11524.0,31455.285714285714,22898.071428571428,16864.933333333334,5277.3107960489515,8672.25176554841,8129.0,14590.35238095238,27568450.0,34747200.0,19654800.0,29783171.42857143,21782423.333333332,854.4647284899578,959.7372240545234,23174.0,18117.0,36069.0,18238.0,26400.714285714286,20068.4,14096100.0,27195400.0,17186928.57142857,29383.0,28469100.0,
2023-04-27,305.0,0.43388373911755823,-0.900968867902419,1.0,6.123233995736766e-17,0.9111686353326631,-0.41203363695942635,0.0,0,0,5.0,5.0,29.4,34.7,25.2,1.7,62.0,6.9,1,0,0,0.0,29383.0,32264.0,33637.0,34268.0,13194.0,11675.0,32205.0,24099.214285714286,17487.366666666665,4356.4767874969275,8882.813046526435,-4885.0,14717.633333333335,28469100.0,37348400.0,20581450.0,28886300.0,22167916.666666668,968.8969812476602,892.4794102240594,23638.0,23174.0,42365.0,19525.0,24624.85714285714,20318.366666666665,17532450.0,28862650.0,15806507.142857144,25054.0,28008750.0,
2023-04-28,306.0,-0.433883739117558,-0.9009688679024191,1.0,6.123233995736766e-17,0.9039461929224011,-0.42764620926777464,1.0,0,0,6.0,6.0,27.9,33.0,23.0,0.2,72.0,5.7,1,0,0,0.0,25054.0,29383.0,32264.0,35524.0,14693.0,12272.0,30888.714285714286,24946.35714285714,17939.9,4977.0459014119515,8911.87607614422,-10470.0,12948.814285714285,28008750.0,39150000.0,22198200.0,27552064.285714287,22484883.333333332,1117.9352598387484,896.485669642068,25821.0,23638.0,32577.0,20486.0,22261.428571428572,20605.033333333333,20843450.0,23377350.0,14660907.142857144,35180.0,35821600.0,
2023-04-29,307.0,-0.9749279121818236,-0.2225209339563146,1.0,6.123233995736766e-17,0.8964562582905575,-0.44313223418263453,1.0,0,0,7.0,7.0,28.5,35.4,24.4,0.1,72.0,7.6,1,0,0,0.0,35180.0,25054.0,29383.0,23840.0,12813.0,10651.0,30839.571428571428,26409.714285714286,18728.433333333334,4925.076475113243,9359.90762437224,11340.0,12111.138095238093,35821600.0,18160050.0,19358550.0,27076578.57142857,23069070.0,1018.2376350198977,884.5093548224967,35108.0,25821.0,15977.0,19057.0,22623.0,21233.666666666668,26742600.0,7080800.0,15141657.142857144,25815.0,30277950.0,
2023-04-30,308.0,-0.7818314824680299,0.6234898018587334,1.0,6.123233995736766e-17,0.8887010478292915,-0.45848712914008766,0.0,0,0,8.0,8.0,28.7,33.2,25.2,0.1,71.0,6.8,1,0,0,0.0,25815.0,35180.0,25054.0,36519.0,13160.0,10632.0,31121.714285714286,27338.428571428572,19199.766666666666,4495.059425424187,9348.487068019054,-10704.0,11921.94761904762,30277950.0,26003800.0,20092850.0,28807707.14285714,23459268.333333332,1172.8820453224869,943.2429236173678,26422.0,35108.0,16526.0,19607.0,24115.14285714286,21549.033333333333,21550200.0,8872850.0,17208714.285714287,21758.0,26329000.0,
2023-05-01,309.0,0.0,1.0,0.8660254037844387,-0.4999999999999998,0.8806828564301475,-0.47370635037968,0.0,1,0,9.0,9.0,27.6,32.1,24.9,1.3,75.0,8.1,1,0,0,0.0,21758.0,25815.0,35180.0,33637.0,15416.0,11055.0,29013.0,27952.571428571428,19515.966666666667,4977.534128461569,9266.147577601223,-11879.0,9497.033333333333,26329000.0,25504300.0,23927850.0,28854164.285714287,23709376.666666668,1210.083647394062,1014.3888426465375,23086.0,26422.0,18117.0,22485.0,25052.285714285714,21742.666666666668,20245450.0,10823350.0,18833371.42857143,26506.0,26916150.0,Labour Day
2023-05-02,310.0,0.7818314824680298,0.6234898018587336,0.8660254037844387,-0.4999999999999998,0.8724040568049612,-0.48878539428899265,0.0,0,0,10.0,10.0,28.8,33.7,24.0,0.0,66.0,4.9,0,0,0,0.0,26506.0,21758.0,25815.0,32264.0,18543.0,11305.0,27994.285714285714,28744.714285714286,20044.466666666667,4587.924320586411,9194.970142020235,-5758.0,7949.819047619047,26916150.0,27568450.0,28280000.0,29055857.14285714,24057403.333333332,1015.4738549762318,1051.1391646127206,26040.0,23086.0,23174.0,30251.0,26184.14285714286,22118.2,22730100.0,14096100.0,20534335.714285713,17291.0,21813500.0,
2023-05-03,311.0,0.9749279121818236,-0.22252093395631434,0.8660254037844387,-0.4999999999999998,0.8638670987837349,-0.503719798736334,0.0,0,0,11.0,11.0,27.8,31.1,25.1,1.9,73.0,6.8,1,0,0,0.0,17291.0,26506.0,21758.0,29383.0,24135.0,11445.0,25855.285714285714,28655.285714285714,20266.433333333334,5636.1469614824955,9038.968844468061,-12092.0,5588.8523809523795,21813500.0,28469100.0,34747200.0,28233721.42857143,24229428.333333332,1261.5522526169684,1109.2945252022935,20250.0,26040.0,23638.0,36069.0,25766.428571428572,22272.166666666668,18416900.0,17532450.0,21151592.85714286,17862.0,22501800.0,
2023-05-04,312.0,0.43388373911755823,-0.900968867902419,0.8660254037844387,-0.4999999999999998,0.8550745085896932,-0.518505144391157,0.0,1,0,12.0,12.0,26.8,29.9,24.2,1.3,81.0,8.7,1,0,0,0.0,17862.0,17291.0,26506.0,25054.0,34268.0,12032.0,24209.428571428572,28207.214285714286,20493.333333333332,6097.579351872414,8883.87159827924,-7192.0,3716.0952380952403,22501800.0,28008750.0,37348400.0,27381250.0,24394321.666666668,1259.7581457843467,1150.846120136106,21159.0,20250.0,25821.0,42365.0,25412.285714285714,22426.666666666668,19748650.0,20843450.0,21468192.85714286,21793.0,24201050.0,Buddha Purnima
2023-05-05,313.0,-0.433883739117558,-0.9009688679024191,0.8660254037844387,-0.4999999999999998,0.8460288880917339,-0.533137056031809,1.0,0,0,13.0,13.0,27.2,32.1,24.1,6.4,81.0,6.5,1,0,0,0.0,21793.0,17862.0,17291.0,35180.0,35524.0,12840.0,23743.571428571428,27316.14285714286,20842.933333333334,6146.67267327461,8714.571866878396,-13387.0,2900.6380952380932,24201050.0,35821600.0,39150000.0,26837292.85714286,24596753.333333332,1110.496489698527,1149.783438687503,21208.0,21159.0,35108.0,32577.0,24753.285714285714,22568.266666666666,19572600.0,26742600.0,21286642.85714286,25046.0,24838600.0,
2023-05-06,314.0,-0.9749279121818236,-0.2225209339563146,0.8660254037844387,-0.4999999999999998,0.8367329140344921,-0.5476112038402312,1.0,0,0,14.0,14.0,27.8,33.2,23.8,1.8,80.0,5.2,1,0,0,0.0,25046.0,21793.0,17862.0,25815.0,23840.0,11715.0,22295.85714285714,26567.714285714286,21296.3,3717.5887090322094,8561.234805193411,-769.0,999.557142857142,24838600.0,30277950.0,18160050.0,25268292.85714286,24816683.333333332,991.7192366046474,1145.9950960567528,21099.0,21208.0,26422.0,15977.0,22752.0,22710.9,19499250.0,21550200.0,20251878.57142857,20358.0,22795150.0,
2023-05-07,315.0,-0.7818314824680299,0.6234898018587334,0.8660254037844387,-0.4999999999999998,0.8271893372462497,-0.5619233046832195,0.0,0,0,15.0,15.0,29.3,35.0,24.5,0.0,71.0,6.0,0,0,0,0.0,20358.0,25046.0,21793.0,21758.0,36519.0,11509.0,21516.285714285714,26319.0,21573.833333333332,3416.616197072073,8383.666201087937,-1400.0,-57.547619047618355,22795150.0,26329000.0,26003800.0,24199321.42857143,24952890.0,1119.714608507712,1138.3997479403565,19312.0,21099.0,23086.0,16526.0,21736.285714285714,22763.033333333333,17064450.0,20245450.0,19611057.14285714,16217.0,20872200.0,
2023-05-08,316.0,0.0,1.0,0.8660254037844387,-0.4999999999999998,0.8174009818249189,-0.5760691233798758,0.0,0,0,16.0,16.0,31.0,37.3,25.1,0.0,59.0,7.6,0,0,0,0.0,16217.0,20358.0,25046.0,26506.0,33637.0,12381.0,20724.714285714286,24868.85714285714,21686.4,3951.318417705067,8284.438239128282,-10289.0,-961.6857142857152,20872200.0,26916150.0,25504300.0,23419778.57142857,24993825.0,1287.056792255041,1149.3959114919248,18865.0,19312.0,26040.0,18117.0,21133.285714285714,22807.433333333334,17725050.0,22730100.0,19251000.0,15909.0,21295100.0,
2023-05-09,317.0,0.7818314824680298,0.6234898018587336,0.8660254037844387,-0.4999999999999998,0.8073707443023492,-0.5900444739548627,0.0,0,0,17.0,17.0,30.9,37.5,24.5,0.6,60.0,9.1,1,0,0,0.0,15909.0,16217.0,20358.0,17291.0,32264.0,12151.0,19210.85714285714,23602.571428571428,21826.2,3351.6910870271536,8144.574675713628,-1382.0,-2615.3428571428594,21295100.0,21813500.0,27568450.0,22616771.42857143,25114618.333333332,1338.5567917530957,1195.5506167457625,18709.0,18865.0,20250.0,23174.0,20086.0,22907.166666666668,18048550.0,18416900.0,18582207.14285714,15961.0,21244300.0,
2023-05-10,318.0,0.9749279121818236,-0.22252093395631434,0.8660254037844387,-0.4999999999999998,0.7971015927871943,-0.6038452208771035,0.0,0,0,18.0,18.0,30.3,37.4,25.6,1.4,71.0,9.3,1,0,0,0.0,15961.0,15909.0,16217.0,17862.0,29383.0,12567.0,19020.85714285714,22438.071428571428,21974.6,3512.5019301808134,7989.182516550645,-1901.0,-2953.7428571428572,21244300.0,22501800.0,28469100.0,22535457.14285714,25216435.0,1331.013094417643,1205.473594145859,18838.0,18709.0,21159.0,23638.0,19884.285714285714,22982.3,18352950.0,19748650.0,18573071.42857143,15691.0,20978100.0,
2023-05-11,319.0,0.43388373911755823,-0.900968867902419,0.8660254037844387,-0.4999999999999998,0.7865965660866021,-0.6174672802835514,0.0,0,0,19.0,19.0,31.3,37.7,25.7,0.0,64.0,8.2,0,0,0,0.0,15691.0,15961.0,15909.0,21793.0,25054.0,13194.0,18710.714285714286,21460.071428571428,22084.933333333334,3721.5072535325503,7874.150957769796,-6102.0,-3374.219047619048,20978100.0,24201050.0,28008750.0,22317785.714285713,25270363.333333332,1336.9511184755593,1216.5011616731751,18635.0,18838.0,21208.0,25821.0,19523.714285714286,23018.6,17885300.0,19572600.0,18306878.57142857,17833.0,22434450.0,
2023-05-12,320.0,-0.433883739117558,-0.9009688679024191,0.8660254037844387,-0.4999999999999998,0.7758587728069828,-0.6309066211876704,1.0,0,0,20.0,20.0,30.3,35.2,25.8,0.0,70.0,5.5,0,0,0,0.0,17833.0,15691.0,15961.0,25046.0,35180.0,14693.0,18145.0,20944.285714285714,22274.333333333332,3467.164211090506,7693.223799993179,-7213.0,-4129.333333333332,22434450.0,24838600.0,35821600.0,22065414.285714287,25379090.0,1258.0300566365727,1237.5773855214672,20018.0,18635.0,21099.0,35108.0,19353.714285714286,23088.733333333334,18891000.0,19499250.0,18209507.14285714,23820.0,25357550.0,
2023-05-13,321.0,-0.9749279121818236,-0.2225209339563146,0.8660254037844387,-0.4999999999999998,0.7648913904341226,-0.6441592666722685,1.0,0,0,21.0,21.0,30.5,33.9,27.6,0.0,67.0,9.4,0,0,0,0.0,23820.0,17833.0,15691.0,20358.0,25815.0,12813.0,17969.85714285714,20132.85714285714,22649.433333333334,3068.5084557252458,7474.83328234486,3462.0,-4679.576190476193,25357550.0,22795150.0,30277950.0,22139550.0,25569181.666666668,1064.5486985726282,1247.981594374036,20685.0,20018.0,19312.0,26422.0,19294.571428571428,23170.3,19179350.0,17064450.0,18163807.14285714,18027.0,21224900.0,
2023-05-14,322.0,-0.7818314824680299,0.6234898018587334,0.8660254037844387,-0.4999999999999998,0.753697664392914,-0.6572212950663319,0.0,0,0,22.0,22.0,27.7,30.8,25.0,0.0,64.0,17.6,0,0,0,0.0,18027.0,23820.0,17833.0,16217.0,21758.0,13160.0,17636.85714285714,19576.571428571428,22810.533333333333,2887.2790206104696,7314.378658096862,1810.0,-5173.676190476192,21224900.0,20872200.0,26329000.0,21915228.57142857,25590630.0,1177.3950185832362,1256.2216529562538,18586.0,20685.0,18865.0,23086.0,19190.85714285714,23139.0,17129350.0,17725050.0,18173078.57142857,14302.0,18874800.0,
2023-05-15,323.0,0.0,1.0,0.8660254037844387,-0.4999999999999998,0.742280907086982,-0.6700888411055113,0.0,0,0,23.0,23.0,27.9,35.1,22.6,3.6,65.0,11.6,1,0,0,0.0,14302.0,18027.0,23820.0,15909.0,26506.0,15416.0,17363.285714285714,19044.0,22797.5,3125.1578474420776,7329.674254181672,-1607.0,-5434.214285714286,18874800.0,21295100.0,26916150.0,21629885.714285713,25479850.0,1319.7315060830654,1260.8894692174001,18662.0,18586.0,18709.0,26040.0,19161.85714285714,23078.2,17686100.0,18048550.0,18167514.285714287,14944.0,20147200.0,
2023-05-16,324.0,0.7818314824680298,0.6234898018587336,0.8660254037844387,-0.4999999999999998,0.7306444969184916,-0.6827580970759147,0.0,0,0,24.0,24.0,29.3,35.1,25.5,12.5,78.0,15.6,1,0,0,0.0,14944.0,14302.0,18027.0,15961.0,17291.0,18543.0,17225.428571428572,18218.14285714286,22868.533333333333,3219.850765545073,7239.345239650505,-1017.0,-5643.10476190476,20147200.0,21244300.0,21813500.0,21465900.0,25506138.333333332,1348.1798715203427,1262.264194898435,18634.0,18662.0,18838.0,20250.0,19151.14285714286,23064.1,17910500.0,18352950.0,18147792.85714286,15561.0,21298850.0,
2023-05-17,325.0,0.9749279121818236,-0.22252093395631434,0.8660254037844387,-0.4999999999999998,0.7187918772884232,-0.6952253139408722,0.0,0,0,25.0,25.0,29.0,35.2,25.0,28.8,79.0,19.1,1,1,0,0.0,15561.0,14944.0,14302.0,15691.0,17862.0,24135.0,17168.285714285714,18094.571428571428,22948.566666666666,3249.444040359645,7140.915930256311,-130.0,-5780.280952380952,21298850.0,20978100.0,22501800.0,21473692.85714286,25546338.333333332,1368.732729259045,1267.652714161493,19037.0,18634.0,18635.0,21159.0,19179.571428571428,23045.1,18268850.0,17885300.0,18135778.57142857,15329.0,21448550.0,
2023-05-18,326.0,0.43388373911755823,-0.900968867902419,0.8660254037844387,-0.4999999999999998,0.7067265555776158,-0.7074868024503348,0.0,0,0,26.0,26.0,27.8,32.2,24.2,4.3,82.0,15.1,1,0,0,0.0,15329.0,15561.0,14944.0,17833.0,21793.0,34268.0,17116.571428571428,17913.64285714286,22945.666666666668,3279.6137403228645,7144.09742535671,-2504.0,-5829.09523809524,21448550.0,22434450.0,24201050.0,21540900.0,25463695.0,1399.2139082784265,1276.5473984190453,18764.0,19037.0,20018.0,21208.0,19198.0,22921.066666666666,18039250.0,18891000.0,18157771.42857143,16630.0,21480000.0,
2023-05-19,327.0,-0.433883739117558,-0.9009688679024191,0.8660254037844387,-0.4999999999999998,0.6944521021088763,-0.719538934232584,1.0,0,0,27.0,27.0,28.6,32.6,25.2,7.2,81.0,13.9,1,0,0,0.0,16630.0,15329.0,15561.0,23820.0,25046.0,35524.0,16944.714285714286,17544.85714285714,22881.9,3267.3112143517683,7193.119074792089,-7190.0,-5937.185714285715,21480000.0,25357550.0,24838600.0,21404550.0,25237028.333333332,1291.6416115453999,1281.3490491203063,19899.0,18764.0,20685.0,21099.0,19181.0,22576.0,18525750.0,19179350.0,18105592.85714286,22752.0,24926300.0,
2023-05-20,328.0,-0.9749279121818236,-0.2225209339563146,0.8660254037844387,-0.4999999999999998,0.6819721490904629,-0.7313781428679254,1.0,0,0,28.0,28.0,28.3,33.8,24.3,5.8,82.0,15.6,1,0,0,0.0,22752.0,16630.0,15329.0,18027.0,20358.0,23840.0,16792.14285714286,17381.0,22835.8,2896.664830949105,7189.241859218862,4725.0,-6043.657142857141,24926300.0,21224900.0,22795150.0,21342942.85714286,24909665.0,1095.5652250351618,1285.7799814720968,21085.0,19899.0,18586.0,19312.0,19238.14285714286,22076.533333333333,19640750.0,17129350.0,18171507.14285714,17954.0,21402450.0,
2023-05-21,329.0,-0.7818314824680299,0.6234898018587334,0.8660254037844387,-0.4999999999999998,0.6692903895412567,-0.7430009249440493,0.0,0,0,29.0,29.0,28.8,34.4,25.5,21.3,82.0,15.6,1,1,0,0.0,17954.0,22752.0,16630.0,14302.0,16217.0,36519.0,16781.714285714286,17209.285714285714,22292.0,2891.605131772923,6906.109184552862,3652.0,-5510.285714285714,21402450.0,18874800.0,20872200.0,21368307.14285714,24378133.333333332,1192.0714047009023,1287.8766080603348,18898.0,21085.0,18662.0,18865.0,19282.714285714286,21294.3,16988750.0,17686100.0,18151421.42857143,15767.0,20421200.0,
2023-05-22,330.0,0.0,1.0,0.8660254037844387,-0.4999999999999998,0.6564105761979381,-0.7544038410927472,0.0,0,0,30.0,30.0,29.8,34.4,25.9,7.6,78.0,14.4,1,0,0,0.0,15767.0,17954.0,22752.0,14944.0,15909.0,33637.0,16991.0,17177.14285714286,21633.433333333334,2730.761188142771,6532.714695171192,823.0,-4642.433333333334,20421200.0,20147200.0,21295100.0,21589221.42857143,23753840.0,1295.1861482843915,1284.37012837481,18465.0,18898.0,18634.0,18709.0,19254.571428571428,20823.9,17311850.0,17910500.0,18097957.14285714,15611.0,20872800.0,
2023-05-23,331.0,0.7818314824680298,0.6234898018587336,0.8660254037844387,-0.4999999999999998,0.6433365204044917,-0.765583517007675,0.0,0,0,31.0,31.0,28.2,31.3,25.8,22.5,86.0,12.8,1,1,0,0.0,15611.0,15767.0,17954.0,15561.0,15961.0,32264.0,17086.285714285714,17155.85714285714,21359.133333333335,2658.100055446023,6609.1838649654355,50.0,-4272.847619047621,20872800.0,21298850.0,21244300.0,21692878.57142857,23844265.0,1337.0572032541156,1282.781175765349,19836.0,18465.0,19037.0,18838.0,19426.285714285714,20952.533333333333,19180250.0,18268850.0,18279350.0,14664.0,20434150.0,
2023-05-24,332.0,0.9749279121818236,-0.22252093395631434,0.8660254037844387,-0.4999999999999998,0.6300720909843687,-0.7765366444428655,0.0,0,0,32.0,32.0,26.7,29.1,24.2,10.9,84.0,9.7,1,0,0,0.0,14664.0,15611.0,15767.0,15329.0,15691.0,29383.0,16958.14285714286,17063.214285714286,20630.633333333335,2763.42187806906,6062.433547354717,-665.0,-3672.4904761904763,20434150.0,21448550.0,20978100.0,21569350.0,23658610.0,1393.4908619749044,1286.3180518676145,19131.0,19836.0,18764.0,18635.0,19439.714285714286,21039.366666666665,18603100.0,18039250.0,18327100.0,15436.0,21100900.0,
2023-05-25,333.0,0.43388373911755823,-0.900968867902419,0.8660254037844387,-0.4999999999999998,0.6166212130956382,-0.7872599821916922,0.0,0,0,33.0,33.0,27.8,31.8,24.2,9.7,83.0,10.7,1,0,0,0.0,15436.0,14664.0,15611.0,16630.0,17833.0,25054.0,16973.428571428572,17045.0,20023.933333333334,2753.1854191792468,5609.769833211445,-1194.0,-3050.504761904762,21100900.0,21480000.0,22434450.0,21519685.714285713,23511830.0,1366.9927442342575,1281.7150284327333,18761.0,19131.0,19899.0,20018.0,19439.285714285714,21060.833333333332,17901400.0,18525750.0,18307407.14285714,18206.0,22707300.0,
2023-05-26,334.0,-0.433883739117558,-0.9009688679024191,0.8660254037844387,-0.4999999999999998,0.6029878670694714,-0.7977503570459932,1.0,0,0,33.0,-33.0,27.7,31.9,24.5,6.8,83.0,9.8,1,0,0,0.0,18206.0,15436.0,14664.0,22752.0,23820.0,35180.0,17198.571428571428,17071.64285714286,19555.333333333332,2784.6796259260877,5117.6303806198885,-4546.0,-2356.7619047619046,22707300.0,24926300.0,25357550.0,21695014.285714287,23349791.666666668,1247.2426672525542,1275.372322105184,21009.0,18761.0,21085.0,20685.0,19597.85714285714,20988.666666666668,19294400.0,19640750.0,18417214.285714287,22892.0,25773250.0,
2023-05-27,335.0,-0.9749279121818236,-0.2225209339563146,0.8660254037844387,-0.4999999999999998,0.5891760872322963,-0.8080046647350754,1.0,0,0,32.0,-32.0,26.6,30.8,24.1,3.7,87.0,8.0,1,0,0,0.0,22892.0,18206.0,15436.0,17954.0,18027.0,25815.0,17218.571428571428,17005.35714285714,19338.966666666667,2831.324887583171,4816.136514872169,4938.0,-2120.3952380952396,25773250.0,21402450.0,21224900.0,21816007.14285714,23259930.0,1125.862746811113,1279.7005395017484,22322.0,21009.0,18898.0,18586.0,19774.571428571428,20944.8,20380550.0,16988750.0,18522900.0,18324.0,22269450.0,
2023-05-28,336.0,-0.7818314824680299,0.6234898018587334,0.8660254037844387,-0.4999999999999998,0.5751899607119775,-0.8180198708443175,0.0,0,0,31.0,-31.0,28.3,32.2,24.0,0.0,77.0,5.4,0,0,0,0.0,18324.0,22892.0,18206.0,15767.0,14302.0,21758.0,17271.428571428572,17026.571428571428,19114.633333333335,2850.7298397161126,4695.995157162319,2557.0,-1843.2047619047626,22269450.0,20421200.0,18874800.0,21939864.285714287,23068620.0,1215.315979043877,1283.0211929793163,20216.0,22322.0,18465.0,18662.0,19962.85714285714,20757.966666666667,18308500.0,17311850.0,18711435.714285713,16612.0,21263900.0,
2023-05-29,337.0,0.0,1.0,0.8660254037844387,-0.4999999999999998,0.5610336262283677,-0.8277930117131022,0.0,0,0,30.0,-30.0,29.8,33.3,25.9,0.0,70.0,6.0,0,0,0,0.0,16612.0,18324.0,22892.0,15611.0,14944.0,26506.0,17392.14285714286,17191.571428571428,18495.7,2793.72812018708,3601.6928888395328,1001.0,-1103.557142857142,21263900.0,20872800.0,20147200.0,22060250.0,22583363.333333332,1280.0325066217192,1280.856387027506,20693.0,20216.0,19836.0,18634.0,20281.14285714286,20277.466666666667,19387700.0,19180250.0,19007985.714285713,15646.0,20865450.0,
2023-05-30,338.0,0.7818314824680298,0.6234898018587336,0.8660254037844387,-0.4999999999999998,0.5467112728685939,-0.8373211953118121,0.0,0,0,29.0,-29.0,30.9,33.9,27.3,0.0,67.0,4.7,0,0,0,0.0,15646.0,16612.0,18324.0,14664.0,15561.0,17291.0,17397.14285714286,17241.714285714286,18156.733333333334,2790.0379584378484,3359.4706267437514,982.0,-759.5904761904749,20865450.0,20434150.0,21298850.0,22059200.0,22269613.333333332,1333.5964463760706,1280.3619931877852,21884.0,20693.0,19131.0,19037.0,20573.714285714286,20126.2,20642850.0,18603100.0,19216928.57142857,15554.0,21231300.0,
2023-05-31,339.0,0.9749279121818236,-0.22252093395631434,0.8660254037844387,-0.4999999999999998,0.5322271388474397,-0.8466016020976267,0.0,0,0,28.0,-28.0,30.8,34.9,26.5,0.0,73.0,4.4,0,0,0,0.0,15554.0,15646.0,16612.0,15436.0,15329.0,17862.0,17524.285714285714,17241.214285714286,17949.933333333334,2662.0737351600146,3320.8710732362842,118.0,-425.64761904762054,21231300.0,21100900.0,21448550.0,22173078.57142857,22099690.0,1365.005786292915,1276.2926966617867,21949.0,21884.0,18761.0,18764.0,20976.285714285714,20088.3,20830350.0,17901400.0,19535107.14285714,15361.0,20730150.0,
2023-06-01,340.0,0.43388373911755823,-0.900968867902419,0.49999999999999994,-0.8660254037844387,0.5175855102531889,-0.8556314858488706,0.0,0,0,27.0,-27.0,30.6,35.4,27.9,4.3,78.0,9.5,1,0,0,0.0,15361.0,15554.0,15646.0,18206.0,16630.0,21793.0,17513.571428571428,17243.5,17578.433333333334,2672.0118423604536,2931.2424538049663,-2845.0,-64.86190476190677,20730150.0,22707300.0,21480000.0,22120114.285714287,21893490.0,1349.5312805155913,1273.7982018448345,21729.0,21949.0,21009.0,19899.0,21400.285714285714,19944.6,20815900.0,19294400.0,19951464.285714287,17977.0,22602300.0,
2023-06-02,341.0,-0.433883739117558,-0.9009688679024191,0.49999999999999994,-0.8660254037844387,0.5027907197793043,-0.8644081744776648,1.0,0,0,26.0,-26.0,30.7,36.8,27.2,0.6,75.0,13.1,1,0,0,0.0,17977.0,15361.0,15554.0,22892.0,22752.0,25046.0,17480.85714285714,17339.714285714286,17601.3,2663.5096163127882,2931.5985888601717,-4915.0,-120.44285714285797,22602300.0,25773250.0,24926300.0,22105114.285714287,21919783.333333332,1257.2898703899427,1275.233516578747,22807.0,21729.0,22322.0,21085.0,21657.14285714286,20029.833333333332,20821900.0,20380550.0,20169678.57142857,21859.0,24616600.0,
2023-06-03,342.0,-0.9749279121818236,-0.2225209339563146,0.49999999999999994,-0.8660254037844387,0.4878471454423119,-0.8729290708206411,1.0,0,0,25.0,-25.0,30.8,36.6,27.4,4.0,75.0,12.0,1,0,0,0.0,21859.0,17977.0,15361.0,18324.0,17954.0,20358.0,17333.285714285714,17275.928571428572,17734.533333333333,2320.234450386886,3032.930467878971,3535.0,-401.2476190476191,24616600.0,22269450.0,21402450.0,21939878.57142857,21990276.666666668,1126.1539869161443,1275.2751223080372,23180.0,22807.0,20216.0,18898.0,21779.714285714286,20097.2,21304300.0,18308500.0,20301642.85714286,17594.0,21633550.0,
2023-06-04,343.0,-0.7818314824680299,0.6234898018587334,0.49999999999999994,-0.8660254037844387,0.47275920928627757,-0.881191653407483,0.0,0,0,24.0,-24.0,31.0,34.6,27.6,2.0,74.0,10.7,1,0,0,0.0,17594.0,21859.0,17977.0,16612.0,15767.0,16217.0,17229.0,17250.214285714286,17594.566666666666,2284.4129807604627,2934.4695071691917,982.0,-365.5666666666657,21633550.0,21263900.0,20421200.0,21849035.714285713,21904693.333333332,1229.5981584631124,1277.3154336536422,21482.0,23180.0,20693.0,18465.0,21960.571428571428,20106.333333333332,19306750.0,19387700.0,20444250.0,15999.0,20770600.0,
2023-06-05,344.0,0.0,1.0,0.49999999999999994,-0.8660254037844387,0.4575313760742512,-0.8891934772070711,0.0,0,0,23.0,-23.0,31.8,36.5,27.1,0.0,70.0,6.1,0,0,0,0.0,15999.0,17594.0,21859.0,15646.0,15611.0,15909.0,17141.428571428572,17266.785714285714,17293.0,2323.4236847910156,2586.5429464428325,353.0,-151.57142857142753,20770600.0,20865450.0,20872800.0,21778564.285714287,21769093.333333332,1298.243640227514,1279.9170241687557,21739.0,21482.0,21884.0,19836.0,22110.0,20127.666666666668,20292550.0,20642850.0,20573514.285714287,15478.0,20990600.0,
2023-06-06,345.0,0.7818314824680298,0.6234898018587336,0.49999999999999994,-0.8660254037844387,0.44216815196707204,-0.8969321743510065,0.0,0,0,22.0,-22.0,32.3,37.0,28.2,0.0,69.0,6.7,0,0,0,0.0,15478.0,15999.0,17594.0,15554.0,14664.0,15961.0,17117.428571428572,17257.285714285714,17130.333333333332,2342.2368836323667,2540.174543735873,-76.0,-12.904761904759653,20990600.0,21231300.0,20434150.0,21796442.85714286,21708941.666666668,1356.1571262437008,1283.1399784355601,22259.0,21739.0,21949.0,19131.0,22163.571428571428,20225.9,21182550.0,20830350.0,20650614.285714287,15155.0,20579650.0,
2023-06-07,346.0,0.9749279121818236,-0.22252093395631434,0.49999999999999994,-0.8660254037844387,0.42667408318992467,-0.9044054548343001,0.0,0,0,21.0,-21.0,31.4,36.6,29.0,0.0,74.0,6.3,0,0,0,0.0,15155.0,15478.0,15999.0,15361.0,15436.0,15691.0,17060.428571428572,17292.35714285714,17094.933333333334,2390.9731531424322,2560.659154543455,-206.0,-34.504761904761835,20579650.0,20730150.0,21100900.0,21703350.0,21699190.0,1357.944572748268,1282.1312336434676,22249.0,22259.0,21729.0,18761.0,22206.428571428572,20338.7,21431950.0,20815900.0,20736557.14285714,15146.0,20642500.0,
2023-06-08,347.0,0.43388373911755823,-0.900968867902419,0.49999999999999994,-0.8660254037844387,0.4110537546870351,-0.9116111071930239,0.0,0,0,20.0,-20.0,29.2,32.6,25.9,9.3,86.0,7.6,1,0,0,0.0,15146.0,15155.0,15478.0,17977.0,18206.0,17833.0,17029.714285714286,17271.64285714286,17069.5,2417.674207048753,2576.584089247932,-2831.0,-39.785714285713766,20642500.0,22602300.0,22707300.0,21690828.57142857,21677436.666666668,1362.9010959989437,1284.0412072839465,21833.0,22249.0,22807.0,21009.0,22221.285714285714,20442.833333333332,21063100.0,20821900.0,20771871.42857143,16705.0,21908550.0,
2023-06-09,348.0,-0.433883739117558,-0.9009688679024191,0.49999999999999994,-0.8660254037844387,0.3953117887649151,-0.9185469991587165,1.0,0,0,19.0,-19.0,28.6,31.8,25.8,6.4,86.0,9.0,1,0,0,0.0,16705.0,15146.0,15155.0,21859.0,22892.0,23820.0,16848.0,17164.428571428572,17094.3,2382.1502891296045,2569.1164340535856,-5154.0,-246.29999999999927,21908550.0,24616600.0,25773250.0,21591721.42857143,21699578.333333332,1311.4965579167913,1291.785019787782,23004.0,21833.0,23180.0,22322.0,22249.428571428572,20581.7,21327600.0,21304300.0,20844114.285714287,19542.0,23895100.0,
2023-06-10,349.0,-0.9749279121818236,-0.2225209339563146,0.49999999999999994,-0.8660254037844387,0.37945284372454435,-0.925211078289358,1.0,0,0,18.0,-18.0,28.2,32.4,26.1,3.9,84.0,7.7,1,0,0,0.0,19542.0,16705.0,15146.0,17594.0,18324.0,18027.0,16517.0,16925.14285714286,17222.666666666668,1603.5599978382302,2592.682425774435,1948.0,-705.6666666666679,23895100.0,21633550.0,22269450.0,21488650.0,21796811.666666668,1222.7561150342851,1305.585323804659,24275.0,23004.0,21482.0,20216.0,22405.85714285714,20769.7,22769050.0,19306750.0,21053364.285714287,16422.0,20196400.0,
2023-06-11,350.0,-0.7818314824680299,0.6234898018587334,0.49999999999999994,-0.8660254037844387,0.36348161248290634,-0.9316013725767187,0.0,0,0,17.0,-17.0,29.3,32.7,26.3,0.9,80.0,13.4,1,0,0,0.0,16422.0,19542.0,16705.0,15999.0,16612.0,14302.0,16349.57142857143,16789.285714285714,17175.633333333335,1531.9539654902298,2594.0266858932864,423.0,-826.0619047619057,20196400.0,20770600.0,21263900.0,21283342.85714286,21722210.0,1229.8380221653879,1305.6195900478415,21527.0,24275.0,21739.0,20693.0,22412.285714285714,20820.0,19386100.0,20292550.0,21064700.0,15400.0,20284800.0,
2023-06-12,351.0,0.0,1.0,0.49999999999999994,-0.8660254037844387,0.3474028211842774,-0.9377159910299093,0.0,0,0,16.0,-16.0,30.3,34.9,27.5,0.6,79.0,14.8,1,0,0,0.0,15400.0,16422.0,19542.0,15478.0,15646.0,14944.0,16264.0,16702.714285714286,16894.966666666667,1571.0307656653192,2287.7658953560135,-78.0,-630.9666666666672,20284800.0,20990600.0,20865450.0,21213942.85714286,21553118.333333332,1317.1948051948052,1308.3268993288832,22642.0,21527.0,22259.0,21884.0,22541.285714285714,20885.233333333334,21378300.0,21182550.0,21219807.14285714,14056.0,19203450.0,
2023-06-13,352.0,0.7818314824680298,0.6234898018587336,0.49999999999999994,-0.8660254037844387,0.3312212278016865,-0.9435531242349544,0.0,0,0,15.0,-15.0,30.5,34.8,27.1,2.1,79.0,14.7,1,0,0,0.0,14056.0,15400.0,16422.0,15155.0,15554.0,15561.0,16060.857142857143,16589.14285714286,16762.6,1769.0593007370085,2334.4120961138897,-1099.0,-701.7428571428554,19203450.0,20579650.0,21231300.0,20958635.714285713,21485736.666666668,1366.2101593625498,1309.7630469172902,21984.0,22642.0,22249.0,21949.0,22502.0,20998.5,21236050.0,21431950.0,21227450.0,15256.0,20561700.0,
2023-06-14,353.0,0.9749279121818236,-0.22252093395631434,0.49999999999999994,-0.8660254037844387,0.31494162072895193,-0.9491110448902284,0.0,0,0,14.0,-14.0,30.8,34.6,28.4,53.8,82.0,18.1,1,1,0,0.0,15256.0,14056.0,15400.0,15146.0,15361.0,15329.0,16075.285714285714,16567.85714285714,16794.4,1760.8324465326643,2306.0629922311346,110.0,-719.1142857142877,20561700.0,20642500.0,20730150.0,20956071.42857143,21541966.666666668,1347.7779234399582,1308.3106684446743,22359.0,21984.0,21833.0,21729.0,22517.714285714286,21121.733333333334,21647300.0,21063100.0,21258214.285714287,15003.0,20247950.0,
2023-06-15,354.0,0.43388373911755823,-0.900968867902419,0.49999999999999994,-0.8660254037844387,0.2985688173637202,-0.9543881083175908,0.0,0,0,13.0,-13.0,31.6,34.9,29.2,0.4,77.0,25.2,1,0,0,0.0,15003.0,15256.0,14056.0,16705.0,17977.0,16630.0,16054.857142857143,16542.285714285714,16796.366666666665,1774.1894326304187,2304.4551077593687,-1702.0,-741.5095238095219,20247950.0,21908550.0,22602300.0,20899707.14285714,21545325.0,1349.5934146504032,1306.4095711091686,22342.0,22359.0,23004.0,22807.0,22590.428571428572,21245.333333333332,21637350.0,21327600.0,21340250.0,16697.0,21818400.0,
2023-06-16,355.0,-0.433883739117558,-0.9009688679024191,0.49999999999999994,-0.8660254037844387,0.2821076626819194,-0.9593827529490743,1.0,0,0,12.0,-12.0,31.2,36.7,27.4,38.8,79.0,24.3,1,1,0,0.0,16697.0,15003.0,15256.0,19542.0,21859.0,22752.0,16053.714285714286,16450.85714285714,16834.233333333334,1773.7033493312445,2292.759317614003,-2845.0,-780.5190476190473,21818400.0,23895100.0,24616600.0,20886828.57142857,21562643.333333332,1306.7257591184045,1305.7280284236847,23718.0,22342.0,24275.0,23180.0,22692.428571428572,21401.366666666665,22436550.0,22769050.0,21498671.42857143,20689.0,24376800.0,
2023-06-17,356.0,-0.9749279121818236,-0.2225209339563146,0.49999999999999994,-0.8660254037844387,0.26556302780405594,-0.9640935007889755,1.0,0,0,11.0,-11.0,32.0,36.4,28.8,1.6,73.0,23.2,1,0,0,0.0,20689.0,16697.0,15003.0,16422.0,17594.0,17954.0,16217.57142857143,16367.285714285714,17012.9,2160.4757853417177,2378.6511586365154,4267.0,-795.3285714285721,24376800.0,20196400.0,21633550.0,20955642.85714286,21660251.666666668,1178.2493112281888,1299.3699135942425,24612.0,23718.0,21527.0,21482.0,22740.571428571428,21596.3,23225000.0,19386100.0,21563807.14285714,17114.0,21021650.0,
2023-06-18,357.0,-0.7818314824680299,0.6234898018587334,0.49999999999999994,-0.8660254037844387,0.24893980855376657,-0.9685189578512204,0.0,0,0,10.0,-10.0,29.6,32.2,28.4,23.3,82.0,17.8,1,1,0,0.0,17114.0,20689.0,16697.0,15400.0,15999.0,15767.0,16316.42857142857,16333.0,17029.033333333333,2187.057296699816,2377.605713713932,1714.0,-712.6047619047622,21021650.0,20284800.0,20770600.0,21073535.714285713,21644973.333333332,1228.330606520977,1299.1545685021836,21405.0,24612.0,22642.0,21739.0,22723.14285714286,21646.5,19793950.0,21378300.0,21622071.42857143,15513.0,20684600.0,
2023-06-19,358.0,0.0,1.0,0.49999999999999994,-0.8660254037844387,0.23224292400907015,-0.9726578145718654,0.0,0,0,9.0,-9.0,29.9,33.5,27.8,0.6,79.0,18.6,1,0,0,0.0,15513.0,17114.0,20689.0,14056.0,15478.0,15611.0,16332.57142857143,16298.285714285714,16787.733333333334,2179.5699007788758,2131.346489304671,1457.0,-455.1619047619042,20684600.0,19203450.0,20990600.0,21130650.0,21503583.333333332,1333.3720105717784,1301.4655978417516,22479.0,21405.0,21984.0,22259.0,22699.85714285714,21692.966666666667,21549250.0,21236050.0,21646492.85714286,15600.0,21442800.0,
2023-06-20,359.0,0.7818314824680298,0.6234898018587336,0.49999999999999994,-0.8660254037844387,0.21547731504673012,-0.976508846196619,0.0,0,0,8.0,-8.0,29.8,33.5,27.3,1.6,77.0,16.6,1,0,0,0.0,15600.0,15513.0,17114.0,15256.0,15155.0,14664.0,16553.14285714286,16307.0,16709.266666666666,1979.7504412233586,2130.260789172335,344.0,-156.12380952380772,21442800.0,20561700.0,20579650.0,21450557.14285714,21504928.333333332,1374.5384615384614,1302.655355295453,22788.0,22479.0,22359.0,22249.0,22814.714285714286,21822.633333333335,22178500.0,21647300.0,21781128.57142857,15544.0,22203400.0,
2023-06-21,360.0,0.9749279121818236,-0.22252093395631434,0.49999999999999994,-0.8660254037844387,0.19864794288017112,-0.9800709131432666,0.0,0,0,7.0,-7.0,29.2,33.7,27.5,11.6,84.0,15.7,1,0,0,0.0,15544.0,15600.0,15513.0,15003.0,15146.0,15436.0,16594.285714285714,16334.785714285714,16701.833333333332,1951.085656268199,2134.0478145329184,541.0,-107.54761904761835,22203400.0,20247950.0,20642500.0,21685085.714285713,21564335.0,1428.4225424601132,1314.1760151554752,23477.0,22788.0,22342.0,21833.0,22974.428571428572,21989.7,22893650.0,21637350.0,21959178.57142857,16725.0,23557450.0,
2023-06-22,361.0,0.43388373911755823,-0.900968867902419,0.49999999999999994,-0.8660254037844387,0.18175978759137534,-0.9833429613388902,0.0,0,0,6.0,-6.0,29.0,32.7,26.5,4.0,82.0,14.5,1,0,0,0.0,16725.0,15544.0,15600.0,16697.0,16705.0,18206.0,16840.285714285714,16447.571428571428,16738.966666666667,1821.2493618655012,2124.0810992266834,28.0,101.31904761904661,23557450.0,21818400.0,21908550.0,22157871.42857143,21653823.333333332,1408.5171898355754,1322.5936973247856,24526.0,23477.0,23718.0,23004.0,23286.428571428572,22146.033333333333,23989200.0,22436550.0,22295157.14285714,19575.0,27274100.0,
2023-06-23,362.0,-0.433883739117558,-0.9009688679024191,0.49999999999999994,-0.8660254037844387,0.16481784665719793,-0.9863240225317866,1.0,0,0,5.0,-5.0,28.6,31.4,26.5,11.9,82.0,16.9,1,0,0,0.0,19575.0,16725.0,15544.0,20689.0,19542.0,22892.0,17251.428571428572,16652.571428571428,16902.666666666668,2088.722006167372,2147.761968017975,-1114.0,348.7619047619046,27274100.0,24376800.0,23895100.0,22937257.14285714,21881821.666666668,1393.3128991060025,1334.9632887515854,26509.0,24526.0,24612.0,24275.0,23685.14285714286,22391.966666666667,25337750.0,23225000.0,22709614.285714287,25080.0,32555400.0,
2023-06-24,363.0,-0.9749279121818236,-0.2225209339563146,0.49999999999999994,-0.8660254037844387,0.14782713347053048,-0.9890132145779883,1.0,0,0,4.0,-4.0,29.0,32.1,26.6,1.8,79.0,19.2,1,0,0,0.0,25080.0,19575.0,16725.0,17114.0,16422.0,18324.0,17878.714285714286,17048.14285714286,17224.133333333335,3485.4884743407342,2595.692768246371,7966.0,654.5809523809512,32555400.0,21021650.0,20196400.0,24105628.57142857,22263638.333333332,1298.0622009569379,1352.0794158556923,30039.0,26509.0,21405.0,21527.0,24460.428571428572,22767.9,27668050.0,19793950.0,23344335.714285713,20997.0,27921400.0,
2023-06-25,364.0,-0.7818314824680299,0.6234898018587334,0.49999999999999994,-0.8660254037844387,0.13079267585675922,-0.9914097417023038,0.0,0,0,3.0,-3.0,28.8,31.4,26.5,1.9,80.0,22.6,1,0,0,0.0,20997.0,25080.0,19575.0,15513.0,15400.0,16612.0,18433.428571428572,17374.928571428572,17317.166666666668,3648.669659713585,2680.721802995891,5484.0,1116.2619047619046,27921400.0,20684600.0,20284800.0,25091307.14285714,22437441.666666668,1329.7804448254512,1366.5722498991888,28398.0,30039.0,22479.0,22642.0,25459.428571428572,23014.2,25974400.0,21549250.0,24227257.14285714,22148.0,29422950.0,
2023-06-26,365.0,0.0,1.0,0.49999999999999994,-0.8660254037844387,0.11371951458594969,-0.9935128947338007,0.0,0,0,2.0,-2.0,27.8,30.0,26.2,5.0,83.0,21.5,1,0,0,0.0,22148.0,20997.0,25080.0,15600.0,14056.0,15646.0,19381.285714285714,17856.928571428572,17292.366666666665,3625.3010778088496,2630.337233962194,6548.0,2088.919047619049,29422950.0,21442800.0,19203450.0,26339642.85714286,22559098.333333332,1328.469839263139,1365.8719397122402,29857.0,28398.0,22788.0,21984.0,26513.428571428572,23265.366666666665,26589300.0,22178500.0,24947264.285714287,31298.0,36082950.0,
2023-06-27,366.0,0.7818314824680298,0.6234898018587336,0.49999999999999994,-0.8660254037844387,0.0966127018812031,-0.9953220513156602,0.0,1,1,1.0,-1.0,26.2,27.5,25.2,68.8,91.0,18.3,1,1,0,0.0,31298.0,22148.0,20997.0,15544.0,15256.0,15554.0,21623.85714285714,19088.5,17724.833333333332,5344.201200945792,3667.773073145613,15754.0,3899.023809523809,36082950.0,22203400.0,20561700.0,28431092.85714286,23019548.333333332,1152.8835708351971,1334.2069553260594,42560.0,29857.0,23477.0,22359.0,29338.0,24010.166666666668,32551450.0,22893650.0,26429114.285714287,43137.0,46053300.0,Eid-ul-Azha Holiday
2023-06-28,367.0,0.9749279121818236,-0.22252093395631434,0.49999999999999994,-0.8660254037844387,0.07947729992362097,-0.9968366760893436,0.0,1,1,0.0,0.0,27.2,30.3,25.0,13.4,89.0,17.4,1,0,0,0.0,43137.0,31298.0,22148.0,16725.0,15003.0,15361.0,25565.714285714286,21080.0,18609.0,9022.618868050175,5905.028587626794,26412.0,6956.714285714286,46053300.0,23557450.0,20247950.0,31838221.42857143,23845861.666666668,1067.6055358508936,1282.6616686675995,55488.0,42560.0,24526.0,22342.0,33911.0,25170.0,35840200.0,23989200.0,28278621.42857143,32144.0,37718050.0,Eid-ul-Azha
2023-06-29,368.0,0.43388373911755823,-0.900968867902419,0.49999999999999994,-0.8660254037844387,0.062318379354325076,-0.998056320853012,0.0,1,1,1.0,1.0,27.0,29.4,25.0,41.2,90.0,13.5,1,1,0,0.0,32144.0,43137.0,31298.0,19575.0,16697.0,17977.0,27768.428571428572,22304.35714285714,19158.933333333334,8362.593992638524,6369.527595395578,12569.0,8609.495238095238,37718050.0,27274100.0,21818400.0,33861164.28571428,24407615.0,1173.4087232453958,1249.0747448690024,38418.0,55488.0,26509.0,23718.0,35895.57142857143,25721.133333333335,28522550.0,25337750.0,28926242.85714286,16428.0,17710250.0,Eid-ul-Azha Holiday
2023-06-30,369.0,-0.433883739117558,-0.9009688679024191,0.49999999999999994,-0.8660254037844387,0.04514101777397193,-0.9989806246941579,1.0,1,1,2.0,2.0,27.9,31.0,26.1,15.7,89.0,12.7,1,0,0,0.0,16428.0,32144.0,43137.0,25080.0,20689.0,21859.0,27318.85714285714,22285.14285714286,19188.066666666666,8941.067393933277,6354.451499340545,-8652.0,8130.790476190476,17710250.0,32555400.0,24376800.0,32494900.0,24290246.666666668,1078.0527148770393,1204.037575693436,14191.0,38418.0,30039.0,24612.0,34135.857142857145,25462.533333333333,10325750.0,27668050.0,26781671.42857143,24305.0,24834800.0,Eid-ul-Azha Holiday
2023-07-01,370.0,-0.9749279121818236,-0.2225209339563146,1.2246467991473532e-16,-1.0,0.02795029824021032,-0.999609314096404,1.0,0,0,3.0,3.0,28.3,31.2,26.6,9.3,89.0,11.6,1,0,0,0.0,24305.0,16428.0,32144.0,20997.0,17114.0,17594.0,27208.14285714286,22543.428571428572,19486.2,8978.132386128911,6378.473022326875,3308.0,7721.942857142858,24834800.0,27921400.0,21021650.0,31391957.14285714,24427068.333333332,1021.7979839539189,1164.5712589787192,17401.0,14191.0,28398.0,21405.0,32330.428571428572,25318.266666666666,11201250.0,25974400.0,24429271.42857143,27333.0,26765000.0,
2023-07-02,371.0,-0.7818314824680299,0.6234898018587334,1.2246467991473532e-16,-1.0,0.01075130776352193,-0.9999422030204416,0.0,0,0,4.0,4.0,29.0,32.7,27.0,6.0,87.0,11.0,1,0,0,0.0,27333.0,24305.0,16428.0,22148.0,15513.0,15999.0,28113.285714285714,23273.35714285714,19798.066666666666,8557.097204743452,6529.084494799397,5185.0,8315.219047619048,26765000.0,29422950.0,20684600.0,31226757.14285714,24565825.0,979.2192587714484,1114.4910895424332,19653.0,17401.0,29857.0,22479.0,31081.14285714286,25213.133333333335,12077500.0,26589300.0,22444000.0,28525.0,26908800.0,
2023-07-03,372.0,0.0,1.0,1.2246467991473532e-16,-1.0,-0.00645086419810515,-0.9999791929590823,0.0,0,0,5.0,5.0,29.3,32.4,27.2,5.8,87.0,10.4,1,0,0,0.0,28525.0,27333.0,24305.0,31298.0,15600.0,15478.0,29024.285714285714,24202.785714285714,20020.266666666666,8145.7443227386,6712.495090518122,-2773.0,9004.019047619047,26908800.0,36082950.0,21442800.0,30867592.85714286,24642231.666666668,943.3409290096407,1059.4726737919334,22866.0,19653.0,42560.0,22788.0,30082.428571428572,25202.666666666668,14570550.0,32551450.0,20727035.714285713,29609.0,29723450.0,
2023-07-04,373.0,0.7818314824680298,0.6234898018587336,1.2246467991473532e-16,-1.0,-0.023651127245231586,-0.9997202729664083,0.0,0,0,6.0,6.0,29.8,33.2,27.0,2.7,83.0,10.8,1,0,0,0.0,29609.0,28525.0,27333.0,43137.0,15544.0,15155.0,28783.0,25203.428571428572,20420.766666666666,8092.007229359078,6918.030289150894,-13528.0,8362.233333333334,29723450.0,46053300.0,22203400.0,29959092.85714286,24911895.0,1003.8653787699686,1038.184360639758,29290.0,22866.0,55488.0,23477.0,28186.714285714286,25462.933333333334,19721150.0,35840200.0,18894135.714285713,28787.0,30524200.0,
2023-07-05,374.0,0.9749279121818236,-0.22252093395631434,1.2246467991473532e-16,-1.0,-0.04084439154329611,-0.9991655196610109,0.0,0,0,7.0,7.0,28.8,31.5,26.9,9.1,84.0,15.8,1,0,0,0.0,28787.0,29609.0,28525.0,32144.0,16725.0,15146.0,26733.0,26149.35714285714,20847.033333333333,5122.31532935381,7029.263685790128,-3357.0,5885.966666666667,30524200.0,37718050.0,23557450.0,27740650.0,25237015.0,1060.346684267204,1037.147381842088,33001.0,29290.0,38418.0,24526.0,24974.285714285714,25838.333333333332,24350550.0,28522550.0,17252757.14285714,25358.0,29580550.0,
2023-07-06,375.0,0.43388373911755823,-0.900968867902419,1.2246467991473532e-16,-1.0,-0.05802556932878035,-0.9983150972033183,0.0,0,0,8.0,8.0,28.4,31.4,26.2,2.1,84.0,19.9,1,0,0,0.0,25358.0,28787.0,29609.0,16428.0,19575.0,16705.0,25763.571428571428,26766.0,21176.366666666665,4536.185029189987,7000.429491668071,8930.0,4587.204761904763,29580550.0,17710250.0,27274100.0,26578150.0,25523346.666666668,1166.5174698320056,1036.1629170687465,32254.0,33001.0,14191.0,26509.0,24093.714285714286,26171.5,26552050.0,10325750.0,16971257.14285714,23221.0,27828450.0,
2023-07-07,376.0,-0.433883739117558,-0.9009688679024191,1.2246467991473532e-16,-1.0,-0.07518957641475855,-0.9971692572470178,1.0,0,0,9.0,9.0,28.0,31.6,25.6,11.5,86.0,17.0,1,0,0,0.0,23221.0,25358.0,28787.0,24305.0,25080.0,19542.0,26734.0,27026.428571428572,21445.233333333334,2455.656802839725,6915.573054188357,-1084.0,5288.766666666666,27828450.0,24834800.0,32555400.0,28023607.14285714,25764973.333333332,1198.4173808190862,1053.3578693461818,33074.0,32254.0,17401.0,30039.0,26791.285714285714,26532.333333333332,27781700.0,11201250.0,19464964.285714287,29695.0,33974100.0,
2023-07-08,377.0,-0.9749279121818236,-0.2225209339563146,1.2246467991473532e-16,-1.0,-0.09233133369539122,-0.9957283388645872,1.0,0,0,10.0,10.0,28.6,31.1,26.6,4.1,85.0,16.1,1,0,0,0.0,29695.0,23221.0,25358.0,27333.0,20997.0,16422.0,27504.0,27356.071428571428,21930.2,2411.7311209999425,6968.5299958777705,2362.0,5573.799999999999,33974100.0,26765000.0,27921400.0,29329221.42857143,26209360.0,1144.1017006230004,1070.8298288703363,37681.0,33074.0,19653.0,28398.0,29688.428571428572,27060.6,30433450.0,12077500.0,22212421.42857143,24204.0,28629850.0,
2023-07-09,378.0,-0.7818314824680299,0.6234898018587334,1.2246467991473532e-16,-1.0,-0.10944576864891556,-0.993992768446958,0.0,0,0,11.0,11.0,28.7,31.7,25.7,5.0,85.0,10.0,1,0,0,0.0,24204.0,29695.0,23221.0,28525.0,22148.0,15400.0,27057.0,27585.14285714286,22180.166666666668,2719.0923117834136,6908.876973881489,-4321.0,4876.833333333332,28629850.0,26908800.0,29422950.0,29595628.57142857,26433403.333333332,1182.8561394810774,1099.9208118288548,30020.0,37681.0,22866.0,29857.0,31169.428571428572,27294.466666666667,24902050.0,14570550.0,24044500.0,18576.0,23558350.0,
2023-07-10,379.0,0.0,1.0,1.2246467991473532e-16,-1.0,-0.12652781683868314,-0.9919630595773397,0.0,0,0,12.0,12.0,28.8,31.9,27.2,10.3,87.0,12.2,1,0,0,0.0,18576.0,24204.0,29695.0,29609.0,31298.0,14056.0,25635.714285714286,27330.0,22147.966666666667,4082.334777807302,6923.831505964631,-11033.0,3487.747619047619,23558350.0,29723450.0,36082950.0,29116992.85714286,26422178.333333332,1268.2143626184325,1146.3313023443964,24361.0,30020.0,29290.0,42560.0,31383.0,27297.333333333332,21597100.0,19721150.0,25048292.85714286,17852.0,23856500.0,
2023-07-11,380.0,0.7818314824680298,0.6234898018587336,1.2246467991473532e-16,-1.0,-0.1435724234118113,-0.9896398128792412,0.0,0,0,13.0,13.0,28.9,31.8,26.6,1.6,83.0,15.6,1,0,0,0.0,17852.0,18576.0,24204.0,28787.0,43137.0,15256.0,23956.14285714286,26369.571428571428,22195.633333333335,4565.180369878463,6887.881189067694,-10935.0,1760.5095238095237,23856500.0,30524200.0,46053300.0,28278857.14285714,26544181.666666668,1336.3488684741205,1193.8289437307037,23718.0,24361.0,33001.0,55488.0,30587.0,27370.366666666665,22091700.0,24350550.0,25386942.85714286,16621.0,22397450.0,
2023-07-12,381.0,0.9749279121818236,-0.22252093395631434,1.2246467991473532e-16,-1.0,-0.16057454459499376,-0.9870237158387383,0.0,0,0,14.0,14.0,28.6,31.7,26.4,3.0,83.0,14.3,1,0,0,0.0,16621.0,17852.0,18576.0,25358.0,32144.0,15003.0,22218.14285714286,24475.571428571428,22236.333333333332,4732.297941753432,6849.843996881181,-8737.0,-18.19047619047342,22397450.0,29580550.0,37718050.0,27117892.85714286,26614603.333333332,1347.5392575657302,1234.8564542019217,22944.0,23718.0,32254.0,38418.0,29150.285714285714,27380.433333333334,21525250.0,26552050.0,24983328.57142857,15268.0,20595750.0,
2023-07-13,382.0,0.43388373911755823,-0.900968867902419,1.2246467991473532e-16,-1.0,-0.17752914918703497,-0.984115542601034,0.0,0,0,15.0,15.0,28.2,30.8,26.5,3.7,86.0,14.5,1,0,0,0.0,15268.0,16621.0,17852.0,23221.0,16428.0,16697.0,20776.714285714286,23270.14285714286,22276.733333333334,5135.978183828465,6803.349509405377,-7953.0,-1500.0190476190473,20595750.0,27828450.0,17710250.0,25834350.0,26661013.333333332,1348.9487817657846,1260.9180701924618,22461.0,22944.0,33074.0,14191.0,27751.285714285714,27396.333333333332,21271500.0,27781700.0,24228964.285714287,18077.0,22689950.0,
2023-07-14,383.0,-0.433883739117558,-0.9009688679024191,1.2246467991473532e-16,-1.0,-0.19443122004766195,-0.9809161537413774,1.0,0,0,16.0,16.0,28.0,31.2,26.1,10.9,87.0,12.1,1,0,0,0.0,18077.0,15268.0,16621.0,29695.0,24305.0,20689.0,20041.85714285714,23387.928571428572,22370.766666666666,5095.806296311102,6721.9741747307435,-11618.0,-2328.909523809525,22689950.0,33974100.0,24834800.0,25100278.57142857,26731955.0,1255.1833821983737,1269.0274989609313,23524.0,22461.0,37681.0,17401.0,26387.0,27435.166666666668,21537150.0,30433450.0,23336885.714285713,22517.0,26050200.0,
2023-07-15,384.0,-0.9749279121818236,-0.2225209339563146,1.2246467991473532e-16,-1.0,-0.2112757555821793,-0.9774264960104055,1.0,0,0,17.0,17.0,27.9,31.2,25.4,1.3,84.0,19.9,1,0,0,0.0,22517.0,18077.0,15268.0,24204.0,27333.0,17114.0,19016.428571428572,23260.214285714286,22621.233333333334,3198.5957782097234,6576.3907913254225,-1687.0,-3604.804761904761,26050200.0,28629850.0,26765000.0,23968292.85714286,26925363.333333332,1156.9125549584758,1270.8576210088563,24389.0,23524.0,30020.0,19653.0,24488.14285714286,27503.4,22111850.0,24902050.0,22148085.714285713,18534.0,22353850.0,
2023-07-16,385.0,-0.7818314824680299,0.6234898018587334,1.2246467991473532e-16,-1.0,-0.2280577712215198,-0.9736476020539838,0.0,0,0,18.0,18.0,28.3,31.6,25.7,2.2,83.0,19.6,1,0,0,0.0,18534.0,22517.0,18077.0,18576.0,28525.0,15513.0,18206.428571428572,22631.714285714286,22682.466666666667,2240.358219656201,6527.69962509016,-42.0,-4476.038095238095,22353850.0,23558350.0,26908800.0,23071721.42857143,26943211.666666668,1206.0996007337865,1274.178115473529,21968.0,24389.0,24361.0,22866.0,23337.85714285714,27445.066666666666,19645700.0,21597100.0,21397178.57142857,16263.0,21234400.0,
2023-07-17,386.0,0.0,1.0,1.2246467991473532e-16,-1.0,-0.24477230089725957,-0.9695805901076308,0.0,0,0,19.0,19.0,28.4,31.2,26.4,5.0,84.0,14.9,1,0,0,0.0,16263.0,18534.0,22517.0,17852.0,29609.0,15600.0,17876.0,21755.85714285714,22534.933333333334,2344.898007732284,6623.619361321882,-1589.0,-4658.933333333334,21234400.0,23856500.0,29723450.0,22739728.57142857,26838465.0,1305.6877574863186,1279.5314575975128,22098.0,21968.0,23718.0,29290.0,23014.571428571428,27361.266666666666,20666800.0,22091700.0,21264278.57142857,16073.0,21654950.0,
2023-07-18,387.0,0.7818314824680298,0.6234898018587336,1.2246467991473532e-16,-1.0,-0.2614143985111562,-0.965226663665613,0.0,0,0,20.0,20.0,29.3,32.3,26.6,3.1,82.0,15.1,1,0,0,0.0,16073.0,16263.0,18534.0,16621.0,28787.0,15544.0,17621.85714285714,20789.0,22500.233333333334,2442.3142323468514,6655.6473592930315,-548.0,-4878.376190476192,21654950.0,22397450.0,30524200.0,22425221.42857143,26859575.0,1347.287376345424,1281.0941015791275,21819.0,22098.0,22944.0,33001.0,22743.285714285714,27375.066666666666,20825400.0,21525250.0,21083378.57142857,15708.0,21153100.0,
2023-07-19,388.0,0.9749279121818236,-0.22252093395631434,1.2246467991473532e-16,-1.0,-0.2779791393987801,-0.9605871111248129,0.0,0,0,21.0,21.0,29.5,32.6,26.9,0.7,81.0,17.9,1,0,0,0.0,15708.0,16073.0,16263.0,15268.0,25358.0,16725.0,17491.428571428572,19854.785714285714,22506.733333333334,2527.562914294019,6648.679796011009,440.0,-5015.304761904761,21153100.0,20595750.0,29580550.0,22247457.14285714,26875191.666666668,1346.6450216450216,1280.966353590455,21397.0,21819.0,22461.0,32254.0,22522.285714285714,27339.0,20482650.0,21271500.0,20934435.714285713,15471.0,21051450.0,
2023-07-20,389.0,0.43388373911755823,-0.900968867902419,1.2246467991473532e-16,-1.0,-0.2944616217868012,-0.9556633054034704,0.0,0,0,22.0,22.0,29.7,33.3,27.0,0.4,80.0,18.3,1,0,0,0.0,15471.0,15708.0,16073.0,18077.0,23221.0,19575.0,17520.428571428572,19148.571428571428,22502.433333333334,2498.801569895951,6653.34080295229,-2606.0,-4982.004761904762,21051450.0,22689950.0,27828450.0,22312557.14285714,26862146.666666668,1360.7038976148924,1282.645655854613,21190.0,21397.0,23524.0,33074.0,22340.714285714286,27285.733333333334,20444600.0,21537150.0,20816307.14285714,18525.0,23133450.0,
2023-07-21,390.0,-0.433883739117558,-0.9009688679024191,1.2246467991473532e-16,-1.0,-0.3108569682435036,-0.9504567035349151,1.0,0,0,23.0,23.0,29.4,32.2,27.1,1.9,81.0,19.9,1,0,0,0.0,18525.0,15471.0,15708.0,22517.0,29695.0,25080.0,17584.428571428572,18813.14285714286,22601.8,2521.0703981406655,6567.541241486088,-3992.0,-5017.371428571427,23133450.0,26050200.0,33974100.0,22375914.285714287,26893148.333333332,1248.7692307692307,1281.729348507593,21711.0,21190.0,24389.0,37681.0,22081.714285714286,27226.866666666665,19976100.0,22111850.0,20593300.0,22691.0,25812200.0,
2023-07-22,391.0,-0.9749279121818236,-0.2225209339563146,1.2246467991473532e-16,-1.0,-0.3271603271220951,-0.9449688462364056,1.0,0,0,24.0,24.0,29.8,33.1,27.0,0.7,78.0,17.1,1,0,0,0.0,22691.0,18525.0,15471.0,18534.0,24204.0,20997.0,17609.285714285714,18312.85714285714,22800.666666666668,2578.0244836105453,6473.101054700734,4157.0,-5191.380952380954,25812200.0,22353850.0,28629850.0,22341914.285714287,26968306.666666668,1137.5523335243047,1278.9636025884254,22635.0,21711.0,21968.0,30020.0,21831.14285714286,27163.833333333332,20714300.0,19645700.0,20393650.0,17991.0,21519900.0,
2023-07-23,392.0,-0.7818314824680299,0.6234898018587334,1.2246467991473532e-16,-1.0,-0.34336687399638804,-0.939201357453208,0.0,0,0,25.0,25.0,30.3,34.2,27.5,0.5,77.0,13.8,1,0,0,0.0,17991.0,22691.0,18525.0,16263.0,18576.0,22148.0,17531.714285714286,17869.071428571428,22747.866666666665,2553.616697567476,6506.692611475497,1728.0,-5216.152380952379,21519900.0,21234400.0,23558350.0,22222778.57142857,26776500.0,1196.1480740370184,1277.5419559174586,19843.0,22635.0,22098.0,24361.0,21527.571428571428,26941.633333333335,17800600.0,20666800.0,20130064.285714287,16074.0,20804050.0,
2023-07-24,393.0,0.0,1.0,1.2246467991473532e-16,-1.0,-0.3594718130884232,-0.9331559438780432,0.0,0,0,26.0,26.0,30.2,34.2,26.7,0.2,76.0,10.7,1,0,0,0.0,16074.0,17991.0,22691.0,16073.0,17852.0,31298.0,17504.714285714286,17690.35714285714,22447.666666666668,2570.212099826671,6602.435451033007,1.0,-4942.952380952382,20804050.0,21654950.0,23856500.0,22161300.0,26384788.333333332,1294.2671394799054,1275.9104390593996,19961.0,19843.0,21819.0,23718.0,21222.285714285714,26605.7,18636050.0,20825400.0,19839957.14285714,15608.0,20618150.0,
2023-07-25,394.0,0.7818314824680298,0.6234898018587336,1.2246467991473532e-16,-1.0,-0.3754703786876202,-0.9268343944460494,0.0,0,0,27.0,27.0,30.3,34.4,27.5,0.6,76.0,13.7,1,0,0,0.0,15608.0,16074.0,17991.0,15708.0,16621.0,43137.0,17438.285714285714,17530.071428571428,22268.033333333333,2618.93017052678,6715.6046405744955,-100.0,-4829.747619047619,20618150.0,21153100.0,22397450.0,22013185.714285713,26141346.666666668,1320.9988467452588,1272.1549348308047,20075.0,19961.0,21397.0,22944.0,20973.14285714286,26328.266666666666,19004300.0,20482650.0,19579800.0,15662.0,20917250.0,
2023-07-26,395.0,0.9749279121818236,-0.22252093395631434,1.2246467991473532e-16,-1.0,-0.3913578365610259,-0.9202385798054075,0.0,0,0,28.0,28.0,29.3,33.1,27.2,8.2,79.0,18.9,1,0,0,0.0,15662.0,15608.0,16074.0,15471.0,15268.0,32144.0,17431.714285714286,17461.571428571428,22051.833333333332,2624.0481267363907,6823.145245429695,191.0,-4620.119047619046,20917250.0,21051450.0,20595750.0,21979492.85714286,25857823.333333332,1335.5414378751118,1270.5687085779605,20201.0,20075.0,21190.0,22461.0,20802.285714285714,26006.4,19208250.0,20444600.0,19397742.85714286,16207.0,21702300.0,
2023-07-27,396.0,0.43388373911755823,-0.900968867902419,1.2246467991473532e-16,-1.0,-0.4071294853542516,-0.9133704517637858,0.0,0,0,29.0,29.0,29.5,32.9,26.9,0.9,79.0,18.2,1,0,0,0.0,16207.0,15662.0,15608.0,18525.0,18077.0,16428.0,17536.85714285714,17528.64285714286,21548.8,2545.974301295543,6672.597650607785,-2318.0,-4011.942857142858,21702300.0,23133450.0,22689950.0,22072471.42857143,25378468.333333332,1339.0695378540138,1267.4780857549777,20447.0,20201.0,21711.0,23524.0,20696.14285714286,25269.3,19441800.0,19976100.0,19254485.714285713,17199.0,21567450.0,
2023-07-28,397.0,-0.433883739117558,-0.9009688679024191,1.2246467991473532e-16,-1.0,-0.4227806579826773,-0.9062320427107697,1.0,0,0,30.0,30.0,29.6,33.7,25.9,4.1,78.0,16.0,1,0,0,0.0,17199.0,16207.0,15662.0,22691.0,22517.0,24305.0,17347.428571428572,17465.928571428572,20684.2,2509.264490984256,5322.779960729623,-5492.0,-3336.7714285714283,21567450.0,25812200.0,26050200.0,21848757.14285714,24562273.333333332,1253.9944182801325,1268.2245411136778,21003.0,20447.0,22635.0,24389.0,20595.0,24119.8,19199900.0,20714300.0,19143600.0,19286.0,23221600.0,
2023-07-29,398.0,-0.9749279121818236,-0.2225209339563146,1.2246467991473532e-16,-1.0,-0.4383067230125192,-0.898825465016444,1.0,1,0,31.0,31.0,29.7,33.3,27.1,4.2,79.0,16.4,1,0,0,0.0,19286.0,17199.0,16207.0,17991.0,18534.0,27333.0,16861.0,17235.14285714286,20255.6,1373.951964225902,4866.297244205861,1295.0,-3394.5999999999985,23221600.0,21519900.0,22353850.0,21478671.42857143,24079058.333333332,1204.0651249611117,1277.7263684617933,21170.0,21003.0,19843.0,21968.0,20385.714285714286,23544.866666666665,19260950.0,17800600.0,18935978.57142857,17973.0,21183850.0,Ashura
2023-07-30,399.0,-0.7818314824680299,0.6234898018587334,1.2246467991473532e-16,-1.0,-0.45370308603134424,-0.8911529104063088,0.0,0,0,32.0,32.0,30.9,34.8,27.3,0.6,76.0,10.1,1,0,0,0.0,17973.0,19286.0,17199.0,16074.0,16263.0,28525.0,16858.428571428572,17195.071428571428,20307.1,1371.499283891355,4832.450619474058,1899.0,-3448.671428571426,21183850.0,20804050.0,21234400.0,21430664.285714287,24194845.0,1178.6485283480777,1275.2264333633732,18987.0,21170.0,19961.0,22098.0,20263.428571428572,23704.733333333334,16793400.0,18636050.0,18792092.85714286,15916.0,19606750.0,
2023-07-31,400.0,0.0,1.0,1.2246467991473532e-16,-1.0,-0.46896519100763184,-0.8832166493127127,0.0,0,0,33.0,33.0,30.4,34.0,27.8,12.3,82.0,8.1,1,0,0,0.0,15916.0,17973.0,19286.0,15608.0,16073.0,29609.0,16835.85714285714,17170.285714285714,20027.466666666667,1387.7643205977104,4835.848538266838,308.0,-3191.609523809526,19606750.0,20618150.0,21654950.0,21259621.42857143,24020576.666666668,1231.8892937924102,1266.3153125508738,18374.0,18987.0,20075.0,21819.0,20036.714285714286,23737.166666666668,16638700.0,19004300.0,18506757.14285714,14856.0,20178300.0,
2023-08-01,401.0,0.7818314824680298,0.6234898018587336,-0.4999999999999997,-0.8660254037844388,-0.48408852163897587,-0.8750190302029955,0.0,0,0,34.0,34.0,29.2,33.4,26.4,20.7,85.0,18.4,1,1,0,0.0,14856.0,15916.0,17973.0,15662.0,15708.0,28787.0,16728.428571428572,17083.35714285714,19611.566666666666,1521.33459580106,4721.051779973978,-806.0,-2883.1380952380932,20178300.0,20917250.0,21153100.0,21196785.714285713,23801020.0,1358.2592891760905,1271.6382328981356,19227.0,18374.0,20201.0,21397.0,19915.571428571428,23722.966666666667,18151350.0,19208250.0,18384907.14285714,15205.0,20343300.0,
2023-08-02,402.0,0.9749279121818236,-0.22252093395631434,-0.4999999999999997,-0.8660254037844388,-0.4990686026885319,-0.8665624788845385,0.0,0,0,35.0,35.0,28.3,31.1,26.6,22.9,86.0,24.7,1,1,0,0.0,15205.0,14856.0,15916.0,16207.0,15471.0,25358.0,16663.14285714286,17047.428571428572,19167.566666666666,1583.2710263430483,4473.739558058048,-1002.0,-2504.423809523807,20343300.0,21702300.0,21051450.0,21114792.85714286,23582170.0,1337.9348898388687,1271.9801546072435,19480.0,19227.0,20447.0,21190.0,19812.571428571428,23610.1,18169350.0,19441800.0,18236492.85714286,14758.0,20202550.0,
2023-08-03,403.0,0.43388373911755823,-0.900968867902419,-0.4999999999999997,-0.8660254037844388,-0.5139010013093103,-0.8578494977869301,0.0,0,0,36.0,36.0,27.8,30.7,26.3,23.0,88.0,15.6,1,1,0,0.0,14758.0,15205.0,14856.0,17199.0,18525.0,23221.0,16456.14285714286,16996.5,18672.533333333333,1739.829630411375,4083.1235147594684,-2441.0,-2216.390476190474,20202550.0,21567450.0,23133450.0,20900542.85714286,23264806.666666668,1368.9219406423636,1276.2447835770079,18910.0,19480.0,21003.0,21711.0,19593.0,23264.1,17805650.0,19199900.0,18002757.14285714,16649.0,21058300.0,
2023-08-04,404.0,-0.433883739117558,-0.9009688679024191,-0.4999999999999997,-0.8660254037844388,-0.5285813283559292,-0.8488826652214553,1.0,0,0,37.0,37.0,28.2,31.4,26.1,15.7,88.0,13.1,1,0,0,0.0,16649.0,14758.0,15205.0,19286.0,22691.0,29695.0,16377.57142857143,16862.5,18267.933333333334,1712.9013259324652,3621.612556948051,-2637.0,-1890.361904761905,21058300.0,23221600.0,25812200.0,20827807.14285714,22949276.666666668,1264.838729052796,1277.7939708302456,20113.0,18910.0,21170.0,22635.0,19465.85714285714,22834.5,18180100.0,19260950.0,17857071.42857143,19723.0,23830000.0,
2023-08-05,405.0,-0.9749279121818236,-0.2225209339563146,-0.4999999999999997,-0.8660254037844388,-0.5431052396834317,-0.8396646346181327,1.0,0,0,38.0,38.0,28.8,32.3,27.0,11.0,84.0,13.9,1,0,0,0.0,19723.0,16649.0,14758.0,17973.0,17991.0,24204.0,16440.0,16650.5,18080.1,1839.8297022641998,3379.2265014757436,1750.0,-1640.0999999999985,23830000.0,21183850.0,21519900.0,20914721.42857143,22757591.666666668,1208.2340414744208,1278.3895303321467,21142.0,20113.0,18987.0,19843.0,19461.85714285714,22464.1,19477450.0,16793400.0,17888000.0,17159.0,20547950.0,
2023-08-06,406.0,-0.7818314824680299,0.6234898018587334,-0.4999999999999997,-0.8660254037844388,-0.5574684374327892,-0.8301981337405212,0.0,0,0,39.0,39.0,27.5,29.3,26.3,27.5,90.0,16.5,1,1,0,0.0,17159.0,19723.0,16649.0,15916.0,16074.0,18576.0,16323.714285714286,16591.071428571428,17878.033333333333,1750.3359405446008,3239.575456256846,1243.0,-1554.3190476190466,20547950.0,19606750.0,20804050.0,20823878.57142857,22514908.333333332,1197.5027682265866,1281.0829931719338,18384.0,21142.0,18374.0,19961.0,19375.714285714286,21974.433333333334,16167100.0,16638700.0,17798528.57142857,14496.0,19301750.0,
2023-08-07,407.0,0.0,1.0,-0.4999999999999997,-0.8660254037844388,-0.5716666713027052,-0.8204859638785327,0.0,0,0,40.0,40.0,26.7,28.3,25.9,91.1,93.0,12.8,1,1,0,0.0,14496.0,17159.0,19723.0,14856.0,15608.0,17852.0,16120.857142857143,16478.35714285714,17371.4,1882.7420985159033,2410.091951314984,-360.0,-1250.5428571428583,19301750.0,20178300.0,20618150.0,20780307.14285714,22025830.0,1331.5224889624724,1295.3163067676567,18607.0,18384.0,19227.0,20075.0,19409.0,21338.633333333335,17217600.0,18151350.0,17881228.57142857,12934.0,18115100.0,
2023-08-08,408.0,0.7818314824680298,0.6234898018587336,-0.4999999999999997,-0.8660254037844388,-0.5856957398073508,-0.8105309990194823,0.0,0,0,41.0,41.0,27.3,29.6,26.2,20.5,91.0,12.1,1,1,0,0.0,12934.0,14496.0,17159.0,15205.0,15662.0,16621.0,15846.285714285714,16287.357142857143,16995.733333333334,2209.7049361311065,2175.2533413032043,-2271.0,-1149.4476190476198,18115100.0,20343300.0,20917250.0,20485564.285714287,21675338.333333332,1400.5798670171641,1301.3621036020959,16889.0,18607.0,19480.0,20201.0,19075.0,20900.933333333334,16297050.0,18169350.0,17616328.57142857,13077.0,18349750.0,
2023-08-09,409.0,0.9749279121818236,-0.22252093395631434,-0.4999999999999997,-0.8660254037844388,-0.5995514915196489,-0.8003361849976323,0.0,0,0,42.0,42.0,28.0,32.3,24.8,3.0,86.0,10.5,1,0,0,0.0,13077.0,12934.0,14496.0,14758.0,16207.0,15268.0,15542.285714285714,16102.714285714286,16812.433333333334,2446.342829223968,2267.243103089286,-1681.0,-1270.1476190476205,18349750.0,20202550.0,21702300.0,20200771.42857143,21501718.333333332,1403.2079223063395,1310.6868225260203,16113.0,16889.0,18910.0,20447.0,18594.0,20626.0,15668900.0,17805650.0,17259121.42857143,14104.0,19237000.0,
2023-08-10,410.0,0.43388373911755823,-0.900968867902419,-0.4999999999999997,-0.8660254037844388,-0.6132298262997502,-0.7899045386224707,0.0,0,0,43.0,43.0,28.7,31.8,25.9,1.4,85.0,9.2,1,0,0,0.0,14104.0,13077.0,12934.0,16649.0,17199.0,18077.0,15448.857142857143,15952.5,16687.5,2493.3250509157656,2310.8291503417463,-2545.0,-1238.6428571428569,19237000.0,21058300.0,21567450.0,20062835.714285713,21347735.0,1363.9393079977312,1309.9750178625015,17029.0,16113.0,20113.0,21003.0,18325.285714285714,20403.033333333333,16158300.0,18180100.0,17023785.714285713,16525.0,21671900.0,
2023-08-11,411.0,-0.433883739117558,-0.9009688679024191,-0.4999999999999997,-0.8660254037844388,-0.6267266965083301,-0.7792391467859886,1.0,0,0,44.0,44.0,28.4,32.1,26.2,7.0,87.0,9.5,1,0,0,0.0,16525.0,14104.0,13077.0,19723.0,19286.0,22517.0,15431.142857142857,15904.357142857143,16684.3,2483.7996046764265,2310.9908779420193,-3198.0,-1253.1571428571424,21671900.0,23830000.0,23221600.0,20150492.85714286,21323550.0,1311.4614220877459,1316.63540258178,19275.0,17029.0,21142.0,21170.0,18205.571428571428,20280.733333333334,17512700.0,19477450.0,16928442.85714286,19652.0,23676500.0,
2023-08-12,412.0,-0.9749279121818236,-0.2225209339563146,-0.4999999999999997,-0.8660254037844388,-0.6400381082043503,-0.7683431655492202,1.0,0,0,45.0,45.0,28.1,31.6,25.3,34.5,90.0,10.2,1,1,0,0.0,19652.0,16525.0,14104.0,17159.0,17973.0,18534.0,15421.0,15930.5,16830.433333333334,2463.4136207033853,2356.505122412045,2493.0,-1409.4333333333343,23676500.0,20547950.0,21183850.0,20128564.285714287,21426241.666666668,1204.7883167107673,1316.1431561869724,21026.0,19275.0,18384.0,18987.0,18189.0,20232.9,19250600.0,16167100.0,16896035.714285713,16447.0,20264600.0,
2023-08-13,413.0,-0.7818314824680299,0.6234898018587334,-0.4999999999999997,-0.8660254037844388,-0.65316012232693,-0.7572198192083127,0.0,0,0,46.0,46.0,27.7,31.0,26.0,17.9,90.0,6.8,1,0,0,0.0,16447.0,19652.0,16525.0,14496.0,15916.0,16263.0,15319.285714285714,15821.5,16776.1,2393.3954760469915,2345.53798475557,1951.0,-1456.8142857142848,20264600.0,19301750.0,19606750.0,20088085.714285713,21345396.666666668,1232.1152793822582,1321.0878006377827,17762.0,21026.0,18607.0,18374.0,18100.14285714286,20040.833333333332,16017300.0,17217600.0,16874635.714285713,14225.0,19630150.0,
2023-08-14,414.0,0.0,1.0,-0.4999999999999997,-0.8660254037844388,-0.666088855860977,-0.7458723993404063,0.0,0,0,47.0,47.0,28.0,30.8,25.6,5.6,88.0,7.0,1,0,0,0.0,14225.0,16447.0,19652.0,12934.0,14856.0,16073.0,15280.57142857143,15700.714285714286,16499.7,2411.0586096252246,2123.7830129763943,1291.0,-1219.1285714285714,19630150.0,18115100.0,20178300.0,20135000.0,21131395.0,1379.97539543058,1328.0096444189408,17533.0,17762.0,16889.0,19227.0,17946.714285714286,19812.3,16754550.0,16297050.0,16808485.714285713,14854.0,20158450.0,
2023-08-15,415.0,0.7818314824680298,0.6234898018587336,-0.4999999999999997,-0.8660254037844388,-0.6788204829862355,-0.734304263829602,0.0,1,0,48.0,48.0,29.1,32.5,26.0,8.4,85.0,6.5,1,0,0,0.0,14854.0,14225.0,16447.0,13077.0,15205.0,15708.0,15554.857142857143,15700.57142857143,16377.033333333333,2199.5514261300564,2108.453534986152,1777.0,-822.1761904761897,20158450.0,18349750.0,20343300.0,20426907.14285714,21058215.0,1357.1058300794398,1321.7990677135515,18350.0,17533.0,16113.0,19480.0,18155.428571428572,19691.7,17443050.0,15668900.0,16972200.0,18887.0,22766200.0,National Mourning Day
2023-08-16,416.0,0.9749279121818236,-0.22252093395631434,-0.4999999999999997,-0.8660254037844388,-0.6913512362094071,-0.722518835873311,0.0,0,0,49.0,49.0,29.0,32.6,27.1,16.1,88.0,7.9,1,0,0,0.0,18887.0,14854.0,14225.0,14104.0,14758.0,15471.0,16384.85714285714,15963.57142857143,16464.5,2204.890732634474,2157.4180729240934,4783.0,-79.6428571428587,22766200.0,19237000.0,20202550.0,21057828.57142857,21109275.0,1205.3899507597819,1293.539357492615,19903.0,18350.0,17029.0,18910.0,18696.85714285714,19618.533333333333,18550650.0,16158300.0,17383878.57142857,13962.0,18094750.0,
2023-08-17,417.0,0.43388373911755823,-0.900968867902419,-0.4999999999999997,-0.8660254037844388,-0.7036774074790128,-0.7105196029692745,0.0,0,0,50.0,50.0,29.3,33.0,26.6,2.2,85.0,8.8,1,0,0,0.0,13962.0,18887.0,14854.0,16525.0,16649.0,18525.0,16364.57142857143,15906.714285714286,16394.133333333335,2229.884365996257,2204.5393565806085,-2563.0,-29.56190476190568,18094750.0,21671900.0,21058300.0,20894650.0,20990601.666666668,1295.9998567540467,1283.83372160066,17061.0,19903.0,19275.0,20113.0,18701.428571428572,19459.933333333334,15971650.0,17512700.0,17357214.285714287,16294.0,21149550.0,
2023-08-18,418.0,-0.433883739117558,-0.9009688679024191,-0.4999999999999997,-0.8660254037844388,-0.7157953492826642,-0.6983101158835584,1.0,0,0,51.0,51.0,29.0,31.9,26.7,0.6,81.0,19.1,1,0,0,0.0,16294.0,13962.0,18887.0,19652.0,19723.0,22691.0,16331.57142857143,15881.357142857143,16413.666666666668,2228.8235205404962,2200.8432605416187,-3358.0,-82.09523809523853,21149550.0,23676500.0,23830000.0,20820028.57142857,20990483.333333332,1297.9961949183748,1281.910117719321,19188.0,17061.0,21026.0,21142.0,18689.0,19386.3,17637400.0,19250600.0,17375028.57142857,21703.0,25548800.0,
2023-08-19,419.0,-0.9749279121818236,-0.2225209339563146,-0.4999999999999997,-0.8660254037844388,-0.7277014757264236,-0.6858939875998223,1.0,0,0,52.0,52.0,28.9,31.8,26.7,2.0,82.0,16.5,1,0,0,0.0,21703.0,16294.0,13962.0,16447.0,17159.0,17991.0,16624.571428571428,16022.785714285714,16621.4,2799.7613503739653,2394.400459117247,5256.0,3.171428571426077,25548800.0,20264600.0,20547950.0,21087500.0,21140395.0,1177.2013085748515,1277.9691165570475,20940.0,19188.0,17762.0,18384.0,18676.714285714286,19377.966666666667,19266000.0,16017300.0,17377228.57142857,16875.0,20769300.0,
2023-08-20,420.0,-0.7818314824680299,0.6234898018587334,-0.4999999999999997,-0.8660254037844388,-0.7393922635959241,-0.673274892250183,0.0,0,0,53.0,53.0,29.0,32.3,26.5,0.5,84.0,9.0,1,0,0,0.0,16875.0,21703.0,16294.0,14225.0,14496.0,16074.0,16685.714285714286,16002.5,16566.4,2799.910576803385,2367.9710739147017,2650.0,119.31428571428478,20769300.0,19630150.0,19301750.0,21159600.0,21061590.0,1230.7733333333333,1277.7774099786297,18027.0,20940.0,17533.0,18607.0,18714.571428571428,19255.166666666668,16072100.0,16754550.0,17385057.14285714,15522.0,20738200.0,
2023-08-21,421.0,0.0,1.0,-0.4999999999999997,-0.8660254037844388,-0.7508642533989489,-0.6604565640279754,0.0,0,0,54.0,54.0,29.5,33.0,26.2,0.6,81.0,9.6,1,0,0,0.0,15522.0,16875.0,21703.0,14854.0,12934.0,15608.0,16871.0,16075.785714285714,16327.433333333332,2648.766882909898,2071.799296019937,668.0,543.5666666666675,20738200.0,20158450.0,18115100.0,21317892.85714286,20892456.666666668,1336.0520551475324,1271.5026470810517,17469.0,18027.0,18350.0,16889.0,18705.428571428572,19082.966666666667,16263950.0,17443050.0,17314971.42857143,15142.0,20784500.0,
2023-08-22,422.0,0.7818314824680298,0.6234898018587336,-0.4999999999999997,-0.8660254037844388,-0.7621140503891487,-0.6474427960827475,0.0,0,0,55.0,55.0,28.3,30.8,26.7,3.3,87.0,11.9,1,0,0,0.0,15142.0,15522.0,16875.0,18887.0,13077.0,15662.0,16912.14285714286,16233.5,16232.466666666667,2614.227064135279,2058.166705713109,-3745.0,679.6761904761916,20784500.0,22766200.0,18349750.0,21407328.57142857,20867943.333333332,1372.6390173028663,1273.7216738272552,18174.0,17469.0,19903.0,16113.0,18680.285714285714,19027.333333333332,17622600.0,18550650.0,17340621.42857143,15010.0,20973950.0,
2023-08-23,423.0,0.9749279121818236,-0.22252093395631434,-0.4999999999999997,-0.8660254037844388,-0.7731383255706026,-0.6342374393978054,0.0,0,0,56.0,56.0,27.6,31.1,25.1,12.3,87.0,11.7,1,0,0,0.0,15010.0,15142.0,15522.0,13962.0,14104.0,16207.0,16358.285714285714,16371.57142857143,16197.0,2535.6091125070557,2070.1243674117572,1048.0,161.28571428571377,20973950.0,18094750.0,19237000.0,21151292.85714286,20873606.666666668,1397.331778814124,1301.1419349778755,17923.0,18174.0,17061.0,17029.0,18397.428571428572,18959.4,17240100.0,15971650.0,17153400.0,15363.0,21143850.0,
2023-08-24,424.0,0.43388373911755823,-0.900968867902419,-0.4999999999999997,-0.8660254037844388,-0.7839338166829201,-0.620844401650647,0.0,0,0,57.0,57.0,27.4,28.8,26.0,9.9,89.0,12.4,1,0,0,0.0,15363.0,15010.0,15142.0,16294.0,16525.0,17199.0,16558.428571428572,16461.5,16188.833333333334,2364.4551773536587,2073.0093581194415,-931.0,369.5952380952385,21143850.0,21149550.0,21671900.0,21586878.57142857,20891130.0,1376.283928920133,1312.6110881444595,17590.0,17923.0,19188.0,19275.0,18473.0,18876.566666666666,17132500.0,17637400.0,17319235.714285713,17057.0,22310350.0,
2023-08-25,425.0,-0.433883739117558,-0.9009688679024191,-0.4999999999999997,-0.8660254037844388,-0.7944973291665992,-0.6072676460566135,1.0,0,0,58.0,58.0,26.8,30.0,25.1,44.2,91.0,12.1,1,1,0,0.0,17057.0,15363.0,15010.0,21703.0,19652.0,19286.0,16667.428571428572,16499.5,16235.333333333334,2367.818043202331,2076.427291973109,-4646.0,432.0952380952385,22310350.0,25548800.0,23676500.0,21752707.14285714,20937566.666666668,1307.987922846925,1314.0384778485382,18584.0,17590.0,20940.0,21026.0,18386.714285714286,18822.666666666668,17316950.0,19266000.0,17273457.14285714,20593.0,25043200.0,
2023-08-26,426.0,-0.9749279121818236,-0.2225209339563146,-0.4999999999999997,-0.8660254037844388,-0.8048257371083452,-0.593511190196115,1.0,0,0,59.0,59.0,27.7,30.7,26.0,4.8,89.0,13.3,1,0,0,0.0,20593.0,17057.0,15363.0,16875.0,16447.0,17973.0,16508.85714285714,16566.714285714286,16381.533333333333,1979.7512830801202,2223.558668896143,3718.0,127.32380952380845,25043200.0,20769300.0,20264600.0,21680478.57142857,21048930.0,1216.1025591220318,1319.595799355278,19117.0,18584.0,18027.0,17762.0,18126.285714285714,18778.333333333332,17755100.0,16072100.0,17057614.285714287,16620.0,20601350.0,
2023-08-27,427.0,-0.7818314824680299,0.6234898018587334,-0.4999999999999997,-0.8660254037844388,-0.8149159841660791,-0.5795791048257612,0.0,0,0,60.0,60.0,28.2,32.8,25.6,8.3,88.0,10.1,1,0,0,0.0,16620.0,20593.0,17057.0,15522.0,14225.0,15916.0,16472.428571428572,16579.071428571428,16362.233333333334,1974.2295423061948,2218.726112968434,1098.0,110.19523809523889,20601350.0,20738200.0,19630150.0,21656485.714285713,21016726.666666668,1239.55174488568,1320.8498581484705,17105.0,19117.0,17469.0,17533.0,17994.571428571428,18648.4,15357850.0,16263950.0,16955578.57142857,15160.0,19903150.0,
2023-08-28,428.0,0.0,1.0,-0.4999999999999997,-0.8660254037844388,-0.8247650844733614,-0.5654755126737576,0.0,0,0,61.0,61.0,28.6,32.5,26.2,3.7,86.0,7.0,1,0,0,0.0,15160.0,16620.0,20593.0,15142.0,14854.0,14856.0,16420.714285714286,16645.85714285714,16224.7,2007.7320301181005,2158.296840502793,18.0,196.0142857142855,19903150.0,20784500.0,20158450.0,21537192.85714286,20906111.666666668,1312.872691292876,1317.538520454948,16937.0,17105.0,18174.0,18350.0,17918.571428571428,18507.3,15878850.0,17622600.0,16900564.285714287,15008.0,20650250.0,
2023-08-29,429.0,0.7818314824680298,0.6234898018587336,-0.4999999999999997,-0.8660254037844388,-0.8343701235229537,-0.5512045872199277,0.0,0,0,62.0,62.0,29.3,33.2,25.5,0.2,82.0,4.9,1,0,0,0.0,15008.0,15160.0,16620.0,15010.0,18887.0,15205.0,16401.571428571428,16656.85714285714,16125.866666666667,2022.5402226856204,2143.3125945977,-2.0,275.70476190476074,20650250.0,20973950.0,22766200.0,21518014.285714287,20888325.0,1375.9494936034116,1318.0114456407402,17409.0,16937.0,17923.0,19903.0,17809.285714285714,18454.7,16544150.0,17240100.0,16746500.0,15097.0,20683250.0,
2023-08-30,430.0,0.9749279121818236,-0.22252093395631434,-0.4999999999999997,-0.8660254037844388,-0.8437282590292712,-0.5367705514607103,0.0,0,0,63.0,63.0,30.7,34.6,26.8,0.0,76.0,4.8,0,0,0,0.0,15097.0,15008.0,15160.0,15363.0,13962.0,14758.0,16414.0,16386.14285714286,16098.566666666668,2012.807657643152,2151.279021056308,-266.0,315.4333333333325,20683250.0,21143850.0,18094750.0,21476485.714285713,20924208.333333332,1370.0238457971782,1314.110312352605,17747.0,17409.0,17590.0,17061.0,17784.14285714286,18433.8,16966100.0,17132500.0,16707357.142857144,15460.0,21000850.0,
2023-08-31,431.0,0.43388373911755823,-0.900968867902419,-0.4999999999999997,-0.8660254037844388,-0.8528367217694595,-0.522177676659508,0.0,0,0,64.0,64.0,29.9,33.1,27.2,4.1,84.0,5.7,1,0,0,0.0,15460.0,15097.0,15008.0,17057.0,16294.0,16649.0,16427.85714285714,16493.14285714286,16118.7,2004.6836349386208,2142.055702131643,-1597.0,309.15714285714057,21000850.0,22310350.0,21149550.0,21456057.14285714,20951626.666666668,1358.3990944372574,1311.5553359979087,17496.0,17747.0,18584.0,19188.0,17770.714285714286,18376.1,16606150.0,17316950.0,16632164.285714285,17530.0,22584950.0,
2023-09-01,432.0,-0.433883739117558,-0.9009688679024191,-0.8660254037844384,-0.5000000000000004,-0.8616928164028521,-0.5074302810827518,1.0,0,0,65.0,65.0,29.3,33.0,26.7,2.0,87.0,7.0,1,0,0,0.0,17530.0,15460.0,15097.0,20593.0,21703.0,19723.0,16495.428571428572,16581.428571428572,16196.2,2037.1334318222407,2149.9030355039663,-3063.0,299.22857142857174,22584950.0,25043200.0,25548800.0,21495285.714285713,21026348.333333332,1288.3599543639475,1308.7513405003403,18532.0,17496.0,19117.0,20940.0,17763.285714285714,18344.5,16815250.0,17755100.0,16560492.857142856,22000.0,26795100.0,
2023-09-02,433.0,-0.9749279121818236,-0.2225209339563146,-0.8660254037844384,-0.5000000000000004,-0.8702939222685674,-0.49253272872205434,1.0,0,0,66.0,66.0,28.9,31.6,26.9,13.4,87.0,6.5,1,0,0,0.0,22000.0,17530.0,15460.0,16620.0,16875.0,17159.0,16696.428571428572,16602.64285714286,16437.6,2520.8095166132343,2377.3925531397495,5380.0,258.8285714285739,26795100.0,20601350.0,20769300.0,21745557.14285714,21246100.0,1217.959090909091,1309.016559327063,20352.0,18532.0,17105.0,18027.0,17939.714285714286,18392.566666666666,18087800.0,15357850.0,16608021.42857143,17479.0,21479600.0,
2023-09-03,434.0,-0.7818314824680299,0.6234898018587334,-0.8660254037844384,-0.5000000000000004,-0.8786374941610001,-0.4774894280028391,0.0,0,0,67.0,67.0,28.8,31.2,27.0,6.0,89.0,6.2,1,0,0,0.0,17479.0,22000.0,17530.0,15160.0,15522.0,14496.0,16819.14285714286,16645.785714285714,16465.266666666666,2537.3230269040173,2384.755650510944,2319.0,353.8761904761923,21479600.0,19903150.0,20738200.0,21871021.42857143,21260143.333333332,1228.880370730591,1307.4920773049073,16643.0,20352.0,16937.0,17469.0,17873.714285714286,18276.9,14489700.0,15878850.0,16484000.0,15224.0,19928800.0,
2023-09-04,435.0,0.0,1.0,-0.8660254037844384,-0.5000000000000004,-0.886721063082993,-0.46230483047981086,0.0,0,0,68.0,68.0,29.1,32.6,26.2,1.6,84.0,8.1,1,0,0,0.0,15224.0,17479.0,22000.0,15008.0,15142.0,12934.0,16828.285714285714,16624.5,16315.3,2530.454156489593,2313.2149765178347,216.0,512.9857142857145,19928800.0,20650250.0,20784500.0,21874685.714285713,21130103.333333332,1309.0383604834471,1306.9443157607034,16697.0,16643.0,17409.0,18174.0,17839.428571428572,18128.733333333334,15234600.0,16544150.0,16391964.285714285,15527.0,21352400.0,
2023-09-05,436.0,0.7818314824680298,0.6234898018587336,-0.8660254037844384,-0.5000000000000004,-0.8945422369764496,-0.4469834295196741,0.0,0,0,69.0,69.0,29.7,34.2,26.5,2.0,84.0,6.5,1,0,0,0.0,15527.0,15224.0,17479.0,15097.0,15010.0,13077.0,16902.428571428572,16652.0,16260.9,2475.231090702678,2311.8789842747465,430.0,641.5285714285728,21352400.0,20683250.0,20973950.0,21974992.85714286,21156918.333333332,1375.1787209377214,1306.8342053798904,17362.0,16697.0,17747.0,17923.0,17832.714285714286,18094.666666666668,16322250.0,16966100.0,16360264.285714285,16652.0,22132450.0,
2023-09-06,437.0,0.9749279121818236,-0.22252093395631434,-0.8660254037844384,-0.5000000000000004,-0.9020987014301837,-0.43152975897147144,0.0,1,0,70.0,70.0,29.4,32.1,27.3,1.5,82.0,11.6,1,0,0,0.0,16652.0,15527.0,15224.0,15460.0,15363.0,14104.0,17124.571428571428,16769.285714285714,16332.766666666666,2352.9528864204844,2288.5162439560645,1192.0,791.8047619047611,22132450.0,21000850.0,21143850.0,22182021.42857143,21251275.0,1329.1166226279126,1300.9903163557099,18484.0,17362.0,17496.0,17590.0,17938.0,18090.566666666666,17081350.0,16606150.0,16376728.57142857,18348.0,22913550.0,Janmashtami
2023-09-07,438.0,0.43388373911755823,-0.900968867902419,-0.8660254037844384,-0.5000000000000004,-0.9093882203647925,-0.4159483918249421,0.0,0,0,71.0,71.0,27.9,30.1,25.9,5.2,86.0,20.1,1,0,0,0.0,18348.0,16652.0,15527.0,17530.0,17057.0,16525.0,17537.14285714286,16982.5,16513.233333333334,2263.949235927634,2223.8084400777684,818.0,1023.9095238095251,22913550.0,22584950.0,22310350.0,22455264.285714287,21411223.333333332,1248.8309352517986,1285.3377221863586,18470.0,18484.0,18532.0,18584.0,18077.14285714286,18143.266666666666,17153550.0,16815250.0,16454928.57142857,16368.0,20403850.0,
2023-09-08,439.0,-0.433883739117558,-0.9009688679024191,-0.8660254037844384,-0.5000000000000004,-0.9164086366943458,-0.4002439388573056,1.0,0,0,72.0,72.0,26.9,29.0,25.3,26.3,91.0,14.2,1,1,0,0.0,16368.0,18348.0,16652.0,22000.0,20593.0,19652.0,17371.14285714286,16933.285714285714,16622.933333333334,2306.756339435094,2127.5432315934377,-5632.0,748.2095238095244,20403850.0,26795100.0,25043200.0,22143678.57142857,21479693.333333332,1246.5695259042034,1279.3676609778236,17585.0,18470.0,20352.0,19117.0,17941.85714285714,18192.333333333332,15521050.0,18087800.0,16270042.857142856,21580.0,25163150.0,
2023-09-09,440.0,-0.9749279121818236,-0.2225209339563146,-0.8660254037844384,-0.5000000000000004,-0.9231578729647039,-0.38442104726885545,1.0,0,0,73.0,73.0,28.9,32.2,26.5,0.5,84.0,9.8,1,0,0,0.0,21580.0,16368.0,18348.0,17479.0,16620.0,16447.0,17311.14285714286,17003.785714285714,16872.133333333335,2167.552723585749,2256.265081842208,4101.0,439.00952380952367,25163150.0,21479600.0,20601350.0,21910542.85714286,21677231.666666668,1166.0403151065802,1271.9506930060363,19857.0,17585.0,16643.0,17105.0,17871.14285714286,18286.6,17895650.0,14489700.0,16242592.857142856,17901.0,20967350.0,
2023-09-10,441.0,-0.7818314824680299,0.6234898018587334,-0.8660254037844384,-0.5000000000000004,-0.9296339319682695,-0.3684843993077793,0.0,0,0,74.0,74.0,29.6,32.8,26.5,0.8,83.0,5.3,1,0,0,0.0,17901.0,21580.0,16368.0,15224.0,15160.0,14225.0,17371.428571428572,17095.285714285714,16918.0,2178.838517585567,2262.9412048376157,2677.0,453.42857142857247,20967350.0,19928800.0,19903150.0,21837364.285714287,21653746.666666668,1171.2948997262722,1263.7241971482765,17524.0,19857.0,16697.0,16937.0,17997.0,18228.233333333334,14718500.0,15234600.0,16275278.57142857,16248.0,21141550.0,
2023-09-11,442.0,0.0,1.0,-0.8660254037844384,-0.5000000000000004,-0.9358348973349941,-0.35243871088460327,0.0,0,0,75.0,75.0,28.9,31.5,27.3,11.3,87.0,5.8,1,0,0,0.0,16248.0,17901.0,21580.0,15527.0,15008.0,14854.0,17517.714285714286,17173.0,16804.533333333333,2040.623655837127,2205.7455340359948,721.0,713.1809523809534,21141550.0,21352400.0,20650250.0,22010614.285714287,21569248.333333332,1301.178606597735,1262.6013751646035,17481.0,17524.0,17362.0,17409.0,18109.0,18110.066666666666,15894950.0,16322250.0,16369614.285714285,15431.0,21221950.0,
2023-09-12,443.0,0.7818314824680298,0.6234898018587336,-0.8660254037844384,-0.5000000000000004,-0.9417589340994617,-0.33628873017668287,0.0,0,0,76.0,76.0,28.9,32.0,26.3,3.2,85.0,8.9,1,0,0,0.0,15431.0,16248.0,17901.0,16652.0,15097.0,18887.0,17504.0,17203.214285714286,16770.666666666668,2056.493212566847,2219.1831571678954,-1221.0,733.3333333333321,21221950.0,22132450.0,20683250.0,21991978.57142857,21601160.0,1375.2802799559329,1262.6158835957763,17789.0,17481.0,18484.0,17747.0,18170.0,18110.966666666667,16660850.0,17081350.0,16417985.714285715,15202.0,20994800.0,
2023-09-13,444.0,0.9749279121818236,-0.22252093395631434,-0.8660254037844384,-0.5000000000000004,-0.9474042892438845,-0.32003923622313857,0.0,0,0,77.0,77.0,29.0,32.4,26.5,0.6,82.0,15.7,1,0,0,0.0,15202.0,15431.0,16248.0,18348.0,15460.0,13962.0,17296.85714285714,17210.714285714286,16803.233333333334,2222.9083373343724,2187.4794293942937,-3146.0,493.6238095238077,20994800.0,22913550.0,21000850.0,21829457.14285714,21646648.333333332,1381.0551243257466,1270.0356695526098,17930.0,17789.0,18470.0,17496.0,18090.85714285714,18124.2,16962250.0,17153550.0,16400971.42857143,15886.0,21314050.0,
2023-09-14,445.0,0.43388373911755823,-0.900968867902419,-0.8660254037844384,-0.5000000000000004,-0.9527692922168511,-0.30369503751065885,0.0,0,0,78.0,78.0,27.9,29.8,26.5,16.0,85.0,21.4,1,0,0,0.0,15886.0,15202.0,15431.0,16368.0,17530.0,16294.0,16945.14285714286,17241.14285714286,16837.633333333335,2223.6465867707825,2163.7549335920353,-482.0,107.50952380952367,21314050.0,20403850.0,22584950.0,21600957.14285714,21685168.333333332,1341.6876495027068,1283.3009144455968,18024.0,17930.0,17585.0,18532.0,18027.14285714286,18113.333333333332,16904900.0,15521050.0,16365450.0,17590.0,22342600.0,
2023-09-15,446.0,-0.433883739117558,-0.9009688679024191,-0.8660254037844384,-0.5000000000000004,-0.9578523554276669,-0.28726097055059635,1.0,0,0,79.0,79.0,28.2,31.7,25.7,12.4,85.0,14.1,1,0,0,0.0,17590.0,15886.0,15202.0,21580.0,22000.0,21703.0,17119.714285714286,17245.428571428572,16794.4,2218.7475982549486,2134.1501191422026,-3990.0,325.3142857142848,22342600.0,25163150.0,26795100.0,21877921.42857143,21671048.333333332,1270.187606594656,1286.6749259728042,18862.0,18024.0,19857.0,20352.0,18209.571428571428,18078.633333333335,16922550.0,17895650.0,16565664.285714285,22093.0,25537450.0,
2023-09-16,447.0,-0.9749279121818236,-0.2225209339563146,-0.8660254037844384,-0.5000000000000004,-0.9626519747161487,-0.2707418984477642,1.0,0,0,80.0,80.0,29.0,32.9,25.8,0.3,85.0,7.0,1,0,0,0.0,22093.0,17590.0,15886.0,17901.0,17479.0,16875.0,17193.0,17252.071428571428,17065.433333333334,2392.309623216345,2273.7801228629455,4192.0,127.5666666666657,25537450.0,20967350.0,21479600.0,21931392.85714286,21919138.333333332,1155.9068483229983,1285.227287860864,20128.0,18862.0,17524.0,16643.0,18248.285714285714,18180.866666666665,17910250.0,14718500.0,16567750.0,17926.0,21246100.0,
2023-09-17,448.0,-0.7818314824680299,0.6234898018587334,-0.8660254037844384,-0.5000000000000004,-0.9671667297977312,-0.2541427094613622,0.0,0,0,81.0,81.0,29.5,33.3,26.0,5.9,84.0,5.1,1,0,0,0.0,17926.0,22093.0,17590.0,16248.0,15224.0,15522.0,17196.571428571428,17284.0,17119.833333333332,2393.5610748522413,2274.209905748037,1678.0,76.73809523809541,21246100.0,21141550.0,19928800.0,21971214.285714287,21922356.666666668,1185.2114247461786,1287.2153628637077,17420.0,20128.0,17481.0,16697.0,18233.428571428572,18121.933333333334,15240200.0,15894950.0,16642278.57142857,16084.0,21084000.0,
2023-09-18,449.0,0.0,1.0,-0.8660254037844384,-0.5000000000000004,-0.97139528468375,-0.23746831555846842,0.0,0,0,82.0,82.0,27.0,29.3,25.7,17.0,90.0,11.0,1,0,0,0.0,16084.0,17926.0,22093.0,15431.0,15527.0,15142.0,17173.14285714286,17345.428571428572,16932.533333333333,2405.167799314081,2109.1261915670716,653.0,240.60952380952585,21084000.0,21221950.0,21352400.0,21962992.85714286,21773530.0,1310.8679432976871,1288.5995538208438,17390.0,17420.0,17789.0,17362.0,18220.428571428572,18003.6,15957100.0,16660850.0,16651157.142857144,14917.0,20319000.0,
2023-09-19,450.0,0.7818314824680298,0.6234898018587336,-0.8660254037844384,-0.5000000000000004,-0.9753363880767837,-0.2207236509605022,0.0,0,0,83.0,83.0,26.8,29.2,25.0,21.6,88.0,16.7,1,1,0,0.0,14917.0,16084.0,17926.0,15202.0,16652.0,15010.0,17099.714285714286,17301.85714285714,16867.266666666666,2474.077923475486,2141.0218142736426,-285.0,232.4476190476198,20319000.0,20994800.0,22132450.0,21834000.0,21758520.0,1362.1371589461687,1286.7219651051632,17658.0,17390.0,17930.0,18484.0,18201.714285714286,17991.3,16871250.0,16962250.0,16681214.285714285,14513.0,20052850.0,
2023-09-20,451.0,0.9749279121818236,-0.22252093395631434,-0.8660254037844384,-0.5000000000000004,-0.9789888737409319,-0.20391367068311472,0.0,0,0,84.0,84.0,27.0,29.3,25.0,25.5,88.0,19.2,1,1,0,0.0,14513.0,14917.0,16084.0,15886.0,18348.0,15363.0,17001.285714285714,17149.071428571428,16833.633333333335,2573.8532536702196,2170.6041663847036,-1373.0,167.65238095237873,20052850.0,21314050.0,22913550.0,21699435.714285713,21735675.0,1381.7163922000964,1286.816431944356,17291.0,17658.0,18024.0,18470.0,18110.428571428572,17985.366666666665,16493000.0,16904900.0,16614178.57142857,14701.0,20490200.0,
2023-09-21,452.0,0.43388373911755823,-0.900968867902419,-0.8660254037844384,-0.5000000000000004,-0.9823516608469237,-0.18704334906991657,0.0,0,0,85.0,85.0,27.4,29.3,26.1,14.0,88.0,17.7,1,0,0,0.0,14701.0,14513.0,14917.0,17590.0,16368.0,17057.0,16832.0,16888.571428571428,16818.933333333334,2695.5262936948347,2183.9079956201294,-2889.0,13.066666666665697,20490200.0,22342600.0,20403850.0,21581742.85714286,21725865.0,1393.7963403850079,1294.2605306418277,17337.0,17291.0,18862.0,17585.0,18012.285714285714,17957.466666666667,16641400.0,16922550.0,16576535.714285715,15767.0,20922800.0,
2023-09-22,453.0,-0.433883739117558,-0.9009688679024191,-0.8660254037844384,-0.5000000000000004,-0.9854237542919524,-0.17011767832049052,1.0,0,0,86.0,86.0,27.2,30.0,25.6,12.2,88.0,14.2,1,0,0,0.0,15767.0,14701.0,14513.0,22093.0,21580.0,20593.0,16571.571428571428,16845.64285714286,16844.166666666668,2698.1497275690936,2166.591094614894,-6326.0,-272.59523809524035,20922800.0,25537450.0,25163150.0,21378914.285714287,21724160.0,1326.9994291875437,1302.3765052979543,17453.0,17337.0,20128.0,19857.0,17811.0,17941.8,16099250.0,17910250.0,16458921.42857143,19877.0,23904200.0,
2023-09-23,454.0,-0.9749279121818236,-0.2225209339563146,-0.8660254037844384,-0.5000000000000004,-0.9882042449941422,-0.15314166701312007,1.0,0,0,87.0,87.0,27.7,30.0,25.9,15.5,89.0,11.8,1,0,0,0.0,19877.0,15767.0,14701.0,17926.0,17901.0,16620.0,16255.0,16724.0,16994.633333333335,1975.6110447150859,2216.3530853297652,1951.0,-739.633333333335,23904200.0,21246100.0,20967350.0,21145592.85714286,21816171.666666668,1202.6060270664586,1309.04781654702,18667.0,17453.0,17420.0,17524.0,17602.285714285714,17977.7,17038600.0,15240200.0,16334400.0,16067.0,19824800.0,
2023-09-24,455.0,-0.7818314824680299,0.6234898018587334,-0.8660254037844384,-0.5000000000000004,-0.9906923101615609,-0.13612033862266704,0.0,0,0,88.0,88.0,28.1,31.7,26.0,5.6,88.0,10.8,1,0,0,0.0,16067.0,19877.0,15767.0,16084.0,16248.0,15160.0,15989.42857142857,16593.0,16961.633333333335,1833.3775622371215,2222.7534413244616,-17.0,-972.2047619047644,19824800.0,21084000.0,21141550.0,20942550.0,21733320.0,1233.8831144582064,1316.0009150773099,15966.0,18667.0,17390.0,17481.0,17394.571428571428,17890.433333333334,14266750.0,15957100.0,16195335.714285715,14987.0,19847750.0,
2023-09-25,456.0,0.0,1.0,-0.8660254037844384,-0.5000000000000004,-0.9928872135356962,-0.11905873003404988,0.0,0,0,89.0,89.0,27.9,31.8,24.4,15.7,87.0,6.5,1,0,0,0.0,14987.0,16067.0,19877.0,14917.0,15431.0,15008.0,15832.714285714286,16502.928571428572,16774.766666666666,1870.4564250726319,2141.085217639784,70.0,-942.0523809523802,19847750.0,20319000.0,21221950.0,20765942.85714286,21560138.333333332,1324.3310869420163,1317.924221312214,15844.0,15966.0,17658.0,17789.0,17173.714285714286,17781.333333333332,14722250.0,16871250.0,16018928.57142857,15299.0,20893750.0,
2023-09-26,457.0,0.7818314824680298,0.6234898018587336,-0.8660254037844384,-0.5000000000000004,-0.994788305609327,-0.10196189005174576,0.0,0,0,90.0,90.0,29.5,33.1,25.8,0.0,80.0,5.3,0,0,0,0.0,15299.0,14987.0,16067.0,14513.0,15202.0,15097.0,15887.285714285714,16493.5,16730.733333333334,1844.6822413165962,2157.8956692899746,786.0,-843.4476190476198,20893750.0,20052850.0,20994800.0,20848050.0,21569885.0,1365.6938361984444,1318.4323180625393,15706.0,15844.0,17291.0,17930.0,16894.85714285714,17734.7,14576900.0,16493000.0,15691164.285714285,15475.0,21220750.0,
2023-09-27,458.0,0.9749279121818236,-0.22252093395631434,-0.8660254037844384,-0.5000000000000004,-0.9963950238187231,-0.08483487790576538,0.0,0,0,91.0,91.0,29.6,33.2,26.2,0.1,80.0,4.7,1,0,0,0.0,15475.0,15299.0,14987.0,14701.0,15886.0,15460.0,16024.714285714286,16513.0,16741.233333333334,1759.0824989452544,2150.7436834625883,774.0,-716.5190476190473,21220750.0,20490200.0,21314050.0,21014892.85714286,21613805.0,1371.292407108239,1316.943177335131,17364.0,15706.0,17337.0,18024.0,16905.285714285714,17748.933333333334,16101600.0,16641400.0,15635250.0,19217.0,24020000.0,
2023-09-28,459.0,0.43388373911755823,-0.900968867902419,-0.8660254037844384,-0.5000000000000004,-0.9977068927101168,-0.06768276175455162,0.0,1,0,92.0,92.0,30.6,34.1,27.3,0.2,81.0,6.6,1,0,0,0.0,19217.0,15475.0,15299.0,15767.0,17590.0,17530.0,16669.85714285714,16750.928571428572,16881.533333333333,2003.7976801207637,2170.968745043148,3450.0,-211.67619047619155,24020000.0,20922800.0,22342600.0,21519150.0,21726130.0,1249.9349534266535,1296.3915506267945,19210.0,17364.0,17453.0,18862.0,17172.85714285714,17808.966666666667,17422100.0,16099250.0,15746778.57142857,25011.0,29113200.0,Eid-e-Miladunnabi
2023-09-29,460.0,-0.433883739117558,-0.9009688679024191,-0.8660254037844384,-0.5000000000000004,-0.9987235240803972,-0.050510617185222886,1.0,0,0,93.0,93.0,29.0,33.5,27.1,7.1,88.0,5.6,1,0,0,0.0,25011.0,19217.0,15475.0,19877.0,22093.0,22000.0,17990.428571428572,17281.0,17212.0,3666.1374250084746,2601.7731089287977,5134.0,778.4285714285725,29113200.0,23904200.0,25537450.0,22689207.14285714,22007128.333333332,1164.0158330334652,1273.1081797476404,21226.0,19210.0,18667.0,20128.0,17711.85714285714,17924.933333333334,18546750.0,17038600.0,16096421.42857143,20506.0,23141400.0,
2023-09-30,461.0,-0.9749279121818236,-0.2225209339563146,-0.8660254037844384,-0.5000000000000004,-0.9994446170919858,-0.033323525711631344,1.0,0,0,94.0,94.0,27.4,29.2,26.0,4.7,88.0,18.2,1,0,0,0.0,20506.0,25011.0,19217.0,16067.0,17926.0,17479.0,18080.285714285714,17167.64285714286,17380.2,3727.2825093842903,2647.312695989089,4439.0,700.085714285713,23141400.0,19824800.0,21246100.0,22580235.714285713,22078480.0,1128.5184823953964,1262.5242447946316,18598.0,21226.0,15966.0,17420.0,17702.0,17961.666666666668,16342800.0,14266750.0,15997021.42857143,20891.0,24138650.0,
2023-10-01,462.0,-0.7818314824680299,0.6234898018587334,-1.0,-1.8369701987210297e-16,-0.9998699583618592,-0.016126573270657762,0.0,0,0,95.0,95.0,28.1,31.1,25.7,2.1,85.0,16.3,1,0,0,0.0,20891.0,20506.0,25011.0,14987.0,16084.0,15224.0,18769.428571428572,17379.428571428572,17492.233333333334,3738.943248973931,2723.8816329963574,5904.0,1277.195238095239,24138650.0,19847750.0,21084000.0,23196500.0,22130270.0,1155.4568953137714,1251.3204992025694,18469.0,18598.0,15844.0,17390.0,18059.571428571428,17959.566666666666,15622950.0,14722250.0,16190764.285714285,17239.0,22308750.0,
2023-10-02,463.0,0.0,1.0,-1.0,-1.8369701987210297e-16,-0.9999994220246925,0.001075151282798226,0.0,0,0,96.0,96.0,27.8,30.8,25.4,2.8,86.0,14.9,1,0,0,0.0,17239.0,20891.0,20506.0,15299.0,14917.0,15527.0,19091.14285714286,17461.928571428572,17333.533333333333,3444.53975776986,2587.4698030333398,1940.0,1757.6095238095259,22308750.0,20893750.0,20319000.0,23548071.42857143,21980725.0,1294.0860838795754,1246.9997844793636,17746.0,18469.0,15706.0,17658.0,18331.285714285714,17872.7,15878450.0,14576900.0,16355935.714285715,16273.0,21992450.0,
2023-10-03,464.0,0.7818314824680298,0.6234898018587336,-1.0,-1.8369701987210297e-16,-0.999832969770105,0.018276557681691223,0.0,0,0,97.0,97.0,27.3,30.4,26.0,8.4,87.0,16.4,1,0,0,0.0,16273.0,17239.0,20891.0,15475.0,14513.0,16652.0,19230.285714285714,17558.785714285714,17293.333333333332,3281.645456895367,2594.4907723513465,798.0,1936.9523809523816,21992450.0,21220750.0,20052850.0,23705028.57142857,21997820.0,1351.468690468875,1244.9676208037108,17987.0,17746.0,17364.0,17291.0,18657.14285714286,17917.5,16841100.0,16101600.0,16679392.857142856,15263.0,21310050.0,
2023-10-04,465.0,0.9749279121818236,-0.22252093395631434,-1.0,-1.8369701987210297e-16,-0.9993706508539969,0.03547255575312556,0.0,0,0,98.0,98.0,26.6,29.5,25.3,34.1,90.0,17.8,1,1,0,0.0,15263.0,16273.0,17239.0,19217.0,14701.0,18348.0,19200.0,17612.35714285714,17294.633333333335,3322.7986697963056,2593.4277076318976,-3954.0,1905.366666666665,21310050.0,24020000.0,20490200.0,23717785.714285713,22043861.666666668,1396.190133001376,1248.5244387884447,17553.0,17987.0,19210.0,17337.0,18684.14285714286,17946.033333333333,16555800.0,17422100.0,16744278.57142857,14489.0,20618750.0,
2023-10-05,466.0,0.43388373911755823,-0.900968867902419,-1.0,-1.8369701987210297e-16,-0.9986126020839734,0.052658056924614005,0.0,0,0,99.0,99.0,26.7,29.6,25.0,28.0,90.0,18.4,1,1,0,0.0,14489.0,15263.0,16273.0,25011.0,15767.0,16368.0,18524.571428571428,17597.214285714286,17260.033333333333,3769.300370853247,2624.560961423849,-10522.0,1264.5380952380947,20618750.0,29113200.0,20922800.0,23231892.85714286,22019406.666666668,1423.0623231416937,1273.2569201763074,17290.0,17553.0,21226.0,17453.0,18409.85714285714,17943.633333333335,16508700.0,18546750.0,16613792.857142856,15155.0,20769550.0,
2023-10-06,467.0,-0.433883739117558,-0.9009688679024191,-1.0,-1.8369701987210297e-16,-0.9975590477788613,0.06982797572987089,1.0,0,0,100.0,100.0,27.1,31.2,24.5,31.3,90.0,16.5,1,1,0,0.0,15155.0,14489.0,15263.0,20506.0,19877.0,21580.0,17116.571428571428,17553.5,17210.133333333335,2602.8433079450833,2650.621576202473,-5351.0,-93.5619047619075,20769550.0,23141400.0,23904200.0,22039942.85714286,21973976.666666668,1370.4750907291323,1302.751099847117,15025.0,17290.0,18598.0,18667.0,17524.0,17828.333333333332,14086000.0,16342800.0,15976542.857142856,17416.0,22516700.0,
2023-10-07,468.0,-0.9749279121818236,-0.2225209339563146,-1.0,-1.8369701987210297e-16,-0.9962102997023297,0.0869772313136861,1.0,0,0,101.0,101.0,26.9,30.8,24.4,14.4,90.0,6.9,1,0,0,0.0,17416.0,15155.0,14489.0,20891.0,16067.0,17901.0,16675.14285714286,17377.714285714286,17179.066666666666,2155.851605017698,2642.2739283889314,-3475.0,-503.923809523807,22516700.0,24138650.0,19824800.0,21950700.0,21960748.333333332,1292.8743683968764,1326.2305121330428,17052.0,15025.0,18469.0,15966.0,17303.14285714286,17781.066666666666,15683550.0,15622950.0,15882364.285714285,15524.0,19779250.0,
2023-10-08,469.0,-0.7818314824680299,0.6234898018587334,-1.0,-1.8369701987210297e-16,-0.9945667569706337,0.1041007489354256,0.0,0,0,102.0,102.0,27.4,31.0,24.5,6.0,88.0,8.6,1,0,0,0.0,15524.0,17416.0,15155.0,17239.0,14987.0,16248.0,15908.42857142857,17338.928571428572,17150.933333333334,1104.7548532206454,2655.6667184608136,-1715.0,-1242.5047619047637,19779250.0,22308750.0,19847750.0,21327928.57142857,21939928.333333332,1274.1078330327234,1343.180646092893,15223.0,17052.0,17746.0,15844.0,16839.428571428572,17702.333333333332,13391100.0,15878450.0,15563528.57142857,15337.0,20230600.0,
2023-10-09,470.0,0.0,1.0,-1.0,-1.8369701987210297e-16,-0.9926289059345095,0.121193461470736,0.0,0,0,103.0,103.0,27.7,30.8,25.2,8.5,89.0,6.0,1,0,0,0.0,15337.0,15524.0,17416.0,16273.0,15299.0,15431.0,15636.714285714286,17363.928571428572,16942.833333333332,945.3579065247563,2538.6594355851,-936.0,-1306.119047619046,20230600.0,21992450.0,20893750.0,21031050.0,21775510.0,1319.0715263741279,1346.7499950206861,16965.0,15223.0,17987.0,15706.0,16727.85714285714,17605.933333333334,15852200.0,16841100.0,15559778.57142857,15605.0,20898650.0,
2023-10-10,471.0,0.7818314824680298,0.6234898018587336,-1.0,-1.8369701987210297e-16,-0.9903973200352558,0.1382503109109819,0.0,0,0,104.0,104.0,28.5,32.5,25.0,0.6,84.0,5.3,1,0,0,0.0,15605.0,15337.0,15524.0,15263.0,15475.0,15202.0,15541.285714285714,17385.785714285714,16866.3,903.1988917705455,2543.3819075369724,342.0,-1325.0142857142855,20898650.0,21310050.0,21220750.0,20874792.85714286,21773220.0,1339.2278115988465,1345.0012980392537,17400.0,16965.0,17553.0,17364.0,16644.0,17601.8,16625150.0,16555800.0,15528928.57142857,15053.0,20332150.0,
2023-10-11,472.0,0.9749279121818236,-0.22252093395631434,-1.0,-1.8369701987210297e-16,-0.9878726596350429,0.15526624985999563,0.0,0,0,105.0,105.0,28.6,33.0,25.5,0.1,81.0,6.0,1,0,0,0.0,15053.0,15605.0,15337.0,14489.0,19217.0,15886.0,15511.285714285714,17355.64285714286,16826.466666666667,917.3593832820065,2562.683907389985,564.0,-1315.1809523809534,20332150.0,20618750.0,24020000.0,20735092.85714286,21746240.0,1350.704178569056,1338.5033045489222,17820.0,17400.0,17290.0,19210.0,16682.14285714286,17613.1,17101150.0,16508700.0,15606835.714285715,16309.0,22197800.0,
2023-10-12,473.0,0.43388373911755823,-0.900968867902419,-1.0,-1.8369701987210297e-16,-0.9850556718215013,0.172236243027682,0.0,0,0,106.0,106.0,28.1,32.1,24.6,0.9,82.0,5.8,1,0,0,0.0,16309.0,15053.0,15605.0,15155.0,25011.0,17590.0,15771.285714285714,17147.928571428572,16855.733333333334,833.4036065609884,2551.1854166024973,1154.0,-1084.4476190476198,22197800.0,20769550.0,29113200.0,20960671.42857143,21778768.333333332,1361.076706113189,1329.648216401993,18100.0,17820.0,15025.0,21226.0,16797.85714285714,17623.466666666667,17362400.0,14086000.0,15728792.857142856,17883.0,22656450.0,
2023-10-13,474.0,-0.433883739117558,-0.9009688679024191,-1.0,-1.8369701987210297e-16,-0.981947190186646,0.18915526872004093,1.0,0,0,107.0,107.0,28.2,33.1,24.4,0.0,74.0,6.0,0,0,0,0.0,17883.0,16309.0,15053.0,17416.0,20506.0,22093.0,16161.0,16638.785714285714,16945.1,1094.2088466103123,2538.18231662227,467.0,-784.0999999999985,22656450.0,22516700.0,23141400.0,21230228.57142857,21834156.666666668,1266.926690152659,1314.855587748211,19389.0,18100.0,17052.0,18598.0,17421.285714285714,17672.1,17562800.0,15683550.0,16225478.57142857,21853.0,25688500.0,
2023-10-14,475.0,-0.9749279121818236,-0.2225209339563146,-1.0,-1.8369701987210297e-16,-0.9785481345802031,0.20601832032517084,1.0,0,0,108.0,108.0,28.0,32.7,23.5,0.0,73.0,6.5,0,0,0,0.0,21853.0,17883.0,16309.0,15524.0,20891.0,17926.0,16794.85714285714,16735.0,17144.0,2421.9541991659084,2682.045462341972,6329.0,-349.1428571428587,25688500.0,19779250.0,24138650.0,21683342.85714286,21979971.666666668,1175.5136594517915,1298.0897721846275,20885.0,19389.0,15223.0,18469.0,17968.85714285714,17767.466666666667,19176100.0,13391100.0,16724414.285714285,17553.0,21217900.0,
2023-10-15,476.0,-0.7818314824680299,0.6234898018587334,-1.0,-1.8369701987210297e-16,-0.9748595108374125,0.22282040779479959,0.0,0,0,109.0,109.0,27.5,31.7,23.8,0.8,75.0,5.7,1,0,0,0.0,17553.0,21853.0,17883.0,15337.0,17239.0,16084.0,17084.714285714286,16496.571428571428,17142.766666666666,2365.2609238930613,2681.8417974289573,2216.0,-58.05238095238019,21217900.0,20230600.0,22308750.0,21888864.285714287,21942481.666666668,1208.7905201390076,1288.7587274855252,17837.0,20885.0,16965.0,17746.0,18342.285714285714,17733.3,15863350.0,15852200.0,17077592.85714286,16277.0,21283750.0,
2023-10-16,477.0,0.0,1.0,-1.0,-1.8369701987210297e-16,-0.9708824104813836,0.23955655912092708,0.0,0,0,110.0,110.0,27.6,31.2,24.3,0.2,76.0,4.4,1,0,0,0.0,16277.0,17553.0,21853.0,15605.0,16273.0,14917.0,17219.0,16427.85714285714,16948.9,2274.4385387754223,2516.7932573018784,672.0,270.09999999999854,21283750.0,20898650.0,21992450.0,22039314.285714287,21800691.666666668,1307.596608711679,1287.119453533747,18319.0,17837.0,17400.0,17987.0,18535.714285714286,17673.0,17154450.0,16625150.0,17263628.57142857,15993.0,21987250.0,
2023-10-17,478.0,0.7818314824680298,0.6234898018587336,-1.0,-1.8369701987210297e-16,-0.9666180104000972,0.2562218218071163,0.0,0,0,111.0,111.0,27.7,32.0,23.5,0.0,73.0,4.3,0,0,0,0.0,15993.0,16277.0,17553.0,15053.0,15263.0,14513.0,17274.428571428572,16407.85714285714,16884.466666666667,2232.8978822107297,2515.659037986368,940.0,389.9619047619053,21987250.0,20332150.0,21310050.0,22194828.57142857,21825396.666666668,1374.8046020133809,1292.2018521643947,18958.0,18319.0,17820.0,17553.0,18758.285714285714,17724.266666666666,18164800.0,17101150.0,17483578.57142857,15903.0,21791400.0,
2023-10-18,479.0,0.9749279121818236,-0.22252093395631434,-1.0,-1.8369701987210297e-16,-0.9620675724981452,0.27281126433401914,0.0,0,0,112.0,112.0,27.3,32.1,23.1,0.0,73.0,6.4,0,0,0,0.0,15903.0,15993.0,16277.0,16309.0,14489.0,14701.0,17395.85714285714,16453.571428571428,16878.433333333334,2111.78656028271,2517.8610884875557,-406.0,517.423809523807,21791400.0,22197800.0,20618750.0,22403292.85714286,21848976.666666668,1370.2697604225618,1294.996935286324,19005.0,18958.0,18100.0,17290.0,18927.571428571428,17778.1,18336250.0,17362400.0,17660021.42857143,16246.0,22297600.0,
2023-10-19,480.0,0.43388373911755823,-0.900968867902419,-1.0,-1.8369701987210297e-16,-0.957232443323312,0.28931997761869527,0.0,0,0,113.0,113.0,27.2,32.0,23.0,0.0,72.0,7.9,0,0,0,0.0,16246.0,15903.0,15993.0,17883.0,15155.0,15767.0,17386.85714285714,16579.071428571428,16922.733333333334,2117.317518982611,2493.736884792562,-1637.0,464.1238095238077,22297600.0,22656450.0,20769550.0,22417550.0,21914930.0,1372.497845623538,1296.6285266449454,19174.0,19005.0,19389.0,15025.0,19081.0,17828.633333333335,18539350.0,17562800.0,17828157.14285714,19546.0,24447900.0,
2023-10-20,481.0,-0.433883739117558,-0.9009688679024191,-1.0,-1.8369701987210297e-16,-0.9521140536681102,0.3057430764672831,1.0,0,0,114.0,114.0,26.8,32.0,22.4,0.0,69.0,8.2,0,0,0,0.0,19546.0,16246.0,15903.0,21853.0,17416.0,19877.0,17624.428571428572,16892.714285714286,17090.5,2270.053586529287,2495.328943142157,-2307.0,533.9285714285725,24447900.0,25688500.0,22516700.0,22673471.42857143,22061431.666666668,1250.787884989256,1294.3229830501737,20678.0,19174.0,20885.0,17052.0,19265.14285714286,17941.533333333333,18612950.0,19176100.0,17978178.57142857,24608.0,28601450.0,
2023-10-21,482.0,-0.9749279121818236,-0.2225209339563146,-1.0,-1.8369701987210297e-16,-0.9467139181463862,0.3220757010206104,1.0,0,0,115.0,115.0,26.7,32.2,21.6,0.0,70.0,7.1,0,0,0,0.0,24608.0,19546.0,16246.0,17553.0,15524.0,16067.0,18018.0,17406.428571428572,17420.733333333334,3181.300153501212,2804.582480861316,7055.0,597.2666666666664,28601450.0,21217900.0,19779250.0,23089607.14285714,22331806.666666668,1162.2825910273082,1292.4328304181047,22466.0,20678.0,17837.0,15223.0,19491.0,18112.5,19917050.0,15863350.0,18084028.57142857,19087.0,22597050.0,
2023-10-22,483.0,-0.7818314824680299,0.6234898018587334,-1.0,-1.8369701987210297e-16,-0.9410336347451197,0.3383130181923076,0.0,0,0,116.0,116.0,27.1,32.2,22.3,0.0,71.0,5.9,0,0,0,0.0,19087.0,24608.0,19546.0,16277.0,15337.0,14987.0,18237.14285714286,17660.928571428572,17531.4,3196.7273592729125,2802.578869049285,2810.0,705.7428571428572,22597050.0,21283750.0,20230600.0,23286628.57142857,22387615.0,1183.897417090166,1288.8766728396986,19300.0,22466.0,18319.0,16965.0,19700.0,18174.066666666666,17106600.0,17154450.0,18261635.714285713,17592.0,21957700.0,
2023-10-23,484.0,0.0,1.0,-1.0,-1.8369701987210297e-16,-0.9350748843515574,0.3544502230989869,0.0,0,0,117.0,117.0,26.3,29.9,24.3,3.2,84.0,5.9,1,0,0,0.0,17592.0,19087.0,24608.0,15993.0,15605.0,15299.0,18425.0,17822.0,17455.233333333334,3099.500282303609,2767.4636300552083,1599.0,969.7666666666664,21957700.0,21987250.0,20898650.0,23382907.14285714,22322731.666666668,1248.1639381537063,1280.3862913314167,19093.0,19300.0,18958.0,17400.0,19810.571428571428,18188.266666666666,17474700.0,18164800.0,18307385.714285713,17324.0,22125100.0,
2023-10-24,485.0,0.7818314824680298,0.6234898018587336,-1.0,-1.8369701987210297e-16,-0.9288394302558068,0.3704825404820963,0.0,1,0,118.0,118.0,25.3,27.2,23.7,0.9,85.0,10.8,1,0,0,0.0,17324.0,17592.0,19087.0,15903.0,15053.0,15475.0,18615.14285714286,17944.785714285714,17497.133333333335,2963.2726519043013,2755.209207068101,1421.0,1118.0095238095237,22125100.0,21791400.0,20332150.0,23402600.0,22399408.333333332,1277.135765412145,1266.4336003883832,18579.0,19093.0,19005.0,17820.0,19756.428571428572,18275.366666666665,17197900.0,18336250.0,18169257.14285714,19471.0,23452400.0,Durga Puja
2023-10-25,486.0,0.9749279121818236,-0.22252093395631434,-1.0,-1.8369701987210297e-16,-0.9223291176290545,0.3864052261209853,0.0,0,0,119.0,119.0,26.9,31.4,23.7,0.0,78.0,9.5,0,0,0,0.0,19471.0,17324.0,17592.0,16246.0,16309.0,19217.0,19124.85714285714,18260.35714285714,17646.6,2715.5116416967508,2735.9000737953297,3225.0,1478.2571428571428,23452400.0,22297600.0,22197800.0,23639885.714285713,22519563.333333332,1204.478455138411,1242.749128204933,18556.0,18579.0,19174.0,18100.0,19692.285714285714,18365.766666666666,17027900.0,18539350.0,17982350.0,16707.0,21197200.0,
2023-10-26,487.0,0.43388373911755823,-0.900968867902419,-1.0,-1.8369701987210297e-16,-0.9155458729775467,0.40221356823680365,0.0,0,0,120.0,120.0,26.8,30.8,22.7,1.4,77.0,5.5,1,0,0,0.0,16707.0,19471.0,17324.0,19546.0,17883.0,25011.0,19190.714285714286,18288.785714285714,17693.533333333333,2638.556279122229,2706.154336314581,-2839.0,1497.1809523809534,21197200.0,24447900.0,22656450.0,23482685.714285713,22529678.333333332,1268.7615969354163,1227.9296641066298,17946.0,18556.0,20678.0,19389.0,19516.85714285714,18440.433333333334,16249050.0,18612950.0,17655164.285714287,18471.0,23176950.0,
2023-10-27,488.0,-0.433883739117558,-0.9009688679024191,-1.0,-1.8369701987210297e-16,-0.9084917035725082,0.41790288888678667,1.0,0,0,121.0,121.0,26.6,31.3,22.3,0.0,74.0,6.6,0,0,0,0.0,18471.0,16707.0,19471.0,24608.0,21853.0,20506.0,19037.14285714286,18330.785714285714,17793.4,2645.7055409708623,2676.579335258198,-6137.0,1243.7428571428572,23176950.0,28601450.0,25688500.0,23301121.42857143,22594885.0,1254.7750527854475,1228.4992595060855,19908.0,17946.0,22466.0,20885.0,19406.85714285714,18525.233333333334,17836150.0,19917050.0,17544192.85714286,21515.0,26267400.0,
2023-10-28,489.0,-0.9749279121818236,-0.2225209339563146,-1.0,-1.8369701987210297e-16,-0.9011686968561569,0.4334685453485363,1.0,0,0,122.0,122.0,26.3,31.8,21.4,0.0,65.0,8.0,0,0,0,0.0,21515.0,18471.0,16707.0,19087.0,17553.0,20891.0,18595.285714285714,18306.64285714286,17870.0,1619.527164976057,2750.5853546297435,2428.0,725.2857142857138,26267400.0,22597050.0,21217900.0,22967685.714285713,22669798.333333332,1220.8877527306531,1236.8714254637066,20807.0,19908.0,19300.0,17837.0,19169.85714285714,18578.466666666667,18587600.0,17106600.0,17354271.42857143,11432.0,14442050.0,
2023-10-29,490.0,-0.7818314824680299,0.6234898018587334,-1.0,-1.8369701987210297e-16,-0.8935790198239952,0.4489059314938798,0.0,0,0,123.0,123.0,25.8,31.4,20.6,0.0,63.0,8.1,0,0,0,0.0,11432.0,21515.0,18471.0,17592.0,16277.0,17239.0,17501.714285714286,17869.428571428572,17417.366666666665,3120.8118449257377,2650.3970357526864,-6160.0,84.34761904762127,14442050.0,21957700.0,21283750.0,21802685.714285713,22180760.0,1263.3003848845347,1248.2147065771876,15605.0,20807.0,19093.0,18319.0,18642.0,18391.1,14116750.0,17474700.0,16927150.0,10356.0,12624450.0,
2023-10-30,491.0,0.0,1.0,-1.0,-1.8369701987210297e-16,-0.8857249183835637,0.4642104791518923,0.0,0,0,124.0,124.0,26.1,31.1,20.8,0.0,68.0,4.9,0,0,0,0.0,10356.0,11432.0,21515.0,17324.0,15993.0,16273.0,16468.0,17446.5,17079.033333333333,4123.3061977010975,2880.3896346026927,-6968.0,-611.0333333333328,12624450.0,22125100.0,21987250.0,20469364.285714287,21830195.0,1219.0469293163383,1244.055133886135,11568.0,15605.0,18579.0,18958.0,17567.0,18156.766666666666,10492900.0,17197900.0,15929750.0,18819.0,24621650.0,
2023-10-31,492.0,0.7818314824680298,0.6234898018587336,-1.0,-1.8369701987210297e-16,-0.8776087166898392,0.4793776594606945,0.0,0,0,125.0,125.0,27.1,32.6,21.1,0.0,65.0,5.0,0,0,0,0.0,18819.0,10356.0,11432.0,19471.0,15903.0,15263.0,16681.571428571428,17648.35714285714,17009.966666666667,4212.7801531824425,2809.810258452685,-652.0,-328.3952380952396,24621650.0,23452400.0,21791400.0,20826014.285714287,21846295.0,1308.3399755566184,1248.5128781924884,19234.0,11568.0,18556.0,19005.0,17660.571428571428,18182.266666666666,17576750.0,17027900.0,15983871.42857143,10268.0,13532200.0,
2023-11-01,493.0,0.9749279121818236,-0.22252093395631434,-0.8660254037844386,0.5000000000000001,-0.8692328164574792,0.49440298420761813,0.0,0,0,126.0,126.0,28.1,33.7,22.9,0.0,64.0,6.8,0,0,1,0.0,10268.0,18819.0,10356.0,16707.0,16246.0,14489.0,15366.857142857143,17245.85714285714,16777.6,4614.08659897682,3066.71680668659,-6439.0,-1410.7428571428554,13532200.0,21197200.0,22297600.0,19408842.85714286,21553743.333333332,1317.9002726918582,1264.715994985838,12360.0,19234.0,17946.0,19174.0,16775.428571428572,18002.733333333334,11405850.0,16249050.0,15180721.42857143,9232.0,10933350.0,
2023-11-02,494.0,0.43388373911755823,-0.900968867902419,-0.8660254037844386,0.5000000000000001,-0.8605996962501181,0.5092820071573356,0.0,0,0,127.0,127.0,28.0,33.1,23.1,0.0,67.0,6.5,0,0,1,1.0,9232.0,10268.0,18819.0,18471.0,19546.0,15155.0,14299.0,16744.85714285714,16542.9,5092.429479138656,3361.8895687416625,-9239.0,-2243.9000000000015,10933350.0,23176950.0,24447900.0,17942578.57142857,21185106.666666668,1184.2883448873483,1252.6483875503998,8550.0,12360.0,19908.0,20678.0,15433.142857142857,17688.166666666668,7247700.0,17836150.0,13894814.285714285,13054.0,15205050.0,
2023-11-03,495.0,-0.433883739117558,-0.9009688679024191,-0.8660254037844386,0.5000000000000001,-0.8517119107469189,0.5240103253675756,1.0,0,0,128.0,128.0,27.8,32.5,23.1,0.1,65.0,7.1,1,0,1,2.0,13054.0,9232.0,10268.0,21515.0,24608.0,17416.0,13525.142857142857,16281.142857142857,16469.266666666666,4753.060152104563,3414.6659647138144,-8461.0,-2944.1238095238095,15205050.0,26267400.0,28601450.0,16803735.714285713,20981606.666666668,1164.78091006588,1239.7920814476045,13834.0,8550.0,20807.0,22466.0,14565.42857142857,17564.2,11785150.0,18587600.0,13030385.714285715,22706.0,27877700.0,
2023-11-04,496.0,-0.9749279121818236,-0.2225209339563146,-0.8660254037844386,0.5000000000000001,-0.8425720899866032,0.5385835804920232,1.0,0,0,129.0,129.0,27.0,31.5,23.1,0.1,70.0,5.9,1,0,1,3.0,22706.0,13054.0,9232.0,11432.0,19087.0,15524.0,13695.285714285714,16145.285714285714,16743.166666666668,5095.703507671504,3576.0849145528073,11274.0,-3047.880952380954,27877700.0,14442050.0,22597050.0,17033778.57142857,21223571.666666668,1227.7679908394257,1240.7749726060006,23539.0,13834.0,15605.0,19300.0,14955.714285714286,17772.5,21248750.0,14116750.0,13410550.0,20234.0,24489800.0,
2023-11-05,497.0,-0.7818314824680299,0.6234898018587334,-0.8660254037844386,0.5000000000000001,-0.8331829385891785,0.5529974600700271,0.0,0,0,130.0,130.0,27.1,32.1,22.9,0.0,69.0,7.1,0,0,1,4.0,20234.0,22706.0,13054.0,10356.0,17592.0,15337.0,14952.714285714286,16227.214285714286,16912.466666666667,5513.039110880278,3618.2815766350045,9878.0,-1959.752380952381,24489800.0,12624450.0,21957700.0,18469171.42857143,21347580.0,1210.3291489572007,1233.20765318781,21706.0,23539.0,11568.0,19093.0,15827.285714285714,17995.2,19760650.0,10492900.0,14216821.42857143,11004.0,13741700.0,
2023-11-06,498.0,0.0,1.0,-0.8660254037844386,0.5000000000000001,-0.8235472349556007,0.5672476988027229,0.0,0,0,131.0,131.0,26.4,32.0,21.4,0.0,56.0,9.2,0,0,1,5.0,11004.0,20234.0,22706.0,18819.0,17324.0,15605.0,15045.285714285714,15756.642857142857,16698.733333333334,5427.770835075446,3773.559829723911,-7815.0,-1653.4476190476198,13741700.0,24621650.0,22125100.0,18628778.57142857,21055080.0,1248.7913486005089,1237.4568559426914,13947.0,21706.0,19234.0,18579.0,16167.142857142857,17891.7,12761500.0,17576750.0,14540907.142857144,10414.0,12504400.0,
2023-11-07,499.0,0.7818314824680298,0.6234898018587336,-0.8660254037844386,0.5000000000000001,-0.8136678304455991,0.5813300798152042,0.0,0,0,132.0,132.0,25.2,30.2,20.1,0.0,62.0,8.1,0,0,1,6.0,10414.0,11004.0,20234.0,10268.0,19471.0,15053.0,13844.57142857143,15263.07142857143,16528.4,5383.308488811942,3940.069714069073,146.0,-2683.828571428572,12504400.0,13532200.0,23452400.0,16897742.85714286,20812585.0,1200.7297868254273,1222.0839718382356,11138.0,13947.0,12360.0,18556.0,15010.57142857143,17755.533333333333,10353100.0,11405850.0,13508957.142857144,16412.0,21755250.0,
2023-11-08,500.0,0.9749279121818236,-0.22252093395631434,-0.8660254037844386,0.5000000000000001,-0.8035476485339116,0.5952404359043674,0.0,0,0,133.0,133.0,25.1,30.2,20.5,0.0,67.0,7.3,0,0,1,7.0,16412.0,10414.0,11004.0,9232.0,16707.0,16309.0,14722.285714285714,15044.57142857143,16564.233333333334,5200.756538372945,3933.744050395653,7180.0,-1841.9476190476198,21755250.0,10933350.0,21197200.0,18072464.285714287,20863406.666666668,1325.5697050938338,1223.1796050385178,18250.0,11138.0,8550.0,17946.0,15852.0,17798.366666666665,17477100.0,7247700.0,14376278.57142857,11688.0,15182750.0,
2023-11-09,501.0,0.43388373911755823,-0.900968867902419,-0.8660254037844386,0.5000000000000001,-0.7931896839451843,0.6089746507720486,0.0,0,0,134.0,134.0,24.9,30.5,20.1,0.0,67.0,7.5,0,0,1,8.0,11688.0,16412.0,10414.0,13054.0,18471.0,17883.0,15073.142857142857,14686.07142857143,16433.666666666668,4838.890348987478,4030.495899439982,-1366.0,-1360.523809523811,15182750.0,15205050.0,23176950.0,18679521.42857143,20672876.666666668,1299.0032511978097,1239.567448797155,13871.0,18250.0,13834.0,19908.0,16612.14285714286,17680.733333333334,13018200.0,11785150.0,15200635.714285715,14350.0,16729650.0,
2023-11-10,502.0,-0.433883739117558,-0.9009688679024191,-0.8660254037844386,0.5000000000000001,-0.7825970017677834,0.6225286602431057,1.0,0,0,135.0,135.0,24.8,30.4,19.6,0.0,66.0,8.0,0,0,1,9.0,14350.0,11688.0,16412.0,22706.0,21515.0,21853.0,15258.285714285714,14391.714285714286,16410.233333333334,4773.105408232211,4040.8302807061173,-8356.0,-1151.9476190476198,16729650.0,27877700.0,26267400.0,18897321.42857143,20552793.333333332,1165.8292682926829,1239.7172142581271,14857.0,13871.0,23539.0,20807.0,16758.285714285714,17581.966666666667,12962000.0,21248750.0,15368757.142857144,23229.0,27037600.0,
2023-11-11,503.0,-0.9749279121818236,-0.2225209339563146,-0.8660254037844386,0.5000000000000001,-0.7717727365467837,0.6358984534680745,1.0,0,0,136.0,136.0,24.8,30.4,19.3,0.0,67.0,7.6,0,0,1,10.0,23229.0,14350.0,11688.0,20234.0,11432.0,17553.0,15333.0,14514.142857142857,16640.9,4911.211221956047,4228.026721198983,2995.0,-1307.9000000000015,27037600.0,24489800.0,14442050.0,18777307.14285714,20714120.0,1163.9588445477636,1230.601621930747,23371.0,14857.0,21706.0,15605.0,16734.285714285714,17757.666666666668,21247700.0,19760650.0,15368607.142857144,19375.0,23326900.0,
2023-11-12,504.0,-0.7818314824680299,0.6234898018587334,-0.8660254037844386,0.5000000000000001,-0.7607200913564104,0.6490800741100398,0.0,0,0,137.0,137.0,24.8,30.8,19.3,0.0,68.0,8.1,0,0,1,11.0,19375.0,23229.0,14350.0,11004.0,10356.0,16277.0,15210.285714285714,15081.5,16690.633333333335,4777.246861051762,4251.848997248433,8371.0,-1480.3476190476213,23326900.0,13741700.0,12624450.0,18611178.57142857,20736468.333333332,1203.9690322580645,1229.6930338308703,21329.0,23371.0,13947.0,11568.0,16680.428571428572,17822.333333333332,19026300.0,12761500.0,15263700.0,12516.0,15439300.0,
2023-11-13,505.0,0.0,1.0,-0.8660254037844386,0.5000000000000001,-0.7494423368521953,0.6620696215153815,0.0,0,0,138.0,138.0,24.7,30.8,19.2,0.0,68.0,7.4,0,0,1,12.0,12516.0,19375.0,23229.0,10414.0,18819.0,15993.0,15426.285714285714,15235.785714285714,16379.4,4585.707314191443,4202.379971003321,2102.0,-953.1142857142859,15439300.0,12504400.0,24621650.0,18853692.85714286,20394828.333333332,1233.5650367529563,1227.5178464240769,15043.0,21329.0,11138.0,19234.0,16837.0,17627.6,13692050.0,10353100.0,15396635.714285715,11904.0,14302700.0,
2023-11-14,506.0,0.7818314824680298,0.6234898018587336,-0.8660254037844386,0.5000000000000001,-0.7379428103031386,0.6748632518680403,0.0,0,0,139.0,139.0,25.1,30.9,19.6,0.0,68.0,6.3,0,0,1,13.0,11904.0,12516.0,19375.0,16412.0,10268.0,15903.0,15639.142857142857,14741.857142857143,16191.1,4342.399506746333,4273.930948000457,-4508.0,-551.9571428571435,14302700.0,21755250.0,13532200.0,19110592.85714286,20164321.666666668,1201.503696236559,1227.6284049113815,13387.0,15043.0,18250.0,12360.0,17158.285714285714,17479.266666666666,12420600.0,17477100.0,15691992.857142856,15330.0,19738550.0,
2023-11-15,507.0,0.9749279121818236,-0.22252093395631434,-0.8660254037844386,0.5000000000000001,-0.7262249146041543,0.6874571793269664,0.0,0,0,140.0,140.0,25.7,31.2,20.8,0.0,64.0,6.7,0,0,1,14.0,15330.0,11904.0,12516.0,11688.0,9232.0,16246.0,15484.57142857143,15103.42857142857,16159.533333333333,4329.542233583278,4276.770887362185,3642.0,-674.9619047619035,19738550.0,15182750.0,10933350.0,18822492.85714286,20112815.0,1287.576647097195,1222.200825197576,18503.0,13387.0,13871.0,8550.0,17194.428571428572,17485.4,17739150.0,13018200.0,15729428.57142857,12722.0,16254050.0,
2023-11-16,508.0,0.43388373911755823,-0.900968867902419,-0.8660254037844386,0.5000000000000001,-0.7142921172691032,0.699847677146407,0.0,0,0,141.0,141.0,24.4,27.1,22.6,6.7,79.0,9.7,1,0,1,15.0,12722.0,15330.0,11904.0,14350.0,13054.0,19546.0,15632.285714285714,15352.714285714286,16050.5,4193.938590962226,4322.613200288752,-1628.0,-418.21428571428623,16254050.0,16729650.0,15205050.0,18975535.714285713,19921708.333333332,1277.6332337682754,1219.1479655647852,14975.0,18503.0,14857.0,13834.0,17352.14285714286,17352.633333333335,13890300.0,12962000.0,15854014.285714285,13555.0,16218400.0,
2023-11-17,509.0,-0.433883739117558,-0.9009688679024191,-0.8660254037844386,0.5000000000000001,-0.7021479494046978,0.7120310787787131,1.0,0,0,142.0,142.0,22.0,22.8,19.8,124.3,89.0,21.9,1,1,1,16.0,13555.0,12722.0,15330.0,23229.0,22706.0,24608.0,15518.714285714286,15388.5,15972.233333333334,4244.904699137806,4346.5664426337835,-9674.0,-453.51904761904734,16218400.0,27037600.0,27877700.0,18902500.0,19735941.666666668,1196.488380671339,1223.5278387617363,14180.0,14975.0,23371.0,23539.0,17255.428571428572,17191.8,12446700.0,21247700.0,15780400.0,17202.0,23036000.0,
2023-11-18,510.0,-0.9749279121818236,-0.2225209339563146,-0.8660254037844386,0.5000000000000001,-0.6897960046655887,0.7240037789593305,1.0,0,0,143.0,143.0,22.6,26.5,18.7,0.1,85.0,9.3,1,0,1,17.0,17202.0,13555.0,12722.0,19375.0,20234.0,19087.0,14657.714285714286,14995.357142857143,16004.1,2778.21865675873,4352.1436204591955,-2173.0,-1346.3857142857141,23036000.0,23326900.0,24489800.0,18330842.85714286,19760555.0,1339.1466108592024,1248.5546625205131,21737.0,14180.0,21329.0,21706.0,17022.0,17277.233333333334,19900000.0,19026300.0,15587871.42857143,17591.0,21236850.0,
2023-11-19,511.0,-0.7818314824680299,0.6234898018587334,-0.8660254037844386,0.5000000000000001,-0.6772399381909491,0.7357622347736527,0.0,0,0,143.0,-143.0,23.9,28.2,20.2,0.0,83.0,6.2,0,0,1,18.0,17591.0,17202.0,13555.0,12516.0,11004.0,17592.0,14402.857142857143,14806.57142857143,15938.933333333332,2316.8840014534326,4311.729246932233,5075.0,-1536.0761904761894,21236850.0,15439300.0,13741700.0,18032264.285714287,19653520.0,1207.256551645728,1249.0243081473222,19687.0,21737.0,15043.0,13947.0,16787.428571428572,17244.2,17318850.0,13692050.0,15343950.0,12292.0,15378500.0,
2023-11-20,512.0,0.0,1.0,-0.8660254037844386,0.5000000000000001,-0.6644834655228552,0.7473029667054297,0.0,0,0,142.0,-142.0,24.2,28.6,19.8,0.0,81.0,5.7,0,0,1,19.0,12292.0,17591.0,17202.0,11904.0,10414.0,17324.0,14370.857142857143,14898.57142857143,15528.4,2348.617637999895,4035.32052822542,388.0,-1157.5428571428565,15378500.0,14302700.0,12504400.0,18023578.57142857,19212755.0,1251.0982753010087,1251.5290565113298,14900.0,19687.0,13387.0,11138.0,16767.0,16992.0,13673000.0,12420600.0,15341228.57142857,12435.0,15457100.0,
2023-11-21,513.0,0.7818314824680298,0.6234898018587336,-0.8660254037844386,0.5000000000000001,-0.6515303615068021,0.75862255966641,0.0,0,0,141.0,-141.0,24.1,28.0,20.7,1.5,76.0,4.4,1,0,1,20.0,12435.0,12292.0,17591.0,15330.0,16412.0,19471.0,14446.714285714286,15042.92857142857,15306.666666666666,2262.6646322633915,4015.749428346422,-2895.0,-859.9523809523798,15457100.0,19738550.0,21755250.0,18188492.85714286,18974756.666666668,1243.0317651789305,1257.4616377888112,13056.0,14900.0,18503.0,18250.0,16719.714285714286,16783.866666666665,12017300.0,17739150.0,15283614.285714285,15871.0,20997300.0,
2023-11-22,514.0,0.9749279121818236,-0.22252093395631434,-0.8660254037844386,0.5000000000000001,-0.6383844591746642,0.769717664006921,0.0,0,0,140.0,-140.0,22.6,27.4,19.2,0.0,74.0,8.0,0,0,1,21.0,15871.0,12435.0,12292.0,12722.0,11688.0,16707.0,14524.0,15004.285714285714,15249.3,2306.6748073074914,3994.2115716760163,3149.0,-725.2999999999993,20997300.0,16254050.0,15182750.0,18368314.285714287,18942743.333333332,1322.9979207359336,1262.5218197372026,18163.0,13056.0,14975.0,13871.0,16671.14285714286,16752.866666666665,17049600.0,13890300.0,15185107.142857144,12628.0,16469450.0,
2023-11-23,515.0,0.43388373911755823,-0.900968867902419,-0.8660254037844386,0.5000000000000001,-0.6250496486104377,0.7805849965070866,0.0,0,0,139.0,-139.0,21.8,27.0,17.1,0.0,73.0,7.7,0,0,1,22.0,12628.0,15871.0,12435.0,13555.0,14350.0,18471.0,14510.57142857143,15071.42857142857,15092.766666666666,2319.1536428292125,4002.1106903934046,-927.0,-582.1952380952371,16469450.0,16218400.0,16729650.0,18399085.714285713,18754221.666666668,1304.2009819448845,1266.3172123338609,15287.0,18163.0,14180.0,14857.0,16715.714285714286,16643.133333333335,14452600.0,12446700.0,15265435.714285715,15237.0,18203250.0,
2023-11-24,516.0,-0.433883739117558,-0.9009688679024191,-0.8660254037844386,0.5000000000000001,-0.6115298757991053,0.7912213413483807,1.0,0,0,138.0,-138.0,22.3,27.1,17.1,0.0,76.0,5.2,0,0,1,23.0,15237.0,12628.0,15871.0,17202.0,23229.0,21515.0,14750.857142857143,15134.785714285714,14951.633333333333,2290.606282811936,3916.1210882914716,-1965.0,-200.7761904761901,18203250.0,23036000.0,27037600.0,18682635.714285713,18579250.0,1194.6741484544202,1266.0580363028726,15957.0,15287.0,21737.0,23371.0,16969.571428571428,16556.5,14266950.0,19900000.0,15525471.42857143,22077.0,26207000.0,
2023-11-25,517.0,-0.9749279121818236,-0.2225209339563146,-0.8660254037844386,0.5000000000000001,-0.5978291414589552,0.801623551065242,1.0,0,0,137.0,-137.0,22.2,27.4,17.3,0.0,75.0,7.1,0,0,1,24.0,22077.0,15237.0,12628.0,17591.0,19375.0,11432.0,15447.285714285714,15052.5,15130.633333333333,3553.1779538082383,4116.712929471572,4486.0,316.65238095238055,26207000.0,21236850.0,23326900.0,19135635.714285713,18746243.333333332,1187.072518911084,1244.33316602457,22146.0,15957.0,19687.0,21329.0,17028.0,16696.5,20016250.0,17318850.0,15542078.57142857,19162.0,22800100.0,
2023-11-26,518.0,-0.7818314824680299,0.6234898018587334,-0.8660254037844386,0.5000000000000001,-0.5839514998576998,0.8117885474764613,0.0,0,0,136.0,-136.0,22.3,28.0,17.0,0.0,73.0,6.3,0,0,1,25.0,19162.0,22077.0,15237.0,12292.0,12516.0,10356.0,15671.714285714286,15037.285714285714,15153.666666666666,3755.0289707842317,4137.925461682102,6870.0,518.0476190476202,22800100.0,15378500.0,15439300.0,19358957.14285714,18733681.666666668,1189.86013986014,1241.8479643409144,19408.0,22146.0,14900.0,15043.0,16988.14285714286,16679.833333333332,17048550.0,13673000.0,15503464.285714285,13498.0,16366300.0,
2023-11-27,519.0,0.0,1.0,-0.8660254037844386,0.5000000000000001,-0.5699010576127624,0.821713322596059,0.0,0,0,135.0,-135.0,23.8,29.0,17.6,0.0,74.0,4.5,0,0,1,26.0,13498.0,19162.0,22077.0,12435.0,11904.0,18819.0,15844.0,15107.42857142857,14886.433333333332,3598.523864030959,3968.334347733639,1063.0,957.5666666666675,16366300.0,15457100.0,14302700.0,19500071.42857143,18403645.0,1212.498147873759,1236.3336604227359,15396.0,19408.0,13056.0,13387.0,17059.0,16499.466666666667,14035350.0,12017300.0,15555228.57142857,13393.0,16776150.0,
2023-11-28,520.0,0.7818314824680298,0.6234898018587336,-0.8660254037844386,0.5000000000000001,-0.5556819724760489,0.8313949395234058,0.0,0,0,134.0,-134.0,24.1,28.8,20.1,0.0,77.0,4.7,0,0,1,27.0,13393.0,13498.0,19162.0,15871.0,15330.0,10268.0,15980.857142857143,15213.785714285714,14951.8,3462.9287907094053,3925.389050782134,-2478.0,1029.0571428571438,16776150.0,20997300.0,19738550.0,19688507.14285714,18481448.333333332,1252.6058388710521,1237.7013852358962,14411.0,15396.0,18163.0,18503.0,17252.571428571428,16459.666666666668,13398850.0,17049600.0,15752592.857142856,16792.0,21629800.0,
2023-11-29,521.0,0.9749279121818236,-0.22252093395631434,-0.8660254037844386,0.5000000000000001,-0.5412984521036173,0.8408305333122887,0.0,0,0,133.0,-133.0,23.5,28.2,19.3,0.0,79.0,5.2,0,0,1,28.0,16792.0,13393.0,13498.0,12628.0,12722.0,9232.0,16112.42857142857,15318.214285714286,15166.333333333334,3475.5326142019208,3840.509658467462,4164.0,946.0952380952367,21629800.0,16469450.0,16254050.0,19778864.285714287,18781626.666666668,1288.101476893759,1232.7161789727284,18942.0,14411.0,15287.0,14975.0,17363.85714285714,16705.466666666667,17640900.0,14452600.0,15837064.285714285,14460.0,18400150.0,
2023-11-30,522.0,0.43388373911755823,-0.900968867902419,-0.8660254037844386,0.5000000000000001,-0.5267547528105542,0.8500173118187018,0.0,0,0,132.0,-132.0,23.2,28.5,19.4,0.0,80.0,7.4,0,0,1,29.0,14460.0,16792.0,13393.0,15237.0,13555.0,13054.0,16374.142857142857,15442.357142857143,15021.033333333333,3229.7001629961583,3779.5250977296173,-777.0,1353.109523809524,18400150.0,18203250.0,16218400.0,20054678.57142857,18574243.333333332,1272.4861687413554,1228.185491372224,16207.0,18942.0,15957.0,14180.0,17495.285714285714,16604.566666666666,15183900.0,14266950.0,15941535.714285715,16609.0,19782250.0,
2023-12-01,523.0,-0.433883739117558,-0.9009688679024191,-0.5000000000000004,0.8660254037844384,-0.5120551783114646,0.8589525565270845,1.0,0,0,131.0,-131.0,22.9,28.4,18.0,0.0,76.0,7.2,0,0,1,30.0,16609.0,14460.0,16792.0,22077.0,17202.0,22706.0,16570.14285714286,15660.5,15232.4,3190.583302395358,3680.5618255538634,-5468.0,1337.742857142859,19782250.0,26207000.0,23036000.0,20280250.0,18782578.333333332,1191.0560539466555,1227.668620728258,16451.0,16207.0,22146.0,21737.0,17565.85714285714,16740.933333333334,14633450.0,20016250.0,15993892.857142856,24695.0,28962800.0,
2023-12-02,524.0,-0.9749279121818236,-0.2225209339563146,-0.5000000000000004,0.8660254037844384,-0.4972040784469378,0.8676336233547726,1.0,0,0,130.0,-130.0,22.8,28.2,18.9,0.0,76.0,7.3,0,0,1,31.0,24695.0,16609.0,14460.0,19162.0,17591.0,20234.0,16944.14285714286,16195.714285714286,15747.833333333334,3995.5731098542938,3888.1578749993896,5533.0,1196.3095238095248,28962800.0,22800100.0,21236850.0,20673935.714285713,19383560.0,1172.820408989674,1225.6326050251992,23124.0,16451.0,19408.0,19687.0,17705.571428571428,17226.733333333334,20545600.0,17048550.0,16069514.285714285,19601.0,23422650.0,
2023-12-03,525.0,-0.7818314824680299,0.6234898018587334,-0.5000000000000004,0.8660254037844384,-0.4822058478963526,0.8760579434344281,0.0,0,0,129.0,-129.0,23.0,28.6,18.4,0.0,77.0,7.9,0,0,1,32.0,19601.0,24695.0,16609.0,13498.0,12292.0,11004.0,17006.85714285714,16339.285714285714,15966.066666666668,4039.3913497197454,3915.38415725083,6103.0,1040.7904761904738,23422650.0,16366300.0,15378500.0,20762871.42857143,19657480.0,1194.9721952961584,1226.362898658916,19560.0,23124.0,15396.0,14900.0,17727.285714285714,17417.6,16838550.0,14035350.0,16039514.285714285,14730.0,17812550.0,
2023-12-04,526.0,0.0,1.0,-0.5000000000000004,0.8660254037844384,-0.46706492487743034,0.8842230238742036,0.0,0,0,128.0,-128.0,22.6,27.0,19.1,0.0,80.0,7.7,0,0,1,33.0,14730.0,19601.0,24695.0,13393.0,12435.0,10414.0,17182.85714285714,16513.428571428572,15700.2,3884.9123297088736,3707.203457575845,1337.0,1482.6571428571406,17812550.0,16776150.0,15457100.0,20969478.57142857,19321975.0,1209.2701968771216,1225.9017628022536,15457.0,19560.0,14411.0,13056.0,17736.0,17148.2,13849750.0,13398850.0,16013000.0,14323.0,18123900.0,
2023-12-05,527.0,0.7818314824680298,0.6234898018587336,-0.5000000000000004,0.8660254037844384,-0.451785789832884,0.8921264484954345,0.0,0,0,127.0,-127.0,22.6,24.3,21.5,0.5,81.0,8.6,1,0,1,34.0,14323.0,14730.0,19601.0,16792.0,15871.0,16412.0,17315.714285714286,16648.285714285714,15503.166666666666,3747.1649600858846,3613.8337660310253,-2469.0,1812.5476190476202,18123900.0,21629800.0,20997300.0,21162014.285714287,19109778.333333332,1265.3703832995882,1227.7252691491874,14057.0,15457.0,18942.0,18163.0,17685.428571428572,16893.233333333334,12967400.0,17640900.0,15951364.285714285,17244.0,22585050.0,
2023-12-06,528.0,0.9749279121818236,-0.22252093395631434,-0.5000000000000004,0.8660254037844384,-0.4363729641045924,0.8997658785476209,0.0,0,0,126.0,-126.0,23.0,26.3,20.4,1.7,82.0,10.7,1,0,1,35.0,17244.0,14323.0,14730.0,14460.0,12628.0,11688.0,17380.285714285714,16746.35714285714,15711.166666666666,3740.5247276412224,3524.4178788925838,2784.0,1669.1190476190477,22585050.0,18400150.0,16469450.0,21298478.57142857,19404556.666666668,1309.7338204592902,1230.8156039442636,20291.0,14057.0,16207.0,15287.0,17878.14285714286,17104.7,18853200.0,15183900.0,16124550.0,14988.0,19237850.0,
2023-12-07,529.0,0.43388373911755823,-0.900968867902419,-0.5000000000000004,0.8660254037844384,-0.42083100859565564,0.9071390534005044,0.0,0,0,125.0,-125.0,20.7,22.1,19.8,45.6,90.0,12.7,1,1,1,36.0,14988.0,17244.0,14323.0,16609.0,15237.0,14350.0,17455.714285714286,16914.928571428572,15863.633333333333,3676.5991402511418,3383.4777709388018,-1621.0,1592.080952380953,19237850.0,19782250.0,18203250.0,21418150.0,19629005.0,1283.550173472111,1232.3961760486568,16416.0,20291.0,16451.0,15957.0,17908.0,17280.633333333335,15200800.0,14633450.0,16126964.285714285,14454.0,19115200.0,
2023-12-08,530.0,-0.433883739117558,-0.9009688679024191,-0.5000000000000004,0.8660254037844384,-0.4051645224207563,0.9142437912130223,1.0,0,0,124.0,-124.0,21.1,24.8,18.7,2.3,87.0,8.1,1,0,1,37.0,14454.0,14988.0,17244.0,24695.0,22077.0,23229.0,17147.85714285714,16859.0,15798.366666666667,3845.6516321932613,3391.4105547065424,-10241.0,1349.4904761904745,19115200.0,28962800.0,26207000.0,21322857.14285714,19541003.333333332,1322.4851252248513,1251.1717576598278,15293.0,16416.0,23124.0,22146.0,17742.571428571428,17182.066666666666,13922850.0,20545600.0,16025450.0,20888.0,25465850.0,
2023-12-09,531.0,-0.9749279121818236,-0.2225209339563146,-0.5000000000000004,0.8660254037844384,-0.3893781415452015,0.9210779895789526,1.0,0,0,123.0,-123.0,20.8,25.1,17.3,0.1,84.0,8.8,1,0,1,38.0,20888.0,14454.0,14988.0,19601.0,19162.0,19375.0,16604.0,16774.071428571428,16105.033333333333,2698.5507839085762,3422.724368437964,1287.0,498.96666666666715,25465850.0,23422650.0,22800100.0,20823292.85714286,19883773.333333332,1219.1617196476445,1257.7919448966807,20894.0,15293.0,19560.0,19408.0,17424.0,17416.166666666668,18906300.0,16838550.0,15791264.285714285,18725.0,22489800.0,
2023-12-10,532.0,-0.7818314824680299,0.6234898018587334,-0.5000000000000004,0.8660254037844384,-0.37347653741307074,0.9276396261490467,0.0,0,0,122.0,-122.0,20.1,25.1,16.6,0.0,77.0,7.7,0,0,1,39.0,18725.0,20888.0,14454.0,14730.0,13498.0,12516.0,16478.85714285714,16742.85714285714,16250.866666666667,2552.778383681346,3438.53559180244,3995.0,227.9904761904745,22489800.0,17812550.0,16366300.0,20690028.57142857,20075778.333333332,1201.0574098798397,1258.661261265778,18926.0,20894.0,15457.0,15396.0,17333.428571428572,17551.8,16407650.0,13849750.0,15729707.142857144,15796.0,20131800.0,
2023-12-11,533.0,0.0,1.0,-0.5000000000000004,0.8660254037844384,-0.3574644155648614,0.9339267592294762,0.0,0,0,121.0,-121.0,19.2,24.5,14.4,0.0,79.0,9.2,0,0,1,40.0,15796.0,18725.0,20888.0,14323.0,13393.0,11904.0,16631.14285714286,16907.0,16003.1,2461.2165304020014,3176.1676793876018,1473.0,628.0428571428583,20131800.0,18123900.0,16776150.0,21021350.0,19845585.0,1274.487211952393,1267.9779777051026,18175.0,18926.0,14057.0,14411.0,17721.714285714286,17378.6,17106150.0,12967400.0,16194907.142857144,15952.0,21059750.0,
2023-12-12,534.0,0.7818314824680298,0.6234898018587336,-0.5000000000000004,0.8660254037844384,-0.34134651424503615,0.9399375283564133,0.0,0,0,120.0,-120.0,19.7,24.4,15.1,0.0,80.0,6.5,0,0,1,41.0,15952.0,15796.0,18725.0,17244.0,16792.0,15330.0,16863.85714285714,17089.785714285714,15889.0,2276.698664629127,3111.6883653024834,-1292.0,974.8571428571413,21059750.0,22585050.0,21629800.0,21440757.14285714,19770013.333333332,1320.1949598796389,1275.8100600736811,18264.0,18175.0,20291.0,18942.0,18322.714285714286,17276.433333333334,17453500.0,18853200.0,16835778.57142857,15959.0,20776850.0,
2023-12-13,535.0,0.9749279121818236,-0.22252093395631434,-0.5000000000000004,0.8660254037844384,-0.3251276029999093,0.9456701548465688,0.0,0,0,119.0,-119.0,19.4,24.5,15.5,0.0,76.0,7.2,0,0,1,42.0,15959.0,15952.0,15796.0,14988.0,14460.0,12722.0,16680.285714285714,17030.285714285714,16003.766666666666,2292.6879940575195,3045.7894020449626,971.0,676.5190476190473,20776850.0,19237850.0,18400150.0,21182442.85714286,19947931.666666668,1301.889216116298,1274.6894023103966,18358.0,18264.0,16416.0,16207.0,18046.571428571428,17386.933333333334,17103450.0,15200800.0,16585814.285714285,16179.0,21220850.0,
2023-12-14,536.0,0.43388373911755823,-0.900968867902419,-0.5000000000000004,0.8660254037844384,-0.30881248126625377,0.9511229423235357,0.0,0,0,118.0,-118.0,18.5,24.0,14.1,0.0,73.0,7.4,0,0,1,43.0,16179.0,15959.0,15952.0,14454.0,16609.0,13555.0,16850.428571428572,17153.071428571428,16146.266666666666,2187.9718810764443,2945.725084128622,1725.0,704.161904761906,21220850.0,19115200.0,19782250.0,21465728.57142857,20178536.666666668,1311.6292725137523,1278.7007021734883,17847.0,18358.0,15293.0,16451.0,18251.0,17535.6,16745500.0,13922850.0,16806485.714285713,21991.0,26207550.0,
2023-12-15,537.0,-0.433883739117558,-0.9009688679024191,-0.5000000000000004,0.8660254037844384,-0.29240597695107734,0.9562942772197719,1.0,0,0,117.0,-117.0,18.2,23.8,13.4,0.0,76.0,8.7,0,0,1,44.0,21991.0,16179.0,15959.0,20888.0,24695.0,17202.0,17927.14285714286,17537.5,16368.3,2623.316439710867,3127.504482204158,1103.0,1558.8428571428594,26207550.0,25465850.0,28962800.0,22478921.42857143,20394170.0,1191.7398026465373,1260.022798948015,23771.0,17847.0,20894.0,23124.0,19462.14285714286,17711.2,20533600.0,18906300.0,17750878.57142857,27816.0,32554350.0,
2023-12-16,538.0,-0.9749279121818236,-0.2225209339563146,-0.5000000000000004,0.8660254037844384,-0.27591294500296043,0.9611826292540837,1.0,1,0,116.0,-116.0,18.8,24.2,14.7,0.0,82.0,7.8,0,0,1,45.0,27816.0,21991.0,16179.0,18725.0,19601.0,17591.0,18916.85714285714,17760.428571428572,16871.433333333334,4536.092570651957,3685.0924349360857,9091.0,2045.423809523807,32554350.0,22489800.0,23422650.0,23491564.285714287,20937513.333333332,1170.3462036238136,1253.0491538017534,26217.0,23771.0,18926.0,19560.0,20222.571428571428,18085.933333333334,22744850.0,16407650.0,18299242.85714286,23724.0,26222250.0,Victory Day
2023-12-17,539.0,-0.7818314824680299,0.6234898018587334,-0.5000000000000004,0.8660254037844384,-0.2593382659754056,0.9657865518844574,0.0,0,0,115.0,-115.0,18.7,24.2,14.5,0.0,80.0,7.2,0,0,1,46.0,23724.0,27816.0,21991.0,15796.0,14730.0,12292.0,19631.0,18054.928571428572,17210.4,4881.233245809917,3834.189520975559,7928.0,2420.5999999999985,26222250.0,20131800.0,17812550.0,24024771.42857143,21270975.0,1105.3047546788064,1239.3702030587483,22506.0,26217.0,18175.0,15457.0,20734.0,18363.466666666667,18881150.0,17106150.0,18652600.0,19533.0,23799100.0,
2023-12-18,540.0,0.0,1.0,-0.5000000000000004,0.8660254037844384,-0.2426868445825954,0.9701046827361175,0.0,0,0,114.0,-114.0,18.9,24.2,14.5,0.0,80.0,7.5,0,0,1,47.0,19533.0,23724.0,27816.0,15952.0,14323.0,12435.0,20164.85714285714,18398.0,17288.1,4587.409996522052,3857.561096126021,3581.0,2876.7571428571428,23799100.0,21059750.0,18123900.0,24548671.42857143,21296411.666666668,1218.4047509343163,1231.358422913309,20744.0,22506.0,18264.0,14057.0,21101.0,18330.366666666665,18029700.0,17453500.0,18784535.714285713,17395.0,22828200.0,
2023-12-19,541.0,0.7818314824680298,0.6234898018587336,-0.5000000000000004,0.8660254037844384,-0.22596360824801906,0.974135744004672,0.0,0,0,113.0,-113.0,18.9,24.0,15.2,0.0,78.0,8.6,0,0,1,48.0,17395.0,19533.0,23724.0,15959.0,17244.0,15871.0,20371.0,18617.428571428572,17281.566666666666,4394.930071495256,3857.1963615124046,1436.0,3089.4333333333343,22828200.0,20776850.0,22585050.0,24801307.14285714,21349456.666666668,1312.3426271917217,1230.2366611007494,19941.0,20744.0,18358.0,20291.0,21340.571428571428,18338.833333333332,18833550.0,17103450.0,18981685.714285713,15901.0,21123500.0,
2023-12-20,542.0,0.9749279121818236,-0.22252093395631434,-0.5000000000000004,0.8660254037844384,-0.20917350564635637,0.9778785428342386,0.0,0,0,112.0,-112.0,18.9,24.5,14.7,0.0,79.0,7.4,0,0,1,49.0,15901.0,17395.0,19533.0,16179.0,14988.0,12628.0,20362.714285714286,18521.5,17401.866666666665,4404.678146179189,3751.031929127436,-278.0,2960.8476190476213,21123500.0,21220850.0,19237850.0,24850828.57142857,21540956.666666668,1328.438462989749,1234.0294106540994,18649.0,19941.0,17847.0,16416.0,21382.14285714286,18463.8,17325100.0,16745500.0,19013350.0,17496.0,23149700.0,
2023-12-21,543.0,0.43388373911755823,-0.900968867902419,-0.5000000000000004,0.8660254037844384,-0.19232150523909483,0.9813319716704275,0.0,0,0,111.0,-111.0,19.2,24.7,14.3,0.0,80.0,6.1,0,0,1,50.0,17496.0,15901.0,17395.0,21991.0,14454.0,15237.0,20550.85714285714,18700.64285714286,17570.566666666666,4220.4648017555,3631.8622627245168,-4495.0,2980.2904761904756,23149700.0,26207550.0,19115200.0,25126378.57142857,21797376.666666668,1323.1424325560129,1235.674147802994,19747.0,18649.0,23771.0,15293.0,21653.571428571428,18686.833333333332,18792950.0,20533600.0,19305842.85714286,20120.0,25191550.0,
2023-12-22,544.0,-0.433883739117558,-0.9009688679024191,-0.5000000000000004,0.8660254037844384,-0.17541259380427843,0.9844950085880858,1.0,0,0,110.0,-110.0,19.8,25.4,14.8,0.0,79.0,5.8,0,0,1,51.0,20120.0,17496.0,15901.0,27816.0,20888.0,22077.0,20283.571428571428,19105.35714285714,17712.2,4173.037936449607,3646.120114540292,-7696.0,2571.371428571427,25191550.0,32554350.0,25465850.0,24981235.714285713,21937185.0,1252.0651093439365,1244.2920487597653,20515.0,19747.0,26217.0,20894.0,21188.428571428572,18765.233333333334,18468350.0,22744850.0,19010807.14285714,24946.0,29173400.0,
2023-12-23,545.0,-0.9749279121818236,-0.2225209339563146,-0.5000000000000004,0.8660254037844384,-0.15845177496083632,0.9873667175937016,1.0,0,0,109.0,-109.0,19.5,24.8,14.6,0.0,82.0,5.4,0,0,1,52.0,24946.0,20120.0,17496.0,23724.0,18725.0,19162.0,19873.571428571428,19395.214285714286,18122.8,3374.155047669607,3746.0441976883562,1222.0,1750.7714285714283,29173400.0,26222250.0,22489800.0,24498242.85714286,22360650.0,1169.4620380020845,1244.1657393852324,22892.0,20515.0,22506.0,18926.0,20713.428571428572,19018.733333333334,20408350.0,18881150.0,18677021.42857143,20258.0,24873600.0,
2023-12-24,546.0,-0.7818314824680299,0.6234898018587334,-0.5000000000000004,0.8660254037844384,-0.14144406768794202,0.9899462489023779,0.0,0,0,108.0,-108.0,20.2,25.2,14.6,0.0,79.0,3.9,0,0,1,53.0,20258.0,24946.0,20120.0,19533.0,15796.0,13498.0,19378.428571428572,19504.714285714286,18290.166666666668,2941.5232367569347,3724.770097819368,725.0,1088.2619047619046,24873600.0,23799100.0,20131800.0,24305578.57142857,22582995.0,1227.8408529963472,1261.6708962877383,19429.0,22892.0,20744.0,18175.0,20273.85714285714,19134.466666666667,17120400.0,18029700.0,18425485.714285713,16969.0,21208350.0,
2023-12-25,547.0,0.0,1.0,-0.5000000000000004,0.8660254037844384,-0.12439450483979998,0.9922328391893008,0.0,1,0,107.0,-107.0,20.9,25.0,17.7,0.0,80.0,4.9,0,0,1,54.0,16969.0,20258.0,24946.0,17395.0,15952.0,13393.0,19012.14285714286,19588.5,18119.9,3075.6476515021263,3661.915405621921,-426.0,892.2428571428572,21208350.0,22828200.0,21059750.0,23935471.42857143,22416373.333333332,1249.829100123755,1266.1600890290867,17727.0,19429.0,19941.0,18264.0,19842.85714285714,18987.166666666668,16225250.0,18833550.0,18167707.14285714,22016.0,26863450.0,Christmas Day
2023-12-26,548.0,0.7818314824680298,0.6234898018587336,-0.5000000000000004,0.8660254037844384,-0.10730813165636247,0.9942258118156161,0.0,0,0,106.0,-106.0,19.9,25.5,15.2,0.0,80.0,5.7,0,0,1,55.0,22016.0,16969.0,20258.0,15901.0,15959.0,16792.0,19672.285714285714,20021.64285714286,18215.033333333333,3165.3103436201304,3726.4257672534804,6115.0,1457.252380952381,26863450.0,21123500.0,20776850.0,24511935.714285713,22551818.333333332,1220.1785065406978,1252.9937860789403,20544.0,17727.0,18649.0,18358.0,19929.0,19025.033333333333,18777900.0,17325100.0,18159757.14285714,17300.0,22104800.0,
2023-12-27,549.0,0.9749279121818236,-0.22252093395631434,-0.5000000000000004,0.8660254037844384,-0.09019000427034513,0.9959245770286599,0.0,0,0,105.0,-105.0,20.2,25.5,15.5,0.0,80.0,6.0,0,0,1,56.0,17300.0,22016.0,16969.0,17496.0,16179.0,14460.0,19872.14285714286,20117.428571428572,18341.766666666666,2922.34725455249,3623.706729430467,-196.0,1530.3761904761923,22104800.0,23149700.0,21220850.0,24652121.42857143,22743101.666666668,1277.7341040462427,1245.7503062298679,18622.0,20544.0,19747.0,17847.0,19925.14285714286,19132.566666666666,17205450.0,18792950.0,18142664.285714287,17255.0,22559900.0,
2023-12-28,550.0,0.43388373911755823,-0.900968867902419,-0.5000000000000004,0.8660254037844384,-0.07304518821104743,0.9973286321364752,0.0,0,0,104.0,-104.0,20.3,25.7,16.0,0.0,78.0,5.8,0,0,1,57.0,17255.0,17300.0,22016.0,20120.0,21991.0,16609.0,19837.714285714286,20194.285714285714,18470.5,2956.22973364643,3508.609438175654,-2865.0,1367.2142857142862,22559900.0,25191550.0,26207550.0,24567864.285714287,22935893.333333332,1307.4413213561286,1243.5072903441703,18875.0,18622.0,20515.0,23771.0,19800.571428571428,19281.366666666665,17861850.0,18468350.0,18009650.0,19405.0,24114700.0,
2023-12-29,551.0,-0.433883739117558,-0.9009688679024191,-0.5000000000000004,0.8660254037844384,-0.05587875690537313,0.9984375616565666,1.0,0,0,103.0,-103.0,20.4,26.2,15.3,0.0,77.0,7.5,0,0,1,58.0,19405.0,17255.0,17300.0,24946.0,27816.0,24695.0,19735.571428571428,20009.571428571428,18557.6,2957.2027806212914,3497.9215562664067,-5541.0,1177.971428571429,24114700.0,29173400.0,32554350.0,24414028.57142857,23018723.333333332,1242.7054882762175,1242.1702016202105,19595.0,18875.0,22892.0,26217.0,19669.14285714286,19303.133333333335,18163950.0,20408350.0,17966164.285714287,23275.0,27301250.0,
2023-12-30,552.0,-0.9749279121818236,-0.2225209339563146,-0.5000000000000004,0.8660254037844384,-0.03869579017652689,0.9992510374388481,1.0,0,0,102.0,-102.0,20.4,26.1,15.7,0.0,77.0,7.7,0,0,1,59.0,23275.0,19405.0,17255.0,20258.0,23724.0,19601.0,19496.85714285714,19685.214285714286,18851.433333333334,2498.345681217308,3512.0560702001853,3017.0,645.423809523807,27301250.0,24873600.0,26222250.0,24146578.57142857,23315426.666666668,1172.986036519871,1242.6736299798943,21555.0,19595.0,19429.0,22506.0,19478.14285714286,19481.4,19492200.0,17120400.0,17835285.714285713,19838.0,24258200.0,
2023-12-31,553.0,-0.7818314824680299,0.6234898018587334,-0.5000000000000004,0.8660254037844384,-0.021501372740813793,0.999768818762748,0.0,0,0,101.0,-101.0,20.1,25.5,16.5,0.0,80.0,8.3,0,0,1,60.0,19838.0,23275.0,19405.0,16969.0,19533.0,14730.0,19436.85714285714,19407.64285714286,18959.066666666666,2482.0094969313027,3490.3752187717823,2869.0,477.7904761904756,24258200.0,21208350.0,23799100.0,24058664.285714287,23464625.0,1222.81479987902,1241.9556223917045,18720.0,21555.0,17727.0,20744.0,19376.85714285714,19557.033333333333,16700600.0,16225250.0,17775314.285714287,17666.0,22499150.0,
2024-01-01,554.0,0.0,1.0,0.0,1.0,0.0,1.0,0.0,0,0,100.0,-100.0,19.4,24.5,16.0,0.0,83.0,8.2,0,0,1,61.0,17666.0,19838.0,23275.0,22016.0,17395.0,14323.0,19536.428571428572,19274.285714285714,18724.766666666666,2378.3201955121563,3324.0142503878797,-4350.0,811.661904761906,22499150.0,26863450.0,22828200.0,24243064.285714287,23249170.0,1273.584852258576,1245.3493012681076,18139.0,18720.0,20544.0,19941.0,19435.714285714286,19390.866666666665,16946450.0,18777900.0,17878342.85714286,16279.0,21273950.0,
2024-01-02,555.0,0.7818314824680298,0.6234898018587336,0.0,1.0,0.017201575418260506,0.9998520419557735,0.0,0,0,99.0,-99.0,18.3,23.2,14.5,0.0,83.0,8.1,0,0,1,62.0,16279.0,17666.0,19838.0,17300.0,15901.0,17244.0,18716.85714285714,19194.571428571428,18614.033333333333,2369.9200709849347,3349.0564032207812,-1021.0,102.82380952380845,21273950.0,22104800.0,21123500.0,23444564.285714287,23177546.666666668,1306.8339578598193,1257.7286514565535,16694.0,18139.0,18622.0,18649.0,18885.714285714286,19295.333333333332,15855700.0,17205450.0,17460885.714285713,16649.0,22503000.0,
2024-01-03,556.0,0.9749279121818236,-0.22252093395631434,0.0,1.0,0.03439806061360801,0.9994082116062598,0.0,0,0,98.0,-98.0,17.9,23.7,13.7,0.0,84.0,7.2,0,0,1,63.0,16649.0,16279.0,17666.0,17255.0,17496.0,14988.0,18623.85714285714,19248.0,18678.0,2446.32829825787,3290.1214420517013,-606.0,-54.1428571428587,22503000.0,22559900.0,23149700.0,23501450.0,23333895.0,1351.6127094720403,1268.2827379459534,17406.0,16694.0,18875.0,19747.0,18712.0,19360.3,16937700.0,17861850.0,17422635.714285713,17195.0,22768650.0,
2024-01-04,557.0,0.43388373911755823,-0.900968867902419,0.0,1.0,0.051584366869408364,0.9986686402879997,0.0,0,0,97.0,-97.0,18.1,23.9,13.3,0.0,84.0,6.8,0,0,1,64.0,17195.0,16649.0,16279.0,19405.0,20120.0,14454.0,18615.285714285714,19226.5,18773.733333333334,2452.0223431748486,3199.5710481178735,-2210.0,-158.4476190476198,22768650.0,24114700.0,25191550.0,23531271.42857143,23488720.0,1324.1436464088397,1270.6687843820548,16791.0,17406.0,19595.0,20515.0,18414.285714285714,19451.433333333334,16262450.0,18163950.0,17194150.0,20579.0,25468600.0,
2024-01-05,558.0,-0.433883739117558,-0.9009688679024191,0.0,1.0,0.06875540848113941,0.9976335468520451,1.0,0,0,96.0,-96.0,18.3,24.2,13.4,0.0,81.0,7.2,0,0,1,65.0,20579.0,17195.0,16649.0,23275.0,24946.0,20888.0,18783.0,19259.285714285714,18884.9,2553.1062779811487,3202.523545365556,-2696.0,-101.90000000000146,25468600.0,27301250.0,29173400.0,23724685.714285713,23584838.333333332,1237.6014383594927,1269.9396343939513,20503.0,16791.0,21555.0,22892.0,18544.0,19458.5,18439400.0,19492200.0,17233500.0,21723.0,27382650.0,
2024-01-06,559.0,-0.9749279121818236,-0.2225209339563146,0.0,1.0,0.08590610426133272,0.9963032375991965,1.0,0,0,95.0,-95.0,18.6,24.7,13.1,0.0,80.0,8.4,0,0,1,66.0,21723.0,20579.0,17195.0,19838.0,20258.0,18725.0,18561.285714285714,19029.071428571428,19109.4,2130.3968890237356,3155.6491719695005,1885.0,-548.1142857142877,27382650.0,24258200.0,24873600.0,23736314.285714287,23856331.666666668,1260.5372186162133,1282.446946122,20778.0,20503.0,18720.0,19429.0,18433.0,19603.9,18919650.0,16700600.0,17151707.14285714,7698.0,10335100.0,
2024-01-07,560.0,-0.7818314824680299,0.6234898018587334,0.0,1.0,0.10303137904317879,0.9946781061893646,0.0,1,0,94.0,-94.0,18.9,24.8,14.9,0.0,77.0,8.1,0,0,1,67.0,7698.0,21723.0,20579.0,17666.0,16969.0,15796.0,16827.0,18131.928571428572,18884.2,4519.555545994937,3694.4104041758596,-9968.0,-2057.2000000000007,10335100.0,22499150.0,21208350.0,21747300.0,23563661.666666668,1342.5694985710575,1299.5547602208626,10029.0,20778.0,18139.0,17727.0,17191.428571428572,19428.433333333334,9803700.0,16946450.0,16166435.714285715,3781.0,4019800.0,Bangladesh Parliamentary Polls
2024-01-08,561.0,0.0,1.0,0.0,1.0,0.1201261651823505,0.9927586335250793,0.0,0,0,93.0,-93.0,19.0,24.7,14.7,0.0,82.0,8.9,0,0,1,68.0,3781.0,7698.0,21723.0,16279.0,22016.0,15952.0,14843.42857142857,17189.928571428572,18313.966666666667,6639.661132345639,4586.892242807383,-12498.0,-3470.5380952380965,4019800.0,21273950.0,26863450.0,19107392.85714286,22848793.333333332,1063.157894736842,1269.4937662891864,3675.0,10029.0,16694.0,20544.0,15125.142857142857,18854.466666666667,2980450.0,15855700.0,14171292.857142856,15192.0,17412950.0,
2024-01-09,562.0,0.7818314824680298,0.6234898018587336,0.0,1.0,0.13718540405660057,0.9905453876091833,0.0,0,0,92.0,-92.0,18.0,23.6,14.1,0.0,81.0,8.5,0,0,1,69.0,15192.0,3781.0,7698.0,16649.0,17300.0,15959.0,14688.142857142857,16702.5,18196.2,6613.149033770339,4621.201108235686,-1457.0,-3508.057142857144,17412950.0,22503000.0,22104800.0,18555821.42857143,22679565.0,1146.192074776198,1246.5449258486692,12353.0,3675.0,17406.0,18622.0,14505.0,18635.366666666665,9856200.0,16937700.0,13314221.42857143,17900.0,22310150.0,
2024-01-10,563.0,0.9749279121818236,-0.22252093395631434,0.0,1.0,0.1542040475626894,0.988039023376751,0.0,0,0,91.0,-91.0,17.3,23.3,12.6,0.0,84.0,6.7,0,0,1,70.0,17900.0,15192.0,3781.0,17195.0,17255.0,16179.0,14866.857142857143,16745.35714285714,18266.333333333332,6691.411595684244,4599.43289107911,705.0,-3399.476190476189,22310150.0,22768650.0,22559900.0,18528271.42857143,22752176.666666668,1246.377094972067,1231.511266634387,18386.0,12353.0,16791.0,18875.0,14645.0,18642.4,16713850.0,16262450.0,13282242.857142856,17644.0,23861900.0,
2024-01-11,564.0,0.43388373911755823,-0.900968867902419,0.0,1.0,0.17117705961019986,0.985240282501282,0.0,0,0,90.0,-90.0,17.6,22.8,14.0,0.0,80.0,8.5,0,0,1,71.0,17644.0,17900.0,15192.0,20579.0,19405.0,21991.0,14931.0,16773.14285714286,18322.733333333334,6719.541254182988,4580.409693566685,-2935.0,-3391.7333333333336,23861900.0,25468600.0,24114700.0,18684450.0,22845581.666666668,1352.4087508501473,1235.549138697431,19180.0,18386.0,20503.0,19595.0,14986.285714285714,18672.933333333334,18066900.0,18439400.0,13540021.42857143,18436.0,24093750.0,
2024-01-12,565.0,-0.433883739117558,-0.9009688679024191,0.0,1.0,0.18809941761179758,0.9821499931752291,1.0,0,0,89.0,-89.0,16.1,21.3,12.2,0.0,83.0,9.7,0,0,1,72.0,18436.0,17644.0,17900.0,21723.0,23275.0,27816.0,14624.857142857143,16703.928571428572,18405.3,6463.261107433119,4558.605020670562,-3287.0,-3780.442857142856,24093750.0,27382650.0,27301250.0,18488042.85714286,22956145.0,1306.8859839444565,1245.4469309238546,20668.0,19180.0,20778.0,21555.0,15009.857142857143,18749.933333333334,19418250.0,18919650.0,13679857.142857144,21547.0,26532650.0,
2024-01-13,566.0,-0.9749279121818236,-0.2225209339563146,0.0,1.0,0.20496611396949532,0.9787690698649216,1.0,0,0,88.0,-88.0,16.3,21.9,12.1,0.0,86.0,8.6,0,0,1,73.0,21547.0,18436.0,17644.0,7698.0,19838.0,23724.0,14599.714285714286,16580.5,18584.233333333334,6431.309734786713,4573.532797960794,13849.0,-3984.5190476190473,26532650.0,10335100.0,24258200.0,18366614.285714287,23133205.0,1231.3848795656008,1241.2823110594813,21787.0,20668.0,10029.0,18720.0,15154.0,18881.266666666666,20485200.0,9803700.0,13903507.142857144,17845.0,22438450.0,
2024-01-14,567.0,-0.7818314824680299,0.6234898018587334,0.0,1.0,0.22177215755648186,0.975098513039961,0.0,0,0,87.0,-87.0,15.5,20.6,11.6,0.0,86.0,5.3,0,0,1,74.0,17845.0,21547.0,18436.0,3781.0,17666.0,19533.0,16049.285714285714,16438.14285714286,18446.033333333333,5720.720925264772,4529.4678646372695,14064.0,-2396.747619047619,22438450.0,4019800.0,22499150.0,20095664.285714287,23007568.333333332,1257.408237601569,1229.1164166352687,19390.0,21787.0,3675.0,18139.0,16491.285714285714,18735.233333333334,17857650.0,2980450.0,15054071.42857143,15910.0,21901500.0,
2024-01-15,568.0,0.0,1.0,0.0,1.0,0.23851257519407648,0.9711394088771653,0.0,0,0,86.0,-86.0,15.2,21.0,10.7,0.0,83.0,6.2,0,0,1,75.0,15910.0,17845.0,21547.0,15192.0,16279.0,17395.0,17782.0,16312.714285714286,18049.166666666668,2035.2052312564203,4188.969053345366,718.0,-267.1666666666679,21901500.0,17412950.0,21273950.0,22650192.85714286,22652473.333333332,1376.5870521684476,1273.8920105540694,19072.0,19390.0,12353.0,16694.0,18690.85714285714,18497.066666666666,18473250.0,9856200.0,17267328.57142857,16188.0,22588000.0,
2024-01-16,569.0,0.7818314824680298,0.6234898018587336,0.0,1.0,0.2551824131233728,0.9668929289391521,0.0,0,0,85.0,-85.0,14.9,20.3,11.4,0.0,82.0,5.4,0,0,1,76.0,16188.0,15910.0,17845.0,17900.0,16649.0,15901.0,17924.285714285714,16306.214285714286,17797.966666666667,1850.3775033117047,4060.9305667317453,-1712.0,126.31904761904661,22588000.0,22310150.0,22503000.0,23389485.714285713,22531331.666666668,1395.354583642204,1309.4866546777846,19086.0,19072.0,18386.0,17406.0,19652.714285714286,18383.066666666666,18832400.0,16713850.0,18549642.85714286,16664.0,22893750.0,
2024-01-17,570.0,0.9749279121818236,-0.22252093395631434,0.0,1.0,0.2717767384711357,0.9623603298276545,0.0,0,0,84.0,-84.0,15.2,20.1,10.3,0.0,84.0,4.4,0,0,1,77.0,16664.0,16188.0,15910.0,17644.0,17195.0,17496.0,17747.714285714286,16307.285714285714,17702.333333333332,1911.0585822423322,4052.435294497875,-980.0,45.38095238095411,22893750.0,23861900.0,22768650.0,23472857.14285714,22501153.333333332,1373.8448151704272,1327.696328991836,18914.0,19086.0,19180.0,16791.0,19728.14285714286,18322.066666666666,18566850.0,18066900.0,18814357.14285714,16225.0,22853000.0,
2024-01-18,571.0,0.43388373911755823,-0.900968867902419,0.0,1.0,0.2882906407095177,0.9575429528116719,0.0,0,0,83.0,-83.0,17.0,21.8,13.2,1.8,83.0,5.9,1,0,1,78.0,16225.0,16664.0,16188.0,18436.0,20579.0,20120.0,17545.0,16238.0,17663.333333333332,1997.2113892458954,4061.1156640487025,-2211.0,-118.33333333333212,22853000.0,24093750.0,25468600.0,23328728.57142857,22501980.0,1408.5053929121725,1335.7101350006967,18741.0,18914.0,20668.0,20503.0,19665.428571428572,18282.066666666666,18364900.0,19418250.0,18856928.57142857,17500.0,23487200.0,
2024-01-19,572.0,-0.433883739117558,-0.9009688679024191,0.0,1.0,0.3047192331091634,0.9524422234305676,1.0,0,0,82.0,-82.0,18.0,23.1,14.1,0.0,83.0,8.0,0,0,1,79.0,17500.0,16225.0,16664.0,21547.0,21723.0,24946.0,17411.285714285714,16018.07142857143,17716.633333333335,1958.5754784439896,4047.6591147471304,-4047.0,-305.34761904762127,23487200.0,26532650.0,27382650.0,23242078.57142857,22580770.0,1342.1257142857144,1340.744382192305,19960.0,18741.0,21787.0,20778.0,19564.285714285714,18325.766666666666,18859300.0,20485200.0,18777078.57142857,21007.0,26247900.0,
2024-01-20,573.0,-0.9749279121818236,-0.2225209339563146,0.0,1.0,0.321057654185271,0.9470596510722283,1.0,0,0,81.0,-81.0,17.4,22.8,13.4,0.0,81.0,8.7,0,0,1,80.0,21007.0,17500.0,16225.0,17845.0,7698.0,20258.0,17334.14285714286,15966.92857142857,17833.666666666668,1770.0978719242275,4091.5797247124833,3162.0,-499.5238095238092,26247900.0,22438450.0,10335100.0,23201400.0,22684043.333333332,1249.4835054981672,1343.3299001826715,20474.0,19960.0,19390.0,10029.0,19376.714285714286,18350.0,19013050.0,17857650.0,18566771.42857143,18284.0,22794000.0,
2024-01-21,574.0,-0.7818314824680299,0.6234898018587334,0.0,1.0,0.3373010691361842,0.9413968285264122,0.0,0,0,80.0,-80.0,17.0,22.6,12.7,0.0,83.0,6.1,0,0,1,81.0,18284.0,21007.0,17500.0,15910.0,3781.0,16969.0,17396.85714285714,16723.071428571428,17772.466666666667,1798.7588710526693,4069.8760104246426,2374.0,-375.60952380952585,22794000.0,21901500.0,4019800.0,23252192.85714286,22604125.0,1246.663749726537,1341.7949733433816,18733.0,20474.0,19072.0,3675.0,19282.85714285714,18290.6,17271100.0,18473250.0,18482978.57142857,16862.0,22469200.0,
2024-01-22,575.0,0.0,1.0,0.0,1.0,0.3534446712740877,0.9354554315134164,0.0,0,0,79.0,-79.0,15.0,20.3,11.0,0.0,81.0,7.6,0,0,1,82.0,16862.0,18284.0,21007.0,16188.0,15192.0,22016.0,17532.85714285714,17657.428571428572,17503.0,1700.9339031418383,3839.647217990322,674.0,29.857142857141298,22469200.0,22588000.0,17412950.0,23333292.85714286,22380651.666666668,1332.534693393429,1335.5017792326646,18596.0,18733.0,19086.0,12353.0,19214.85714285714,18147.4,17605700.0,18832400.0,18359042.85714286,16083.0,22034100.0,
2024-01-23,576.0,0.7818314824680298,0.6234898018587336,0.0,1.0,0.3694836834473831,0.9292372181882051,0.0,0,0,78.0,-78.0,15.5,21.0,10.5,0.0,83.0,6.6,0,0,1,83.0,16083.0,16862.0,18284.0,16664.0,17900.0,17300.0,17517.85714285714,17721.071428571428,17363.833333333332,1715.1737937764003,3811.9104910732303,-581.0,154.02380952380918,22034100.0,22893750.0,22310150.0,23254164.285714287,22286001.666666668,1370.0242492072375,1331.8831600276694,18353.0,18596.0,18914.0,18386.0,19110.14285714286,18111.533333333333,17864450.0,18566850.0,18220764.285714287,16069.0,22284900.0,
2024-01-24,577.0,0.9749279121818236,-0.22252093395631434,0.0,1.0,0.38541335945432564,0.9227440286201427,0.0,0,0,77.0,-77.0,17.7,22.4,13.3,1.5,81.0,5.9,1,0,1,84.0,16069.0,16083.0,16862.0,16225.0,17644.0,17255.0,17432.85714285714,17590.285714285714,17333.833333333332,1778.1294880268622,3818.6605620958094,-156.0,99.02380952380918,22284900.0,22853000.0,23861900.0,23167185.714285713,22321886.666666668,1386.825564752007,1333.737552825038,18842.0,18353.0,18741.0,19180.0,19099.85714285714,18148.7,18572800.0,18364900.0,18221614.285714287,16222.0,22498700.0,
2024-01-25,578.0,0.43388373911755823,-0.900968867902419,0.0,1.0,0.4012289854475009,0.9159777842484877,0.0,0,0,76.0,-76.0,17.6,22.7,12.5,0.0,81.0,5.7,0,0,1,85.0,16222.0,16069.0,16083.0,17500.0,18436.0,19405.0,17432.428571428572,17488.714285714286,17140.7,1778.469459689374,3718.904919925813,-1278.0,291.72857142857174,22498700.0,23487200.0,24093750.0,23116571.42857143,22176395.0,1386.9251633584022,1330.6546628887847,18456.0,18842.0,19960.0,20668.0,19059.14285714286,18079.1,18268950.0,18859300.0,18207907.14285714,18498.0,24109050.0,
2024-01-26,579.0,-0.433883739117558,-0.9009688679024191,0.0,1.0,0.4169258813287287,0.908940487313808,1.0,0,0,75.0,-75.0,17.1,22.3,13.4,0.0,77.0,9.4,0,0,1,86.0,18498.0,16222.0,16069.0,21007.0,21547.0,23275.0,17575.0,17493.14285714286,17180.633333333335,1824.2035705114845,3727.097451455196,-2509.0,394.36666666666497,24109050.0,26247900.0,26532650.0,23205407.14285714,22243203.333333332,1303.3327927343496,1325.1128169528758,19703.0,18456.0,20474.0,21787.0,19022.428571428572,18115.133333333335,18398850.0,19013050.0,18142128.57142857,22082.0,27206300.0,
2024-01-27,580.0,-0.9749279121818236,-0.2225209339563146,0.0,1.0,0.4324994021339788,0.901634220265486,1.0,0,0,74.0,-74.0,16.2,22.0,11.7,0.0,75.0,8.6,0,0,1,87.0,22082.0,18498.0,16222.0,18284.0,17845.0,19838.0,17728.571428571428,17531.35714285714,17341.533333333333,2173.1562190466475,3833.102675319351,3798.0,387.0380952380947,27206300.0,22794000.0,22438450.0,23342321.42857143,22398083.333333332,1232.0577846209583,1322.6234282561313,20509.0,19703.0,18733.0,19390.0,19027.428571428572,18169.6,19170650.0,17271100.0,18164642.85714286,18843.0,23376100.0,
2024-01-28,581.0,-0.7818314824680299,0.6234898018587334,0.0,1.0,0.44794493940789115,0.8940611451454876,0.0,0,0,73.0,-73.0,16.3,22.9,10.4,0.0,71.0,8.6,0,0,1,88.0,18843.0,22082.0,18498.0,16862.0,15910.0,17666.0,17808.428571428572,17602.64285714286,17322.8,2206.975974581761,3824.032836029866,1981.0,485.6285714285732,23376100.0,22469200.0,21901500.0,23425478.57142857,22373463.333333332,1240.5720957384706,1321.753191972122,18489.0,20509.0,18596.0,19072.0,18992.571428571428,18132.733333333334,17084750.0,17605700.0,18138021.42857143,16607.0,21968800.0,
2024-01-29,582.0,0.0,1.0,0.0,1.0,0.4632579225674917,0.88622350294858,0.0,0,0,72.0,-72.0,17.3,23.4,10.7,0.0,67.0,5.9,0,0,1,89.0,16607.0,18843.0,22082.0,16083.0,16188.0,16279.0,17772.0,17652.428571428572,17100.533333333333,2227.213206378507,3656.242642039968,524.0,671.4666666666672,21968800.0,22034100.0,22588000.0,23353992.85714286,22195715.0,1322.8638525922804,1320.3716432862436,18402.0,18489.0,18353.0,19086.0,18964.85714285714,18027.633333333335,17564900.0,17864450.0,18132192.85714286,16497.0,22575950.0,
2024-01-30,583.0,0.7818314824680298,0.6234898018587336,0.0,1.0,0.4784338202547012,0.8781236129591848,0.0,0,0,71.0,-71.0,18.9,24.3,13.6,0.3,71.0,5.4,1,0,1,90.0,16497.0,16607.0,18843.0,16069.0,16664.0,16649.0,17831.14285714286,17674.5,16989.166666666668,2179.881145733402,3620.695542660805,428.0,841.9761904761908,22575950.0,22284900.0,22893750.0,23431400.0,22139640.0,1368.4882099775716,1320.1522091105774,19155.0,18402.0,18842.0,18914.0,19079.428571428572,18042.133333333335,18787600.0,18572800.0,18264071.42857143,16529.0,22785450.0,
2024-01-31,584.0,0.9749279121818236,-0.22252093395631434,0.0,1.0,0.49346814167723735,0.8697638720650646,0.0,0,0,70.0,-70.0,19.9,25.6,15.0,0.0,76.0,7.0,0,0,1,91.0,16529.0,16497.0,16607.0,16222.0,16225.0,17195.0,17896.85714285714,17664.85714285714,16951.266666666666,2124.1269130768283,3619.316985796948,307.0,945.5904761904749,22785450.0,22498700.0,22853000.0,23502907.14285714,22149183.333333332,1378.5135216891524,1318.9647743873122,19261.0,19155.0,18456.0,18741.0,19139.285714285714,18079.533333333333,18810750.0,18268950.0,18298064.285714287,17216.0,23623200.0,
2024-02-01,585.0,0.43388373911755823,-0.900968867902419,0.49999999999999994,0.8660254037844387,0.5083564379375122,0.8611467540480452,0.0,0,0,69.0,-69.0,19.7,25.6,16.8,4.3,86.0,6.9,1,0,1,92.0,17216.0,16529.0,16497.0,18498.0,17500.0,20579.0,18038.85714285714,17735.64285714286,16982.5,2024.3831511987255,3617.357978052414,-1282.0,1056.3571428571413,23623200.0,24109050.0,23487200.0,23663550.0,22227491.666666668,1372.1654275092937,1316.8562406945823,20198.0,19261.0,19703.0,19960.0,19388.14285714286,18196.333333333332,19725300.0,18398850.0,18506114.285714287,19243.0,24705050.0,
2024-02-02,586.0,-0.433883739117558,-0.9009688679024191,0.49999999999999994,0.8660254037844387,0.5230943033491326,0.8522748088519838,1.0,0,0,68.0,-68.0,20.2,24.8,16.8,18.6,87.0,7.4,1,0,1,93.0,19243.0,17216.0,16529.0,22082.0,21007.0,21723.0,18145.285714285714,17860.14285714286,17068.966666666667,2071.578360758297,3640.042757264368,-2839.0,1076.3190476190466,24705050.0,27206300.0,26247900.0,23748692.85714286,22300893.333333332,1283.8460738970016,1314.0724237178183,21222.0,20198.0,20509.0,20474.0,19605.14285714286,18323.533333333333,19475050.0,19170650.0,18659857.14285714,22050.0,27220300.0,
2024-02-03,587.0,-0.9749279121818236,-0.2225209339563146,0.49999999999999994,0.8660254037844387,0.5376773767406141,0.8431506618282,1.0,0,0,67.0,-67.0,20.0,25.7,15.9,0.0,71.0,8.4,0,0,1,94.0,22050.0,19243.0,17216.0,18843.0,18284.0,7698.0,18140.714285714286,17934.64285714286,17230.8,2061.4537519499927,3752.040983894995,3207.0,909.914285714287,27220300.0,23376100.0,22794000.0,23750692.85714286,22449281.666666668,1234.4807256235827,1314.4185581467646,20793.0,21222.0,18489.0,18733.0,19645.714285714286,18456.933333333334,19093550.0,17084750.0,18648842.85714286,18502.0,22344250.0,
2024-02-04,588.0,-0.7818314824680299,0.6234898018587334,0.49999999999999994,0.8660254037844387,0.5521013427459208,0.8337770129585915,0.0,0,0,66.0,-66.0,19.5,25.6,14.2,0.0,71.0,8.1,0,0,1,95.0,18502.0,22050.0,19243.0,16607.0,16862.0,3781.0,18092.0,17950.214285714286,17161.566666666666,2046.0637005398444,3707.0214987175564,1895.0,930.4333333333343,22344250.0,21968800.0,22469200.0,23603285.714285713,22345136.666666668,1207.666738730948,1309.7177928599758,18271.0,20793.0,18402.0,18596.0,19614.571428571428,18382.533333333333,16375850.0,17564900.0,18547571.42857143,17667.0,22754900.0,
2024-02-05,589.0,0.0,1.0,0.49999999999999994,0.8660254037844387,0.5663619330814524,0.8241566360566663,0.0,0,0,65.0,-65.0,21.1,26.5,15.0,0.0,67.0,3.4,0,0,1,96.0,17667.0,18502.0,22050.0,16497.0,16083.0,15192.0,18243.428571428572,18007.714285714286,17026.366666666665,1955.0424426035033,3607.5527141065595,1170.0,1217.0619047619075,22754900.0,22575950.0,22034100.0,23715585.714285713,22190878.333333332,1287.9889058697006,1304.735657613893,18878.0,18271.0,19155.0,18353.0,19682.571428571428,18319.2,17606900.0,18787600.0,18553571.42857143,15175.0,19936500.0,
2024-02-06,590.0,0.7818314824680298,0.6234898018587336,0.49999999999999994,0.8660254037844387,0.580454927809098,0.8142923779467267,0.0,0,0,64.0,-64.0,20.7,25.5,16.5,0.6,81.0,4.9,1,0,1,97.0,15175.0,17667.0,18502.0,16529.0,16069.0,17900.0,18054.571428571428,17942.85714285714,17275.6,2200.3301916714886,3172.9692240158674,-1354.0,778.971428571429,19936500.0,22785450.0,22284900.0,23338521.42857143,22510925.0,1313.7726523887973,1296.9191493869253,19492.0,18878.0,19261.0,18842.0,19730.714285714286,18634.633333333335,18435350.0,18810750.0,18503250.0,17303.0,23702100.0,
2024-02-07,591.0,0.9749279121818236,-0.22252093395631434,0.49999999999999994,0.8660254037844387,0.5943761565849831,0.804187157621448,0.0,0,0,63.0,-63.0,20.8,24.9,17.5,0.0,77.0,8.6,0,0,1,98.0,17303.0,15175.0,17667.0,17216.0,16222.0,17644.0,18165.14285714286,18031.0,17726.333333333332,2129.187124121301,1891.5965038383465,87.0,438.8095238095266,23702100.0,23623200.0,22498700.0,23469471.42857143,23167001.666666668,1369.8260417268682,1295.6780808208846,20084.0,19492.0,20198.0,18456.0,19848.285714285714,19181.6,19382800.0,19725300.0,18584971.42857143,17481.0,23788150.0,
2024-02-08,592.0,0.43388373911755823,-0.900968867902419,0.49999999999999994,0.8660254037844387,0.6081214998935418,0.7938439653781019,0.0,0,0,62.0,-62.0,18.8,23.9,13.5,0.0,65.0,7.5,0,0,1,99.0,17481.0,17303.0,15175.0,19243.0,18498.0,18436.0,18203.0,18120.928571428572,17802.633333333335,2111.783369571823,1831.0414877564021,-1762.0,400.36666666666497,23788150.0,24705050.0,24109050.0,23493035.714285713,23379508.333333332,1360.80029746582,1294.0544908146742,19939.0,20084.0,21222.0,19703.0,19811.285714285714,19434.466666666667,19073950.0,19475050.0,18491921.42857143,20552.0,26149600.0,
2024-02-09,593.0,-0.433883739117558,-0.9009688679024191,0.49999999999999994,0.8660254037844387,0.6216868902665479,0.7832658619336791,1.0,0,0,61.0,-61.0,17.7,23.2,12.5,0.0,65.0,8.9,0,0,1,100.0,20552.0,17481.0,17303.0,22050.0,22082.0,21547.0,18390.0,18267.64285714286,17891.033333333333,2271.1668073188225,1898.6726304108836,-1498.0,498.96666666666715,26149600.0,27220300.0,27206300.0,23699400.0,23507490.0,1272.3627870766836,1292.4140212689144,22130.0,19939.0,20793.0,20509.0,19941.0,19559.266666666666,20174300.0,19093550.0,18591814.285714287,23726.0,29007900.0,
2024-02-10,594.0,-0.9749279121818236,-0.2225209339563146,0.49999999999999994,0.8660254037844387,0.6350683134867438,0.7724559775191742,1.0,0,0,60.0,-60.0,18.7,25.3,12.6,0.0,70.0,9.9,0,0,1,101.0,23726.0,20552.0,17481.0,18502.0,18843.0,17845.0,18629.428571428572,18385.071428571428,18093.766666666666,2757.571567952686,2175.8594129809,5224.0,535.661904761906,29007900.0,22344250.0,23376100.0,23954771.42857143,23679023.333333332,1222.6207536036416,1290.7197395517799,22064.0,22130.0,18271.0,18489.0,20122.571428571428,19655.4,20173800.0,16375850.0,18746135.714285713,19615.0,23802750.0,
2024-02-11,595.0,-0.7818314824680299,0.6234898018587334,0.49999999999999994,0.8660254037844387,0.6482618097757122,0.7614175109532997,0.0,0,0,59.0,-59.0,20.1,26.8,13.9,0.0,68.0,8.5,0,0,1,102.0,19615.0,23726.0,20552.0,17667.0,16607.0,15910.0,18788.428571428572,18440.214285714286,18133.066666666666,2780.987585801314,2192.835150074536,1948.0,655.3619047619068,23802750.0,22754900.0,21968800.0,24163128.57142857,23669323.333333332,1213.497323476931,1291.5526802297775,19436.0,22064.0,18878.0,18402.0,20289.0,19614.333333333332,17307050.0,17606900.0,18879164.285714287,18178.0,23923250.0,
2024-02-12,596.0,0.0,1.0,0.49999999999999994,0.8660254037844387,0.6612634749656386,0.7501537286959042,0.0,0,0,58.0,-58.0,21.0,27.8,15.0,0.0,63.0,6.8,0,0,1,103.0,18178.0,19615.0,23726.0,15175.0,16497.0,16188.0,18861.428571428572,18552.428571428572,18020.766666666666,2753.212357540614,2096.1047072315537,3003.0,840.661904761906,23923250.0,19936500.0,22575950.0,24330035.714285713,23582343.333333332,1316.0551215755308,1295.5621396163244,19913.0,19436.0,19492.0,19155.0,20436.85714285714,19551.866666666665,18592300.0,18435350.0,19019935.714285713,18142.0,24750500.0,
2024-02-13,597.0,0.7818314824680298,0.6234898018587336,0.49999999999999994,0.8660254037844387,0.6740694616546161,0.7386679638813748,0.0,0,0,57.0,-57.0,21.7,28.8,15.1,0.0,59.0,7.3,0,0,1,104.0,18142.0,18178.0,19615.0,17303.0,16529.0,16664.0,19285.285714285714,18669.928571428572,18030.666666666668,2278.570729959593,2095.9472935814442,839.0,1254.619047619046,24750500.0,23702100.0,22785450.0,25017750.0,23659411.666666668,1364.2652408775218,1302.7753665432851,20330.0,19913.0,20084.0,19261.0,20556.571428571428,19583.2,19260050.0,19382800.0,19137750.0,18036.0,24503750.0,
2024-02-14,598.0,0.9749279121818236,-0.22252093395631434,0.49999999999999994,0.8660254037844387,0.6866759803451553,0.726963615332308,0.0,0,0,56.0,-56.0,22.3,28.5,16.6,0.0,67.0,6.0,0,0,1,105.0,18036.0,18142.0,18178.0,17481.0,17216.0,16225.0,19390.0,18777.571428571428,18101.533333333333,2187.3046579447223,2057.358496132677,555.0,1288.4666666666672,24503750.0,23788150.0,23623200.0,25132271.42857143,23746153.333333332,1358.6022399645153,1301.1719662915204,20571.0,20330.0,19939.0,20198.0,20626.14285714286,19633.166666666668,19706350.0,19073950.0,19183971.42857143,17566.0,24126650.0,
2024-02-15,599.0,0.43388373911755823,-0.900968867902419,0.49999999999999994,0.8660254037844387,0.6990793005655562,0.7150441465537444,0.0,0,0,55.0,-55.0,22.9,29.0,17.9,0.5,72.0,7.3,1,0,1,106.0,17566.0,18036.0,18142.0,20552.0,19243.0,17500.0,19402.14285714286,18802.571428571428,18147.466666666667,2175.142633527854,2028.341308648012,-2986.0,1254.6761904761916,24126650.0,26149600.0,24705050.0,25180628.57142857,23797441.666666668,1373.4857110326768,1302.9841682296428,20021.0,20571.0,22130.0,21222.0,20637.85714285714,19664.333333333332,18923050.0,20174300.0,19162414.285714287,19338.0,24917850.0,
2024-02-16,600.0,-0.433883739117558,-0.9009688679024191,0.49999999999999994,0.8660254037844387,0.7112757519738152,0.7029130847082615,1.0,0,0,54.0,-54.0,22.6,29.2,17.3,0.0,68.0,9.0,0,0,1,107.0,19338.0,17566.0,18036.0,23726.0,22050.0,21007.0,19228.714285714286,18809.35714285714,18236.6,2115.769104784814,2019.638403962138,-4388.0,992.1142857142877,24917850.0,29007900.0,27220300.0,25004664.285714287,23864911.666666668,1288.5432826559106,1305.295667598104,21106.0,20021.0,22064.0,20793.0,20491.571428571428,19737.4,19501950.0,20173800.0,19066364.285714287,23385.0,28267850.0,
2024-02-17,601.0,-0.9749279121818236,-0.2225209339563146,0.49999999999999994,0.8660254037844387,0.7232617254437388,0.6905740195722294,1.0,0,0,53.0,-53.0,21.9,27.6,15.9,0.0,65.0,7.7,0,0,1,108.0,23385.0,19338.0,17566.0,19615.0,18502.0,18284.0,19180.0,18904.714285714286,18475.266666666666,1995.4696189118072,2189.6297424896998,3770.0,704.7333333333336,28267850.0,23802750.0,22344250.0,24898942.85714286,24045406.666666668,1208.802651272183,1303.3216529793242,22276.0,21106.0,19436.0,18271.0,20521.85714285714,19855.233333333334,20547500.0,17307050.0,19119750.0,19951.0,24253700.0,
2024-02-18,602.0,-0.7818314824680299,0.6234898018587334,0.49999999999999994,0.8660254037844387,0.7350336741329412,0.6780306024735382,0.0,0,0,52.0,-52.0,22.1,28.4,15.8,0.0,61.0,5.9,0,0,1,109.0,19951.0,23385.0,19338.0,18178.0,17667.0,16862.0,19228.0,19008.214285714286,18556.966666666667,2011.652803045304,2197.6968427523807,1773.0,671.0333333333328,24253700.0,23923250.0,22754900.0,24963364.285714287,24070956.666666668,1215.6633752694102,1303.6310889496783,19603.0,22276.0,19913.0,18878.0,20545.714285714286,19843.333333333332,17762800.0,18592300.0,19184857.14285714,17878.0,23509900.0,
2024-02-19,603.0,0.0,1.0,0.49999999999999994,0.8660254037844387,0.746588114532413,0.6652865452111116,0.0,0,0,51.0,-51.0,23.0,29.3,17.0,0.0,62.0,5.4,0,0,1,110.0,17878.0,19951.0,23385.0,18142.0,15175.0,16083.0,19185.14285714286,19023.285714285714,18452.666666666668,2040.736176691435,2151.1684769194767,-264.0,732.4761904761908,23509900.0,24750500.0,19936500.0,24904314.285714287,23979690.0,1315.0184584405415,1303.4829942161084,19822.0,19603.0,20330.0,19492.0,20532.714285714286,19821.6,18718850.0,19260050.0,19202935.714285713,18616.0,24739350.0,
2024-02-20,604.0,0.7818314824680298,0.6234898018587336,0.49999999999999994,0.8660254037844387,0.7579216274973472,0.6523456189565257,0.0,0,0,50.0,-50.0,23.4,29.5,18.1,0.2,79.0,10.9,1,0,1,111.0,18616.0,17878.0,19951.0,18036.0,17303.0,16069.0,19252.85714285714,19269.071428571428,18463.733333333334,2007.9552143554322,2151.1248370022417,580.0,789.1238095238077,24739350.0,24503750.0,23702100.0,24902721.42857143,24044535.0,1328.9294155565105,1298.4350191702495,20419.0,19822.0,20571.0,20084.0,20545.428571428572,19877.8,19598750.0,19706350.0,19251321.42857143,21257.0,27884800.0,
2024-02-21,605.0,0.9749279121818236,-0.22252093395631434,0.49999999999999994,0.8660254037844387,0.7690308592589181,0.6392116531380588,0.0,1,0,49.0,-49.0,25.2,31.1,21.6,0.0,78.0,10.4,0,0,1,112.0,21257.0,18616.0,17878.0,17566.0,17481.0,16222.0,19713.0,19551.5,18610.233333333334,2051.22044971605,2187.6276346344216,3691.0,1102.7666666666664,27884800.0,24126650.0,23788150.0,25385728.57142857,24225055.0,1311.7937620548526,1291.7480937545836,21690.0,20419.0,20021.0,19939.0,20705.285714285714,19980.933333333334,20106300.0,18923050.0,19308457.14285714,23180.0,28146950.0,Language Martyrs' Day
2024-02-22,606.0,0.43388373911755823,-0.900968867902419,0.49999999999999994,0.8660254037844387,0.7799125224167177,0.6258885343075018,0.0,0,0,48.0,-48.0,23.5,27.9,20.1,9.1,86.0,9.2,1,0,1,113.0,23180.0,21257.0,18616.0,19338.0,20552.0,18498.0,20515.0,19958.571428571428,18846.8,2166.144193415243,2286.411665349959,3842.0,1668.2000000000007,28146950.0,24917850.0,26149600.0,25960057.14285714,24428816.666666668,1214.2773943054358,1269.004048507835,23212.0,21690.0,21106.0,22130.0,21161.14285714286,20142.9,21220050.0,19501950.0,19636600.0,17410.0,20846950.0,
2024-02-23,607.0,-0.433883739117558,-0.9009688679024191,0.49999999999999994,0.8660254037844387,0.7905633969115482,0.612380204990065,1.0,0,0,47.0,-47.0,21.5,24.8,19.2,2.8,84.0,8.3,1,0,1,114.0,17410.0,23180.0,21257.0,23385.0,23726.0,22082.0,20239.571428571428,19734.14285714286,18891.5,2445.327303051179,2242.927193769744,-5975.0,1348.0714285714275,20846950.0,28267850.0,29007900.0,25378500.0,24380885.0,1197.4124066628374,1255.9853519373958,19652.0,23212.0,22276.0,22064.0,20953.428571428572,20169.9,17745050.0,20547500.0,19385614.285714287,22276.0,26295200.0,
2024-02-24,608.0,-0.9749279121818236,-0.2225209339563146,0.49999999999999994,0.8660254037844387,0.8009803309782905,0.5986906625177214,1.0,0,0,46.0,-46.0,22.0,27.5,17.2,0.0,77.0,9.1,0,0,1,115.0,22276.0,17410.0,23180.0,19951.0,19615.0,18843.0,20081.14285714286,19630.571428571428,19093.3,2234.4043522880456,2266.6842128293356,2325.0,987.8428571428594,26295200.0,24253700.0,23802750.0,25096692.85714286,24507435.0,1180.427365774825,1251.9317397234877,23035.0,19652.0,19603.0,19436.0,21061.85714285714,20322.533333333333,20995350.0,17762800.0,19449592.85714286,17840.0,20841150.0,
2024-02-25,609.0,-0.7818314824680299,0.6234898018587334,0.49999999999999994,0.8660254037844387,0.8111602420785621,0.5848239578463322,0.0,0,0,45.0,-45.0,21.1,25.5,18.1,0.2,68.0,11.7,1,0,1,116.0,17840.0,22276.0,17410.0,17878.0,18178.0,16607.0,19779.571428571428,19503.785714285714,19071.366666666665,2391.8104619125374,2275.8083745059366,-38.0,708.2047619047626,20841150.0,23509900.0,23923250.0,24609185.714285713,24398505.0,1168.2258968609865,1245.1549570937127,21413.0,23035.0,19822.0,19913.0,21320.428571428572,20379.533333333333,19154000.0,18718850.0,19648335.714285713,16345.0,20540700.0,
2024-02-26,610.0,0.0,1.0,0.49999999999999994,0.8660254037844387,0.8211001178128892,0.5707841943569036,0.0,1,0,44.0,-44.0,21.3,28.2,15.4,0.0,63.0,10.5,0,0,1,117.0,16345.0,17840.0,22276.0,18616.0,18142.0,16497.0,19560.571428571428,19372.85714285714,18880.133333333335,2651.072855602857,2255.0469485644817,-2271.0,680.4380952380925,20540700.0,24739350.0,24750500.0,24185014.285714287,24176318.333333332,1256.6962373814622,1236.8232112281298,19127.0,21413.0,20419.0,20330.0,21221.14285714286,20333.466666666667,17859950.0,19598750.0,19525635.714285713,17240.0,20787050.0,Shab e-Barat
2024-02-27,611.0,0.7818314824680298,0.6234898018587336,0.49999999999999994,0.8660254037844387,0.8307970168121247,0.5565755266413303,0.0,0,0,43.0,-43.0,22.2,28.1,16.7,0.0,56.0,9.7,0,0,1,118.0,17240.0,16345.0,17840.0,21257.0,18036.0,16529.0,19364.0,19308.428571428572,18826.7,2780.631762747456,2274.861650207832,-4017.0,537.2999999999993,20787050.0,27884800.0,24503750.0,23620400.0,24090016.666666668,1205.7453596287703,1219.2254889527387,19980.0,19127.0,21690.0,20571.0,21158.428571428572,20383.166666666668,18499550.0,20106300.0,19368607.14285714,16121.0,20235700.0,
2024-02-28,612.0,0.9749279121818236,-0.22252093395631434,0.49999999999999994,0.8660254037844387,0.8402480696078469,0.5422021592729844,0.0,0,0,42.0,-42.0,23.2,28.5,17.0,0.0,61.0,6.2,0,0,1,119.0,16121.0,17240.0,16345.0,23180.0,17566.0,17216.0,18630.285714285714,19171.64285714286,18810.5,2873.9265076596284,2292.873077227773,-7059.0,-180.21428571428623,20235700.0,28146950.0,24126650.0,22527671.42857143,24032246.666666668,1255.2385087773712,1211.1461670559554,19308.0,19980.0,23212.0,20021.0,20818.14285714286,20413.366666666665,17988400.0,21220050.0,19066050.0,16550.0,21905300.0,
2024-02-29,613.0,0.43388373911755823,-0.900968867902419,0.49999999999999994,0.8660254037844387,0.8494504794814806,0.527668345562516,0.0,0,0,41.0,-41.0,23.8,30.1,18.1,0.0,62.0,7.4,0,0,1,120.0,16550.0,16121.0,17240.0,17410.0,19338.0,19243.0,17683.14285714286,19099.071428571428,18812.266666666666,2117.579312058308,2291.048742438707,-860.0,-1129.1238095238077,21905300.0,20846950.0,24917850.0,21636007.14285714,24009891.666666668,1323.583081570997,1226.76126523675,20498.0,19308.0,19652.0,21106.0,20430.428571428572,20458.133333333335,19744700.0,17745050.0,18855285.714285713,18518.0,23179100.0,
2024-03-01,614.0,-0.433883739117558,-0.9009688679024191,0.8660254037844386,0.5000000000000001,0.8584015232918917,0.512978386299228,1.0,0,0,40.0,-40.0,23.6,30.4,17.3,0.0,57.0,7.0,0,0,1,121.0,18518.0,16550.0,16121.0,22276.0,23385.0,22050.0,17841.428571428572,19040.5,18878.566666666666,2135.0976446947643,2251.1272376811535,-3758.0,-1037.1380952380932,23179100.0,26295200.0,28267850.0,21969171.42857143,24023013.333333332,1251.706447780538,1234.5175568249929,22169.0,20498.0,23035.0,22276.0,20790.0,20555.066666666666,20393650.0,20995350.0,19233657.14285714,20861.0,25085850.0,
2024-03-02,615.0,-0.9749279121818236,-0.2225209339563146,0.8660254037844386,0.5000000000000001,0.8670985522812081,0.4981366284784055,1.0,0,0,39.0,-39.0,23.8,30.3,16.5,0.0,55.0,7.3,0,0,1,122.0,20861.0,18518.0,16550.0,17840.0,19951.0,18502.0,17639.285714285714,18860.214285714286,19000.066666666666,1659.2271006190708,2256.65825462364,3021.0,-1360.780952380952,25085850.0,20841150.0,24253700.0,21796407.14285714,24071768.333333332,1202.5238483294186,1237.6741971899348,23902.0,22169.0,21413.0,19603.0,20913.85714285714,20678.533333333333,21628350.0,19154000.0,19324085.714285713,19070.0,22999750.0,
2024-03-03,616.0,-0.7818314824680299,0.6234898018587334,0.8660254037844386,0.5000000000000001,0.8755389928586302,0.4831474640149687,0.0,0,0,38.0,-38.0,24.7,31.0,18.8,0.0,58.0,5.8,0,0,1,123.0,19070.0,20861.0,18518.0,16345.0,17878.0,17667.0,17815.0,18797.285714285714,18994.3,1746.8417215077554,2256.2370588032927,2725.0,-1179.2999999999993,22999750.0,20540700.0,23509900.0,22104778.57142857,24014925.0,1206.069743051914,1243.080460931496,21250.0,23902.0,19127.0,19822.0,20890.571428571428,20679.466666666667,18859250.0,17859950.0,19281978.57142857,17533.0,22450900.0,
2024-03-04,617.0,0.0,1.0,0.8660254037844386,0.5000000000000001,0.8837203473619977,0.4680153284438345,0.0,0,0,37.0,-37.0,24.4,30.2,19.4,0.0,65.0,7.9,0,0,1,124.0,17533.0,19070.0,20861.0,17240.0,18616.0,15175.0,17984.714285714286,18772.64285714286,18843.733333333334,1634.3061437285032,2195.179278411654,293.0,-859.0190476190473,22450900.0,20787050.0,24739350.0,22377664.285714287,23855945.0,1280.493925740033,1246.480130697006,20862.0,21250.0,19980.0,20419.0,21138.428571428572,20681.766666666666,19447350.0,18499550.0,19508750.0,16060.0,21057950.0,
2024-03-05,618.0,0.7818314824680298,0.6234898018587336,0.8660254037844386,0.5000000000000001,0.8916401947968874,0.45274469960737107,0.0,0,0,36.0,-36.0,25.5,31.1,20.3,0.0,62.0,7.5,0,0,1,125.0,16060.0,17533.0,19070.0,16121.0,21257.0,17303.0,17816.14285714286,18590.071428571428,18762.333333333332,1778.4239678782976,2252.8079082035524,-61.0,-946.1904761904734,21057950.0,20235700.0,27884800.0,22416364.285714287,23813068.333333332,1311.2048567870486,1261.5457731481888,21477.0,20862.0,19308.0,21690.0,21352.285714285714,20788.633333333335,20463900.0,17988400.0,19789371.42857143,17048.0,22426700.0,
2024-03-06,619.0,0.9749279121818236,-0.22252093395631434,0.8660254037844386,0.5000000000000001,0.8992961915530253,0.4373400963303323,0.0,0,0,35.0,-35.0,23.7,29.5,18.6,0.0,56.0,7.7,0,0,1,126.0,17048.0,16060.0,17533.0,16550.0,23180.0,17481.0,17948.571428571428,18289.428571428572,18741.7,1661.8525663791947,2265.9821064820103,498.0,-793.1285714285732,22426700.0,21905300.0,28146950.0,22729364.285714287,23802128.333333332,1315.5032848427968,1270.1550268718208,23388.0,21477.0,20498.0,23212.0,21935.14285714286,20938.966666666667,22216700.0,19744700.0,20393414.285714287,17599.0,23153150.0,
2024-03-07,620.0,0.43388373911755823,-0.900968867902419,0.8660254037844386,0.5000000000000001,0.9066860720977985,0.4218060770826634,0.0,0,0,34.0,-34.0,23.1,30.1,16.3,0.0,55.0,7.3,0,0,1,127.0,17599.0,17048.0,16060.0,18518.0,17410.0,20552.0,18098.428571428572,17890.785714285714,18822.5,1558.8201582332815,2175.8401270821314,-919.0,-724.0714285714275,23153150.0,23179100.0,20846950.0,22907628.57142857,23909350.0,1315.594636058867,1269.013820370088,23149.0,23388.0,22169.0,19652.0,22313.85714285714,21060.866666666665,22066350.0,20393650.0,20725078.57142857,20106.0,25132250.0,
2024-03-08,621.0,-0.433883739117558,-0.9009688679024191,0.8660254037844386,0.5000000000000001,0.9138076496466615,0.40614723863057883,1.0,0,0,33.0,-33.0,24.0,31.0,17.6,0.0,50.0,8.1,0,0,1,128.0,20106.0,17599.0,17048.0,20861.0,22276.0,23726.0,18325.285714285714,18083.35714285714,18915.933333333334,1735.5870970448852,2168.5107384997195,-755.0,-590.6476190476205,25132250.0,25085850.0,26295200.0,23186650.0,23957021.666666668,1249.9875659007262,1268.768265815829,23929.0,23149.0,23902.0,23035.0,22565.285714285714,21189.033333333333,21771550.0,21628350.0,20921921.42857143,21633.0,25405750.0,
2024-03-09,622.0,-0.9749279121818236,-0.2225209339563146,0.8660254037844386,0.5000000000000001,0.9206588168102428,0.3903682146763026,1.0,0,0,32.0,-32.0,23.8,30.3,18.1,0.0,47.0,7.9,0,0,1,129.0,21633.0,20106.0,17599.0,19070.0,17840.0,19615.0,18435.571428571428,18037.428571428572,19054.333333333332,1936.4728121977494,2205.9442162161668,2563.0,-618.7619047619046,25405750.0,22999750.0,20841150.0,23232350.0,24010941.666666668,1174.397910599547,1264.7502747115618,24591.0,23929.0,21250.0,21413.0,22663.714285714286,21344.1,22250800.0,18859250.0,21010842.85714286,21111.0,25092400.0,
2024-03-10,623.0,-0.7818314824680299,0.6234898018587334,0.8660254037844386,0.5000000000000001,0.9272375462179537,0.374473674486883,0.0,0,0,31.0,-31.0,24.2,30.3,18.0,0.0,47.0,7.3,0,0,1,130.0,21111.0,21633.0,20106.0,17533.0,16345.0,18178.0,18727.14285714286,18271.071428571428,19072.966666666667,2185.554195817898,2221.338234167593,3578.0,-345.82380952380845,25092400.0,22450900.0,20540700.0,23531300.0,23975701.666666668,1188.5936241769693,1262.2536863008554,22609.0,24591.0,20862.0,19127.0,22857.85714285714,21360.066666666666,20055150.0,19447350.0,21181685.714285713,19474.0,24728200.0,
2024-03-11,624.0,0.0,1.0,0.8660254037844386,0.5000000000000001,0.9335418911179212,0.35846832151248087,0.0,0,0,30.0,-30.0,24.1,31.6,16.2,0.0,47.0,8.4,0,0,1,131.0,19474.0,21111.0,21633.0,16060.0,17240.0,18142.0,19004.428571428572,18494.571428571428,18931.233333333334,2131.2550963491744,2042.6775984634628,3414.0,73.19523809523889,24728200.0,21057950.0,20787050.0,23856628.57142857,23833045.0,1269.8058950395398,1260.7268247722136,22325.0,22609.0,21477.0,19980.0,23066.85714285714,21368.766666666666,20621400.0,20463900.0,21349407.14285714,18254.0,24519450.0,
2024-03-12,625.0,0.7818314824680298,0.6234898018587336,0.8660254037844386,0.5000000000000001,0.9395699859530622,0.342356891994542,0.0,0,0,29.0,-29.0,25.7,33.3,18.3,0.0,56.0,10.2,0,0,1,132.0,18254.0,19474.0,21111.0,17048.0,16121.0,18036.0,19317.85714285714,18567.0,18885.866666666665,1754.0102079303351,2042.0813036152124,1206.0,431.99047619047633,24519450.0,22426700.0,20235700.0,24351128.57142857,23856935.0,1343.237098718089,1265.3028593337908,22134.0,22325.0,23388.0,19308.0,23160.714285714286,21458.7,21122700.0,22216700.0,21443521.42857143,14362.0,20855050.0,
2024-03-13,626.0,0.9749279121818236,-0.22252093395631434,0.8660254037844386,0.5000000000000001,0.945320046913132,0.3261441535642696,0.0,0,0,28.0,-28.0,27.3,33.8,21.8,0.0,67.0,10.4,0,0,1,133.0,14362.0,18254.0,19474.0,17599.0,16550.0,17566.0,18934.14285714286,18441.35714285714,18758.666666666668,2477.7988503623924,2200.4050149654618,-3237.0,175.47619047619082,20855050.0,23153150.0,21905300.0,24126607.14285714,23754661.666666668,1452.099289792508,1284.8165743266068,20369.0,22134.0,23149.0,20498.0,22729.428571428572,21473.9,20245950.0,22066350.0,21161985.714285713,14352.0,20352550.0,
2024-03-14,627.0,0.43388373911755823,-0.900968867902419,0.8660254037844386,0.5000000000000001,0.9507903724625832,0.3098349038318025,0.0,0,0,27.0,-27.0,25.0,30.2,22.3,12.4,83.0,8.6,1,0,1,134.0,14352.0,14362.0,18254.0,20106.0,18518.0,19338.0,18470.285714285714,18284.35714285714,18632.333333333332,3015.07892181316,2341.317891971201,-5754.0,-162.04761904761835,20352550.0,25132250.0,23179100.0,23726521.42857143,23608063.333333332,1418.0985228539575,1299.4599867259053,18318.0,20369.0,23929.0,22169.0,22039.285714285714,21406.833333333332,17982750.0,21771550.0,20578614.285714287,15817.0,21252100.0,
2024-03-15,628.0,-0.433883739117558,-0.9009688679024191,0.8660254037844386,0.5000000000000001,0.9559793438440766,0.2934339689665273,1.0,0,0,26.0,-26.0,26.4,33.0,21.5,0.0,76.0,6.3,0,0,1,135.0,15817.0,14352.0,14362.0,21633.0,20861.0,23385.0,17857.571428571428,18091.428571428572,18558.366666666665,3062.6959179315295,2395.2371631669785,-5816.0,-700.7952380952374,21252100.0,25405750.0,25085850.0,23172214.285714287,23499675.0,1343.6239489157235,1312.8366128709047,20525.0,18318.0,24591.0,23902.0,21553.0,21405.3,19475850.0,22250800.0,20250657.14285714,16361.0,21525650.0,
2024-03-16,629.0,-0.9749279121818236,-0.2225209339563146,0.8660254037844386,0.5000000000000001,0.9608854255574977,0.27694620226893646,1.0,0,0,25.0,-25.0,26.3,32.4,20.3,1.3,71.0,5.6,1,0,1,136.0,16361.0,15817.0,14352.0,21111.0,19070.0,19951.0,17104.428571428572,17770.0,18518.2,2591.522516279031,2422.401905775248,-4750.0,-1413.7714285714283,21525650.0,25092400.0,22999750.0,22617914.285714287,23412975.0,1315.6683576798484,1333.018105310948,19632.0,20525.0,22609.0,21250.0,20844.571428571428,21392.333333333332,18989600.0,20055150.0,19784771.42857143,14570.0,19077350.0,
2024-03-17,630.0,-0.7818314824680299,0.6234898018587334,0.8660254037844386,0.5000000000000001,0.9655071658143364,0.2603764827344581,0.0,1,0,24.0,-24.0,26.6,32.9,21.2,0.0,67.0,6.5,0,0,1,137.0,14570.0,16361.0,15817.0,19474.0,17533.0,17878.0,16170.0,17448.571428571428,18359.266666666666,2022.974295437376,2521.1608975359895,-4904.0,-2189.2666666666664,19077350.0,24728200.0,22450900.0,21758621.42857143,23218291.666666668,1309.3582704186686,1350.2701976311907,17315.0,19632.0,22325.0,20862.0,20088.285714285714,21265.966666666667,16239750.0,20621400.0,19239714.285714287,15224.0,20187850.0,Sheikh Mujibur Rahman's Birthday
2024-03-18,631.0,0.0,1.0,0.8660254037844386,0.5000000000000001,0.969843196967294,0.24372971360968387,0.0,0,0,23.0,-23.0,27.7,33.2,22.0,0.0,63.0,6.1,0,0,1,138.0,15224.0,14570.0,16361.0,18254.0,16060.0,18616.0,15562.857142857143,17283.64285714286,18087.233333333334,1411.4232094559336,2397.4350760089997,-3030.0,-2524.3761904761905,20187850.0,24519450.0,21057950.0,21110000.0,22948958.333333332,1326.0542564372045,1358.305677830857,18095.0,17315.0,22134.0,21477.0,19484.0,21126.6,17223000.0,21122700.0,18754228.57142857,14020.0,18815750.0,
2024-03-19,632.0,0.7818314824680298,0.6234898018587336,0.8660254037844386,0.5000000000000001,0.9738922359149924,0.22701082094141847,0.0,0,0,22.0,-22.0,25.7,31.5,22.7,3.0,77.0,7.6,1,0,1,139.0,14020.0,15224.0,14570.0,14362.0,17048.0,21257.0,14958.0,17137.928571428572,17889.533333333333,868.8964265092109,2481.513411044866,-342.0,-2931.533333333333,18815750.0,20855050.0,22426700.0,20295185.714285713,22767693.333333332,1342.064907275321,1358.1382219104617,16798.0,18095.0,20369.0,23388.0,18721.714285714286,21033.1,15775250.0,20245950.0,17990307.14285714,14200.0,20308250.0,
2024-03-20,633.0,0.9749279121818236,-0.22252093395631434,0.8660254037844386,0.5000000000000001,0.9776530844816641,0.2102247521189836,0.0,0,0,21.0,-21.0,24.5,28.2,21.0,3.4,76.0,8.3,1,0,1,140.0,14200.0,14020.0,15224.0,14352.0,17599.0,23180.0,14934.857142857143,16934.5,17766.933333333334,889.3335385880946,2571.33371985254,-152.0,-2832.076190476191,20308250.0,20352550.0,23153150.0,20217071.42857143,22660971.666666668,1430.1584507042253,1355.0038163264214,18387.0,16798.0,18318.0,23149.0,18438.571428571428,20985.266666666666,17966000.0,17982750.0,17664600.0,14144.0,20227900.0,
2024-03-21,634.0,0.43388373911755823,-0.900968867902419,0.8660254037844386,0.5000000000000001,0.981124629771712,0.19337647441020586,0.0,0,0,20.0,-20.0,21.9,27.3,19.1,3.2,83.0,8.9,1,0,1,141.0,14144.0,14200.0,14020.0,15817.0,20106.0,17410.0,14905.142857142857,16687.714285714286,17617.866666666665,915.1536170816488,2648.87133717734,-1673.0,-2712.723809523808,20227900.0,21252100.0,25132250.0,20199264.285714287,22510590.0,1430.1399886877828,1356.7240257312535,16394.0,18387.0,20525.0,23929.0,18163.714285714286,20851.1,16448000.0,19475850.0,17445350.0,15299.0,20978900.0,
2024-03-22,635.0,-0.433883739117558,-0.9009688679024191,0.8660254037844386,0.5000000000000001,0.984305844499033,0.17647097349152166,1.0,0,0,19.0,-19.0,22.1,26.5,17.5,0.2,81.0,6.4,1,0,1,142.0,15299.0,14144.0,14200.0,16361.0,21633.0,22276.0,14831.142857142857,16344.357142857143,17419.266666666666,847.5793824322884,2589.2992918912714,-1062.0,-2588.1238095238095,20978900.0,21525650.0,25405750.0,20160235.714285713,22280393.333333332,1371.25955944833,1360.6719700930546,17530.0,16394.0,19632.0,24591.0,17735.85714285714,20712.433333333334,16553750.0,18989600.0,17027907.14285714,16151.0,21103650.0,
2024-03-23,636.0,-0.9749279121818236,-0.2225209339563146,0.8660254037844386,0.5000000000000001,0.9871957872910085,0.15951325197263655,1.0,0,0,18.0,-18.0,24.9,30.4,19.8,0.8,73.0,9.0,1,0,1,143.0,16151.0,15299.0,14144.0,14570.0,21111.0,17840.0,14801.142857142857,15952.785714285714,17184.966666666667,785.8758232216478,2357.710834296916,1581.0,-2383.8238095238103,21103650.0,19077350.0,25092400.0,20099950.0,22045616.666666668,1306.646647266423,1359.383154319708,18435.0,17530.0,17315.0,22609.0,17564.85714285714,20553.2,17730150.0,16239750.0,16847985.714285713,14403.0,18750950.0,
2024-03-24,637.0,-0.7818314824680299,0.6234898018587334,0.8660254037844386,0.5000000000000001,0.9897936029670716,0.14250832791617088,0.0,0,0,17.0,-17.0,25.5,32.1,21.2,0.3,82.0,12.7,1,0,1,144.0,14403.0,16151.0,15299.0,15224.0,19474.0,16345.0,14777.285714285714,15473.642857142857,17084.733333333334,796.524892744979,2411.1272786858704,-821.0,-2307.44761904762,18750950.0,20187850.0,24728200.0,20053321.42857143,21975750.0,1301.8780809553566,1358.314555824949,16833.0,18435.0,18095.0,22325.0,17496.0,20459.233333333334,15957800.0,17223000.0,16807707.14285714,14102.0,19203850.0,
2024-03-25,638.0,0.0,1.0,0.8660254037844386,0.5000000000000001,0.992098522791769,0.12546123335273648,0.0,0,0,16.0,-16.0,26.0,32.4,21.7,11.6,81.0,10.0,1,0,1,145.0,14102.0,14403.0,16151.0,14020.0,18254.0,17240.0,14617.0,15089.92857142857,16812.266666666666,804.5006732960799,2261.4674352994093,82.0,-2195.2666666666664,19203850.0,18815750.0,24519450.0,19912750.0,21739371.666666668,1361.782016735215,1363.4185215818075,17205.0,16833.0,16798.0,22134.0,17368.85714285714,20264.9,16694200.0,15775250.0,16732164.285714285,14757.0,20584250.0,
2024-03-26,639.0,0.7818314824680298,0.6234898018587336,0.8660254037844386,0.5000000000000001,0.9941098647022418,0.10837701279187609,0.0,1,0,15.0,-15.0,26.0,31.6,22.7,2.3,78.0,9.7,1,0,1,146.0,14757.0,14102.0,14403.0,14200.0,14362.0,16121.0,14722.285714285714,14840.142857142857,16709.5,760.3643237043714,2283.10035349699,557.0,-1987.2142857142862,20584250.0,20308250.0,20855050.0,20165392.85714286,21730808.333333332,1394.8803957443924,1370.9635913631034,18189.0,17205.0,18387.0,20369.0,17567.571428571428,20157.433333333334,17574850.0,17966000.0,16989250.0,15538.0,21035050.0,Independence Day
2024-03-27,640.0,0.9749279121818236,-0.22252093395631434,0.8660254037844386,0.5000000000000001,0.9958270335100595,0.09126072172931188,0.0,0,0,14.0,-14.0,26.2,32.9,21.7,7.3,80.0,7.2,1,0,1,147.0,15538.0,14757.0,14102.0,14144.0,14352.0,16550.0,14913.42857142857,14924.142857142857,16682.6,775.2184331194015,2292.278742754229,1394.0,-1769.171428571428,21035050.0,20227900.0,20352550.0,20269221.42857143,21747286.666666668,1353.7810529025614,1360.0525345342944,18424.0,18189.0,16394.0,18318.0,17572.85714285714,20134.0,17866400.0,16448000.0,16975021.42857143,14389.0,18975100.0,
2024-03-28,641.0,0.43388373911755823,-0.900968867902419,0.8660254037844386,0.5000000000000001,0.9972495210773451,0.07411742515094437,0.0,0,0,13.0,-13.0,25.5,30.2,21.7,4.2,84.0,7.6,1,0,1,148.0,14389.0,15538.0,14757.0,15299.0,15817.0,18518.0,14948.42857142857,14926.785714285714,16587.566666666666,739.3929620854052,2327.205512068595,-910.0,-1639.138095238095,18975100.0,20978900.0,21252100.0,20090250.0,21686888.333333332,1318.7226353464453,1344.1357697712463,17160.0,18424.0,17530.0,20525.0,17682.285714285714,20040.0,16481300.0,16553750.0,16979778.57142857,16046.0,21616500.0,
2024-03-29,642.0,-0.433883739117558,-0.9009688679024191,0.8660254037844386,0.5000000000000001,0.998376906467142,0.056952196034039754,1.0,0,0,12.0,-12.0,26.8,31.8,22.9,1.2,81.0,6.2,1,0,1,149.0,16046.0,14389.0,15538.0,16151.0,16361.0,20861.0,15055.142857142857,14943.142857142857,16585.066666666666,844.813476173454,2327.764221579265,-105.0,-1529.9238095238088,21616500.0,21103650.0,21525650.0,20181335.714285713,21732915.0,1347.158170260501,1340.692714172985,18497.0,17160.0,18435.0,19632.0,17820.428571428572,20012.966666666667,17666100.0,17730150.0,17138685.714285713,17671.0,23126200.0,
2024-03-30,643.0,-0.9749279121818236,-0.2225209339563146,0.8660254037844386,0.5000000000000001,0.9992088560679753,0.03977011384605572,1.0,0,0,11.0,-11.0,28.9,36.1,23.9,0.1,78.0,10.0,1,0,1,150.0,17671.0,16046.0,14389.0,14403.0,14570.0,19070.0,15272.285714285714,15036.714285714286,16622.433333333334,1264.5162071304899,2336.164225499975,3268.0,-1350.1476190476205,23126200.0,18750950.0,19077350.0,20470271.42857143,21773611.666666668,1308.7091845396412,1340.9873623548733,19047.0,18497.0,16833.0,17315.0,17907.85714285714,19964.6,18320900.0,15957800.0,17223078.57142857,15456.0,20191400.0,
2024-03-31,644.0,-0.7818314824680299,0.6234898018587334,0.8660254037844386,0.5000000000000001,0.9997451236925734,0.022576263041545485,0.0,0,0,10.0,-10.0,28.2,33.4,24.7,2.2,81.0,14.1,1,0,1,151.0,15456.0,17671.0,16046.0,14102.0,15224.0,17533.0,15422.714285714286,15100.0,16520.366666666665,1205.1071479730188,2317.3044757505404,1354.0,-1097.6523809523787,20191400.0,19203850.0,20187850.0,20676050.0,21674021.666666668,1306.3793995859214,1341.6304078735252,17215.0,19047.0,17205.0,18095.0,17962.428571428572,19799.466666666667,16189450.0,16694200.0,17256171.42857143,14726.0,20073850.0,
2024-04-01,645.0,0.0,1.0,1.0,6.123233995736766e-17,0.9999855506507186,0.005375731557583884,0.0,0,0,9.0,-9.0,30.5,38.5,24.9,0.0,67.0,14.3,0,0,1,152.0,14726.0,15456.0,17671.0,14757.0,14020.0,16060.0,15511.857142857143,15064.42857142857,16315.866666666667,1110.4952991905122,2188.143185968187,-31.0,-804.0095238095237,20073850.0,20584250.0,18815750.0,20800335.714285713,21506955.0,1363.1570012223278,1341.8268342288272,17897.0,17215.0,18189.0,16798.0,18061.285714285714,19599.3,17133850.0,17574850.0,17318978.57142857,15201.0,21303050.0,
2024-04-02,646.0,0.7818314824680298,0.6234898018587336,1.0,6.123233995736766e-17,0.9999300657962057,-0.011826390691832589,0.0,0,0,8.0,-8.0,30.3,37.9,24.9,0.0,70.0,10.0,0,0,1,153.0,15201.0,14726.0,15456.0,15538.0,14200.0,17048.0,15575.285714285714,15148.785714285714,16186.9,1072.2141754778509,2133.5566283103562,-337.0,-611.6142857142859,21303050.0,21035050.0,20308250.0,20903021.42857143,21450398.333333332,1401.4242484047102,1342.7616703231583,18554.0,17897.0,18424.0,18387.0,18113.428571428572,19509.433333333334,17666900.0,17866400.0,17332128.57142857,15800.0,22005950.0,
2024-04-03,647.0,0.9749279121818236,-0.22252093395631434,1.0,6.123233995736766e-17,0.9995786855478958,-0.029025013321975237,0.0,0,0,7.0,-7.0,31.1,38.6,26.1,0.0,65.0,14.2,0,0,1,154.0,15800.0,15201.0,14726.0,14389.0,14144.0,17599.0,15612.714285714286,15263.07142857143,16129.133333333333,1075.2642643069858,2119.266703583978,1411.0,-516.419047619047,22005950.0,18975100.0,20227900.0,21041721.42857143,21435566.666666668,1392.7816455696202,1348.3331835613096,19653.0,18554.0,17160.0,16394.0,18289.0,19469.133333333335,18883750.0,16481300.0,17477464.285714287,16542.0,22718200.0,
2024-04-04,648.0,0.43388373911755823,-0.900968867902419,1.0,6.123233995736766e-17,0.9989315138848577,-0.046215046983708354,0.0,0,0,6.0,-6.0,30.9,39.3,25.6,0.0,68.0,14.5,0,0,1,155.0,16542.0,15800.0,15201.0,16046.0,15299.0,20106.0,15920.285714285714,15434.357142857143,16145.2,969.626511306773,2120.5512035545644,496.0,-224.91428571428696,22718200.0,21616500.0,20978900.0,21576450.0,21490908.333333332,1373.3647684681416,1356.139202578695,20724.0,19653.0,18497.0,17530.0,18798.14285714286,19444.033333333333,19711300.0,17666100.0,17938892.85714286,20419.0,26385350.0,
2024-04-05,649.0,-0.433883739117558,-0.9009688679024191,1.0,6.123233995736766e-17,0.9979887423155984,-0.06339140486951038,1.0,1,0,5.0,-5.0,31.2,38.5,25.6,0.1,70.0,11.7,1,0,1,156.0,20419.0,16542.0,15800.0,17671.0,16151.0,21633.0,16545.0,15800.07142857143,16257.566666666668,1963.4919573726218,2255.0855581801775,2748.0,287.4333333333325,26385350.0,23126200.0,21103650.0,22257714.285714287,21622863.333333332,1292.1959939272247,1348.2874631025127,24018.0,20724.0,19047.0,18435.0,19586.85714285714,19465.033333333333,21111550.0,18320900.0,18431100.0,25691.0,31625400.0,Jumatul Bidah
2024-04-06,650.0,-0.9749279121818236,-0.2225209339563146,1.0,6.123233995736766e-17,0.9967506498213929,-0.08054900421874167,1.0,0,0,4.0,-4.0,32.0,39.8,26.5,0.0,65.0,13.5,0,0,1,157.0,25691.0,20419.0,16542.0,15456.0,14403.0,21111.0,17690.714285714286,16481.5,16527.3,4006.7571141047156,2831.3786960930906,10235.0,1163.414285714287,31625400.0,20191400.0,18750950.0,23471885.714285713,21905271.666666668,1230.9913977657545,1337.1849221348145,28710.0,24018.0,17215.0,16833.0,20967.285714285714,19650.4,23549800.0,16189450.0,19178085.714285713,20812.0,25820250.0,
2024-04-07,651.0,-0.7818314824680299,0.6234898018587334,1.0,6.123233995736766e-17,0.9952176027737294,-0.09768276782171598,0.0,1,0,3.0,-3.0,30.5,37.1,26.2,0.0,69.0,10.5,0,0,1,158.0,20812.0,25691.0,20419.0,14726.0,14102.0,19474.0,18455.85714285714,16939.285714285714,16550.833333333332,4020.2609131154536,2864.88490571413,6086.0,1905.0238095238092,25820250.0,20073850.0,19203850.0,24276007.14285714,21928205.0,1240.6424178358639,1327.793924741949,25084.0,28710.0,17897.0,17205.0,22091.428571428572,19688.9,21786850.0,17133850.0,19977714.285714287,23306.0,28882700.0,Shab-e-Qadr
2024-04-08,652.0,0.0,1.0,1.0,6.123233995736766e-17,0.9933900548258936,-0.11478762552212701,0.0,0,0,2.0,-2.0,29.4,34.9,25.6,0.0,59.0,11.7,0,0,1,159.0,23306.0,20812.0,25691.0,15201.0,14757.0,18254.0,19681.571428571428,17596.714285714286,16606.6,4001.4666001831006,2981.1474370415604,8105.0,3074.971428571429,28882700.0,21303050.0,20584250.0,25534414.285714287,22044103.333333332,1239.2817300266026,1310.0974574282739,29780.0,25084.0,18554.0,18189.0,23789.0,19861.866666666665,25089200.0,17666900.0,21114192.85714286,31800.0,35749550.0,
2024-04-09,653.0,0.7818314824680298,0.6234898018587336,1.0,6.123233995736766e-17,0.9912685467787256,-0.13185851571739118,0.0,0,0,1.0,-1.0,29.7,36.3,23.3,0.0,56.0,5.3,0,0,1,160.0,31800.0,23306.0,20812.0,15800.0,15538.0,14362.0,22052.85714285714,18814.071428571428,16962.9,5530.072767109261,4002.030754763026,16000.0,5089.95714285714,35749550.0,22005950.0,21035050.0,27598200.0,22399341.666666668,1124.1996855345913,1270.4939484468284,43427.0,29780.0,19653.0,18424.0,27342.285714285714,20555.8,30366850.0,18883750.0,22928471.42857143,45204.0,48994700.0,
2024-04-10,654.0,0.9749279121818236,-0.22252093395631434,1.0,6.123233995736766e-17,0.9888537064205885,-0.1488903868564548,0.0,1,1,0.0,0.0,29.8,36.4,23.1,0.0,53.0,6.8,0,0,1,161.0,45204.0,31800.0,23306.0,16542.0,14389.0,14352.0,26253.428571428572,20933.071428571428,17820.566666666666,9633.741223033767,6522.263192372327,28662.0,8432.861904761907,48994700.0,22718200.0,18975100.0,31453735.714285713,23208225.0,1083.8576232191842,1226.3619452539092,47755.0,43427.0,20724.0,17160.0,31356.85714285714,21403.466666666667,33099400.0,19711300.0,24959278.57142857,26215.0,27659850.0,Eid al-Fitr
2024-04-11,655.0,0.43388373911755823,-0.900968867902419,1.0,6.123233995736766e-17,0.986146248341595,-0.16587819893463143,0.0,1,1,1.0,1.0,28.9,35.9,23.9,0.0,66.0,8.9,0,0,1,162.0,26215.0,45204.0,31800.0,20419.0,16046.0,15817.0,27635.285714285714,21777.785714285714,18085.933333333334,8652.328659851883,6700.035151391759,5796.0,9549.35238095238,27659850.0,26385350.0,21616500.0,32159685.714285713,23312905.0,1055.115391951173,1180.8977486086278,19273.0,47755.0,24018.0,18497.0,31149.571428571428,21308.1,13550650.0,21111550.0,24079185.714285713,18659.0,16665000.0,Eid al-Fitr Holiday
2024-04-12,656.0,-0.433883739117558,-0.9009688679024191,1.0,6.123233995736766e-17,0.9831469737221499,-0.1828169249850199,1.0,1,1,2.0,2.0,30.8,36.7,25.4,0.1,52.0,7.7,1,0,1,163.0,18659.0,26215.0,45204.0,25691.0,17671.0,16361.0,27383.85714285714,21964.428571428572,18229.166666666668,8918.456133744387,6663.510807495501,-7032.0,9154.690476190473,16665000.0,31625400.0,23126200.0,30771064.285714287,23173236.666666668,893.1346803151295,1123.8889895211855,14852.0,19273.0,28710.0,19047.0,29840.14285714286,21124.2,6050000.0,23549800.0,21927535.714285713,27983.0,26324150.0,Eid al-Fitr Holiday
2024-04-13,657.0,-0.9749279121818236,-0.2225209339563146,1.0,6.123233995736766e-17,0.9798567700958665,-0.1997015525660636,1.0,0,0,3.0,3.0,30.5,37.4,24.8,0.0,51.0,6.7,0,0,1,164.0,27983.0,18659.0,26215.0,20812.0,15456.0,14570.0,27711.285714285714,22701.0,18683.533333333333,8887.968453932217,6852.083205673397,7171.0,9027.752380952381,26324150.0,25820250.0,20191400.0,30013742.85714286,23372290.0,940.7193653289497,1082.4215563159278,17073.0,14852.0,25084.0,17215.0,28177.714285714286,21082.7,9585450.0,21786850.0,19932628.57142857,28492.0,26409000.0,
2024-04-14,658.0,-0.7818314824680299,0.6234898018587334,1.0,6.123233995736766e-17,0.9762766110869321,-0.21652708524481437,0.0,1,0,4.0,4.0,30.5,37.5,24.4,0.0,53.0,6.4,0,0,1,165.0,28492.0,27983.0,18659.0,23306.0,14726.0,15224.0,28808.428571428572,23632.14285714286,19106.033333333333,8352.237362071306,7056.9459570149775,5186.0,9702.39523809524,26409000.0,28882700.0,20073850.0,30097850.0,23544186.666666668,926.891759090271,1037.600033637986,19823.0,17073.0,29780.0,17897.0,27426.14285714286,21059.3,12353850.0,25089200.0,18585057.14285714,34926.0,32972300.0,Bengali New Year
2024-04-15,659.0,0.0,1.0,1.0,6.123233995736766e-17,0.9724075561219968,-0.23328854407545518,0.0,0,0,5.0,5.0,31.8,38.2,25.2,0.0,52.0,6.2,0,0,1,166.0,34926.0,28492.0,27983.0,31800.0,15201.0,14020.0,30468.428571428572,25075.0,19724.866666666665,8230.208317678213,7600.95637690931,3126.0,10743.561904761907,32972300.0,35749550.0,21303050.0,30682078.57142857,23925741.666666668,944.061730515948,995.4257479936066,31111.0,19823.0,43427.0,18554.0,27616.285714285714,21441.933333333334,18547500.0,30366850.0,17650528.57142857,35513.0,35834450.0,
2024-04-16,660.0,0.7818314824680298,0.6234898018587336,1.0,6.123233995736766e-17,0.9682507501166718,-0.2499809690726521,0.0,0,0,6.0,6.0,31.1,37.8,26.3,0.4,58.0,10.0,1,0,1,167.0,35513.0,34926.0,28492.0,45204.0,15800.0,14200.0,30998.85714285714,26525.85714285714,20422.966666666667,8447.120918367538,8059.12161074529,-9691.0,10575.890476190474,35834450.0,48994700.0,22005950.0,30694207.14285714,24484311.666666668,1009.0516149015854,978.976023617463,34727.0,31111.0,47755.0,19653.0,26373.428571428572,22022.333333333332,23596300.0,33099400.0,16683307.142857144,31276.0,35776500.0,
2024-04-17,661.0,0.9749279121818236,-0.22252093395631434,1.0,6.123233995736766e-17,0.9638074231367307,-0.26659942067929354,0.0,0,0,7.0,7.0,30.8,38.6,26.5,0.5,70.0,14.2,1,0,1,168.0,31276.0,35513.0,34926.0,26215.0,16542.0,14144.0,29009.14285714286,27631.285714285714,20958.033333333333,5754.724071826207,8233.036857405805,5061.0,8051.109523809526,35776500.0,27659850.0,22718200.0,28805892.85714286,25003933.333333332,1143.8962782964572,987.5529743427877,35945.0,34727.0,19273.0,20724.0,24686.285714285714,22617.333333333332,27520500.0,13550650.0,15886321.42857143,26763.0,32085850.0,
2024-04-18,662.0,0.43388373911755823,-0.900968867902419,1.0,6.123233995736766e-17,0.9590788900341131,-0.28313898122818354,0.0,0,0,8.0,8.0,29.9,35.4,26.9,0.0,78.0,12.6,0,0,1,169.0,26763.0,31276.0,35513.0,18659.0,20419.0,15299.0,29087.428571428572,28361.35714285714,21382.8,5713.961231263283,8191.359010651375,8104.0,7704.628571428573,32085850.0,16665000.0,26385350.0,29438178.57142857,25446270.0,1198.8883906886374,1008.0919741624256,29489.0,35945.0,14852.0,24018.0,26145.714285714286,23040.366666666665,24589950.0,6050000.0,17463364.285714287,24499.0,29769900.0,
2024-04-19,663.0,-0.433883739117558,-0.9009688679024191,1.0,6.123233995736766e-17,0.9540665500578387,-0.2995947563972602,1.0,0,0,9.0,9.0,31.6,39.2,26.8,0.0,68.0,17.4,0,0,1,170.0,24499.0,26763.0,31276.0,27983.0,25691.0,16151.0,29921.714285714286,28652.785714285714,21726.1,4149.808096538198,8095.198557126965,-3484.0,8195.614285714288,29769900.0,26324150.0,31625400.0,31310307.14285714,25761658.333333332,1215.1475570431446,1054.093813694999,27081.0,29489.0,17073.0,28710.0,27892.714285714286,23330.166666666668,23088850.0,9585450.0,19897485.714285713,28209.0,33940500.0,
2024-04-20,664.0,-0.9749279121818236,-0.2225209339563146,1.0,6.123233995736766e-17,0.9487718864399473,-0.31596187665790293,1.0,0,0,10.0,10.0,32.3,40.2,26.6,0.0,65.0,18.0,0,0,1,171.0,28209.0,24499.0,26763.0,28492.0,20812.0,14403.0,29954.0,28832.64285714286,22194.933333333334,4133.056254153667,8048.08943244568,-283.0,7759.066666666666,33940500.0,26409000.0,25820250.0,32398357.14285714,26218745.0,1203.1798362224822,1091.5881666797893,30014.0,27081.0,19823.0,25084.0,29741.428571428572,23784.166666666668,25380950.0,12353850.0,22153985.714285713,23454.0,28427050.0,
2024-04-21,665.0,-0.7818314824680299,0.6234898018587334,1.0,6.123233995736766e-17,0.9431964659565866,-0.33223549871590435,0.0,0,0,11.0,11.0,31.9,39.7,27.2,0.0,70.0,17.0,0,0,1,172.0,23454.0,28209.0,24499.0,34926.0,23306.0,14102.0,29234.285714285714,29021.35714285714,22466.766666666666,4812.822446835197,7944.191357399988,-11472.0,6767.519047619047,28427050.0,32972300.0,28882700.0,32686650.0,26467016.666666668,1212.0341945936727,1132.3228003231325,24900.0,30014.0,31111.0,29780.0,30466.714285714286,24029.833333333332,21478050.0,18547500.0,23457442.85714286,19347.0,25021600.0,
2024-04-22,666.0,0.0,1.0,1.0,6.123233995736766e-17,0.9373419384643772,-0.3484108069446808,0.0,0,0,12.0,12.0,32.4,39.6,27.2,0.0,63.0,11.8,0,0,1,173.0,19347.0,23454.0,28209.0,35513.0,31800.0,14757.0,27008.714285714286,28738.571428571428,22573.3,5317.740582687444,7877.726497471569,-16166.0,4435.414285714287,25021600.0,35834450.0,35749550.0,31550835.714285713,26597615.0,1293.3064557812581,1182.2149039324627,22315.0,24900.0,34727.0,43427.0,29210.14285714286,24159.166666666668,20253350.0,23596300.0,23701135.714285713,17947.0,24088100.0,
2024-04-23,667.0,0.7818314824680298,0.6234898018587336,1.0,6.123233995736766e-17,0.9312100364121947,-0.3644830148102912,0.0,0,0,13.0,13.0,32.3,39.4,26.9,0.0,60.0,14.0,0,0,1,174.0,17947.0,19347.0,23454.0,31276.0,45204.0,15538.0,24499.285714285714,27749.071428571428,22691.433333333334,4750.1115325251,7776.90846599765,-13329.0,1807.8523809523795,24088100.0,35776500.0,48994700.0,29872785.714285713,26775520.0,1342.1797514904997,1229.8046377308788,21544.0,22315.0,35945.0,47755.0,27326.85714285714,24316.2,20216200.0,27520500.0,23218264.285714287,17225.0,23340750.0,
2024-04-24,668.0,0.9749279121818236,-0.22252093395631434,1.0,6.123233995736766e-17,0.9248025743285089,-0.38044736628785164,0.0,0,0,14.0,14.0,32.1,39.2,26.9,1.3,56.0,15.1,1,0,1,175.0,17225.0,17947.0,19347.0,26763.0,26215.0,14389.0,22492.0,25750.571428571428,22795.533333333333,4362.1164969923675,7678.243507529552,-9538.0,-303.53333333333285,23340750.0,32085850.0,27659850.0,28096250.0,26913416.666666668,1355.0507982583454,1259.9695691540057,21302.0,21544.0,29489.0,19273.0,25235.0,24452.766666666666,20060350.0,24589950.0,22152528.57142857,17287.0,23152300.0,
2024-04-25,669.0,0.43388373911755823,-0.900968867902419,1.0,6.123233995736766e-17,0.9181214482844365,-0.39629913726891813,0.0,0,0,15.0,15.0,32.3,38.8,26.8,0.9,59.0,11.6,1,0,1,176.0,17287.0,17225.0,17947.0,24499.0,18659.0,16046.0,21138.285714285714,25112.85714285714,22879.866666666665,4285.4628188129645,7600.407964246964,-7212.0,-1741.5809523809512,23152300.0,29769900.0,16665000.0,26820028.57142857,26999018.333333332,1339.2896396135825,1280.026890428998,20931.0,21302.0,27081.0,14852.0,24012.428571428572,24544.166666666668,20021550.0,23088850.0,21499900.0,18405.0,23700800.0,
2024-04-26,670.0,-0.433883739117558,-0.9009688679024191,1.0,6.123233995736766e-17,0.9111686353326631,-0.41203363695942635,1.0,0,0,16.0,16.0,31.7,40.2,26.6,0.0,68.0,15.7,0,0,1,177.0,18405.0,17287.0,17225.0,28209.0,27983.0,17671.0,20267.714285714286,25094.714285714286,22975.433333333334,4104.110488858919,7522.53458608538,-9804.0,-2707.719047619048,23700800.0,33940500.0,26324150.0,25953014.285714287,27087876.666666668,1287.7370279815268,1290.3968148487668,21636.0,20931.0,30014.0,17073.0,23234.571428571428,24651.233333333334,20133450.0,25380950.0,21077700.0,20937.0,25895700.0,
2024-04-27,671.0,-0.9749279121818236,-0.2225209339563146,1.0,6.123233995736766e-17,0.9039461929224011,-0.42764620926777464,1.0,0,0,17.0,17.0,32.1,39.5,27.1,0.1,72.0,15.1,1,0,1,178.0,20937.0,18405.0,17287.0,23454.0,28492.0,15456.0,19228.85714285714,24591.428571428572,23193.7,2269.0560760348103,7358.003932617457,-2517.0,-3964.8428571428594,25895700.0,28427050.0,26409000.0,24803757.14285714,27318563.333333332,1236.8390886946554,1295.2052794876488,21526.0,21636.0,24900.0,19823.0,22022.0,24796.766666666666,20044500.0,21478050.0,20315350.0,18296.0,22664000.0,
2024-04-28,672.0,-0.7818314824680299,0.6234898018587334,1.0,6.123233995736766e-17,0.8964562582905575,-0.44313223418263453,0.0,0,0,18.0,18.0,32.3,40.1,27.5,0.0,68.0,14.7,0,0,1,179.0,18296.0,20937.0,18405.0,19347.0,34926.0,14726.0,18492.0,23863.14285714286,23268.7,1298.0353102542188,7293.82245536214,-1051.0,-4776.700000000001,22664000.0,25021600.0,32972300.0,23980464.285714287,27353480.0,1238.7407083515523,1299.0204957387743,19336.0,21526.0,22315.0,31111.0,21227.14285714286,24824.733333333334,17621350.0,20253350.0,19764392.85714286,16854.0,21844650.0,
2024-04-29,673.0,0.0,1.0,1.0,6.123233995736766e-17,0.8887010478292915,-0.45848712914008766,0.0,0,0,19.0,19.0,33.5,41.3,28.0,0.0,64.0,14.3,0,0,1,180.0,16854.0,18296.0,20937.0,17947.0,35513.0,15201.0,18135.85714285714,22572.285714285714,23241.466666666667,1364.6445725990147,7316.932218153838,-1093.0,-5105.609523809526,21844650.0,24088100.0,35834450.0,23526614.285714287,27310761.666666668,1296.1107155571378,1299.4211042781858,19734.0,19336.0,21544.0,34727.0,20858.428571428572,24847.633333333335,18762150.0,20216200.0,19551364.285714287,16278.0,21927250.0,
2024-04-30,674.0,0.7818314824680298,0.6234898018587336,1.0,6.123233995736766e-17,0.8806828564301475,-0.47370635037968,0.0,0,0,20.0,20.0,32.9,40.8,27.6,0.0,65.0,17.0,0,0,1,181.0,16278.0,16854.0,18296.0,17225.0,31276.0,15800.0,17897.428571428572,21198.35714285714,23268.866666666665,1537.9400570398645,7288.255241439339,-947.0,-5371.4380952380925,21927250.0,23340750.0,35776500.0,23217921.42857143,27368623.333333332,1347.048163165008,1300.1165916602583,19864.0,19734.0,21302.0,35945.0,20618.428571428572,24935.933333333334,19224850.0,20060350.0,19409742.85714286,18565.0,24312100.0,
2024-05-01,675.0,0.9749279121818236,-0.22252093395631434,0.8660254037844387,-0.4999999999999998,0.8724040568049612,-0.48878539428899265,0.0,1,0,21.0,21.0,33.6,40.3,28.4,0.0,59.0,13.1,0,0,1,182.0,18565.0,16278.0,16854.0,17287.0,26763.0,16542.0,18088.85714285714,20290.428571428572,23396.833333333332,1523.6215003046589,7165.76101347924,1278.0,-5307.976190476191,24312100.0,23152300.0,32085850.0,23356685.714285713,27509898.333333332,1309.5663883652032,1293.6188188183808,20371.0,19864.0,20931.0,29489.0,20485.428571428572,25018.4,19117450.0,20021550.0,19275042.85714286,19359.0,23660600.0,Labour Day
2024-05-02,676.0,0.43388373911755823,-0.900968867902419,0.8660254037844387,-0.4999999999999998,0.8638670987837349,-0.503719798736334,0.0,0,0,22.0,22.0,30.2,38.8,25.3,14.5,76.0,15.2,1,0,1,183.0,19359.0,18565.0,16278.0,18405.0,24499.0,20419.0,18384.85714285714,19761.571428571428,23535.433333333334,1543.0225131833267,7040.895102203274,954.0,-5150.576190476193,23660600.0,23700800.0,29769900.0,23429300.0,27588483.333333332,1222.2015599979338,1276.8919503018599,20517.0,20371.0,21636.0,27081.0,20426.285714285714,25083.833333333332,19307100.0,20133450.0,19172978.57142857,17103.0,20919500.0,
2024-05-03,677.0,-0.433883739117558,-0.9009688679024191,0.8660254037844387,-0.4999999999999998,0.8550745085896932,-0.518505144391157,1.0,0,0,23.0,23.0,31.0,37.3,27.0,0.0,71.0,13.8,0,0,1,184.0,17103.0,19359.0,18565.0,20937.0,28209.0,25691.0,18198.85714285714,19233.285714285714,23578.866666666665,1616.8947016397228,6995.403878968335,-3834.0,-5380.009523809524,20919500.0,25895700.0,33940500.0,23031971.42857143,27552268.333333332,1223.147985733497,1267.664944266427,19523.0,20517.0,21526.0,30014.0,20124.428571428572,25079.5,17748350.0,20044500.0,18832250.0,20066.0,24716350.0,
2024-05-04,678.0,-0.9749279121818236,-0.2225209339563146,0.8660254037844387,-0.4999999999999998,0.8460288880917339,-0.533137056031809,1.0,0,0,24.0,24.0,31.9,37.9,27.2,0.4,66.0,13.7,1,0,1,185.0,20066.0,17103.0,19359.0,18296.0,23454.0,20812.0,18074.428571428572,18651.64285714286,23696.333333333332,1388.4349531208736,6902.132041090191,1770.0,-5621.90476190476,24716350.0,22664000.0,28427050.0,22863492.85714286,27618873.333333332,1231.7527160370776,1266.9383196010585,21567.0,19523.0,19336.0,24900.0,20130.285714285714,25107.6,20153500.0,17621350.0,18847821.42857143,18172.0,22313100.0,
2024-05-05,679.0,-0.7818314824680299,0.6234898018587334,0.8660254037844387,-0.4999999999999998,0.8367329140344921,-0.5476112038402312,0.0,0,0,25.0,25.0,30.1,37.5,23.0,10.2,72.0,20.3,1,0,1,186.0,18172.0,20066.0,17103.0,16854.0,19347.0,23306.0,18056.714285714286,18274.35714285714,23621.433333333334,1385.925649074311,6950.942430190043,1318.0,-5564.719047619048,22313100.0,21844650.0,25021600.0,22813364.285714287,27483131.666666668,1227.8835571208454,1265.3872979966716,20280.0,21567.0,19734.0,22315.0,20265.14285714286,24983.0,18347200.0,18762150.0,18951514.285714287,16676.0,21477000.0,
2024-05-06,680.0,0.0,1.0,0.8660254037844387,-0.4999999999999998,0.8271893372462497,-0.5619233046832195,0.0,0,0,26.0,26.0,26.5,32.9,23.5,24.8,84.0,15.6,1,1,1,187.0,16676.0,18172.0,20066.0,16278.0,17947.0,31800.0,18031.285714285714,18083.571428571428,23320.933333333334,1413.0383002931612,7052.510802266957,398.0,-5289.6476190476205,21477000.0,21927250.0,24088100.0,22760842.85714286,27144851.666666668,1287.8987766850564,1264.2141638720889,19899.0,20280.0,19864.0,21544.0,20288.714285714286,24689.3,18798700.0,19224850.0,18956735.714285713,15507.0,21497600.0,
2024-05-07,681.0,0.7818314824680298,0.6234898018587336,0.8660254037844387,-0.4999999999999998,0.8174009818249189,-0.5760691233798758,0.0,0,0,27.0,27.0,27.0,31.4,23.9,0.2,80.0,8.8,1,0,1,188.0,15507.0,16676.0,18172.0,18565.0,17225.0,45204.0,17921.14285714286,17909.285714285714,23144.1,1591.2862123213315,7182.891687172746,-3058.0,-5222.95714285714,21497600.0,24312100.0,23340750.0,22699464.285714287,27000763.333333332,1386.315857354743,1269.8238344706224,20162.0,19899.0,20371.0,21302.0,20331.285714285714,24525.233333333334,19591600.0,19117450.0,19009128.57142857,15710.0,21238250.0,
2024-05-08,682.0,0.9749279121818236,-0.22252093395631434,0.8660254037844387,-0.4999999999999998,0.8073707443023492,-0.5900444739548627,0.0,0,0,28.0,28.0,26.5,29.5,24.1,7.4,82.0,6.2,1,0,1,189.0,15710.0,15507.0,16676.0,19359.0,17287.0,26215.0,17513.285714285714,17801.071428571428,22890.9,1756.099818184825,7309.7487590675655,-3649.0,-5377.614285714288,21238250.0,23660600.0,23152300.0,22260342.85714286,26745948.333333332,1351.8936982813495,1275.8705930300719,19434.0,20162.0,20517.0,20931.0,20197.428571428572,24180.366666666665,18745450.0,19307100.0,18955985.714285713,14915.0,20263550.0,
2024-05-09,683.0,0.43388373911755823,-0.900968867902419,0.8660254037844387,-0.4999999999999998,0.7971015927871943,-0.6038452208771035,0.0,0,0,29.0,29.0,27.8,32.4,24.3,0.1,77.0,7.0,1,0,1,190.0,14915.0,15710.0,15507.0,17103.0,18405.0,18659.0,16878.428571428572,17631.64285714286,22328.066666666666,1780.7508582190528,7249.922372632383,-2188.0,-5449.638095238093,20263550.0,20919500.0,23700800.0,21775050.0,26229748.333333332,1358.6020784445188,1295.356381379584,19126.0,19434.0,19523.0,21636.0,19998.714285714286,23370.333333333332,18821550.0,17748350.0,18886621.42857143,18432.0,23370000.0,
2024-05-10,684.0,-0.433883739117558,-0.9009688679024191,0.8660254037844387,-0.4999999999999998,0.7865965660866021,-0.6174672802835514,1.0,0,0,30.0,30.0,27.6,31.8,24.7,0.6,75.0,7.8,1,0,1,191.0,18432.0,14915.0,15710.0,20066.0,20937.0,27983.0,17068.285714285714,17633.571428571428,21435.666666666668,1876.933377816633,5849.431256369174,-1634.0,-4367.380952380954,23370000.0,24716350.0,25895700.0,22125121.42857143,25375591.666666668,1267.9036458333333,1301.7500471081319,21107.0,19126.0,21567.0,21526.0,20225.0,22482.066666666666,19590750.0,20153500.0,19149821.42857143,21082.0,25056700.0,
2024-05-11,685.0,-0.9749279121818236,-0.2225209339563146,0.8660254037844387,-0.4999999999999998,0.7758587728069828,-0.6309066211876704,1.0,0,0,31.0,31.0,27.5,32.3,22.9,6.2,82.0,7.2,1,0,1,192.0,21082.0,18432.0,14915.0,18172.0,18296.0,28492.0,17213.428571428572,17643.928571428572,21264.566666666666,2164.617738165606,5779.465228114852,2910.0,-4051.1380952380932,25056700.0,22313100.0,22664000.0,22173742.85714286,25288820.0,1188.535243335547,1295.5761224364849,22357.0,21107.0,20280.0,19336.0,20337.85714285714,22584.866666666665,20779450.0,18347200.0,19239242.85714286,17923.0,22230400.0,
2024-05-12,686.0,-0.7818314824680299,0.6234898018587334,0.8660254037844387,-0.4999999999999998,0.7648913904341226,-0.6441592666722685,0.0,0,0,32.0,32.0,28.4,33.1,24.5,0.0,78.0,4.8,0,0,1,193.0,17923.0,21082.0,18432.0,16676.0,16854.0,34926.0,17177.85714285714,17617.285714285714,21240.033333333333,2148.223873232035,5792.454559721373,1247.0,-4062.1761904761916,22230400.0,21477000.0,21844650.0,22161928.57142857,25474333.333333332,1240.328070077554,1297.353910001729,20213.0,22357.0,19899.0,19734.0,20328.285714285714,22763.566666666666,18308650.0,18798700.0,19233735.714285713,16732.0,22091250.0,
2024-05-13,687.0,0.0,1.0,0.8660254037844387,-0.4999999999999998,0.753697664392914,-0.6572212950663319,0.0,0,0,33.0,33.0,29.0,33.1,24.6,0.1,78.0,4.9,1,0,1,194.0,16732.0,17923.0,21082.0,15507.0,16278.0,35513.0,17185.85714285714,17608.571428571428,20865.0,2146.146735319849,5704.380137983515,1225.0,-3679.1428571428587,22091250.0,21497600.0,21927250.0,22249678.57142857,25333236.666666668,1320.2994262491036,1301.982574225164,20282.0,20213.0,20162.0,19864.0,20383.0,22870.533333333333,19135650.0,19591600.0,19281871.42857143,16667.0,22569750.0,
2024-05-14,688.0,0.7818314824680298,0.6234898018587336,0.8660254037844387,-0.4999999999999998,0.742280907086982,-0.6700888411055113,0.0,0,0,33.0,-33.0,30.2,34.6,25.7,0.1,72.0,6.1,1,0,1,195.0,16667.0,16732.0,17923.0,15710.0,18565.0,31276.0,17351.571428571428,17636.35714285714,20470.833333333332,2036.913421261322,5566.0599702082045,957.0,-3119.2619047619046,22569750.0,21238250.0,24312100.0,22402842.85714286,25205261.666666668,1354.157916841663,1297.3885827232955,20081.0,20282.0,19434.0,20371.0,20371.428571428572,22879.133333333335,19355450.0,18745450.0,19248135.714285713,16754.0,22874450.0,
2024-05-15,689.0,0.9749279121818236,-0.22252093395631434,0.8660254037844387,-0.4999999999999998,0.7306444969184916,-0.6827580970759147,0.0,0,0,32.0,-32.0,31.7,37.1,26.3,0.0,64.0,7.5,0,0,1,196.0,16754.0,16667.0,16732.0,14915.0,19359.0,26763.0,17500.714285714286,17507.0,19865.1,1932.2149392416916,4885.959139595135,1839.0,-2364.3857142857123,22874450.0,20263550.0,23660600.0,22636585.714285713,24868666.666666668,1365.31276113167,1299.305591701913,20559.0,20081.0,19126.0,20517.0,20532.14285714286,22527.4,19779550.0,18821550.0,19395864.285714287,16942.0,22853250.0,
2024-05-16,690.0,0.43388373911755823,-0.900968867902419,0.8660254037844387,-0.4999999999999998,0.7187918772884232,-0.6952253139408722,0.0,0,0,31.0,-31.0,32.5,38.2,26.7,0.0,59.0,8.8,0,0,1,197.0,16942.0,16754.0,16667.0,18432.0,17103.0,24499.0,17790.285714285714,17334.35714285714,19246.066666666666,1604.1617451996772,3915.032812945109,-1490.0,-1455.780952380952,22853250.0,23370000.0,20919500.0,23006542.85714286,24435960.0,1348.9109904379648,1297.9211505581193,20221.0,20559.0,21107.0,19523.0,20688.571428571428,22043.866666666665,19477550.0,19590750.0,19489578.57142857,18819.0,23651950.0,
2024-05-17,691.0,-0.433883739117558,-0.9009688679024191,0.8660254037844387,-0.4999999999999998,0.7067265555776158,-0.7074868024503348,1.0,0,0,30.0,-30.0,33.2,40.0,27.6,0.0,60.0,11.8,0,0,1,198.0,18819.0,16942.0,16754.0,21082.0,20066.0,28209.0,17845.571428571428,17456.928571428572,18830.833333333332,1636.310367579385,3188.2732553178084,-2263.0,-985.2619047619046,23651950.0,25056700.0,24716350.0,23046821.42857143,24031808.333333332,1256.8122642010733,1296.3366674677966,21124.0,20221.0,22357.0,21567.0,20691.0,21549.833333333332,19511850.0,20779450.0,19478307.14285714,21665.0,26007100.0,
2024-05-18,692.0,-0.9749279121818236,-0.2225209339563146,0.8660254037844387,-0.4999999999999998,0.6944521021088763,-0.719538934232584,1.0,0,0,29.0,-29.0,32.0,38.0,28.6,0.8,69.0,12.0,1,0,1,199.0,21665.0,18819.0,16942.0,17923.0,18172.0,23454.0,17928.85714285714,17571.14285714286,18660.9,1831.6694960765424,2870.9869545338497,3742.0,-732.0428571428602,26007100.0,22230400.0,22313100.0,23182592.85714286,23829183.333333332,1200.4200323101777,1298.0344944641724,22139.0,21124.0,20213.0,20280.0,20659.85714285714,21304.833333333332,20408600.0,18308650.0,19425328.57142857,18200.0,21925300.0,
2024-05-19,693.0,-0.7818314824680299,0.6234898018587334,0.8660254037844387,-0.4999999999999998,0.6819721490904629,-0.7313781428679254,0.0,0,0,28.0,-28.0,29.6,33.0,27.8,1.1,82.0,10.1,1,0,1,200.0,18200.0,21665.0,18819.0,16732.0,16676.0,19347.0,17968.428571428572,17573.14285714286,18450.933333333334,1834.5118203619638,2651.225181103943,1468.0,-482.50476190476184,21925300.0,22091250.0,21477000.0,23139007.14285714,23567696.666666668,1204.6868131868132,1292.9428863369235,20015.0,22139.0,20282.0,19899.0,20631.571428571428,21069.3,18047400.0,19135650.0,19388007.14285714,16892.0,21934700.0,
2024-05-20,694.0,0.0,1.0,0.8660254037844387,-0.4999999999999998,0.6692903895412567,-0.7430009249440493,0.0,0,0,27.0,-27.0,28.0,31.1,24.8,8.6,89.0,8.5,1,0,1,201.0,16892.0,18200.0,21665.0,16667.0,15507.0,17947.0,17991.285714285714,17588.571428571428,18073.7,1817.456438202041,1918.8907742360864,225.0,-82.41428571428696,21934700.0,22569750.0,21497600.0,23116642.85714286,23167503.333333332,1298.5259294340517,1289.8323867919164,19970.0,20015.0,20081.0,20162.0,20587.0,20734.5,18816550.0,19355450.0,19342421.42857143,16701.0,22108550.0,
2024-05-21,695.0,0.7818314824680298,0.6234898018587336,0.8660254037844387,-0.4999999999999998,0.6564105761979381,-0.7544038410927472,0.0,0,0,26.0,-26.0,28.9,33.5,25.2,0.2,80.0,6.8,1,0,1,202.0,16701.0,16892.0,18200.0,16754.0,15710.0,17225.0,17996.14285714286,17673.85714285714,17848.6,1813.3682682209426,1642.104297582227,-53.0,147.54285714286016,22108550.0,22874450.0,21238250.0,23050757.14285714,22956886.666666668,1323.7860008382731,1285.4935416485748,20056.0,19970.0,20559.0,19434.0,20583.428571428572,20573.033333333333,19135650.0,19779550.0,19311021.42857143,16658.0,21739150.0,
2024-05-22,696.0,0.9749279121818236,-0.22252093395631434,0.8660254037844387,-0.4999999999999998,0.6433365204044917,-0.765583517007675,0.0,1,0,25.0,-25.0,29.4,33.4,26.3,0.2,77.0,6.2,1,0,1,203.0,16658.0,16701.0,16892.0,16942.0,14915.0,17287.0,17982.428571428572,17741.571428571428,17758.966666666667,1824.656027597466,1630.8448304236758,-284.0,223.46190476190532,21739150.0,22853250.0,20263550.0,22888571.42857143,22847471.666666668,1305.027614359467,1276.8813778239744,20161.0,20056.0,20221.0,19126.0,20526.571428571428,20501.233333333334,19237950.0,19477550.0,19233650.0,18249.0,22731900.0,Buddha Purnima
2024-05-23,697.0,0.43388373911755823,-0.900968867902419,0.8660254037844387,-0.4999999999999998,0.6300720909843687,-0.7765366444428655,0.0,0,0,24.0,-24.0,30.9,35.5,26.7,0.0,71.0,4.6,0,0,1,204.0,18249.0,16658.0,16701.0,18819.0,18432.0,18405.0,18169.14285714286,17979.714285714286,17769.033333333333,1766.38759700618,1632.976201514502,-570.0,400.10952380952585,22731900.0,23651950.0,23370000.0,22871235.714285713,22802265.0,1245.6518165378925,1262.130067266821,20279.0,20161.0,21124.0,21107.0,20534.85714285714,20459.066666666666,19121200.0,19511850.0,19182742.85714286,17839.0,22401750.0,
2024-05-24,698.0,-0.433883739117558,-0.9009688679024191,0.8660254037844387,-0.4999999999999998,0.6166212130956382,-0.7872599821916922,1.0,0,0,23.0,-23.0,32.0,37.1,27.3,0.0,68.0,5.1,0,0,1,205.0,17839.0,18249.0,16658.0,21665.0,21082.0,20937.0,18029.14285714286,17937.35714285714,17789.5,1745.0038613683973,1629.7671030993708,-3826.0,239.6428571428587,22401750.0,26007100.0,25056700.0,22692635.714285713,22770965.0,1255.773866248108,1261.9817247021122,20329.0,20279.0,22139.0,22357.0,20421.285714285714,20426.633333333335,18563450.0,20408600.0,19047257.14285714,21260.0,25620500.0,
2024-05-25,699.0,-0.9749279121818236,-0.2225209339563146,0.8660254037844387,-0.4999999999999998,0.6029878670694714,-0.7977503570459932,1.0,0,0,22.0,-22.0,32.1,37.0,28.2,0.9,68.0,10.9,1,0,1,206.0,21260.0,17839.0,18249.0,18200.0,17923.0,18296.0,17971.285714285714,17950.071428571428,17921.933333333334,1605.4998924827285,1744.8820715676602,3060.0,49.35238095237946,25620500.0,21925300.0,22230400.0,22637407.14285714,22853238.333333332,1205.1034807149576,1262.6507887599378,22266.0,20329.0,20015.0,20213.0,20439.428571428572,20471.133333333335,20432350.0,18047400.0,19050650.0,18621.0,22857950.0,
2024-05-26,700.0,-0.7818314824680299,0.6234898018587334,0.8660254037844387,-0.4999999999999998,0.5891760872322963,-0.8080046647350754,0.0,0,0,21.0,-21.0,29.9,35.5,27.2,13.0,75.0,26.1,1,0,1,207.0,18621.0,21260.0,17839.0,16892.0,16732.0,16854.0,18031.428571428572,17999.928571428572,17929.133333333335,1623.282564963484,1747.3879567126633,1729.0,102.29523809523744,22857950.0,21934700.0,22091250.0,22770642.85714286,22825143.333333332,1227.5361151388217,1265.9149747530817,20482.0,22266.0,19970.0,20282.0,20506.14285714286,20432.666666666668,18392150.0,18816550.0,19099900.0,15884.0,21099550.0,
2024-05-27,701.0,0.0,1.0,0.8660254037844387,-0.4999999999999998,0.5751899607119775,-0.8180198708443175,0.0,0,0,20.0,-20.0,27.0,27.7,26.4,216.0,91.0,49.9,1,1,1,208.0,15884.0,18621.0,21260.0,16701.0,16667.0,16278.0,17887.428571428572,17939.35714285714,17760.7,1778.495511862328,1690.049890102233,-817.0,126.72857142857174,21099550.0,22108550.0,22569750.0,22651335.714285713,22665271.666666668,1328.3524301183581,1270.1759034222684,20478.0,20482.0,20056.0,20081.0,20578.714285714286,20397.733333333334,19023900.0,19135650.0,19129521.42857143,10423.0,15094300.0,
2024-05-28,702.0,0.7818314824680298,0.6234898018587336,0.8660254037844387,-0.4999999999999998,0.5610336262283677,-0.8277930117131022,0.0,0,0,19.0,-19.0,28.8,34.0,25.6,42.4,84.0,24.3,1,1,1,209.0,10423.0,15884.0,18621.0,16658.0,16754.0,18565.0,16990.571428571428,17493.35714285714,17498.266666666666,3358.022476455631,2152.1516728587203,-6235.0,-507.6952380952389,15094300.0,21739150.0,22874450.0,21649300.0,22412948.333333332,1448.1723112347693,1287.9453763360536,16799.0,20478.0,20161.0,20559.0,20113.428571428572,20313.166666666668,16499150.0,19237950.0,18752878.57142857,12869.0,16535900.0,
2024-05-29,703.0,0.9749279121818236,-0.22252093395631434,0.8660254037844387,-0.4999999999999998,0.5467112728685939,-0.8373211953118121,0.0,0,0,18.0,-18.0,31.4,34.8,29.0,0.5,82.0,22.5,1,0,1,210.0,12869.0,10423.0,15884.0,18249.0,16942.0,19359.0,16449.285714285714,17215.85714285714,17365.433333333334,3707.7330322038497,2310.4458247696443,-5380.0,-916.1476190476205,16535900.0,22731900.0,22853250.0,20905978.57142857,22235990.0,1284.9405548216644,1285.0757964020816,14953.0,16799.0,20279.0,20221.0,19369.428571428572,20153.8,13962750.0,19121200.0,17999278.57142857,16165.0,21787750.0,
2024-05-30,704.0,0.43388373911755823,-0.900968867902419,0.8660254037844387,-0.4999999999999998,0.5322271388474397,-0.8466016020976267,0.0,0,0,17.0,-17.0,31.2,34.7,29.2,0.6,81.0,21.1,1,0,1,211.0,16165.0,12869.0,10423.0,17839.0,18819.0,17103.0,16151.57142857143,17160.35714285714,17361.666666666668,3621.81160273621,2312.3710824581303,-1674.0,-1210.0952380952385,21787750.0,22401750.0,23651950.0,20771100.0,22231340.0,1347.8348283328178,1299.6733695156424,19846.0,14953.0,20329.0,21124.0,19307.571428571428,20153.2,19097950.0,18563450.0,17995957.14285714,18045.0,22910300.0,
2024-05-31,705.0,-0.433883739117558,-0.9009688679024191,0.8660254037844387,-0.4999999999999998,0.5175855102531889,-0.8556314858488706,1.0,0,0,16.0,-16.0,30.7,34.8,28.1,0.2,80.0,14.3,1,0,1,212.0,18045.0,16165.0,12869.0,21260.0,21665.0,20066.0,16181.0,17105.071428571428,17344.333333333332,3638.605731137548,2304.9770787002226,-3215.0,-1163.3333333333321,22910300.0,25620500.0,26007100.0,20843750.0,22184613.333333332,1269.6203934607925,1301.65144483174,21296.0,19846.0,22266.0,22139.0,19445.714285714286,20184.033333333333,19788800.0,20432350.0,18171007.14285714,21205.0,25674550.0,
2024-06-01,706.0,-0.9749279121818236,-0.2225209339563146,0.49999999999999994,-0.8660254037844387,0.5027907197793043,-0.8644081744776648,1.0,0,0,15.0,-15.0,30.0,34.0,27.1,1.1,82.0,12.6,1,0,1,213.0,21205.0,18045.0,16165.0,18621.0,18200.0,18172.0,16173.142857142857,17072.214285714286,17405.866666666665,3625.8473229748865,2383.9038937660057,2584.0,-1232.723809523808,25674550.0,22857950.0,21925300.0,20851471.42857143,22251745.0,1210.7781183683094,1302.4621073536475,23364.0,21296.0,20482.0,20015.0,19602.571428571428,20278.933333333334,21675600.0,18392150.0,18348614.285714287,17644.0,21985800.0,
2024-06-02,707.0,-0.7818314824680299,0.6234898018587334,0.49999999999999994,-0.8660254037844387,0.4878471454423119,-0.8729290708206411,0.0,0,0,14.0,-14.0,29.6,33.1,27.9,3.9,85.0,12.0,1,0,1,214.0,17644.0,21205.0,18045.0,15884.0,16892.0,16676.0,16033.57142857143,17032.5,17423.9,3533.5456158153634,2383.580027663418,1760.0,-1390.328571428572,21985800.0,21099550.0,21934700.0,20726878.57142857,22287288.333333332,1246.0779868510542,1305.1109461696808,21181.0,23364.0,20478.0,19970.0,19702.428571428572,20334.2,19324050.0,19023900.0,18481742.85714286,16387.0,21538750.0,
2024-06-03,708.0,0.0,1.0,0.49999999999999994,-0.8660254037844387,0.47275920928627757,-0.881191653407483,0.0,0,0,13.0,-13.0,29.3,32.5,27.6,6.9,86.0,15.0,1,0,1,215.0,16387.0,17644.0,21205.0,10423.0,16701.0,15507.0,16105.42857142857,16996.428571428572,17301.266666666666,3535.1111183452167,2337.147243282221,5964.0,-1195.8380952380958,21538750.0,15094300.0,22108550.0,20789621.42857143,22181368.333333332,1314.3803014584732,1303.1149277896973,21188.0,21181.0,16799.0,20056.0,19803.85714285714,20321.566666666666,19849500.0,16499150.0,18599685.714285713,16758.0,22886300.0,
2024-06-04,709.0,0.7818314824680298,0.6234898018587336,0.49999999999999994,-0.8660254037844387,0.4575313760742512,-0.8891934772070711,0.0,0,0,12.0,-12.0,29.2,33.0,27.4,3.5,84.0,14.5,1,0,1,216.0,16758.0,16387.0,17644.0,12869.0,16658.0,15710.0,17010.428571428572,17000.5,17254.133333333335,2496.1551672618148,2333.236434112784,3889.0,-243.70476190476256,22886300.0,16535900.0,21739150.0,21902764.285714287,22200475.0,1365.6939968970044,1291.3323114557309,21820.0,21188.0,14953.0,20161.0,20521.14285714286,20372.9,20884100.0,13962750.0,19226107.14285714,16813.0,22966750.0,
2024-06-05,710.0,0.9749279121818236,-0.22252093395631434,0.49999999999999994,-0.8660254037844387,0.44216815196707204,-0.8969321743510065,0.0,0,0,11.0,-11.0,30.5,34.3,27.2,0.2,81.0,10.9,1,0,1,217.0,16813.0,16758.0,16387.0,16165.0,18249.0,14915.0,17573.85714285714,17011.571428571428,17258.7,1734.4609564714858,2332.1997186318076,648.0,315.15714285714057,22966750.0,21787750.0,22731900.0,22821457.14285714,22250133.333333332,1366.011419734729,1302.9138635861686,22333.0,21820.0,19846.0,20279.0,21575.428571428572,20454.033333333333,21200950.0,19097950.0,20260135.714285713,16688.0,22881600.0,
2024-06-06,711.0,0.43388373911755823,-0.900968867902419,0.49999999999999994,-0.8660254037844387,0.42667408318992467,-0.9044054548343001,0.0,0,0,10.0,-10.0,30.5,35.8,26.9,24.4,84.0,9.6,1,1,1,218.0,16688.0,16813.0,16758.0,18045.0,17839.0,18432.0,17648.571428571428,16900.071428571428,17298.066666666666,1673.8636799476178,2311.487533189836,-1357.0,350.50476190476184,22881600.0,22910300.0,22401750.0,22977721.42857143,22296266.666666668,1371.1409395973155,1306.2433080525257,22352.0,22333.0,21296.0,20329.0,21933.428571428572,20527.033333333333,21634700.0,19788800.0,20622528.57142857,18137.0,23716750.0,
2024-06-07,712.0,-0.433883739117558,-0.9009688679024191,0.49999999999999994,-0.8660254037844387,0.4110537546870351,-0.9116111071930239,1.0,0,0,9.0,-9.0,30.4,34.5,27.1,15.0,83.0,9.0,1,0,1,219.0,18137.0,16688.0,16813.0,21205.0,21260.0,21082.0,17661.714285714286,16921.35714285714,17378.966666666667,1677.8515741155609,2296.4122915199177,-3068.0,282.7476190476191,23716750.0,25674550.0,25620500.0,23092928.57142857,22378883.333333332,1307.6445939240227,1311.6753366901298,23474.0,22352.0,23364.0,22266.0,22244.571428571428,20661.7,22043200.0,21675600.0,20944585.714285713,20911.0,26231500.0,
2024-06-08,713.0,-0.9749279121818236,-0.2225209339563146,0.49999999999999994,-0.8660254037844387,0.3953117887649151,-0.9185469991587165,1.0,0,0,8.0,-8.0,31.0,36.3,25.7,0.0,78.0,14.7,0,0,1,220.0,20911.0,18137.0,16688.0,17644.0,18621.0,17923.0,17619.714285714286,16896.428571428572,17578.833333333332,1574.8942519299733,2335.169639903389,3267.0,40.88095238095411,26231500.0,21985800.0,22857950.0,23172492.85714286,22577815.0,1254.435464588016,1317.9121004358021,25560.0,23474.0,21181.0,20482.0,22558.285714285714,20876.166666666668,23783950.0,19324050.0,21245778.57142857,18173.0,23184950.0,
2024-06-09,714.0,-0.7818314824680299,0.6234898018587334,0.49999999999999994,-0.8660254037844387,0.37945284372454435,-0.925211078289358,0.0,0,0,7.0,-7.0,30.9,36.2,27.0,1.8,80.0,15.7,1,0,1,221.0,18173.0,20911.0,18137.0,16387.0,15884.0,16732.0,17695.285714285714,16864.428571428572,17570.2,1588.8837501304897,2332.3837502908427,1786.0,125.08571428571304,23184950.0,21538750.0,21099550.0,23343800.0,22571646.666666668,1275.79100863919,1322.1568178341072,23276.0,25560.0,21188.0,20478.0,22857.571428571428,20948.466666666667,21343000.0,19849500.0,21534200.0,17999.0,24310050.0,
2024-06-10,715.0,0.0,1.0,0.49999999999999994,-0.8660254037844387,0.36348161248290634,-0.9316013725767187,0.0,0,0,6.0,-6.0,31.3,36.0,28.1,0.0,80.0,14.6,0,0,1,222.0,17999.0,18173.0,20911.0,16758.0,10423.0,16667.0,17925.571428571428,17015.5,17467.433333333334,1480.806070708704,2238.3391731422366,1241.0,458.13809523809323,24310050.0,22886300.0,15094300.0,23739700.0,22546758.333333332,1350.6333685204734,1327.3358274143932,25267.0,23276.0,21820.0,16799.0,23440.285714285714,21045.466666666667,24014050.0,20884100.0,22129135.714285713,18775.0,25982450.0,
2024-06-11,716.0,0.7818314824680298,0.6234898018587336,0.49999999999999994,-0.8660254037844387,0.3474028211842774,-0.9377159910299093,0.0,0,0,5.0,-5.0,30.9,35.2,27.8,0.0,78.0,13.0,0,0,1,223.0,18775.0,17999.0,18173.0,16813.0,12869.0,16754.0,18213.714285714286,17612.071428571428,17495.833333333332,1410.309743080814,2249.694984434243,1962.0,717.8809523809541,25982450.0,22966750.0,16535900.0,24182007.14285714,22671826.666666668,1383.8854860186418,1329.9346115746268,25923.0,25267.0,22333.0,14953.0,24026.428571428572,21235.8,24887100.0,21200950.0,22700992.85714286,20062.0,28156150.0,
2024-06-12,717.0,0.9749279121818236,-0.22252093395631434,0.49999999999999994,-0.8660254037844387,0.3312212278016865,-0.9435531242349544,0.0,0,0,4.0,-4.0,30.0,34.6,27.4,0.7,82.0,12.0,1,0,1,224.0,20062.0,18775.0,17999.0,16688.0,16165.0,16942.0,18677.85714285714,18125.85714285714,17606.833333333332,1407.1247787091204,2292.4526706404486,3374.0,1071.0238095238092,28156150.0,22881600.0,21787750.0,24923350.0,22873990.0,1403.456783969694,1335.283949322479,28401.0,25923.0,22352.0,19846.0,24893.285714285714,21506.433333333334,26820250.0,21634700.0,23503750.0,22683.0,31174700.0,
2024-06-13,718.0,0.43388373911755823,-0.900968867902419,0.49999999999999994,-0.8660254037844387,0.31494162072895193,-0.9491110448902284,0.0,0,0,3.0,-3.0,29.7,34.1,27.9,19.8,83.0,17.3,1,0,1,225.0,22683.0,20062.0,18775.0,18137.0,18045.0,18819.0,19534.285714285714,18591.428571428572,17807.366666666665,1771.409487224374,2464.105146146256,4546.0,1726.9190476190488,31174700.0,23716750.0,22910300.0,26108078.57142857,23160821.666666668,1374.3640611912006,1335.7443952644626,30834.0,28401.0,23474.0,21296.0,26105.0,21864.866666666665,28272950.0,22043200.0,24452071.42857143,30496.0,36636900.0,
2024-06-14,719.0,-0.433883739117558,-0.9009688679024191,0.49999999999999994,-0.8660254037844387,0.2985688173637202,-0.9543881083175908,1.0,0,0,2.0,-2.0,30.4,33.9,27.6,0.2,81.0,18.3,1,0,1,226.0,30496.0,22683.0,20062.0,20911.0,21205.0,21665.0,21299.85714285714,19480.785714285714,18265.433333333334,4382.035768474537,3371.685822923876,9585.0,3034.423809523807,36636900.0,26231500.0,25674550.0,27953814.285714287,23619570.0,1201.3673924449108,1320.5619379103039,40906.0,30834.0,25560.0,23364.0,28595.285714285714,22543.1,32197300.0,23783950.0,25902657.14285714,44033.0,48030100.0,
2024-06-15,720.0,-0.9749279121818236,-0.2225209339563146,0.49999999999999994,-0.8660254037844387,0.2821076626819194,-0.9593827529490743,1.0,0,0,1.0,-1.0,30.9,34.9,28.4,0.0,79.0,19.1,0,0,1,227.0,44033.0,30496.0,22683.0,18173.0,17644.0,18200.0,24603.0,21111.35714285714,19168.466666666667,9621.87377801223,5775.786656279013,25860.0,5434.533333333333,48030100.0,23184950.0,21985800.0,31067900.0,24458798.333333332,1090.7751004928123,1297.1818858967033,53708.0,40906.0,23276.0,21181.0,32616.428571428572,23659.333333333332,38063400.0,21343000.0,27942578.57142857,39026.0,42911300.0,
2024-06-16,721.0,-0.7818314824680299,0.6234898018587334,0.49999999999999994,-0.8660254037844387,0.26556302780405594,-0.9640935007889755,0.0,1,1,0.0,0.0,30.3,34.2,28.3,1.1,82.0,17.9,1,0,1,228.0,39026.0,44033.0,30496.0,17999.0,16387.0,16892.0,27582.0,22638.64285714286,19842.033333333333,10488.403691696798,6817.878057412531,21027.0,7739.966666666667,42911300.0,24310050.0,21538750.0,33885950.0,25100776.666666668,1099.5567057858864,1272.00555691766,51891.0,53708.0,25267.0,21188.0,36704.28571428572,24684.9,36531450.0,24014050.0,30112357.14285714,31502.0,35514200.0,Eid-ul-Azha
2024-06-17,722.0,0.0,1.0,0.49999999999999994,-0.8660254037844387,0.24893980855376657,-0.9685189578512204,0.0,1,1,1.0,1.0,29.8,33.9,28.3,7.0,84.0,18.0,1,0,1,229.0,31502.0,39026.0,44033.0,18775.0,16758.0,16701.0,29511.0,23718.285714285714,20169.933333333334,9639.54438757345,7137.628404223757,12727.0,9341.066666666666,35514200.0,25982450.0,22886300.0,35486542.85714286,25417680.0,1127.3633420100311,1240.1098388447394,37468.0,51891.0,25923.0,21820.0,38447.28571428572,25195.866666666665,27591950.0,24887100.0,30623485.714285713,17441.0,16716550.0,Eid-ul-Azha Holiday
2024-06-18,723.0,0.7818314824680298,0.6234898018587336,0.49999999999999994,-0.8660254037844387,0.23224292400907015,-0.9726578145718654,0.0,1,1,2.0,2.0,29.1,32.1,27.5,13.8,87.0,19.1,1,0,1,230.0,17441.0,31502.0,39026.0,20062.0,16813.0,16658.0,29320.428571428572,23767.071428571428,20144.633333333335,9896.917682745798,7146.191836039067,-2621.0,9175.795238095237,16716550.0,28156150.0,22966750.0,34162842.85714286,25244055.0,958.4628174989966,1179.3351719133618,12996.0,37468.0,28401.0,22333.0,36600.57142857143,24961.9,8464550.0,26820250.0,28277407.14285714,28251.0,27122000.0,Eid-ul-Azha Holiday
2024-06-19,724.0,0.9749279121818236,-0.22252093395631434,0.49999999999999994,-0.8660254037844387,0.21547731504673012,-0.976508846196619,0.0,0,0,3.0,3.0,28.1,31.8,26.1,50.1,90.0,18.2,1,1,1,231.0,28251.0,17441.0,31502.0,22683.0,16688.0,18249.0,30490.285714285714,24584.071428571428,20523.266666666666,9069.537799952135,7267.799401010839,5568.0,9967.019047619047,27122000.0,31174700.0,22881600.0,34015107.14285714,25416965.0,960.0368128561821,1115.9894617542884,20285.0,12996.0,30834.0,22352.0,35441.142857142855,24972.4,12000350.0,28272950.0,26160278.57142857,28327.0,27063550.0,
2024-06-20,725.0,0.43388373911755823,-0.900968867902419,0.49999999999999994,-0.8660254037844387,0.19864794288017112,-0.9800709131432666,0.0,0,0,4.0,4.0,28.2,31.1,26.2,5.5,87.0,13.8,1,0,1,232.0,28327.0,28251.0,17441.0,30496.0,18137.0,17839.0,31296.571428571428,25415.428571428572,20910.8,8492.295662484099,7366.254381556021,-2169.0,10385.771428571428,27063550.0,36636900.0,23716750.0,33427800.0,25582131.666666668,955.3976771278286,1056.1371211738067,22722.0,20285.0,40906.0,23474.0,34282.28571428572,25061.266666666666,13778700.0,32197300.0,24089671.42857143,25770.0,26290150.0,
2024-06-21,726.0,-0.433883739117558,-0.9009688679024191,0.49999999999999994,-0.8660254037844387,0.18175978759137534,-0.9833429613388902,1.0,0,0,5.0,5.0,28.7,32.5,26.3,0.4,83.0,6.8,1,0,1,233.0,25770.0,28327.0,28251.0,44033.0,20911.0,21260.0,30621.428571428572,25960.64285714286,21214.533333333333,8750.484421964667,7372.7066649783565,-18263.0,9406.89523809524,26290150.0,48030100.0,26231500.0,31949692.85714286,25733831.666666668,1020.1843228560341,1030.253825518253,24973.0,22722.0,53708.0,25560.0,32006.14285714286,25221.666666666668,17127650.0,38063400.0,21936864.285714287,35844.0,35762050.0,
2024-06-22,727.0,-0.9749279121818236,-0.2225209339563146,0.49999999999999994,-0.8660254037844387,0.16481784665719793,-0.9863240225317866,1.0,0,0,6.0,6.0,28.9,31.3,26.6,3.5,85.0,7.3,1,0,1,234.0,35844.0,25770.0,28327.0,39026.0,18173.0,18621.0,29451.571428571428,27027.285714285714,21801.033333333333,7038.5949084823105,7815.225509060598,-3182.0,7650.538095238095,35762050.0,42911300.0,23184950.0,30197114.285714287,26168170.0,997.7137038276978,1016.9593402803796,39653.0,24973.0,51891.0,23276.0,29998.285714285714,25867.466666666667,26718400.0,36531450.0,20316150.0,36855.0,37892250.0,
2024-06-23,728.0,-0.7818314824680299,0.6234898018587334,0.49999999999999994,-0.8660254037844387,0.14782713347053048,-0.9890132145779883,0.0,0,0,7.0,7.0,29.3,32.2,26.9,1.6,85.0,9.2,1,0,1,235.0,36855.0,35844.0,25770.0,31502.0,17999.0,15884.0,29141.428571428572,28361.714285714286,22434.9,6579.243392598154,8242.290731762425,5353.0,6706.528571428571,37892250.0,35514200.0,24310050.0,29480107.14285714,26684520.0,1028.144078144078,1006.7575363315498,44189.0,39653.0,37468.0,25267.0,28898.0,26662.8,30606300.0,27591950.0,19469700.0,29003.0,33554700.0,
2024-06-24,729.0,0.0,1.0,0.49999999999999994,-0.8660254037844387,0.13079267585675922,-0.9914097417023038,0.0,0,0,8.0,8.0,29.5,32.8,26.8,0.6,84.0,10.5,1,0,1,236.0,29003.0,36855.0,35844.0,17441.0,18775.0,10423.0,28784.428571428572,29147.714285714286,22693.0,6497.094013406802,8325.048240514694,11562.0,6091.4285714285725,33554700.0,16716550.0,25982450.0,29200178.57142857,26948993.333333332,1156.9389373513086,1010.9826213803037,37600.0,44189.0,12996.0,25923.0,28916.85714285714,27173.933333333334,29294550.0,8464550.0,19712928.57142857,24467.0,30143450.0,
2024-06-25,730.0,0.7818314824680298,0.6234898018587336,0.49999999999999994,-0.8660254037844387,0.11371951458594969,-0.9935128947338007,0.0,0,0,9.0,9.0,29.5,32.2,27.5,8.4,85.0,9.5,1,0,1,237.0,24467.0,29003.0,36855.0,28251.0,20062.0,12869.0,29788.14285714286,29554.285714285714,22887.866666666665,4764.243641564656,8294.811671838283,-3784.0,6900.276190476194,30143450.0,27122000.0,28156150.0,31118307.14285714,27191843.333333332,1232.004332366044,1050.0599806470248,34893.0,37600.0,20285.0,28401.0,32045.0,27654.3,29332900.0,12000350.0,22694121.42857143,22203.0,28254850.0,
2024-06-26,731.0,0.9749279121818236,-0.22252093395631434,0.49999999999999994,-0.8660254037844387,0.0966127018812031,-0.9953220513156602,0.0,0,0,10.0,10.0,29.0,32.1,27.2,12.0,86.0,7.4,1,0,1,238.0,22203.0,24467.0,29003.0,28327.0,22683.0,16165.0,28924.14285714286,29707.214285714286,23098.5,5569.772838831882,8190.400229158118,-6124.0,5825.642857142859,28254850.0,27063550.0,31174700.0,31280142.85714286,27430353.333333332,1272.5690222042067,1094.707439125314,29848.0,34893.0,22722.0,30834.0,33411.142857142855,27966.633333333335,26044000.0,13778700.0,24700357.14285714,19780.0,25967650.0,
2024-06-27,732.0,0.43388373911755823,-0.900968867902419,0.49999999999999994,-0.8660254037844387,0.07947729992362097,-0.9968366760893436,0.0,0,0,11.0,11.0,29.0,31.4,27.5,8.0,83.0,16.5,1,0,1,239.0,19780.0,22203.0,24467.0,25770.0,30496.0,18045.0,27703.14285714286,29499.85714285714,23410.4,6569.590282216197,7862.663221703655,-5990.0,4292.742857142857,25967650.0,26290150.0,36636900.0,31123585.714285713,27792798.333333332,1312.8235591506573,1145.7682794142895,26452.0,29848.0,24973.0,40906.0,33944.0,28288.4,23839450.0,17127650.0,26137607.14285714,19810.0,24976800.0,
2024-06-28,733.0,-0.433883739117558,-0.9009688679024191,0.49999999999999994,-0.8660254037844387,0.062318379354325076,-0.998056320853012,1.0,0,0,12.0,12.0,28.6,31.0,26.7,6.3,85.0,19.4,1,0,1,240.0,19810.0,19780.0,22203.0,35844.0,44033.0,21205.0,26851.714285714286,28736.571428571428,23641.766666666666,7216.269204935077,7640.767621137954,-16034.0,3209.94761904762,24976800.0,35762050.0,48030100.0,30935964.285714287,28074161.666666668,1260.8177688036346,1180.1444859782325,25105.0,26452.0,39653.0,53708.0,33962.857142857145,28626.8,22483750.0,26718400.0,26902764.285714287,24253.0,29272650.0,
2024-06-29,734.0,-0.9749279121818236,-0.2225209339563146,0.49999999999999994,-0.8660254037844387,0.04514101777397193,-0.9989806246941579,1.0,0,0,13.0,13.0,28.5,31.3,26.7,3.6,86.0,17.5,1,0,1,241.0,24253.0,19810.0,19780.0,36855.0,39026.0,17644.0,25195.85714285714,27323.714285714286,23911.366666666665,6043.540916509382,7509.418469992969,-12602.0,1284.4904761904763,29272650.0,37892250.0,42911300.0,30008907.14285714,28323658.333333332,1206.9702717189625,1210.0382813912704,27983.0,25105.0,44189.0,51891.0,32295.714285714286,28898.033333333333,24920500.0,30606300.0,26645921.42857143,19498.0,24506600.0,
2024-06-30,735.0,-0.7818314824680299,0.6234898018587334,0.49999999999999994,-0.8660254037844387,0.02795029824021032,-0.999609314096404,0.0,0,0,14.0,14.0,27.7,30.6,26.0,22.7,89.0,17.6,1,1,1,242.0,19498.0,24253.0,19810.0,29003.0,31502.0,16387.0,22716.285714285714,25928.85714285714,23959.8,3479.4243639949136,7474.883878235416,-9505.0,-1243.5142857142855,24506600.0,33554700.0,35514200.0,28096671.42857143,28376868.333333332,1256.8776284747153,1242.7145028670755,24575.0,27983.0,37600.0,37468.0,29493.714285714286,29007.333333333332,21760200.0,29294550.0,25382192.85714286,17316.0,23233150.0,
2024-07-01,736.0,0.0,1.0,1.2246467991473532e-16,-1.0,0.01075130776352193,-0.9999422030204416,0.0,0,0,15.0,15.0,27.4,28.9,26.6,22.8,91.0,16.9,1,1,1,243.0,17316.0,19498.0,24253.0,24467.0,17441.0,16758.0,21046.714285714286,24915.571428571428,23830.166666666668,2669.781246612085,7557.571659273748,-7151.0,-2783.4523809523816,23233150.0,30143450.0,16716550.0,26622164.285714287,28295488.333333332,1341.7157542157543,1269.1111909905678,22962.0,24575.0,34893.0,12996.0,27402.571428571428,28993.933333333334,21205000.0,29332900.0,24226542.85714286,16549.0,22995500.0,
2024-07-02,737.0,0.7818314824680298,0.6234898018587336,1.2246467991473532e-16,-1.0,-0.00645086419810515,-0.9999791929590823,0.0,0,0,16.0,16.0,27.2,30.7,25.7,40.7,91.0,12.2,1,1,1,244.0,16549.0,17316.0,19498.0,22203.0,28251.0,16813.0,19915.571428571428,24851.85714285714,23793.666666666668,2656.4726522930264,7591.048618368681,-5654.0,-3878.0952380952403,22995500.0,28254850.0,27122000.0,25601028.57142857,28329145.0,1389.5401534835942,1291.616308293075,21973.0,22962.0,29848.0,20285.0,25556.85714285714,29020.333333333332,20485400.0,26044000.0,22962614.285714287,15447.0,21450950.0,
2024-07-03,738.0,0.9749279121818236,-0.22252093395631434,1.2246467991473532e-16,-1.0,-0.023651127245231586,-0.9997202729664083,0.0,0,0,17.0,17.0,27.3,30.4,25.8,10.7,89.0,12.3,1,0,1,245.0,15447.0,16549.0,17316.0,19780.0,28327.0,16688.0,18950.428571428572,23937.285714285714,23762.333333333332,2902.768153397865,7624.541217778908,-4333.0,-4811.90476190476,21450950.0,25967650.0,27063550.0,24629042.85714286,28326218.333333332,1388.6806499643944,1308.2036836873874,20842.0,21973.0,26452.0,22722.0,24270.285714285714,29008.8,19582650.0,23839450.0,22039564.285714287,15733.0,21493650.0,
2024-07-04,739.0,0.43388373911755823,-0.900968867902419,1.2246467991473532e-16,-1.0,-0.04084439154329611,-0.9991655196610109,0.0,0,0,18.0,18.0,27.8,30.0,26.4,10.6,88.0,16.2,1,0,1,246.0,15733.0,15447.0,16549.0,19810.0,25770.0,18137.0,18372.285714285714,23037.714285714286,23728.166666666668,3105.9161672677506,7659.228650653326,-4077.0,-5355.880952380954,21493650.0,24976800.0,26290150.0,23989900.0,28279796.666666668,1366.1507659060574,1315.8218560810162,20509.0,20842.0,25105.0,24973.0,23421.285714285714,28965.1,19278800.0,22483750.0,21388042.85714286,17355.0,22368100.0,
2024-07-05,740.0,-0.433883739117558,-0.9009688679024191,1.2246467991473532e-16,-1.0,-0.05802556932878035,-0.9983150972033183,1.0,0,0,19.0,19.0,27.8,30.4,25.5,20.0,87.0,16.8,1,1,1,247.0,17355.0,15733.0,15447.0,24253.0,35844.0,20911.0,18021.571428571428,22436.64285714286,23746.233333333334,3054.699540988324,7642.976612250136,-6898.0,-5724.661904761906,22368100.0,29272650.0,35762050.0,23617228.57142857,28259841.666666668,1288.8562373955633,1319.827351594149,22373.0,20509.0,27983.0,39653.0,23031.0,28966.433333333334,20296200.0,24920500.0,21075535.714285713,19930.0,24843850.0,
2024-07-06,741.0,-0.9749279121818236,-0.2225209339563146,1.2246467991473532e-16,-1.0,-0.07518957641475855,-0.9971692572470178,1.0,0,0,20.0,20.0,28.1,30.7,26.2,4.0,86.0,15.0,1,0,1,248.0,19930.0,17355.0,15733.0,19498.0,36855.0,18173.0,17404.0,21299.928571428572,23854.3,1738.2353120334576,7562.229830568831,432.0,-6450.299999999999,24843850.0,24506600.0,37892250.0,22984542.85714286,28325250.0,1246.5554440541896,1325.482376213467,23724.0,22373.0,24575.0,44189.0,22422.571428571428,29012.166666666668,21751800.0,21760200.0,20622864.285714287,17695.0,21951700.0,
2024-07-07,742.0,-0.7818314824680299,0.6234898018587334,1.2246467991473532e-16,-1.0,-0.09233133369539122,-0.9957283388645872,0.0,0,0,21.0,21.0,28.8,31.9,26.4,2.8,84.0,11.0,1,0,1,249.0,17695.0,19930.0,17355.0,17316.0,29003.0,17999.0,17146.428571428572,19931.35714285714,23839.566666666666,1492.4373640841225,7574.1739628516925,379.0,-6693.138095238093,21951700.0,23233150.0,33554700.0,22619557.14285714,28266415.0,1240.5594800791184,1323.1512121569533,21282.0,23724.0,22962.0,37600.0,21952.14285714286,28939.1,18798950.0,21205000.0,20199828.57142857,16225.0,21260950.0,
2024-07-08,743.0,0.0,1.0,1.2246467991473532e-16,-1.0,-0.10944576864891556,-0.993992768446958,0.0,0,0,22.0,22.0,28.4,30.9,26.5,0.8,85.0,11.5,1,0,1,250.0,16225.0,17695.0,19930.0,16549.0,24467.0,18775.0,16990.571428571428,19018.64285714286,23683.366666666665,1528.313433946403,7684.171808214675,-324.0,-6692.795238095237,21260950.0,22995500.0,30143450.0,22337814.285714287,28100730.0,1310.382126348228,1318.6749796044494,21217.0,21282.0,21973.0,34893.0,21702.85714285714,28794.333333333332,19271450.0,20485400.0,19923607.14285714,16416.0,21960900.0,
2024-07-09,744.0,0.7818314824680298,0.6234898018587336,1.2246467991473532e-16,-1.0,-0.12652781683868314,-0.9919630595773397,0.0,0,0,23.0,23.0,28.6,31.5,26.5,5.6,85.0,12.7,1,0,1,251.0,16416.0,16225.0,17695.0,15447.0,22203.0,20062.0,16971.571428571428,18443.571428571428,23624.8,1535.5276896605876,7734.151695006995,969.0,-6653.228571428572,21960900.0,21450950.0,28254850.0,22190014.285714287,28059928.333333332,1337.7741228070176,1311.2798323649383,22836.0,21217.0,20842.0,29848.0,21826.14285714286,28779.666666666668,21219900.0,19582650.0,20028535.714285713,16236.0,21988300.0,
2024-07-10,745.0,0.9749279121818236,-0.22252093395631434,1.2246467991473532e-16,-1.0,-0.1435724234118113,-0.9896398128792412,0.0,0,0,24.0,24.0,28.8,31.5,26.8,6.0,85.0,13.4,1,0,1,252.0,16236.0,16416.0,16225.0,15733.0,19780.0,22683.0,17084.285714285714,18017.35714285714,23566.033333333333,1430.3197444727716,7784.903837393981,503.0,-6481.747619047619,21988300.0,21493650.0,25967650.0,22266778.57142857,27982536.666666668,1354.2929292929293,1306.3673008404435,22926.0,22836.0,20509.0,26452.0,22123.85714285714,28701.633333333335,21250050.0,19278800.0,20266735.714285713,15851.0,21702000.0,
2024-07-11,746.0,0.43388373911755823,-0.900968867902419,1.2246467991473532e-16,-1.0,-0.16057454459499376,-0.9870237158387383,0.0,0,0,25.0,25.0,28.5,31.5,26.8,11.6,85.0,14.4,1,0,1,253.0,15851.0,16236.0,16416.0,17355.0,19810.0,30496.0,17101.14285714286,17736.714285714286,23468.566666666666,1412.3218977475442,7864.84945460995,-1504.0,-6367.423809523807,21702000.0,22368100.0,24976800.0,22296542.85714286,27839855.0,1369.1249763421865,1306.7921880456047,21894.0,22926.0,22373.0,25105.0,22321.714285714286,28567.333333333332,20518750.0,20296200.0,20443871.42857143,17966.0,23281300.0,
2024-07-12,747.0,-0.433883739117558,-0.9009688679024191,1.2246467991473532e-16,-1.0,-0.17752914918703497,-0.984115542601034,1.0,0,0,26.0,26.0,27.6,31.4,25.8,10.1,88.0,14.1,1,0,1,254.0,17966.0,15851.0,16236.0,19930.0,24253.0,44033.0,17188.428571428572,17605.0,23398.7,1449.0296589031657,7905.360368893326,-1964.0,-6210.271428571428,23281300.0,24843850.0,29272650.0,22427000.0,27677360.0,1295.8532784147835,1307.7917653340646,22357.0,21894.0,23724.0,27983.0,22319.428571428572,28365.866666666665,20124850.0,21751800.0,20419392.85714286,19381.0,24408800.0,
2024-07-13,748.0,-0.9749279121818236,-0.2225209339563146,1.2246467991473532e-16,-1.0,-0.19443122004766195,-0.9809161537413774,1.0,0,0,27.0,27.0,28.8,32.2,25.7,1.9,84.0,10.3,1,0,1,255.0,19381.0,17966.0,15851.0,17695.0,19498.0,39026.0,17110.0,17257.0,23288.633333333335,1281.0295338776339,7938.585822482478,1686.0,-6178.633333333335,24408800.0,21951700.0,24506600.0,22364850.0,27451830.0,1259.4190186264898,1309.6294188443935,22916.0,22357.0,21282.0,24575.0,22204.0,28101.933333333334,20591050.0,18798950.0,20253571.42857143,17966.0,23281300.0,
2024-07-14,749.0,-0.7818314824680299,0.6234898018587334,1.2246467991473532e-16,-1.0,-0.2112757555821793,-0.9774264960104055,0.0,0,0,28.0,28.0,29.1,32.4,26.6,1.0,82.0,13.1,1,0,1,256.0,17966.0,19381.0,17966.0,16225.0,17316.0,31502.0,17148.714285714286,17147.571428571428,22870.966666666667,1305.5164641226534,7875.680876896479,1741.0,-5722.252380952381,23281300.0,21260950.0,23233150.0,22554792.85714286,27006643.333333332,1295.8532784147835,1317.5285328923455,21543.0,22916.0,21217.0,22962.0,22241.285714285714,27456.5,19234900.0,19271450.0,20315850.0,17040.0,22193850.0,
2024-07-15,750.0,0.0,1.0,1.2246467991473532e-16,-1.0,-0.2280577712215198,-0.9736476020539838,0.0,0,0,29.0,29.0,29.4,32.6,27.2,1.0,81.0,18.0,1,0,1,257.0,17040.0,17966.0,19381.0,16416.0,16549.0,17441.0,17265.14285714286,17127.85714285714,21971.2,1244.315130044318,6849.730034448643,624.0,-4706.057142857142,22193850.0,21960900.0,22995500.0,22688064.285714287,26145435.0,1302.4559859154929,1316.3962271162404,21306.0,21543.0,22836.0,21973.0,22254.0,26376.433333333334,19481550.0,21219900.0,20345864.285714287,16230.0,21815100.0,
2024-07-16,751.0,0.7818314824680298,0.6234898018587336,1.2246467991473532e-16,-1.0,-0.24477230089725957,-0.9695805901076308,0.0,0,0,30.0,30.0,28.8,31.4,27.2,2.6,84.0,16.6,1,0,1,258.0,16230.0,17040.0,17966.0,16236.0,15447.0,28251.0,17238.571428571428,17105.071428571428,21211.333333333332,1267.2447615651656,6117.861071645401,-6.0,-3972.7619047619046,21815100.0,21988300.0,21450950.0,22667235.714285713,25442228.333333332,1344.1219963031424,1317.3030661871155,21516.0,21306.0,22926.0,20842.0,22065.428571428572,25363.933333333334,20001200.0,21250050.0,20171764.285714287,17117.0,22476550.0,
2024-07-17,752.0,0.9749279121818236,-0.22252093395631434,1.2246467991473532e-16,-1.0,-0.2614143985111562,-0.965226663665613,0.0,1,0,31.0,31.0,29.7,33.0,27.0,0.9,82.0,10.9,1,0,1,259.0,17117.0,16230.0,17040.0,15851.0,15733.0,28327.0,17364.428571428572,17224.35714285714,20731.833333333332,1192.6305459142297,5840.957161071415,1266.0,-3367.4047619047597,22476550.0,21702000.0,21493650.0,22736985.714285713,25007640.0,1313.1126949815973,1311.4201755712108,21666.0,21516.0,21894.0,20509.0,21885.428571428572,24837.2,19938800.0,20518750.0,19984442.85714286,16474.0,21064650.0,Ashura
2024-07-18,753.0,0.43388373911755823,-0.900968867902419,1.2246467991473532e-16,-1.0,-0.2779791393987801,-0.9605871111248129,0.0,0,0,32.0,32.0,30.2,33.9,27.2,1.2,80.0,9.3,1,0,1,260.0,16474.0,17117.0,16230.0,17966.0,17355.0,25770.0,17453.428571428572,17277.285714285714,20699.6,1078.6686017405887,5862.372790179303,-1492.0,-3246.171428571426,21064650.0,23281300.0,22368100.0,22645935.714285713,25152576.666666668,1278.660313220833,1298.4966522681605,21064.0,21666.0,22357.0,22373.0,21766.85714285714,25106.133333333335,19556750.0,20124850.0,19847014.285714287,10046.0,11909550.0,
2024-07-19,754.0,-0.433883739117558,-0.9009688679024191,1.2246467991473532e-16,-1.0,-0.2944616217868012,-0.9556633054034704,1.0,0,0,33.0,33.0,29.6,32.5,27.6,0.7,79.0,19.3,1,0,1,261.0,10046.0,16474.0,17117.0,19381.0,19930.0,35844.0,16322.0,16755.214285714286,20092.766666666666,2961.629900353324,5994.489358387105,-9335.0,-3770.7666666666664,11909550.0,24408800.0,24843850.0,21021400.0,24645495.0,1185.5016922158072,1282.7321399540208,14791.0,21064.0,22916.0,23724.0,20686.0,24923.0,13010050.0,20591050.0,18830614.285714287,7970.0,8145450.0,
2024-07-20,755.0,-0.9749279121818236,-0.2225209339563146,1.2246467991473532e-16,-1.0,-0.3108569682435036,-0.9504567035349151,1.0,0,0,34.0,34.0,29.4,32.4,27.2,1.5,80.0,22.2,1,0,1,262.0,7970.0,10046.0,16474.0,17966.0,17695.0,36855.0,14691.857142857143,15900.92857142857,19414.2,3967.038628018492,6179.578349637658,-9996.0,-4722.342857142858,8145450.0,23281300.0,21951700.0,18698064.285714287,24014891.666666668,1022.0138017565872,1248.817108972606,13985.0,14791.0,21543.0,21282.0,19410.14285714286,24631.766666666666,11627300.0,19234900.0,17550078.57142857,4444.0,4719500.0,
2024-07-21,756.0,-0.7818314824680299,0.6234898018587334,1.2246467991473532e-16,-1.0,-0.3271603271220951,-0.9449688462364056,0.0,1,0,35.0,35.0,28.8,32.4,26.9,3.6,83.0,19.9,1,0,1,263.0,4444.0,7970.0,10046.0,17040.0,16225.0,29003.0,12760.142857142857,14954.42857142857,18703.333333333332,5205.802801636305,6633.195570105292,-12596.0,-5943.190476190475,4719500.0,22193850.0,21260950.0,16046378.57142857,23295870.0,1061.993699369937,1215.4085976804854,8843.0,13985.0,21306.0,21217.0,17595.85714285714,24094.1,7002450.0,19481550.0,15802585.714285715,4706.0,4683750.0,Public Holiday (Student Protests)
2024-07-22,757.0,0.0,1.0,1.2246467991473532e-16,-1.0,-0.34336687399638804,-0.939201357453208,0.0,1,0,36.0,36.0,27.6,29.4,26.5,24.0,88.0,19.7,1,1,1,264.0,4706.0,4444.0,7970.0,16230.0,16416.0,24467.0,10998.142857142857,14131.642857142857,17665.4,5589.0045156710385,6285.678684449117,-11524.0,-6667.257142857145,4683750.0,21815100.0,21960900.0,13544935.714285715,22259926.666666668,995.27199320017,1171.525170149725,7309.0,8843.0,21516.0,22836.0,15596.285714285714,23015.966666666667,5810100.0,20001200.0,13849521.42857143,6592.0,6844400.0,Public Holiday (Student Protests)
2024-07-23,758.0,0.7818314824680298,0.6234898018587336,1.2246467991473532e-16,-1.0,-0.3594718130884232,-0.9331559438780432,0.0,1,0,37.0,37.0,28.6,31.6,26.2,2.8,83.0,21.9,1,0,1,265.0,6592.0,4706.0,4444.0,17117.0,16236.0,22203.0,9621.285714285714,13429.92857142857,16656.633333333335,5262.975163482108,5476.073577522201,-10525.0,-7035.347619047621,6844400.0,22476550.0,21988300.0,11406264.285714285,21224998.333333332,1038.2888349514562,1127.8347185280554,9316.0,7309.0,21666.0,22926.0,13853.42857142857,21853.533333333333,7330150.0,19938800.0,12039371.42857143,8246.0,9099100.0,Public Holiday (Student Protests)
2024-07-24,759.0,0.9749279121818236,-0.22252093395631434,1.2246467991473532e-16,-1.0,-0.3754703786876202,-0.9268343944460494,0.0,0,0,38.0,38.0,28.9,31.8,26.6,3.6,84.0,15.6,1,0,1,266.0,8246.0,6592.0,4706.0,16474.0,15851.0,19780.0,8354.0,12859.214285714286,15964.733333333334,4095.872556611239,5164.795579179551,-8228.0,-7610.733333333334,9099100.0,21064650.0,21702000.0,9495200.0,20409811.666666668,1103.4562211981568,1097.8837937018495,11910.0,9316.0,21064.0,21894.0,12459.714285714286,20997.2,9928000.0,19556750.0,10609257.142857144,12318.0,14637150.0,
2024-07-25,760.0,0.43388373911755823,-0.900968867902419,1.2246467991473532e-16,-1.0,-0.3913578365610259,-0.9202385798054075,0.0,0,0,39.0,39.0,29.2,32.3,26.6,1.5,83.0,16.1,1,0,1,267.0,12318.0,8246.0,6592.0,10046.0,17966.0,19810.0,7760.285714285715,12606.857142857143,15559.766666666666,2827.497463263771,4946.850176406808,2272.0,-7799.480952380952,14637150.0,11909550.0,23281300.0,8576985.714285715,19892935.0,1188.273258645884,1084.9713573339998,16849.0,11910.0,14791.0,22357.0,11857.57142857143,20395.733333333334,15021700.0,13010050.0,9961392.857142856,14283.0,18166450.0,
2024-07-26,761.0,-0.433883739117558,-0.9009688679024191,1.2246467991473532e-16,-1.0,-0.4071294853542516,-0.9133704517637858,1.0,0,0,40.0,40.0,29.2,32.4,27.1,3.0,83.0,23.1,1,0,1,268.0,14283.0,12318.0,8246.0,7970.0,19381.0,24253.0,8365.57142857143,12343.785714285714,15295.766666666666,3713.1560635639917,4788.906639907181,6313.0,-6930.195238095237,18166450.0,8145450.0,24408800.0,9470828.57142857,19556655.0,1271.8931597003432,1097.3129955460763,19673.0,16849.0,13985.0,22916.0,12555.0,20056.566666666666,18158000.0,11627300.0,10696814.285714285,16203.0,21182450.0,
2024-07-27,762.0,-0.9749279121818236,-0.2225209339563146,1.2246467991473532e-16,-1.0,-0.4227806579826773,-0.9062320427107697,1.0,0,0,41.0,41.0,29.1,31.9,27.0,1.2,83.0,21.7,1,0,1,269.0,16203.0,14283.0,12318.0,4444.0,17966.0,19498.0,9541.714285714286,12116.785714285714,15176.533333333333,4731.292871731383,4717.4050562112825,11759.0,-5634.819047619047,21182450.0,4719500.0,23281300.0,11333257.142857144,19397148.333333332,1307.316546318583,1138.0705304835044,21563.0,19673.0,8843.0,21543.0,13637.57142857143,19893.6,20123950.0,7002450.0,11910621.42857143,14793.0,18858650.0,
2024-07-28,763.0,-0.7818314824680299,0.6234898018587334,1.2246467991473532e-16,-1.0,-0.4383067230125192,-0.898825465016444,0.0,0,0,42.0,42.0,29.3,32.8,27.1,2.2,82.0,16.1,1,0,1,270.0,14793.0,16203.0,14283.0,4706.0,17040.0,17316.0,11020.142857142857,11890.142857142857,15009.3,4483.2995077499845,4635.702819533888,10087.0,-3989.1571428571424,18858650.0,4683750.0,22193850.0,13353135.714285715,19193210.0,1274.8360711147163,1168.4765835899013,19597.0,21563.0,7309.0,21306.0,15173.857142857143,19710.0,17968400.0,5810100.0,13477185.714285715,14382.0,19234950.0,
2024-07-29,764.0,0.0,1.0,1.2246467991473532e-16,-1.0,-0.45370308603134424,-0.8911529104063088,0.0,0,0,43.0,43.0,29.1,31.6,27.1,5.2,83.0,16.4,1,0,1,271.0,14382.0,14793.0,16203.0,6592.0,16230.0,16549.0,12402.42857142857,11700.285714285714,14680.266666666666,3620.7396508238817,4294.752635752005,7790.0,-2277.838095238096,19234950.0,6844400.0,21815100.0,15431878.57142857,18858620.0,1337.4322069253233,1217.356614122066,19968.0,19597.0,9316.0,21516.0,16982.285714285714,19442.833333333332,19005800.0,7330150.0,15362285.714285715,14416.0,20022900.0,
2024-07-30,765.0,0.7818314824680298,0.6234898018587336,1.2246467991473532e-16,-1.0,-0.46896519100763184,-0.8832166493127127,0.0,0,0,44.0,44.0,28.7,32.8,26.5,11.7,85.0,13.6,1,0,1,272.0,14416.0,14382.0,14793.0,8246.0,17117.0,15447.0,13520.142857142857,11570.714285714286,14510.866666666667,2588.6588180351177,4197.291809409166,6170.0,-990.7238095238099,20022900.0,9099100.0,22476550.0,17314521.42857143,18709163.333333332,1388.9359045504993,1267.4490526362151,20145.0,19968.0,11910.0,21666.0,18529.285714285714,19295.166666666668,19351150.0,9928000.0,17079571.42857143,14053.0,19731250.0,
2024-07-31,766.0,0.9749279121818236,-0.22252093395631434,1.2246467991473532e-16,-1.0,-0.48408852163897587,-0.8750190302029955,0.0,0,0,45.0,45.0,28.1,31.1,26.3,6.1,87.0,11.0,1,0,1,273.0,14053.0,14416.0,14382.0,12318.0,16474.0,15733.0,14349.714285714286,11351.857142857143,14402.1,1144.3309128462972,4164.24212047414,1735.0,-52.38571428571413,19731250.0,14637150.0,21064650.0,18833400.0,18592433.333333332,1404.0596313954316,1310.3923969501116,20014.0,20145.0,16849.0,21064.0,19687.0,19196.9,19441850.0,15021700.0,18438692.85714286,14179.0,19865800.0,
2024-08-01,767.0,0.43388373911755823,-0.900968867902419,-0.4999999999999997,-0.8660254037844388,-0.4990686026885319,-0.8665624788845385,0.0,0,0,46.0,46.0,26.3,27.2,25.1,58.0,93.0,18.5,1,1,1,274.0,14179.0,14053.0,14416.0,14283.0,10046.0,17355.0,14615.57142857143,11187.92857142857,14323.1,737.504769960613,4144.542837814888,-104.0,292.471428571429,19865800.0,18166450.0,11909550.0,19580350.0,18488110.0,1401.0720078990055,1340.792218271986,19594.0,20014.0,19673.0,14791.0,20079.14285714286,19117.6,19013300.0,18158000.0,19008921.42857143,14477.0,19529150.0,
2024-08-02,768.0,-0.433883739117558,-0.9009688679024191,-0.4999999999999997,-0.8660254037844388,-0.5139010013093103,-0.8578494977869301,1.0,0,0,47.0,47.0,26.2,29.0,25.4,48.7,92.0,20.3,1,1,1,275.0,14477.0,14179.0,14053.0,16203.0,7970.0,19930.0,14643.285714285714,11504.42857142857,14290.766666666666,726.487144710035,4139.252786836443,-1726.0,352.51904761904734,19529150.0,21182450.0,8145450.0,19775021.42857143,18424050.0,1348.9776887476687,1351.8042938501753,19809.0,19594.0,21563.0,13985.0,20098.571428571428,19083.166666666668,18496200.0,20123950.0,19057235.714285713,14386.0,19303800.0,
2024-08-03,769.0,-0.9749279121818236,-0.2225209339563146,-0.4999999999999997,-0.8660254037844388,-0.5285813283559292,-0.8488826652214553,1.0,0,0,48.0,48.0,27.0,30.3,25.1,15.5,89.0,17.0,1,0,1,276.0,14386.0,14477.0,14179.0,14793.0,4444.0,17695.0,14383.714285714286,11962.714285714286,14245.866666666667,234.0040699695245,4130.365048017546,-407.0,137.84761904761945,19303800.0,18858650.0,4719500.0,19506642.85714286,18351055.0,1341.8462393994162,1356.7371071474372,19068.0,19809.0,19597.0,8843.0,19742.14285714286,19035.133333333335,17905550.0,17968400.0,18740321.42857143,12718.0,16161150.0,
2024-08-04,770.0,-0.7818314824680299,0.6234898018587334,-0.4999999999999997,-0.8660254037844388,-0.5431052396834317,-0.8396646346181327,0.0,0,0,49.0,49.0,27.1,30.2,25.0,14.3,88.0,12.4,1,0,1,277.0,12718.0,14386.0,14477.0,14382.0,4706.0,16225.0,14087.285714285714,12553.714285714286,14091.3,621.8986290082466,4096.628084842113,-1664.0,-4.014285714285506,16161150.0,19234950.0,4683750.0,19121285.714285713,18144156.666666668,1270.7304607642711,1356.1505913830879,16206.0,19068.0,19968.0,7309.0,19257.714285714286,18829.566666666666,14796050.0,19005800.0,18287128.57142857,7378.0,8267800.0,
2024-08-05,771.0,0.0,1.0,-0.4999999999999997,-0.8660254037844388,-0.5574684374327892,-0.8301981337405212,0.0,1,0,50.0,50.0,28.2,31.6,26.3,4.4,86.0,12.1,1,0,1,278.0,7378.0,12718.0,14386.0,14416.0,6592.0,16416.0,13086.714285714286,12744.57142857143,13672.9,2589.7298259527233,4120.657424531276,-7038.0,-586.1857142857134,8267800.0,20022900.0,6844400.0,17554550.0,17591621.666666668,1120.601789102738,1325.174817408433,8155.0,16206.0,20145.0,9316.0,17570.14285714286,18310.6,6836450.0,19351150.0,16548650.0,6260.0,5521750.0,Public Holiday (Student Protests)
2024-08-06,772.0,0.7818314824680298,0.6234898018587336,-0.4999999999999997,-0.8660254037844388,-0.5716666713027052,-0.8204859638785327,0.0,1,0,51.0,51.0,28.2,31.3,25.9,11.5,85.0,12.7,1,0,1,279.0,6260.0,7378.0,12718.0,14053.0,8246.0,16236.0,11921.57142857143,12720.857142857143,13291.733333333334,3549.0450761270477,4262.223265833922,-7793.0,-1370.1619047619042,5521750.0,19731250.0,9099100.0,15482957.142857144,17043956.666666668,882.0686900958466,1252.7652153434826,5534.0,8155.0,20014.0,11910.0,15482.857142857143,17785.666666666668,4631050.0,19441850.0,14445778.57142857,11661.0,10683300.0,Public Holiday (Student Protests)
2024-08-07,773.0,0.9749279121818236,-0.22252093395631434,-0.4999999999999997,-0.8660254037844388,-0.5856957398073508,-0.8105309990194823,0.0,1,0,52.0,52.0,27.5,30.1,26.0,15.9,86.0,14.9,1,0,1,280.0,11661.0,6260.0,7378.0,14179.0,12318.0,15851.0,11579.857142857143,12964.785714285714,13139.6,3422.5199015040375,4235.281895108562,-2518.0,-1559.7428571428572,10683300.0,19865800.0,14637150.0,14190392.857142856,16691368.333333334,916.1564188320041,1183.0647564058502,10758.0,5534.0,19594.0,16849.0,14160.57142857143,17437.033333333333,8520500.0,19013300.0,12885585.714285715,13788.0,15026750.0,Public Holiday (Student Protests)
2024-08-08,774.0,0.43388373911755823,-0.900968867902419,-0.4999999999999997,-0.8660254037844388,-0.5995514915196489,-0.8003361849976323,0.0,0,0,53.0,53.0,27.2,29.7,25.7,4.1,87.0,15.6,1,0,1,281.0,13788.0,11661.0,6260.0,14477.0,14283.0,17966.0,11524.0,13069.785714285714,13052.0,3375.903977702477,4192.13624252146,-689.0,-1528.0,15026750.0,19529150.0,18166450.0,13499100.0,16460230.0,1089.8426167682042,1138.6034148157355,14780.0,10758.0,19809.0,19673.0,13472.857142857143,17168.5,12808400.0,18496200.0,11999171.42857143,15224.0,17877300.0,
2024-08-09,775.0,-0.433883739117558,-0.9009688679024191,-0.4999999999999997,-0.8660254037844388,-0.6132298262997502,-0.7899045386224707,1.0,0,0,54.0,54.0,27.1,30.3,25.0,30.2,88.0,15.0,1,1,1,282.0,15224.0,13788.0,11661.0,14386.0,16203.0,19381.0,11630.714285714286,13137.0,13018.266666666666,3494.5300453846385,4169.643050408029,838.0,-1387.5523809523802,17877300.0,19303800.0,21182450.0,13263121.42857143,16323196.666666666,1174.2840252233316,1113.6471771694016,18439.0,14780.0,19068.0,21563.0,13277.142857142857,17018.933333333334,16440900.0,17905550.0,11705557.142857144,16765.0,19176150.0,
2024-08-10,776.0,-0.9749279121818236,-0.2225209339563146,-0.4999999999999997,-0.8660254037844388,-0.6267266965083301,-0.7792391467859886,1.0,0,0,55.0,55.0,27.3,30.3,25.5,15.6,88.0,14.3,1,0,1,283.0,16765.0,15224.0,13788.0,12718.0,14793.0,17966.0,11970.57142857143,13177.142857142857,13048.733333333334,3899.384817170734,4194.321110931908,4047.0,-1078.1619047619042,19176150.0,16161150.0,18858650.0,13244885.714285715,16239001.666666666,1143.820459290188,1085.3577800109406,19721.0,18439.0,16206.0,19597.0,13370.42857142857,16946.5,18325950.0,14796050.0,11765614.285714285,15344.0,17626600.0,
2024-08-11,777.0,-0.7818314824680299,0.6234898018587334,-0.4999999999999997,-0.8660254037844388,-0.6400381082043503,-0.7683431655492202,0.0,0,0,56.0,56.0,27.7,30.7,25.6,7.0,87.0,13.3,1,0,1,284.0,15344.0,16765.0,15224.0,7378.0,14382.0,17040.0,12345.714285714286,13216.5,12961.333333333334,4104.2144483562115,4114.889417656337,7966.0,-615.6190476190477,17626600.0,8267800.0,19234950.0,13454235.714285715,16050511.666666666,1148.7617309697603,1067.9336757545818,18698.0,19721.0,8155.0,19968.0,13726.42857142857,16824.533333333333,16574000.0,6836450.0,12019607.142857144,14418.0,18292100.0,
2024-08-12,778.0,0.0,1.0,-0.4999999999999997,-0.8660254037844388,-0.65316012232693,-0.7572198192083127,0.0,0,0,57.0,57.0,28.2,31.1,26.2,6.6,87.0,9.8,1,0,1,285.0,14418.0,15344.0,16765.0,6260.0,14416.0,16230.0,13351.42857142857,13219.07142857143,12795.9,3502.4613182324815,3944.1175959071884,8158.0,555.528571428571,18292100.0,5521750.0,20022900.0,14886278.57142857,15846621.666666666,1268.6988486613955,1089.0903985486757,18867.0,18698.0,5534.0,20145.0,15256.714285714286,16689.566666666666,17391750.0,4631050.0,13527507.142857144,14887.0,19480050.0,
2024-08-13,779.0,0.7818314824680298,0.6234898018587336,-0.4999999999999997,-0.8660254037844388,-0.666088855860977,-0.7458723993404063,0.0,0,0,58.0,58.0,28.4,32.1,26.1,11.4,87.0,8.4,1,0,1,286.0,14887.0,14418.0,15344.0,11661.0,14053.0,17117.0,14583.857142857143,13252.714285714286,12693.266666666666,1583.2914480676611,3843.725751217766,3226.0,1890.5904761904767,19480050.0,10683300.0,19731250.0,16880321.42857143,15719913.333333334,1308.5275743937664,1150.0130963055215,19186.0,18867.0,10758.0,20014.0,17207.0,16611.0,17915950.0,8520500.0,15425350.0,15038.0,19668750.0,
2024-08-14,780.0,0.9749279121818236,-0.22252093395631434,-0.4999999999999997,-0.8660254037844388,-0.6788204829862355,-0.734304263829602,0.0,0,0,59.0,59.0,28.8,32.1,26.3,2.1,85.0,10.7,1,0,1,287.0,15038.0,14887.0,14418.0,13788.0,14179.0,16474.0,15066.285714285714,13323.07142857143,12626.533333333333,919.6794213722312,3782.549247424978,1250.0,2439.752380952381,19668750.0,15026750.0,19865800.0,18163957.14285714,15635743.333333334,1307.9365607128607,1205.9816880027865,19703.0,19186.0,14780.0,19594.0,18484.85714285714,16557.566666666666,18429350.0,12808400.0,16840900.0,15841.0,20443600.0,
2024-08-15,781.0,0.43388373911755823,-0.900968867902419,-0.4999999999999997,-0.8660254037844388,-0.6913512362094071,-0.722518835873311,0.0,0,0,60.0,60.0,28.7,31.9,26.2,1.2,85.0,12.5,1,0,1,288.0,15841.0,15038.0,14887.0,15224.0,14477.0,10046.0,15359.57142857143,13441.785714285714,12613.566666666668,757.0682173454213,3770.417819006923,617.0,2746.004761904762,20443600.0,17877300.0,19529150.0,18937792.85714286,15590026.666666666,1290.549839025314,1234.6541483252308,20000.0,19703.0,18439.0,19809.0,19230.571428571428,16507.033333333333,18477000.0,16440900.0,17650700.0,16140.0,19654650.0,
2024-08-16,782.0,-0.433883739117558,-0.9009688679024191,-0.4999999999999997,-0.8660254037844388,-0.7036774074790128,-0.7105196029692745,1.0,0,0,61.0,61.0,27.2,28.9,26.0,5.2,88.0,14.8,1,0,1,289.0,16140.0,15841.0,15038.0,16765.0,14386.0,7970.0,15490.42857142857,13560.57142857143,12581.0,807.2316596747338,3734.2241404385927,-625.0,2909.4285714285706,19654650.0,19176150.0,19303800.0,19191700.0,15495963.333333334,1217.7602230483271,1240.8650337288018,21019.0,20000.0,19721.0,19068.0,19599.14285714286,16485.466666666667,18813550.0,18325950.0,17989650.0,19855.0,23082100.0,
2024-08-17,783.0,-0.9749279121818236,-0.2225209339563146,-0.4999999999999997,-0.8660254037844388,-0.7157953492826642,-0.6983101158835584,1.0,0,0,62.0,62.0,27.5,30.6,25.4,8.3,85.0,18.5,1,0,1,290.0,19855.0,16140.0,15841.0,15344.0,12718.0,4444.0,15931.857142857143,13951.214285714286,12693.7,1824.4028638225802,3902.974357836713,4511.0,3238.1571428571424,23082100.0,17626600.0,16161150.0,19749692.85714286,15563211.666666666,1162.5333669100983,1243.5383062459316,22232.0,21019.0,18698.0,16206.0,19957.85714285714,16524.4,19634700.0,16574000.0,18176614.285714287,17243.0,20134900.0,
2024-08-18,784.0,-0.7818314824680299,0.6234898018587334,-0.4999999999999997,-0.8660254037844388,-0.7277014757264236,-0.6858939875998223,0.0,0,0,63.0,63.0,27.5,30.4,25.4,11.2,87.0,15.5,1,0,1,291.0,17243.0,19855.0,16140.0,14418.0,7378.0,4706.0,16203.142857142857,14274.42857142857,12933.6,1863.1972009221142,3955.451546654429,2825.0,3269.5428571428565,20134900.0,18292100.0,8267800.0,20108021.42857143,15837390.0,1167.7144348431248,1246.2458353706982,20049.0,22232.0,18867.0,8155.0,20150.85714285714,16699.666666666668,17056000.0,17391750.0,18245471.42857143,16029.0,20310800.0,
2024-08-19,785.0,0.0,1.0,-0.4999999999999997,-0.8660254037844388,-0.7393922635959241,-0.673274892250183,0.0,0,0,64.0,64.0,26.2,28.1,25.0,40.9,92.0,16.9,1,1,1,292.0,16029.0,17243.0,19855.0,14887.0,6260.0,6592.0,16433.285714285714,14892.357142857143,13202.233333333334,1698.1290404723088,3879.6621403143336,1142.0,3231.05238095238,20310800.0,19480050.0,5521750.0,20396407.14285714,16242901.666666666,1267.1283299020524,1246.0214755479349,19752.0,20049.0,19186.0,5534.0,20277.285714285714,16891.9,17705550.0,17915950.0,18290300.0,15184.0,20308500.0,
2024-08-20,786.0,0.7818314824680298,0.6234898018587336,-0.4999999999999997,-0.8660254037844388,-0.7508642533989489,-0.6604565640279754,0.0,0,0,65.0,65.0,26.8,30.1,25.2,14.9,90.0,12.5,1,0,1,293.0,15184.0,16029.0,17243.0,15038.0,11661.0,8246.0,16475.714285714286,15529.785714285714,13560.233333333334,1656.249147349335,3522.7213195769837,146.0,2915.4809523809527,20308500.0,19668750.0,10683300.0,20514757.14285714,16762535.0,1337.4934141201265,1250.1594526517006,19579.0,19752.0,19703.0,10758.0,20333.428571428572,17249.766666666666,18256700.0,18429350.0,18338978.57142857,15763.0,20590300.0,
2024-08-21,787.0,0.9749279121818236,-0.22252093395631434,-0.4999999999999997,-0.8660254037844388,-0.7621140503891487,-0.6474427960827475,0.0,0,0,66.0,66.0,26.3,29.0,25.0,62.3,92.0,12.0,1,1,1,294.0,15763.0,15184.0,16029.0,15841.0,13788.0,12318.0,16579.285714285714,15822.785714285714,13928.8,1571.878781828311,3119.775029466497,-78.0,2650.4857142857145,20590300.0,20443600.0,15026750.0,20646407.14285714,17292753.333333332,1306.242466535558,1249.9174391978001,19748.0,19579.0,20000.0,14780.0,20339.85714285714,17664.4,18502050.0,18477000.0,18349364.285714287,14935.0,20124100.0,
2024-08-22,788.0,0.43388373911755823,-0.900968867902419,-0.4999999999999997,-0.8660254037844388,-0.7731383255706026,-0.6342374393978054,0.0,0,0,67.0,67.0,26.8,29.4,24.9,19.8,92.0,12.3,1,0,1,295.0,14935.0,15763.0,15184.0,16140.0,15224.0,14283.0,16449.85714285714,15904.714285714286,14206.9,1676.611903867631,2798.524899003896,-1205.0,2242.9571428571417,20124100.0,19654650.0,17877300.0,20600764.285714287,17735410.0,1347.4455975895548,1258.0454047069775,18797.0,19748.0,21019.0,18439.0,20168.0,17980.433333333334,17819700.0,18813550.0,18255464.285714287,16298.0,20594350.0,
2024-08-23,789.0,-0.433883739117558,-0.9009688679024191,-0.4999999999999997,-0.8660254037844388,-0.7839338166829201,-0.620844401650647,1.0,0,0,68.0,68.0,26.7,29.6,24.9,19.4,90.0,14.5,1,0,1,296.0,16298.0,14935.0,15763.0,19855.0,16765.0,16203.0,16472.428571428572,15981.42857142857,14475.3,1672.8044174522563,2585.1013473096214,-3557.0,1997.1285714285732,20594350.0,23082100.0,19176150.0,20735007.14285714,18118585.0,1263.6120996441282,1264.5956727920918,19272.0,18797.0,22232.0,19721.0,19918.428571428572,18225.833333333332,17322450.0,19634700.0,18042450.0,19109.0,22582950.0,
2024-08-24,790.0,-0.9749279121818236,-0.2225209339563146,-0.4999999999999997,-0.8660254037844388,-0.7944973291665992,-0.6072676460566135,1.0,0,0,69.0,69.0,27.3,30.4,25.6,14.6,87.0,11.5,1,0,1,297.0,19109.0,16298.0,14935.0,17243.0,15344.0,14793.0,16365.857142857143,16148.857142857143,14701.666666666666,1427.1104171917877,2685.078157641531,1866.0,1664.190476190477,22582950.0,20134900.0,17626600.0,20663700.0,18383445.0,1181.7965356638233,1267.347554042624,19667.0,19272.0,20049.0,18698.0,19552.0,18319.766666666666,17365350.0,17056000.0,17718257.14285714,16011.0,18532550.0,
2024-08-25,791.0,-0.7818314824680299,0.6234898018587334,-0.4999999999999997,-0.8660254037844388,-0.8048257371083452,-0.593511190196115,0.0,0,0,70.0,70.0,26.1,28.0,24.8,28.5,90.0,13.2,1,1,1,298.0,16011.0,19109.0,16298.0,16029.0,14418.0,14382.0,16189.857142857143,16196.5,14759.266666666666,1375.9588691250938,2694.305846670393,-18.0,1430.5904761904767,18532550.0,20310800.0,18292100.0,20434792.85714286,18395648.333333332,1157.4886015864092,1265.886720720236,17932.0,19667.0,19752.0,18867.0,19249.571428571428,18261.733333333334,15294000.0,17705550.0,17466542.85714286,14339.0,18464400.0,
2024-08-26,792.0,0.0,1.0,-0.4999999999999997,-0.8660254037844388,-0.8149159841660791,-0.5795791048257612,0.0,1,0,71.0,71.0,26.2,28.8,25.0,26.3,90.0,17.1,1,1,1,299.0,14339.0,16011.0,19109.0,15184.0,14887.0,14416.0,15948.42857142857,16190.857142857143,14697.133333333333,1546.5746945151122,2681.325440810979,-845.0,1251.2952380952374,18464400.0,20308500.0,19480050.0,20171021.42857143,18305046.666666668,1287.7048608689588,1268.82622514408,18226.0,17932.0,19579.0,19186.0,19031.571428571428,18150.5,16477650.0,18256700.0,17291128.57142857,15550.0,19852100.0,Janmashtami
2024-08-27,793.0,0.7818314824680298,0.6234898018587336,-0.4999999999999997,-0.8660254037844388,-0.8247650844733614,-0.5654755126737576,0.0,0,0,72.0,72.0,27.2,29.9,24.7,10.8,87.0,12.0,1,0,1,300.0,15550.0,14339.0,16011.0,15763.0,15038.0,14053.0,16000.714285714286,16238.214285714286,14722.366666666667,1522.4222710630556,2685.816943505821,-213.0,1278.3476190476194,19852100.0,20590300.0,19668750.0,20105821.42857143,18338161.666666668,1276.6623794212219,1260.1360773299507,19714.0,18226.0,19748.0,19703.0,19050.85714285714,18154.4,18332500.0,18502050.0,17301957.14285714,14806.0,19117150.0,
2024-08-28,794.0,0.9749279121818236,-0.22252093395631434,-0.4999999999999997,-0.8660254037844388,-0.8343701235229537,-0.5512045872199277,0.0,0,0,73.0,73.0,27.9,30.8,25.3,0.8,86.0,7.8,1,0,1,301.0,14806.0,15550.0,14339.0,14935.0,15841.0,14179.0,15864.0,16221.642857142857,14736.5,1588.8473809652826,2685.0795884948525,-129.0,1127.5,19117150.0,20124100.0,20443600.0,19895371.42857143,18334235.0,1291.175874645414,1257.9837070599299,18289.0,19714.0,18797.0,20000.0,18842.428571428572,18098.433333333334,17127600.0,17819700.0,17105607.14285714,15677.0,20516650.0,
2024-08-29,795.0,0.43388373911755823,-0.900968867902419,-0.4999999999999997,-0.8660254037844388,-0.8437282590292712,-0.5367705514607103,0.0,0,0,74.0,74.0,28.6,32.1,25.6,9.2,85.0,6.7,1,0,1,302.0,15677.0,14806.0,15550.0,16298.0,16140.0,14477.0,15970.0,16209.92857142857,14778.533333333333,1540.5568257398224,2689.755375793338,-621.0,1191.4666666666672,20516650.0,20594350.0,19654650.0,19951450.0,18350693.333333332,1308.7102124130893,1252.4500806061494,19035.0,18289.0,19272.0,21019.0,18876.428571428572,18061.433333333334,18021950.0,17322450.0,17134500.0,18036.0,21997150.0,
2024-08-30,796.0,-0.433883739117558,-0.9009688679024191,-0.4999999999999997,-0.8660254037844388,-0.8528367217694595,-0.522177676659508,1.0,0,0,75.0,75.0,29.1,33.1,26.1,0.0,81.0,7.8,0,0,1,303.0,18036.0,15677.0,14806.0,19109.0,19855.0,14386.0,16218.285714285714,16345.357142857143,14911.3,1730.565583297967,2750.326728553005,-1073.0,1306.9857142857145,21997150.0,22582950.0,23082100.0,20151850.0,18426223.333333332,1219.6246396096697,1246.1661577440839,20570.0,19035.0,19667.0,22232.0,19061.85714285714,18079.966666666667,18479300.0,17365350.0,17299764.285714287,21838.0,25409350.0,
2024-08-31,797.0,-0.9749279121818236,-0.2225209339563146,-0.4999999999999997,-0.8660254037844388,-0.8616928164028521,-0.5074302810827518,1.0,0,0,76.0,76.0,29.1,32.5,26.6,1.5,81.0,15.7,1,0,1,304.0,21838.0,18036.0,15677.0,16011.0,17243.0,12718.0,16608.14285714286,16487.0,15166.6,2586.18711804153,3022.0578921404303,5827.0,1441.5428571428583,25409350.0,18532550.0,20134900.0,20555621.42857143,18611008.333333332,1163.5383276856855,1243.5578423186355,21944.0,20570.0,17932.0,20049.0,19387.14285714286,18158.3,19568750.0,15294000.0,17614535.714285713,18094.0,21318250.0,
2024-09-01,798.0,-0.7818314824680299,0.6234898018587334,-0.8660254037844384,-0.5000000000000004,-0.8702939222685674,-0.49253272872205434,0.0,0,0,77.0,77.0,28.2,31.1,26.3,3.7,86.0,9.5,1,0,1,305.0,18094.0,21838.0,18036.0,14339.0,16029.0,7378.0,16905.714285714286,16547.785714285714,15287.166666666666,2625.5644925924053,3065.437000779353,3755.0,1618.5476190476202,21318250.0,18464400.0,20310800.0,20953578.57142857,18670645.0,1178.1944290925169,1246.5158176766508,19713.0,21944.0,18226.0,19752.0,19641.571428571428,18155.1,17293200.0,16477650.0,17900135.714285713,16624.0,20565800.0,
2024-09-02,799.0,0.0,1.0,-0.8660254037844384,-0.5000000000000004,-0.8786374941610001,-0.4774894280028391,0.0,0,0,78.0,78.0,28.4,32.0,26.2,7.4,85.0,5.6,1,0,1,306.0,16624.0,18094.0,21838.0,15550.0,15184.0,6260.0,17232.14285714286,16590.285714285714,15361.766666666666,2384.2184204033288,3069.9785653899958,1074.0,1870.3761904761923,20565800.0,19852100.0,20308500.0,21253778.57142857,18712711.666666668,1237.1150144369585,1239.2886967577938,19512.0,19713.0,19714.0,19579.0,19825.285714285714,18169.9,17738600.0,18332500.0,18080271.42857143,16264.0,21143500.0,
2024-09-03,800.0,0.7818314824680298,0.6234898018587336,-0.8660254037844384,-0.5000000000000004,-0.886721063082993,-0.46230483047981086,0.0,0,0,79.0,79.0,27.8,31.5,26.5,6.7,88.0,6.1,1,0,1,307.0,16264.0,16624.0,18094.0,14806.0,15763.0,11661.0,17334.14285714286,16667.428571428572,15479.966666666667,2314.514090730607,3032.7162569884936,1458.0,1854.1761904761916,21143500.0,19117150.0,20590300.0,21438264.285714287,18878790.0,1300.0184456468273,1242.625277647166,19138.0,19512.0,18289.0,19748.0,19743.0,18267.633333333335,17710000.0,17127600.0,17991342.85714286,16149.0,20777800.0,
2024-09-04,801.0,0.9749279121818236,-0.22252093395631434,-0.8660254037844384,-0.5000000000000004,-0.8945422369764496,-0.4469834295196741,0.0,0,0,80.0,80.0,28.6,31.7,26.0,2.0,85.0,6.8,1,0,1,308.0,16149.0,16264.0,16624.0,15677.0,14935.0,13788.0,17526.0,16695.0,15772.333333333334,2117.2799374039705,2619.325147797629,472.0,1753.666666666666,20777800.0,20516650.0,20124100.0,21675500.0,19295790.0,1286.6307511301009,1241.9759742878355,18688.0,19138.0,19035.0,18797.0,19800.0,18618.733333333334,17578550.0,18021950.0,18055764.285714287,16461.0,20985150.0,
2024-09-05,802.0,0.43388373911755823,-0.900968867902419,-0.8660254037844384,-0.5000000000000004,-0.9020987014301837,-0.43152975897147144,0.0,0,0,81.0,81.0,28.6,31.7,26.2,1.7,85.0,6.4,1,0,1,309.0,16461.0,16149.0,16264.0,18036.0,16298.0,15224.0,17638.0,16804.0,16112.366666666667,2021.7509737848563,1907.21098923829,-1575.0,1525.6333333333332,20985150.0,21997150.0,20594350.0,21742428.57142857,19811236.666666668,1274.84053216694,1237.1374485383856,19613.0,18688.0,20570.0,19272.0,19882.571428571428,19088.033333333333,18416550.0,18479300.0,18112135.714285713,18714.0,22065900.0,
2024-09-06,803.0,-0.433883739117558,-0.9009688679024191,-0.8660254037844384,-0.5000000000000004,-0.9093882203647925,-0.4159483918249421,1.0,0,0,82.0,82.0,28.7,32.1,26.0,9.0,84.0,7.4,1,0,1,310.0,18714.0,16461.0,16149.0,21838.0,19109.0,16765.0,17734.85714285714,16976.571428571428,16347.466666666667,2059.877215480851,1769.2958804687594,-3124.0,1387.3904761904741,22065900.0,25409350.0,22582950.0,21752250.0,20190656.666666668,1179.111894838089,1231.349913571017,20562.0,19613.0,21944.0,19667.0,19881.428571428572,19414.833333333332,17869950.0,19568750.0,18025085.714285713,22792.0,25070650.0,
2024-09-07,804.0,-0.9749279121818236,-0.2225209339563146,-0.8660254037844384,-0.5000000000000004,-0.9164086366943458,-0.4002439388573056,1.0,0,0,83.0,83.0,28.9,32.8,26.2,7.2,85.0,6.5,1,0,1,311.0,22792.0,18714.0,16461.0,18094.0,16011.0,15344.0,17871.14285714286,17239.64285714286,16647.6,2382.8365749369236,2059.967937480663,4698.0,1223.5428571428602,25070650.0,21318250.0,18532550.0,21703864.285714287,20525453.333333332,1099.9758687258686,1222.269562291043,22107.0,20562.0,19713.0,17932.0,19904.714285714286,19659.066666666666,19440050.0,17293200.0,18006700.0,18734.0,21296750.0,
2024-09-08,805.0,-0.7818314824680299,0.6234898018587334,-0.8660254037844384,-0.5000000000000004,-0.9231578729647039,-0.38442104726885545,0.0,0,0,84.0,84.0,29.3,32.7,26.8,0.5,82.0,12.2,1,0,1,312.0,18734.0,22792.0,18714.0,16624.0,14339.0,14418.0,17962.571428571428,17434.14285714286,16764.6,2404.9880011580644,2075.9403951313243,2110.0,1197.971428571429,21296750.0,20565800.0,18464400.0,21700792.85714286,20639435.0,1136.7967332123412,1216.355605736732,19213.0,22107.0,19512.0,18226.0,19833.285714285714,19684.866666666665,16407650.0,17738600.0,17880192.85714286,17063.0,20777350.0,
2024-09-09,806.0,0.0,1.0,-0.8660254037844384,-0.5000000000000004,-0.9296339319682695,-0.3684843993077793,0.0,0,0,85.0,85.0,29.0,31.6,26.7,4.8,83.0,16.2,1,0,1,313.0,17063.0,18734.0,22792.0,16264.0,15550.0,14887.0,18025.285714285714,17628.714285714286,16774.533333333333,2369.7302036508727,2076.655214078877,799.0,1250.752380952381,20777350.0,21143500.0,19852100.0,21731014.285714287,20692808.333333332,1217.6844634589463,1213.5798127398734,18769.0,19213.0,19138.0,19714.0,19727.14285714286,19653.133333333335,17007050.0,17710000.0,17775685.714285713,16453.0,21307450.0,
2024-09-10,807.0,0.7818314824680298,0.6234898018587336,-0.8660254037844384,-0.5000000000000004,-0.9358348973349941,-0.35243871088460327,0.0,0,0,86.0,86.0,28.7,31.4,26.6,2.5,83.0,14.0,1,0,1,314.0,16453.0,17063.0,18734.0,16149.0,14806.0,15038.0,18052.285714285714,17693.214285714286,16811.5,2347.288486338056,2060.1169325701244,304.0,1240.7857142857138,21307450.0,20777800.0,19117150.0,21754435.714285713,20815503.333333332,1295.0495350392025,1212.8699683673556,19863.0,18769.0,18688.0,18289.0,19830.714285714286,19691.966666666667,18372350.0,17578550.0,17870307.14285714,16651.0,21486950.0,
2024-09-11,808.0,0.9749279121818236,-0.22252093395631434,-0.8660254037844384,-0.5000000000000004,-0.9417589340994617,-0.33628873017668287,0.0,0,0,87.0,87.0,28.5,31.9,25.6,4.5,86.0,10.3,1,0,1,315.0,16651.0,16453.0,17063.0,16461.0,15677.0,15841.0,18124.0,17825.0,16885.933333333334,2286.324707181074,2010.396082665174,190.0,1238.0666666666657,21486950.0,20985150.0,20516650.0,21855742.85714286,20921998.333333332,1290.4300042039517,1213.4127188064772,19451.0,19863.0,19613.0,19035.0,19939.714285714286,19711.433333333334,18012200.0,18416550.0,17932257.14285714,16839.0,21528000.0,
2024-09-12,809.0,0.43388373911755823,-0.900968867902419,-0.8660254037844384,-0.5000000000000004,-0.9474042892438845,-0.32003923622313857,0.0,0,0,88.0,88.0,28.6,31.9,26.6,35.7,90.0,7.6,1,1,1,316.0,16839.0,16651.0,16453.0,18714.0,18036.0,16140.0,18178.0,17908.0,16951.0,2244.5834060392176,1974.7416941516092,-1875.0,1227.0,21528000.0,22065900.0,21997150.0,21933292.85714286,20990263.333333332,1278.4607161945485,1213.9298879532782,19840.0,19451.0,20562.0,20570.0,19972.14285714286,19733.233333333334,18420750.0,17869950.0,17932857.14285714,19490.0,22832750.0,
2024-09-13,810.0,-0.433883739117558,-0.9009688679024191,-0.8660254037844384,-0.5000000000000004,-0.9527692922168511,-0.30369503751065885,1.0,0,0,89.0,89.0,28.9,32.0,26.0,6.9,82.0,13.5,1,0,1,317.0,19490.0,16839.0,16651.0,22792.0,21838.0,19855.0,18288.85714285714,18011.85714285714,17099.4,2294.084815968468,1993.2196550063256,-3302.0,1189.4571428571398,22832750.0,25070650.0,25409350.0,22042842.85714286,21095730.0,1171.5110312981017,1212.8440503047084,21819.0,19840.0,22107.0,21944.0,20151.714285714286,19803.766666666666,18989600.0,19440050.0,18092807.14285714,23201.0,25888800.0,
2024-09-14,811.0,-0.9749279121818236,-0.2225209339563146,-0.8660254037844384,-0.5000000000000004,-0.9578523554276669,-0.28726097055059635,1.0,0,0,90.0,90.0,25.9,26.6,25.1,51.3,92.0,31.7,1,1,1,318.0,23201.0,19490.0,16839.0,18734.0,18094.0,17243.0,18347.285714285714,18109.214285714286,17344.733333333334,2429.1255432278167,2267.1196359429873,4467.0,1002.5523809523802,25888800.0,21296750.0,21318250.0,22159721.42857143,21277236.666666668,1115.8484548079823,1215.1115626021533,24122.0,21819.0,19213.0,19713.0,20439.571428571428,19941.166666666668,20860500.0,16407650.0,18295728.57142857,15011.0,18851050.0,
2024-09-15,812.0,-0.7818314824680299,0.6234898018587334,-0.8660254037844384,-0.5000000000000004,-0.9626519747161487,-0.2707418984477642,0.0,0,0,91.0,91.0,25.8,26.8,25.1,45.1,91.0,32.5,1,1,1,319.0,15011.0,23201.0,19490.0,17063.0,16624.0,16029.0,17815.428571428572,17889.0,17307.1,2720.4489737996582,2296.9811725167997,-2052.0,508.3285714285739,18851050.0,20777350.0,20565800.0,21810335.714285713,21250450.0,1255.8157351275731,1232.1142771614723,18590.0,24122.0,18769.0,19512.0,20350.571428571428,19860.2,16059250.0,17007050.0,18245957.14285714,13014.0,17349650.0,
2024-09-16,813.0,0.0,1.0,-0.8660254037844384,-0.5000000000000004,-0.9671667297977312,-0.2541427094613622,0.0,1,0,92.0,92.0,27.6,31.4,24.8,18.4,86.0,18.5,1,0,1,320.0,13014.0,15011.0,23201.0,16453.0,16264.0,15184.0,17237.0,17631.14285714286,17079.066666666666,3280.0042174769733,2373.608411670743,-3439.0,157.9333333333343,17349650.0,21307450.0,21143500.0,21320664.285714287,21059368.333333332,1333.1527585676963,1248.6097478912939,17480.0,18590.0,19863.0,19138.0,20166.428571428572,19701.8,16139650.0,18372350.0,18122042.85714286,16561.0,19903150.0,Eid-e-Miladunnabi
2024-09-17,814.0,0.7818314824680298,0.6234898018587336,-0.8660254037844384,-0.5000000000000004,-0.97139528468375,-0.23746831555846842,0.0,0,0,93.0,93.0,28.8,32.7,25.9,0.0,84.0,8.7,0,0,1,321.0,16561.0,13014.0,15011.0,16651.0,16149.0,15763.0,17252.428571428572,17652.35714285714,17056.333333333332,3275.953289102428,2375.249567044947,-90.0,196.09523809524035,19903150.0,21486950.0,20777800.0,21120050.0,21051643.333333332,1201.8084656723627,1235.2895951246023,18772.0,17480.0,19451.0,18688.0,20010.571428571428,19659.233333333334,16878200.0,18012200.0,17908592.85714286,15507.0,18348850.0,
2024-09-18,815.0,0.9749279121818236,-0.22252093395631434,-0.8660254037844384,-0.5000000000000004,-0.9753363880767837,-0.2207236509605022,0.0,0,0,94.0,94.0,29.6,33.7,25.5,0.0,81.0,4.8,0,0,1,322.0,15507.0,16561.0,13014.0,16839.0,16461.0,14935.0,17089.0,17606.5,17038.933333333334,3338.8885875392853,2384.9271070091863,-1332.0,50.0666666666657,18348850.0,21528000.0,20985150.0,20671750.0,20986245.0,1183.2623976268783,1219.979937042163,18299.0,18772.0,19840.0,19613.0,19846.0,19610.8,16388700.0,18420750.0,17676664.285714287,16366.0,21140700.0,
2024-09-19,816.0,0.43388373911755823,-0.900968867902419,-0.8660254037844384,-0.5000000000000004,-0.9789888737409319,-0.20391367068311472,0.0,0,0,95.0,95.0,30.1,33.8,27.0,2.1,82.0,6.3,1,0,1,323.0,16366.0,15507.0,16561.0,19490.0,18714.0,16298.0,17021.428571428572,17599.714285714286,17078.333333333332,3349.560411812428,2362.887863922312,-3124.0,-56.90476190475965,21140700.0,22832750.0,22065900.0,20616421.42857143,21013985.0,1291.7450812660393,1221.8777034809477,19224.0,18299.0,21819.0,20562.0,19758.0,19598.966666666667,17660650.0,18989600.0,17568078.57142857,18808.0,22497350.0,
2024-09-20,817.0,-0.433883739117558,-0.9009688679024191,-0.8660254037844384,-0.5000000000000004,-0.9823516608469237,-0.18704334906991657,1.0,0,0,96.0,96.0,31.0,35.2,27.5,0.0,79.0,6.9,0,0,1,324.0,18808.0,16366.0,15507.0,23201.0,22792.0,19109.0,16924.0,17606.428571428572,17179.833333333332,3274.8759772954404,2369.8283814384863,-4393.0,-255.83333333333212,22497350.0,25888800.0,25070650.0,20568507.14285714,21077553.333333332,1196.1585495533816,1225.3987775174162,21261.0,19224.0,24122.0,22107.0,19678.285714285714,19649.4,18802000.0,20860500.0,17541278.57142857,22457.0,25101850.0,
2024-09-21,818.0,-0.9749279121818236,-0.2225209339563146,-0.8660254037844384,-0.5000000000000004,-0.9854237542919524,-0.17011767832049052,1.0,0,0,97.0,97.0,30.5,35.3,26.4,8.6,81.0,6.5,1,0,1,325.0,22457.0,18808.0,16366.0,15011.0,18734.0,16011.0,16817.714285714286,17582.5,17430.566666666666,3040.9198013258015,2517.4542790538517,7446.0,-612.8523809523795,25101850.0,18851050.0,21296750.0,20456085.714285713,21243478.333333332,1117.7739680277864,1225.673850834531,22453.0,21261.0,18590.0,19213.0,19439.85714285714,19771.266666666666,19590100.0,16059250.0,17359792.85714286,17864.0,20524150.0,
2024-09-22,819.0,-0.7818314824680299,0.6234898018587334,-0.8660254037844384,-0.5000000000000004,-0.9882042449941422,-0.15314166701312007,0.0,0,0,98.0,98.0,30.9,34.5,27.8,0.0,79.0,6.0,0,0,1,326.0,17864.0,22457.0,18808.0,13014.0,17063.0,14339.0,17225.285714285714,17520.35714285714,17482.766666666666,2948.187449619732,2509.383200534855,4850.0,-257.48095238095266,20524150.0,17349650.0,20777350.0,20695100.0,21241138.333333332,1148.9112180922525,1210.4017769723425,18813.0,22453.0,17480.0,18769.0,19471.714285714286,19755.966666666667,16347050.0,16139650.0,17400907.14285714,16639.0,20454900.0,
2024-09-23,820.0,0.0,1.0,-0.8660254037844384,-0.5000000000000004,-0.9906923101615609,-0.13612033862266704,0.0,0,0,99.0,99.0,29.9,33.6,28.0,0.0,86.0,7.7,0,0,1,327.0,16639.0,17864.0,22457.0,16561.0,16453.0,15550.0,17743.14285714286,17490.071428571428,17400.433333333334,2341.026372382522,2494.6636935022466,78.0,342.7095238095244,20454900.0,19903150.0,21307450.0,21138707.14285714,21170203.333333332,1229.3346955946872,1195.5706251190554,19192.0,18813.0,18772.0,19863.0,19716.285714285714,19740.133333333335,17282750.0,16878200.0,17564207.14285714,16805.0,21559150.0,
2024-09-24,821.0,0.7818314824680298,0.6234898018587336,-0.8660254037844384,-0.5000000000000004,-0.9928872135356962,-0.11905873003404988,0.0,0,0,100.0,100.0,28.1,31.2,26.4,6.4,86.0,15.0,1,0,1,328.0,16805.0,16639.0,17864.0,15507.0,16651.0,14806.0,17778.0,17515.214285714286,17426.9,2322.2321158747227,2483.601824797615,1298.0,351.09999999999854,21559150.0,18348850.0,21486950.0,21375278.57142857,21271090.0,1282.9009223445403,1207.1552617865093,19289.0,19192.0,18299.0,19451.0,19790.14285714286,19785.366666666665,17876000.0,16388700.0,17706750.0,16471.0,20935450.0,
2024-09-25,822.0,0.9749279121818236,-0.22252093395631434,-0.8660254037844384,-0.5000000000000004,-0.994788305609327,-0.10196189005174576,0.0,0,0,101.0,101.0,26.0,27.5,24.8,33.9,92.0,17.1,1,1,1,329.0,16471.0,16805.0,16639.0,16366.0,16839.0,15677.0,17915.714285714286,17502.35714285714,17497.966666666667,2189.924786705823,2421.934016062584,105.0,417.7476190476191,20935450.0,21140700.0,21528000.0,21744792.85714286,21353458.333333332,1271.0491166292272,1219.6962216439879,19156.0,19289.0,19224.0,19840.0,19912.571428571428,19816.366666666665,17802100.0,17660650.0,17908664.285714287,15156.0,20452350.0,
2024-09-26,823.0,0.43388373911755823,-0.900968867902419,-0.8660254037844384,-0.5000000000000004,-0.9963950238187231,-0.08483487790576538,0.0,0,0,102.0,102.0,26.6,29.1,24.6,20.5,91.0,12.0,1,1,1,330.0,15156.0,16471.0,16805.0,18808.0,19490.0,18036.0,17742.85714285714,17382.14285714286,17484.833333333332,2372.757708418021,2433.90013513624,-3652.0,258.0238095238092,20452350.0,22497350.0,22832750.0,21646457.14285714,21373466.666666668,1349.4556611243072,1227.9405901951689,18007.0,19156.0,21261.0,21819.0,19738.714285714286,19759.466666666667,16998400.0,18802000.0,17814057.14285714,15725.0,20581650.0,
2024-09-27,824.0,-0.433883739117558,-0.9009688679024191,-0.8660254037844384,-0.5000000000000004,-0.9977068927101168,-0.06768276175455162,1.0,0,0,103.0,103.0,27.6,31.3,25.2,5.2,87.0,10.5,1,0,1,331.0,15725.0,15156.0,16471.0,22457.0,23201.0,21838.0,17302.428571428572,17113.214285714286,17515.466666666667,2427.5931741228133,2404.6287222675646,-6732.0,-213.03809523809468,20581650.0,25101850.0,25888800.0,21372785.714285713,21422283.333333332,1308.8489666136725,1244.039221203782,17505.0,18007.0,22453.0,24122.0,19202.14285714286,19733.333333333332,16232800.0,19590100.0,17447028.57142857,19763.0,23660450.0,
2024-09-28,825.0,-0.9749279121818236,-0.2225209339563146,-0.8660254037844384,-0.5000000000000004,-0.9987235240803972,-0.050510617185222886,1.0,0,0,104.0,104.0,28.0,31.2,25.7,4.6,87.0,8.7,1,0,1,332.0,19763.0,15725.0,15156.0,17864.0,15011.0,18094.0,16917.571428571428,16867.64285714286,17651.666666666668,1516.9735063763408,2412.6096377922286,1899.0,-734.0952380952403,23660450.0,20524150.0,18851050.0,21166871.42857143,21527076.666666668,1197.2094317664323,1255.3871445950172,18797.0,17505.0,18813.0,18590.0,18679.85714285714,19725.4,16793100.0,16347050.0,17047457.14285714,17503.0,20543950.0,
2024-09-29,826.0,-0.7818314824680299,0.6234898018587334,-0.8660254037844384,-0.5000000000000004,-0.9994446170919858,-0.033323525711631344,0.0,0,0,105.0,105.0,28.3,31.6,25.9,2.4,88.0,8.0,1,0,1,333.0,17503.0,19763.0,15725.0,16639.0,13014.0,16624.0,16866.0,17045.64285714286,17633.9,1485.2403845842994,2411.6441143922725,864.0,-767.9000000000015,20543950.0,20454900.0,17349650.0,21169700.0,21478636.666666668,1173.7387876364053,1258.9339402441817,17614.0,18797.0,19192.0,17480.0,18508.571428571428,19626.866666666665,15187150.0,17282750.0,16881757.14285714,16805.0,21225300.0,
2024-09-30,827.0,0.0,1.0,-0.8660254037844384,-0.5000000000000004,-0.9998699583618592,-0.016126573270657762,0.0,0,0,106.0,106.0,28.8,31.7,26.3,3.7,88.0,7.2,1,0,1,334.0,16805.0,17503.0,19763.0,16805.0,16561.0,16264.0,16889.714285714286,17316.428571428572,17466.133333333335,1482.334275648384,2280.600657923183,0.0,-576.4190476190488,21225300.0,21559150.0,19903150.0,21279757.14285714,21339168.333333332,1263.0348110681346,1263.7482424546743,18495.0,17614.0,19289.0,18772.0,18409.0,19511.9,16863750.0,17876000.0,16821900.0,16745.0,21903450.0,
2024-10-01,828.0,0.7818314824680298,0.6234898018587336,-1.0,-1.8369701987210297e-16,-0.9999994220246925,0.001075151282798226,0.0,0,0,107.0,107.0,28.5,32.2,25.6,10.9,88.0,5.6,1,0,1,335.0,16745.0,16805.0,17503.0,16471.0,15507.0,16149.0,16881.14285714286,17329.571428571428,17421.166666666668,1483.079052576292,2281.0931904852705,274.0,-540.0238095238092,21903450.0,20935450.0,18348850.0,21328942.85714286,21358675.0,1308.0591221260077,1267.3422709948838,18564.0,18495.0,19156.0,18299.0,18305.428571428572,19473.6,17001700.0,17802100.0,16697000.0,16683.0,21950050.0,
2024-10-02,829.0,0.9749279121818236,-0.22252093395631434,-1.0,-1.8369701987210297e-16,-0.999832969770105,0.018276557681691223,0.0,0,0,108.0,108.0,27.8,31.5,25.5,13.0,89.0,5.4,1,0,1,336.0,16683.0,16745.0,16805.0,15156.0,16366.0,16461.0,16911.428571428572,17413.571428571428,17423.133333333335,1475.4526827545947,2280.4075366770394,1527.0,-511.70476190476256,21950050.0,20452350.0,21140700.0,21473885.714285713,21404816.666666668,1315.7136006713422,1273.722911572329,18589.0,18564.0,18007.0,19224.0,18224.428571428572,19442.833333333332,16645350.0,16998400.0,16531750.0,15886.0,20932650.0,
2024-10-03,830.0,0.43388373911755823,-0.900968867902419,-1.0,-1.8369701987210297e-16,-0.9993706508539969,0.03547255575312556,0.0,0,0,109.0,109.0,26.0,29.3,24.9,47.8,92.0,9.4,1,1,1,337.0,15886.0,16683.0,16745.0,15725.0,18808.0,18714.0,17015.714285714286,17379.285714285714,17410.533333333333,1351.2715880836101,2288.0644091087106,161.0,-394.8190476190466,20932650.0,20581650.0,22497350.0,21542500.0,21397788.333333332,1317.6790885056025,1269.1834011982282,19063.0,18589.0,17505.0,21261.0,18375.285714285714,19440.333333333332,17550100.0,16232800.0,16610564.285714285,16662.0,21119150.0,
2024-10-04,831.0,-0.433883739117558,-0.9009688679024191,-1.0,-1.8369701987210297e-16,-0.9986126020839734,0.052658056924614005,1.0,0,0,110.0,110.0,26.5,29.4,24.6,32.2,91.0,12.9,1,1,1,338.0,16662.0,15886.0,16683.0,19763.0,22457.0,22792.0,17149.571428571428,17226.0,17427.633333333335,1244.2772811479886,2280.214652378072,-3101.0,-278.0619047619075,21119150.0,23660450.0,25101850.0,21619285.714285713,21409166.666666668,1267.5039010923058,1263.2769632666043,18669.0,19063.0,18797.0,22453.0,18541.571428571428,19439.7,16411250.0,16793100.0,16636057.142857144,19770.0,24032400.0,
2024-10-05,832.0,-0.9749279121818236,-0.2225209339563146,-1.0,-1.8369701987210297e-16,-0.9975590477788613,0.06982797572987089,1.0,0,0,111.0,111.0,25.9,29.5,24.3,50.7,91.0,10.3,1,1,1,339.0,19770.0,16662.0,15886.0,17503.0,17864.0,18734.0,17150.571428571428,17034.071428571428,17537.933333333334,1246.728098817473,2311.6593970168296,2267.0,-387.36190476190677,24032400.0,20543950.0,20524150.0,21672421.42857143,21510741.666666668,1215.599393019727,1265.9041005885035,19597.0,18669.0,17614.0,18813.0,18655.85714285714,19439.166666666668,17824900.0,15187150.0,16783457.14285714,15717.0,19568300.0,
2024-10-06,833.0,-0.7818314824680299,0.6234898018587334,-1.0,-1.8369701987210297e-16,-0.9962102997023297,0.0869772313136861,0.0,0,0,112.0,112.0,27.4,30.9,25.1,8.4,87.0,9.2,1,0,1,340.0,15717.0,19770.0,16662.0,16805.0,16639.0,17063.0,16895.428571428572,16880.714285714286,17438.033333333333,1341.716668692661,2323.8090829547723,-1088.0,-542.6047619047604,19568300.0,21225300.0,20454900.0,21533042.85714286,21427488.333333332,1245.0404021123625,1276.0900455136402,17519.0,19597.0,18495.0,19192.0,18642.285714285714,19337.733333333334,15372950.0,16863750.0,16810000.0,15725.0,19705500.0,
2024-10-07,834.0,0.0,1.0,-1.0,-1.8369701987210297e-16,-0.9945667569706337,0.1041007489354256,0.0,0,0,113.0,113.0,27.4,30.9,25.5,0.8,89.0,5.3,1,0,1,341.0,15725.0,15717.0,19770.0,16745.0,16805.0,16453.0,16741.14285714286,16815.428571428572,17202.466666666667,1413.99663231233,2110.7879348118363,-1020.0,-461.32380952380845,19705500.0,21903450.0,21559150.0,21315928.57142857,21248650.0,1253.1319554848967,1274.675351858892,18007.0,17519.0,18564.0,19289.0,18572.571428571428,19201.066666666666,16196150.0,17001700.0,16714628.57142857,16483.0,21391150.0,
2024-10-08,835.0,0.7818314824680298,0.6234898018587336,-1.0,-1.8369701987210297e-16,-0.9926289059345095,0.121193461470736,0.0,0,0,114.0,114.0,27.2,31.0,24.9,14.7,90.0,3.7,1,0,1,342.0,16483.0,15725.0,15717.0,16683.0,16471.0,16651.0,16703.714285714286,16792.428571428572,17127.433333333334,1417.3411391623556,2094.413615300022,-200.0,-423.71904761904807,21391150.0,21950050.0,20935450.0,21242742.85714286,21251796.666666668,1297.7704301401443,1273.2055387180546,19025.0,18007.0,18589.0,19156.0,18638.428571428572,19194.8,17508600.0,16645350.0,16787042.85714286,17246.0,22410350.0,
2024-10-09,836.0,0.9749279121818236,-0.22252093395631434,-1.0,-1.8369701987210297e-16,-0.9903973200352558,0.1382503109109819,0.0,0,0,115.0,115.0,26.7,30.8,24.4,15.1,88.0,4.0,1,0,1,343.0,17246.0,16483.0,15725.0,15886.0,15156.0,16839.0,16784.14285714286,16847.785714285714,17133.533333333333,1431.8693409399955,2094.485974851744,1360.0,-349.39047619047415,22410350.0,20932650.0,20452350.0,21308500.0,21306230.0,1299.4520468514438,1270.882459600926,19638.0,19025.0,19063.0,18007.0,18788.285714285714,19223.766666666666,17984450.0,17550100.0,16978342.85714286,19851.0,24271000.0,
2024-10-10,837.0,0.43388373911755823,-0.900968867902419,-1.0,-1.8369701987210297e-16,-0.9878726596350429,0.15526624985999563,0.0,1,0,116.0,116.0,26.6,29.7,24.4,8.2,89.0,5.9,1,0,1,344.0,19851.0,17246.0,16483.0,16662.0,15725.0,19490.0,17350.571428571428,17183.14285714286,17246.8,1763.26220938568,2147.6201166680607,3189.0,103.77142857142826,24271000.0,21119150.0,20581650.0,21785407.14285714,21405015.0,1222.6588081204977,1257.3081338316256,22671.0,19638.0,18669.0,17505.0,19303.714285714286,19317.366666666665,19595250.0,16411250.0,17270507.14285714,27207.0,30061700.0,Durga Puja Holiday
2024-10-11,838.0,-0.433883739117558,-0.9009688679024191,-1.0,-1.8369701987210297e-16,-0.9850556718215013,0.172236243027682,1.0,0,0,117.0,117.0,27.8,31.7,25.3,3.6,86.0,5.5,1,0,1,345.0,27207.0,19851.0,17246.0,19770.0,19763.0,23201.0,18857.0,18003.285714285714,17598.666666666668,4071.1244556428364,2809.4188542918796,7437.0,1258.3333333333321,30061700.0,24032400.0,23660450.0,23062914.285714287,21690840.0,1104.9252030727387,1234.0826055431157,27368.0,22671.0,19597.0,18797.0,20546.428571428572,19581.266666666666,21887300.0,17824900.0,18052800.0,26019.0,28404250.0,
2024-10-12,839.0,-0.9749279121818236,-0.2225209339563146,-1.0,-1.8369701987210297e-16,-0.981947190186646,0.18915526872004093,1.0,0,0,118.0,118.0,27.7,30.5,25.2,7.4,88.0,5.1,1,0,1,346.0,26019.0,27207.0,19851.0,15717.0,17503.0,15011.0,19749.714285714286,18450.14285714286,17904.666666666668,4904.529019667601,3197.024665629564,10302.0,1845.0476190476184,28404250.0,19568300.0,20543950.0,23687464.285714287,21920048.333333332,1091.6733925208503,1216.3788911861334,25952.0,27368.0,17519.0,17614.0,21454.285714285714,19785.0,21530750.0,15372950.0,18582207.14285714,19169.0,20944350.0,
2024-10-13,840.0,-0.7818314824680299,0.6234898018587334,-1.0,-1.8369701987210297e-16,-0.9785481345802031,0.20601832032517084,0.0,1,0,119.0,119.0,28.5,32.5,25.3,0.4,80.0,4.9,1,0,1,347.0,19169.0,26019.0,27207.0,15725.0,16805.0,13014.0,20242.85714285714,18569.14285714286,17893.966666666667,4595.261052743011,3192.069142835697,3444.0,2348.890476190474,20944350.0,19705500.0,21225300.0,23884042.85714286,21857101.666666668,1092.6156815692002,1194.6039311085387,19575.0,25952.0,18007.0,18495.0,21748.0,19710.2,16065600.0,16196150.0,18681157.14285714,22359.0,23942950.0,Durga Puja
2024-10-14,841.0,0.0,1.0,-1.0,-1.8369701987210297e-16,-0.9748595108374125,0.22282040779479959,0.0,0,0,120.0,120.0,27.9,32.0,24.4,0.0,78.0,6.2,0,0,1,348.0,22359.0,19169.0,26019.0,16483.0,16745.0,16561.0,21190.571428571428,18965.85714285714,17865.9,4172.89738899091,3147.1834408475415,5876.0,3324.671428571426,23942950.0,21391150.0,21903450.0,24489392.85714286,21792240.0,1070.841719218212,1168.5624687847267,23528.0,19575.0,19025.0,18564.0,22536.714285714286,19690.4,18911700.0,17508600.0,19069092.85714286,20161.0,22694150.0,
2024-10-15,842.0,0.7818314824680298,0.6234898018587336,-1.0,-1.8369701987210297e-16,-0.9708824104813836,0.23955655912092708,0.0,0,0,121.0,121.0,28.1,31.9,24.8,0.2,79.0,4.5,1,0,1,349.0,20161.0,22359.0,19169.0,17246.0,16683.0,15507.0,21716.0,19209.85714285714,18037.566666666666,3684.3067642818232,3126.478085568551,2915.0,3678.4333333333343,22694150.0,22410350.0,21950050.0,24675535.714285713,21920343.333333332,1125.64604930311,1143.973271522293,21155.0,23528.0,19638.0,18589.0,22841.0,19775.9,17397300.0,17984450.0,19053192.85714286,18821.0,23511350.0,
2024-10-16,843.0,0.9749279121818236,-0.22252093395631434,-1.0,-1.8369701987210297e-16,-0.9666180104000972,0.2562218218071163,0.0,0,0,122.0,122.0,28.3,31.9,25.0,0.2,78.0,3.4,1,0,1,350.0,18821.0,20161.0,22359.0,19851.0,15886.0,16366.0,21941.0,19362.571428571428,18231.133333333335,3403.1957530140353,2981.116404317706,-1030.0,3709.866666666665,23511350.0,24271000.0,20932650.0,24832821.42857143,22125733.333333332,1249.2083311194942,1136.7955978463003,22080.0,21155.0,22671.0,19063.0,23189.85714285714,19929.233333333334,19680800.0,19595250.0,19295528.57142857,18783.0,23785950.0,
2024-10-17,844.0,0.43388373911755823,-0.900968867902419,-1.0,-1.8369701987210297e-16,-0.9620675724981452,0.27281126433401914,0.0,0,0,123.0,123.0,27.5,30.6,25.6,7.6,84.0,3.9,1,0,1,351.0,18783.0,18821.0,20161.0,27207.0,16662.0,18808.0,21788.428571428572,19569.5,18305.2,3533.939390969669,2965.7541391344776,-8424.0,3483.2285714285717,23785950.0,30061700.0,21119150.0,24763528.57142857,22255160.0,1266.3552148219135,1143.0379416607884,21936.0,22080.0,27368.0,18669.0,23084.85714285714,20034.7,20055950.0,21887300.0,19361342.85714286,19246.0,23735000.0,
2024-10-18,845.0,-0.433883739117558,-0.9009688679024191,-1.0,-1.8369701987210297e-16,-0.957232443323312,0.28931997761869527,1.0,0,0,124.0,124.0,26.5,29.9,24.1,5.2,89.0,6.1,1,0,1,352.0,19246.0,18783.0,18821.0,26019.0,19770.0,22457.0,20651.14285714286,19754.071428571428,18429.833333333332,2676.4859068419214,2922.3538467727203,-6773.0,2221.3095238095266,23735000.0,28404250.0,24032400.0,23859714.285714287,22434698.333333332,1233.2432713291073,1161.369094268841,21717.0,21936.0,25952.0,19597.0,22277.571428571428,20148.633333333335,19598350.0,21530750.0,19034350.0,22655.0,26542300.0,
2024-10-19,846.0,-0.9749279121818236,-0.2225209339563146,-1.0,-1.8369701987210297e-16,-0.9521140536681102,0.3057430764672831,1.0,0,0,125.0,125.0,26.5,30.3,24.4,13.0,90.0,5.1,1,0,1,353.0,22655.0,19246.0,18783.0,19169.0,15717.0,17864.0,20170.571428571428,19960.14285714286,18639.466666666667,1661.6443519540007,2993.8940705621726,3486.0,1531.1047619047604,26542300.0,20944350.0,19568300.0,23593721.42857143,22614751.666666668,1171.5868461708233,1172.785301933123,23728.0,21717.0,19575.0,17519.0,21959.85714285714,20298.766666666666,20657600.0,16065600.0,18909614.285714287,19267.0,22779250.0,
2024-10-20,847.0,-0.7818314824680299,0.6234898018587334,-1.0,-1.8369701987210297e-16,-0.9467139181463862,0.3220757010206104,0.0,0,0,126.0,126.0,26.6,30.9,23.7,0.0,83.0,8.0,0,0,1,354.0,19267.0,22655.0,19246.0,22359.0,15725.0,16639.0,20184.571428571428,20213.714285714286,18654.766666666666,1652.185205229919,2995.9571688312694,-3092.0,1529.804761904761,22779250.0,23942950.0,19705500.0,23855850.0,22624148.333333332,1182.2935589349665,1185.5964272710896,21039.0,23728.0,23528.0,18007.0,22169.0,20291.366666666665,18030900.0,18911700.0,19190371.42857143,17434.0,22025550.0,
2024-10-21,848.0,0.0,1.0,-1.0,-1.8369701987210297e-16,-0.9410336347451197,0.3383130181923076,0.0,0,0,127.0,127.0,26.5,30.7,22.1,0.0,80.0,5.9,0,0,1,355.0,17434.0,19267.0,22655.0,20161.0,16483.0,16805.0,19481.0,20335.785714285714,18487.333333333332,1620.2216926498393,2915.412649958909,-2727.0,993.6666666666679,22025550.0,22694150.0,21391150.0,23581935.714285713,22521605.0,1263.367557645979,1213.1001184750562,20565.0,21039.0,21155.0,19025.0,21745.714285714286,20228.433333333334,18775600.0,17397300.0,19170928.57142857,16932.0,22351850.0,
2024-10-22,849.0,0.7818314824680298,0.6234898018587336,-1.0,-1.8369701987210297e-16,-0.9350748843515574,0.3544502230989869,0.0,0,0,128.0,128.0,27.8,32.6,23.4,0.4,79.0,6.5,1,0,1,356.0,16932.0,17434.0,19267.0,18821.0,17246.0,16471.0,19019.714285714286,20367.85714285714,18456.266666666666,1839.2126679900502,2927.225707086845,-1889.0,563.4476190476198,22351850.0,23511350.0,22410350.0,23533035.714285713,22582528.333333332,1320.095086227262,1240.878552321364,20315.0,20565.0,22080.0,19638.0,21625.714285714286,20278.5,19090000.0,19680800.0,19412742.85714286,16758.0,22092050.0,
2024-10-23,850.0,0.9749279121818236,-0.22252093395631434,-1.0,-1.8369701987210297e-16,-0.9288394302558068,0.3704825404820963,0.0,0,0,129.0,129.0,26.8,28.6,25.4,21.7,87.0,7.8,1,1,1,357.0,16758.0,16932.0,17434.0,18783.0,19851.0,15156.0,18725.0,20333.0,18460.233333333334,2031.587556567494,2924.7578111739754,-2025.0,264.7666666666664,22092050.0,23785950.0,24271000.0,23330278.57142857,22637100.0,1318.298722997971,1250.7486083040033,20465.0,20315.0,21936.0,22671.0,21395.0,20320.933333333334,19073600.0,20055950.0,19326000.0,16643.0,22086000.0,
2024-10-24,851.0,0.43388373911755823,-0.900968867902419,-1.0,-1.8369701987210297e-16,-0.9223291176290545,0.3864052261209853,0.0,0,0,130.0,130.0,25.4,28.1,24.0,13.9,88.0,16.4,1,0,1,358.0,16643.0,16758.0,16932.0,19246.0,27207.0,15725.0,18419.285714285714,20103.85714285714,18454.833333333332,2177.200780381809,2928.066940106957,-2603.0,-35.547619047618355,22086000.0,23735000.0,30061700.0,23087428.57142857,22654661.666666668,1327.0444030523342,1259.4184923369205,19765.0,20465.0,21717.0,27368.0,21084.85714285714,20336.8,18878050.0,19598350.0,19157728.57142857,16688.0,21867800.0,
2024-10-25,852.0,-0.433883739117558,-0.9009688679024191,-1.0,-1.8369701987210297e-16,-0.9155458729775467,0.40221356823680365,1.0,0,0,131.0,131.0,26.6,29.6,23.8,1.3,86.0,15.3,1,0,1,359.0,16688.0,16643.0,16758.0,22655.0,26019.0,19763.0,18053.85714285714,19352.5,18462.066666666666,2229.3626464807785,2923.261286153982,-5967.0,-408.2095238095244,21867800.0,26542300.0,28404250.0,22820685.714285713,22685740.0,1310.3906999041228,1270.4395535619226,20312.0,19765.0,23728.0,25952.0,20884.14285714286,20375.333333333332,18581850.0,20657600.0,19012514.285714287,19380.0,22830550.0,
2024-10-26,853.0,-0.9749279121818236,-0.2225209339563146,-1.0,-1.8369701987210297e-16,-0.9084917035725082,0.41790288888678667,1.0,0,0,132.0,132.0,27.0,30.2,24.8,3.2,86.0,11.4,1,0,1,360.0,19380.0,16688.0,16643.0,19267.0,19169.0,17503.0,17586.0,18878.285714285714,18602.866666666665,1216.2958795731815,2859.5636601476435,113.0,-1016.866666666665,22830550.0,22779250.0,20944350.0,22290435.714285713,22765013.333333332,1178.046955624355,1271.3624263409986,21653.0,20312.0,21039.0,19575.0,20587.714285714286,20496.866666666665,19188500.0,18030900.0,18802642.85714286,17276.0,20267900.0,
2024-10-27,854.0,-0.7818314824680299,0.6234898018587334,-1.0,-1.8369701987210297e-16,-0.9011686968561569,0.4334685453485363,0.0,0,0,133.0,133.0,27.7,31.4,23.9,0.0,82.0,2.9,0,0,1,361.0,17276.0,19380.0,16688.0,17434.0,22359.0,16805.0,17301.571428571428,18743.071428571428,18654.566666666666,964.3906292132639,2819.4784145095473,-158.0,-1352.9952380952382,20267900.0,22025550.0,23942950.0,21931671.42857143,22754555.0,1173.1824496411207,1270.0608392990205,18515.0,21653.0,20565.0,23528.0,20227.14285714286,20530.533333333333,16318750.0,18775600.0,18558050.0,16204.0,20538750.0,
2024-10-28,855.0,0.0,1.0,-1.0,-1.8369701987210297e-16,-0.8935790198239952,0.4489059314938798,0.0,0,0,134.0,134.0,27.5,31.8,23.9,0.0,81.0,6.5,0,0,1,362.0,16204.0,17276.0,19380.0,16932.0,20161.0,16745.0,17125.85714285714,18303.428571428572,18535.933333333334,1044.9316450645151,2845.9816430616484,-728.0,-1410.076190476193,20538750.0,22351850.0,22694150.0,21719271.42857143,22650498.333333332,1267.5111083683041,1270.6527751164956,19304.0,18515.0,20315.0,21155.0,20047.0,20547.433333333334,17593300.0,19090000.0,18389150.0,16549.0,21782150.0,
2024-10-29,856.0,0.7818314824680298,0.6234898018587336,-1.0,-1.8369701987210297e-16,-0.8857249183835637,0.4642104791518923,0.0,0,0,135.0,135.0,27.8,31.3,24.9,0.0,78.0,3.2,0,0,1,363.0,16549.0,16204.0,17276.0,16758.0,18821.0,16683.0,17071.14285714286,18045.428571428572,18504.133333333335,1066.5771465411713,2863.1990154893265,-209.0,-1432.9904761904763,21782150.0,22092050.0,23511350.0,21637885.714285713,22691771.666666668,1316.2215239591517,1270.0994090781944,19164.0,19304.0,20465.0,22080.0,19882.571428571428,20599.1,17885950.0,19073600.0,18217142.85714286,16569.0,21686700.0,
2024-10-30,857.0,0.9749279121818236,-0.22252093395631434,-1.0,-1.8369701987210297e-16,-0.8776087166898392,0.4793776594606945,0.0,0,0,136.0,136.0,27.9,31.0,24.7,0.5,81.0,4.9,1,0,1,364.0,16569.0,16549.0,16204.0,16643.0,18783.0,15886.0,17044.14285714286,17884.571428571428,18496.266666666666,1078.1548170480482,2868.3479557756755,-74.0,-1452.1238095238077,21686700.0,22086000.0,23785950.0,21579978.57142857,22707151.666666668,1308.871989860583,1268.7527329157103,20003.0,19164.0,19765.0,21936.0,19816.571428571428,20649.366666666665,18878000.0,18878050.0,18189200.0,17050.0,22420800.0,
2024-10-31,858.0,0.43388373911755823,-0.900968867902419,-1.0,-1.8369701987210297e-16,-0.8692328164574792,0.49440298420761813,0.0,0,0,137.0,137.0,26.9,30.0,24.6,2.1,87.0,4.4,1,0,1,365.0,17050.0,16569.0,16549.0,16688.0,19246.0,16662.0,17102.285714285714,17760.785714285714,18506.433333333334,1063.7952049597384,2862.461150868267,362.0,-1404.1476190476205,22420800.0,21867800.0,23735000.0,21627807.14285714,22724396.666666668,1315.0029325513196,1267.0325228441366,19783.0,20003.0,20312.0,21717.0,19819.14285714286,20690.0,18576350.0,18581850.0,18146100.0,19203.0,23216200.0,
2024-11-01,859.0,-0.433883739117558,-0.9009688679024191,-0.8660254037844386,0.5000000000000001,-0.8605996962501181,0.5092820071573356,1.0,0,0,138.0,138.0,27.3,31.9,24.3,0.0,80.0,4.8,0,0,1,366.0,19203.0,17050.0,16569.0,19380.0,22655.0,19770.0,17461.571428571428,17757.714285714286,18590.433333333334,1299.2129485632192,2844.0224510891358,-177.0,-1128.8619047619068,23216200.0,22830550.0,26542300.0,21820435.714285713,22766601.666666668,1208.9881789303754,1252.5464484193158,21074.0,19783.0,21653.0,23728.0,19928.0,20772.833333333332,18842500.0,19188500.0,18183335.714285713,21950.0,24772050.0,
2024-11-02,860.0,-0.9749279121818236,-0.2225209339563146,-0.8660254037844386,0.5000000000000001,-0.8517119107469189,0.5240103253675756,1.0,0,0,139.0,139.0,26.8,31.3,22.7,0.0,78.0,6.7,0,0,1,367.0,21950.0,19203.0,17050.0,17276.0,19267.0,15717.0,17828.714285714286,17707.35714285714,18792.566666666666,2067.598906484341,2860.6271278109703,4674.0,-963.8523809523795,24772050.0,20267900.0,22779250.0,22097792.85714286,22894581.666666668,1128.5671981776766,1245.4779116412187,22451.0,21074.0,18515.0,21039.0,20042.0,20885.766666666666,19782500.0,16318750.0,18268192.85714286,18361.0,21230200.0,
2024-11-03,861.0,-0.7818314824680299,0.6234898018587334,-0.8660254037844386,0.5000000000000001,-0.8425720899866032,0.5385835804920232,0.0,0,0,140.0,140.0,26.5,31.3,21.9,0.0,77.0,6.0,0,0,1,368.0,18361.0,21950.0,19203.0,16204.0,17434.0,15725.0,17983.714285714286,17642.64285714286,18849.2,2059.9130818463896,2833.68381415798,2157.0,-865.4857142857145,21230200.0,20538750.0,22025550.0,22235264.285714287,22898283.333333332,1156.265998583955,1243.0612757759095,19134.0,22451.0,19304.0,20565.0,20130.428571428572,20901.266666666666,16489050.0,17593300.0,18292521.42857143,17121.0,20996650.0,
2024-11-04,862.0,0.0,1.0,-0.8660254037844386,0.5000000000000001,-0.8331829385891785,0.5529974600700271,0.0,0,0,141.0,141.0,26.6,31.1,22.4,0.0,77.0,5.8,0,0,1,369.0,17121.0,18361.0,21950.0,16549.0,16932.0,16483.0,18114.714285714286,17620.285714285714,18760.9,1954.3207442557994,2845.2504325872887,572.0,-646.1857142857152,20996650.0,21782150.0,22351850.0,22300678.57142857,22797091.666666668,1226.368202791893,1237.1837178364221,19617.0,19134.0,19164.0,20315.0,20175.14285714286,20901.933333333334,17748000.0,17885950.0,18314621.42857143,16984.0,21853350.0,
2024-11-05,863.0,0.7818314824680298,0.6234898018587336,-0.8660254037844386,0.5000000000000001,-0.8235472349556007,0.5672476988027229,0.0,0,0,142.0,142.0,26.4,29.6,23.3,1.3,77.0,6.3,1,0,1,370.0,16984.0,17121.0,18361.0,16569.0,16758.0,17246.0,18176.85714285714,17624.0,18803.133333333335,1902.4650175120448,2807.665538256448,415.0,-626.2761904761937,21853350.0,21686700.0,22092050.0,22310850.0,22873260.0,1286.70219029675,1232.9666701703648,19616.0,19617.0,20003.0,20465.0,20239.714285714286,20971.833333333332,18080700.0,18878000.0,18342442.85714286,17431.0,23087600.0,
2024-11-06,864.0,0.9749279121818236,-0.22252093395631434,-0.8660254037844386,0.5000000000000001,-0.8136678304455991,0.5813300798152042,0.0,0,0,143.0,143.0,25.7,29.7,22.1,1.9,78.0,5.2,1,0,1,371.0,17431.0,16984.0,17121.0,17050.0,16643.0,19851.0,18300.0,17672.071428571428,18860.0,1806.5246561653348,2760.04384023157,381.0,-560.0,23087600.0,22420800.0,22086000.0,22510978.57142857,22985996.666666668,1324.513797257759,1235.2012140842469,20820.0,19616.0,19783.0,19765.0,20356.428571428572,21065.6,19305300.0,18576350.0,18403485.714285713,16436.0,21325750.0,
2024-11-07,865.0,0.43388373911755823,-0.900968867902419,-0.8660254037844386,0.5000000000000001,-0.8035476485339116,0.5952404359043674,0.0,0,0,144.0,144.0,25.9,30.4,22.0,0.0,77.0,6.7,0,0,1,372.0,16436.0,17431.0,16984.0,19203.0,16688.0,27207.0,18212.285714285714,17657.285714285714,18858.433333333334,1890.2966005617202,2761.4525873087614,-2767.0,-646.1476190476205,21325750.0,23216200.0,21867800.0,22354542.85714286,22983816.666666668,1297.5024336821612,1232.7011428172243,19505.0,20820.0,21074.0,20312.0,20316.714285714286,21081.6,18031050.0,18842500.0,18325585.714285713,19599.0,23293150.0,
2024-11-08,866.0,-0.433883739117558,-0.9009688679024191,-0.8660254037844386,0.5000000000000001,-0.7931896839451843,0.6089746507720486,1.0,0,0,143.0,-143.0,26.0,31.2,21.8,0.0,72.0,8.6,0,0,1,373.0,19599.0,16436.0,17431.0,21950.0,19380.0,26019.0,18268.85714285714,17865.214285714286,18936.866666666665,1930.3879945554365,2747.4560990290984,-2351.0,-668.0095238095237,23293150.0,24772050.0,22830550.0,22365535.714285713,23013243.333333332,1188.4866574825246,1229.77235403896,22518.0,19505.0,22451.0,21653.0,20523.0,21177.6,19798650.0,19782500.0,18462178.57142857,22231.0,25836650.0,
2024-11-09,867.0,-0.9749279121818236,-0.2225209339563146,-0.8660254037844386,0.5000000000000001,-0.7825970017677834,0.6225286602431057,1.0,0,0,142.0,-142.0,25.4,31.0,20.9,0.0,71.0,8.8,0,0,1,374.0,22231.0,19599.0,16436.0,18361.0,17276.0,19169.0,18309.0,18068.85714285714,19016.2,2020.51437345377,2808.446599714604,3870.0,-707.2000000000007,25836650.0,21230200.0,20267900.0,22517621.42857143,23065431.666666668,1162.1901848769735,1234.5756378531453,23201.0,22518.0,19134.0,18515.0,20630.14285714286,21195.266666666666,20374750.0,16489050.0,18546785.714285713,18762.0,21424200.0,
2024-11-10,868.0,-0.7818314824680299,0.6234898018587334,-0.8660254037844386,0.5000000000000001,-0.7717727365467837,0.6358984534680745,0.0,0,0,141.0,-141.0,25.6,30.8,20.4,0.0,69.0,5.8,0,0,1,375.0,18762.0,22231.0,19599.0,17121.0,16204.0,22359.0,18366.285714285714,18175.0,18734.7,2027.9054641251187,2343.972036287287,1641.0,-368.41428571428696,21424200.0,20996650.0,20538750.0,22545335.714285713,22777515.0,1141.89318835945,1232.5223792496447,19406.0,23201.0,19617.0,19304.0,20669.0,20929.866666666665,16576500.0,17748000.0,18559278.57142857,16940.0,21031450.0,
2024-11-11,869.0,0.0,1.0,-0.8660254037844386,0.5000000000000001,-0.7607200913564104,0.6490800741100398,0.0,0,0,140.0,-140.0,26.4,31.7,21.2,0.0,67.0,6.3,0,0,1,376.0,16940.0,18762.0,22231.0,16984.0,16549.0,20161.0,18340.428571428572,18227.571428571428,18432.066666666666,2047.489426683541,1918.5506011558814,-44.0,-91.63809523809323,21031450.0,21853350.0,21782150.0,22550307.14285714,22531755.0,1241.525974025974,1234.6877751402276,19613.0,19406.0,19616.0,19164.0,20668.428571428572,20718.566666666666,17467700.0,18080700.0,18519235.714285713,16911.0,21672550.0,
2024-11-12,870.0,0.7818314824680298,0.6234898018587336,-0.8660254037844386,0.5000000000000001,-0.7494423368521953,0.6620696215153815,0.0,0,0,139.0,-139.0,26.2,31.4,21.9,0.0,64.0,6.9,0,0,1,377.0,16911.0,16940.0,18762.0,17431.0,16569.0,18821.0,18330.0,18253.428571428572,18356.8,2055.719014521832,1932.881329643117,-520.0,-26.799999999999272,21672550.0,23087600.0,21686700.0,22524478.57142857,22556028.333333332,1281.5652533853704,1233.9539270100304,20169.0,19613.0,20820.0,20003.0,20747.428571428572,20738.366666666665,18833050.0,19305300.0,18626714.285714287,16470.0,21485300.0,
2024-11-13,871.0,0.9749279121818236,-0.22252093395631434,-0.8660254037844386,0.5000000000000001,-0.7379428103031386,0.6748632518680403,0.0,0,0,138.0,-138.0,25.3,30.8,20.9,0.0,69.0,5.2,0,0,1,378.0,16470.0,16911.0,16940.0,16436.0,17050.0,18783.0,18192.714285714286,18246.35714285714,18160.5,2155.433113033634,1807.3725976944318,34.0,32.214285714286234,21485300.0,21325750.0,22420800.0,22295578.57142857,22474106.666666668,1304.5112325440193,1231.0964177652106,21378.0,20169.0,19505.0,19783.0,20827.14285714286,20666.7,20345400.0,18031050.0,18775300.0,17042.0,22271100.0,
2024-11-14,872.0,0.43388373911755823,-0.900968867902419,-0.8660254037844386,0.5000000000000001,-0.7262249146041543,0.6874571793269664,0.0,0,0,137.0,-137.0,25.0,30.8,20.2,0.0,68.0,7.4,0,0,1,379.0,17042.0,16470.0,16911.0,19599.0,19203.0,19246.0,18279.285714285714,18245.785714285714,18056.533333333333,2084.106020518595,1777.794502172335,-2557.0,222.75238095238092,22271100.0,23293150.0,23216200.0,22430628.57142857,22460005.0,1306.8360521065604,1232.4297918258387,20979.0,21378.0,22518.0,21074.0,21037.714285714286,20660.833333333332,19843700.0,19798650.0,19034250.0,19524.0,23362250.0,
2024-11-15,873.0,-0.433883739117558,-0.9009688679024191,-0.8660254037844386,0.5000000000000001,-0.7142921172691032,0.699847677146407,1.0,0,0,136.0,-136.0,24.5,30.5,19.6,0.0,67.0,5.9,0,0,1,380.0,19524.0,17042.0,16470.0,22231.0,21950.0,22655.0,18268.571428571428,18268.714285714286,18079.966666666667,2076.369095090651,1792.788436531505,-2707.0,188.60476190476038,23362250.0,25836650.0,24772050.0,22440500.0,22455035.0,1196.5913747182954,1233.5876085738062,22257.0,20979.0,23201.0,22451.0,21000.428571428572,20666.733333333334,20006700.0,20374750.0,19063971.42857143,22991.0,26384850.0,
2024-11-16,874.0,-0.9749279121818236,-0.2225209339563146,-0.8660254037844386,0.5000000000000001,-0.7021479494046978,0.7120310787787131,1.0,0,0,135.0,-135.0,23.9,29.8,19.2,0.0,67.0,6.7,0,0,1,381.0,22991.0,19524.0,17042.0,18762.0,18361.0,19267.0,18377.14285714286,18343.071428571428,18220.233333333334,2323.281761400688,2002.0883180652909,4229.0,156.90952380952513,26384850.0,21424200.0,21230200.0,22518814.285714287,22541665.0,1147.6164586142404,1231.50564767913,23940.0,22257.0,19406.0,19134.0,21106.0,20733.533333333333,21323550.0,16576500.0,19199514.285714287,19279.0,21863800.0,
2024-11-17,875.0,-0.7818314824680299,0.6234898018587334,-0.8660254037844386,0.5000000000000001,-0.6897960046655887,0.7240037789593305,0.0,0,0,134.0,-134.0,22.8,28.9,18.3,0.0,66.0,4.4,0,0,1,382.0,19279.0,22991.0,19524.0,16940.0,17121.0,17434.0,18451.0,18408.64285714286,18221.333333333332,2345.665364027856,2002.6803131757651,2339.0,229.66666666666788,21863800.0,21031450.0,20996650.0,22581614.285714287,22479291.666666668,1134.0733440531149,1230.3885270639391,19961.0,23940.0,19613.0,19617.0,21185.285714285714,20675.0,17168200.0,17467700.0,19284042.85714286,17527.0,21715700.0,
2024-11-18,876.0,0.0,1.0,-0.8660254037844386,0.5000000000000001,-0.6772399381909491,0.7357622347736527,0.0,0,0,133.0,-133.0,22.6,28.6,17.1,0.0,61.0,4.0,0,0,1,383.0,17527.0,19279.0,22991.0,16911.0,16984.0,16932.0,18534.85714285714,18437.64285714286,18050.4,2292.535236266552,1821.8906171035107,616.0,484.45714285713984,21715700.0,21672550.0,21853350.0,22679364.285714287,22318405.0,1238.9855651280882,1230.0256115070983,20708.0,19961.0,20169.0,19616.0,21341.714285714286,20574.333333333332,19032500.0,18833050.0,19507585.714285713,17107.0,22138300.0,
2024-11-19,877.0,0.7818314824680298,0.6234898018587336,-0.8660254037844386,0.5000000000000001,-0.6644834655228552,0.7473029667054297,0.0,0,0,132.0,-132.0,23.2,29.4,17.5,0.0,63.0,3.3,0,0,1,384.0,17107.0,17527.0,19279.0,16470.0,17431.0,16758.0,18562.85714285714,18446.428571428572,17978.4,2270.487570880698,1814.8206446957622,637.0,584.4571428571398,22138300.0,21485300.0,23087600.0,22745900.0,22297040.0,1294.10767522067,1231.8173860549982,20634.0,20708.0,21378.0,20820.0,21408.14285714286,20560.833333333332,19486150.0,20345400.0,19600885.714285713,16645.0,21680450.0,
2024-11-20,878.0,0.9749279121818236,-0.22252093395631434,-0.8660254037844386,0.5000000000000001,-0.6515303615068021,0.75862255966641,0.0,0,0,131.0,-131.0,22.7,28.7,17.4,0.0,65.0,4.3,0,0,1,385.0,16645.0,17107.0,17527.0,17042.0,16436.0,16643.0,18587.85714285714,18390.285714285714,17952.1,2244.416511298738,1828.6463685960325,-397.0,635.7571428571428,21680450.0,22271100.0,21325750.0,22773778.57142857,22285536.666666668,1302.520276359267,1231.5329637428908,20613.0,20634.0,20979.0,19505.0,21298.85714285714,20562.433333333334,19468850.0,19843700.0,19475664.285714287,17394.0,22280050.0,
2024-11-21,879.0,0.43388373911755823,-0.900968867902419,-0.8660254037844386,0.5000000000000001,-0.6383844591746642,0.769717664006921,0.0,0,0,130.0,-130.0,22.5,28.9,17.4,0.0,65.0,4.6,0,0,1,386.0,17394.0,16645.0,17107.0,19524.0,19599.0,16688.0,18638.14285714286,18458.714285714286,17967.5,2207.6515749072346,1821.6914790457067,-2130.0,670.6428571428587,22280050.0,23362250.0,23293150.0,22775057.14285714,22283143.333333332,1280.9043348281016,1227.828432703111,20853.0,20613.0,22257.0,22518.0,21280.85714285714,20580.366666666665,19895650.0,20006700.0,19483085.714285713,19307.0,23682350.0,
2024-11-22,880.0,-0.433883739117558,-0.9009688679024191,-0.8660254037844386,0.5000000000000001,-0.6250496486104377,0.7805849965070866,1.0,0,0,129.0,-129.0,22.8,28.4,17.1,0.0,68.0,3.7,0,0,1,387.0,19307.0,17394.0,16645.0,22991.0,22231.0,19380.0,18607.14285714286,18437.85714285714,18052.466666666667,2194.6242220914255,1822.7775836728915,-3684.0,554.6761904761916,23682350.0,26384850.0,25836650.0,22820785.714285713,22336153.333333332,1226.6198788004351,1232.1182190005597,21546.0,20853.0,23940.0,23201.0,21179.285714285714,20616.4,19342350.0,21323550.0,19388178.57142857,22185.0,25732000.0,
2024-11-23,881.0,-0.9749279121818236,-0.2225209339563146,-0.8660254037844386,0.5000000000000001,-0.6115298757991053,0.7912213413483807,1.0,0,0,128.0,-128.0,23.2,28.6,18.7,0.0,68.0,3.5,0,0,1,388.0,22185.0,19307.0,17394.0,19279.0,18762.0,17276.0,18492.0,18434.571428571428,18237.2,1931.6791486510547,1951.3078620284311,2906.0,254.79999999999927,25732000.0,21863800.0,21424200.0,22727521.42857143,22457686.666666668,1159.882803696191,1233.870554012267,22924.0,21546.0,19961.0,19406.0,21034.14285714286,20721.7,20772900.0,17168200.0,19309514.285714287,18625.0,21439300.0,
2024-11-24,882.0,-0.7818314824680299,0.6234898018587334,-0.8660254037844386,0.5000000000000001,-0.5978291414589552,0.801623551065242,0.0,0,0,127.0,-127.0,22.5,28.3,17.7,0.0,67.0,5.7,0,0,1,389.0,18625.0,22185.0,19307.0,17527.0,16940.0,16204.0,18398.571428571428,18424.785714285714,18301.766666666666,1902.8716769786547,1930.2114531893048,1098.0,96.80476190476111,21439300.0,21715700.0,21031450.0,22666878.57142857,22443403.333333332,1151.103355704698,1236.303412819636,19694.0,22924.0,20708.0,19613.0,20996.0,20701.1,17201950.0,19032500.0,19314335.714285713,17032.0,21426300.0,
2024-11-25,883.0,0.0,1.0,-0.8660254037844386,0.5000000000000001,-0.5839514998576998,0.8117885474764613,0.0,0,0,126.0,-126.0,21.6,27.5,16.9,0.0,67.0,5.5,0,0,1,390.0,17032.0,18625.0,22185.0,17107.0,16911.0,16549.0,18327.85714285714,18431.35714285714,18223.5,1949.2905058483252,1932.5855604024453,-75.0,104.3571428571413,21426300.0,22138300.0,21672550.0,22625535.714285713,22396595.0,1258.0025833724753,1239.0201297116912,19656.0,19694.0,20634.0,20169.0,20845.714285714286,20634.533333333333,17959900.0,19486150.0,19161107.14285714,17011.0,22006200.0,
2024-11-26,884.0,0.7818314824680298,0.6234898018587336,-0.8660254037844386,0.5000000000000001,-0.5699010576127624,0.821713322596059,0.0,0,0,125.0,-125.0,21.4,27.1,15.8,0.0,71.0,4.8,0,0,1,391.0,17011.0,17032.0,18625.0,16645.0,16470.0,16569.0,18314.14285714286,18438.5,18214.666666666668,1959.6217686559876,1937.6646151797559,366.0,99.47619047619082,22006200.0,21680450.0,21485300.0,22606664.285714287,22454538.333333332,1293.645288342837,1238.9540744434291,19665.0,19656.0,20613.0,21378.0,20707.285714285714,20672.866666666665,18529950.0,19468850.0,19024507.14285714,16637.0,21483650.0,
2024-11-27,885.0,0.9749279121818236,-0.22252093395631434,-0.8660254037844386,0.5000000000000001,-0.5556819724760489,0.8313949395234058,0.0,0,0,124.0,-124.0,21.6,27.2,17.2,0.0,74.0,4.8,0,0,1,392.0,16637.0,17011.0,17032.0,17394.0,17042.0,17050.0,18313.0,18450.428571428572,18229.1,1960.759461705237,1923.7336425779893,-757.0,83.90000000000146,21483650.0,22280050.0,22271100.0,22578550.0,22486035.0,1291.3175452305104,1237.3536842821782,19971.0,19665.0,20853.0,20979.0,20615.571428571428,20695.1,18751150.0,19895650.0,18921978.57142857,17046.0,21932900.0,
2024-11-28,886.0,0.43388373911755823,-0.900968867902419,-0.8660254037844386,0.5000000000000001,-0.5412984521036173,0.8408305333122887,0.0,0,0,123.0,-123.0,22.4,28.3,16.8,0.0,71.0,6.4,0,0,1,393.0,17046.0,16637.0,17011.0,19307.0,19524.0,19203.0,18263.285714285714,18450.714285714286,18245.666666666668,1992.104976675473,1910.8631256732244,-2261.0,17.619047619045887,21932900.0,23682350.0,23362250.0,22528957.14285714,22491060.0,1286.6889592866362,1238.1800592048262,19659.0,19971.0,21546.0,22257.0,20445.0,20711.6,18730650.0,19342350.0,18755550.0,18820.0,23143050.0,
2024-11-29,887.0,-0.433883739117558,-0.9009688679024191,-0.8660254037844386,0.5000000000000001,-0.5267547528105542,0.8500173118187018,1.0,0,0,122.0,-122.0,24.0,29.5,19.1,0.0,71.0,5.2,0,0,1,394.0,18820.0,17046.0,16637.0,22185.0,22991.0,21950.0,18193.714285714286,18400.428571428572,18320.7,1957.7880132337766,1886.7988425939777,-3365.0,-126.9857142857145,23143050.0,25732000.0,26384850.0,22451914.285714287,22539605.0,1229.7051009564293,1238.620805227111,19424.0,19659.0,22924.0,23940.0,20141.85714285714,20692.3,17679450.0,20772900.0,18517992.85714286,21815.0,25451450.0,
2024-11-30,888.0,-0.9749279121818236,-0.2225209339563146,-0.8660254037844386,0.5000000000000001,-0.5120551783114646,0.8589525565270845,1.0,0,0,121.0,-121.0,23.1,26.9,21.0,0.8,79.0,5.8,1,0,1,395.0,21815.0,18820.0,17046.0,18625.0,19279.0,18361.0,18140.85714285714,18316.428571428572,18479.533333333333,1833.0936899652545,1974.6575387652654,3190.0,-338.67619047619155,25451450.0,21439300.0,21863800.0,22411835.714285713,22640626.666666668,1166.6949346779738,1239.5939667959371,23043.0,19424.0,19694.0,19961.0,20158.85714285714,20800.966666666667,21091850.0,17201950.0,18563557.14285714,18357.0,21782100.0,
2024-12-01,889.0,-0.7818314824680299,0.6234898018587334,-0.5000000000000004,0.8660254037844384,-0.4972040784469378,0.8676336233547726,0.0,0,0,120.0,-120.0,23.5,28.5,19.7,0.0,69.0,5.1,0,0,1,396.0,18357.0,21815.0,18820.0,17032.0,17527.0,17121.0,18102.571428571428,18250.571428571428,18451.333333333332,1824.0731762681319,1970.0048369157519,1325.0,-348.7619047619046,21782100.0,21426300.0,21715700.0,22460807.14285714,22592823.333333332,1186.5827749632292,1244.6624552614414,18962.0,23043.0,19656.0,20708.0,20054.285714285714,20730.566666666666,17001450.0,17959900.0,18534914.285714287,16988.0,21240100.0,
2024-12-02,890.0,0.0,1.0,-0.5000000000000004,0.8660254037844384,-0.4822058478963526,0.8760579434344281,0.0,0,0,119.0,-119.0,23.1,27.5,20.1,0.1,65.0,6.8,1,0,1,397.0,16988.0,18357.0,21815.0,17011.0,17107.0,16984.0,18096.285714285714,18212.071428571428,18285.933333333334,1828.44776739594,1871.9951910735442,-23.0,-189.64761904762054,21240100.0,22006200.0,22138300.0,22434207.14285714,22475091.666666668,1250.3002119142925,1243.5621164817014,19299.0,18962.0,19665.0,20634.0,20003.285714285714,20625.5,17809600.0,18529950.0,18513442.85714286,16639.0,21643900.0,
2024-12-03,891.0,0.7818314824680298,0.6234898018587336,-0.5000000000000004,0.8660254037844384,-0.46706492487743034,0.8842230238742036,0.0,0,0,118.0,-118.0,22.8,28.3,18.8,0.0,70.0,7.5,0,0,1,398.0,16639.0,16988.0,18357.0,16637.0,16645.0,17431.0,18043.14285714286,18178.64285714286,18228.533333333333,1870.1780154637079,1895.8623319242793,2.0,-185.39047619047415,21643900.0,21483650.0,21680450.0,22382450.0,22488881.666666668,1300.793316906064,1244.583263419305,22600.0,19299.0,19971.0,20613.0,20422.571428571428,20741.033333333333,18272850.0,18751150.0,18476714.285714287,16193.0,21186400.0,
2024-12-04,892.0,0.9749279121818236,-0.22252093395631434,-0.5000000000000004,0.8660254037844384,-0.451785789832884,0.8921264484954345,0.0,0,0,117.0,-117.0,21.4,28.1,16.4,0.0,71.0,5.8,0,0,1,399.0,16193.0,16639.0,16988.0,17046.0,17394.0,16436.0,17979.714285714286,18146.35714285714,18197.6,1932.3139595043053,1921.9475144436253,-853.0,-217.8857142857123,21186400.0,21932900.0,22280050.0,22339985.714285713,22495206.666666668,1308.36781325264,1247.019015993895,20097.0,22600.0,19659.0,20853.0,20440.571428571428,20757.033333333333,18881250.0,18730650.0,18495300.0,16424.0,21216400.0,
2024-12-05,893.0,0.43388373911755823,-0.900968867902419,-0.5000000000000004,0.8660254037844384,-0.4363729641045924,0.8997658785476209,0.0,0,0,116.0,-116.0,21.5,28.3,17.0,0.0,68.0,4.1,0,0,1,400.0,16424.0,16193.0,16639.0,18820.0,19307.0,19599.0,17890.85714285714,18077.071428571428,18178.933333333334,1995.6694305897586,1936.8029457265077,-2396.0,-288.076190476193,21216400.0,23143050.0,23682350.0,22237628.57142857,22473975.0,1291.7924987822698,1247.7480930646998,19717.0,20097.0,19424.0,21546.0,20448.85714285714,20760.4,18592850.0,17679450.0,18475614.285714287,18859.0,22476400.0,
2024-12-06,894.0,-0.433883739117558,-0.9009688679024191,-0.5000000000000004,0.8660254037844384,-0.42083100859565564,0.9071390534005044,1.0,0,0,115.0,-115.0,20.4,26.3,15.8,0.0,66.0,7.0,0,0,1,401.0,18859.0,16424.0,16193.0,21815.0,22185.0,22231.0,17896.428571428572,18045.071428571428,18226.533333333333,1998.747762737358,1935.3345738253759,-2956.0,-330.1047619047604,22476400.0,25451450.0,25732000.0,22142392.85714286,22453601.666666668,1191.8129275147144,1242.334925430169,20915.0,19717.0,23043.0,22924.0,20661.85714285714,20763.566666666666,18616100.0,21091850.0,18609421.42857143,21490.0,25300550.0,
2024-12-07,895.0,-0.9749279121818236,-0.2225209339563146,-0.5000000000000004,0.8660254037844384,-0.4051645224207563,0.9142437912130223,1.0,0,0,114.0,-114.0,19.4,26.1,14.6,0.0,66.0,6.3,0,0,1,402.0,21490.0,18859.0,16424.0,18357.0,18625.0,18762.0,17850.0,17995.428571428572,18395.0,1893.5601389974333,1993.2026905253342,3133.0,-545.0,25300550.0,21782100.0,21439300.0,22120835.714285713,22586095.0,1177.3173569101907,1243.8524143204857,22385.0,20915.0,18962.0,19694.0,20567.85714285714,20859.566666666666,20153600.0,17001450.0,18475385.714285713,18079.0,21022050.0,
2024-12-08,896.0,-0.7818314824680299,0.6234898018587334,-0.5000000000000004,0.8660254037844384,-0.3893781415452015,0.9210779895789526,0.0,0,0,113.0,-113.0,18.6,25.7,13.2,0.0,68.0,5.6,0,0,1,403.0,18079.0,21490.0,18859.0,16988.0,17032.0,16940.0,17810.285714285714,17956.428571428572,18344.333333333332,1884.0457986547337,1980.8225274005883,1091.0,-534.0476190476184,21022050.0,21240100.0,21426300.0,22012257.14285714,22510391.666666668,1162.7883179379392,1240.4532061740158,19868.0,22385.0,19299.0,19656.0,20697.285714285714,20771.233333333334,17363300.0,17809600.0,18527078.57142857,16924.0,21023900.0,
2024-12-09,897.0,0.0,1.0,-0.5000000000000004,0.8660254037844384,-0.37347653741307074,0.9276396261490467,0.0,0,0,112.0,-112.0,19.6,25.8,14.9,0.0,71.0,5.1,0,0,1,404.0,16924.0,18079.0,21490.0,16639.0,17011.0,16911.0,17801.14285714286,17948.714285714286,18167.433333333334,1888.8503936320083,1854.7091915062142,285.0,-366.2904761904756,21023900.0,21643900.0,22006200.0,21981371.42857143,22349966.666666668,1242.2536043488537,1239.3036908075246,19771.0,19868.0,22600.0,19665.0,20764.714285714286,20656.9,18270800.0,18272850.0,18592964.285714287,16405.0,21657350.0,
2024-12-10,898.0,0.7818314824680298,0.6234898018587336,-0.5000000000000004,0.8660254037844384,-0.3574644155648614,0.9339267592294762,0.0,0,0,111.0,-111.0,19.8,25.5,15.2,0.0,78.0,6.3,0,0,1,405.0,16405.0,16924.0,18079.0,16193.0,16637.0,16470.0,17767.714285714286,17905.428571428572,18088.866666666665,1914.7389477668291,1878.424867171788,212.0,-321.15238095237873,21657350.0,21186400.0,21483650.0,21983292.85714286,22357738.333333332,1320.1676318195673,1242.0714500808822,19927.0,19771.0,20097.0,19971.0,20382.85714285714,20674.266666666666,19017100.0,18881250.0,18699285.714285713,16725.0,22107350.0,
2024-12-11,899.0,0.9749279121818236,-0.22252093395631434,-0.5000000000000004,0.8660254037844384,-0.34134651424503615,0.9399375283564133,0.0,0,0,110.0,-110.0,18.9,24.3,15.0,0.0,75.0,8.5,0,0,1,406.0,16725.0,16405.0,16924.0,16424.0,17046.0,17042.0,17843.714285714286,17911.714285714286,18081.7,1851.3259855470847,1883.3628791294875,301.0,-237.9857142857145,22107350.0,21216400.0,21932900.0,22114857.14285714,22393601.666666668,1321.8146487294468,1243.9924265775687,20981.0,19927.0,19717.0,19659.0,20509.14285714286,20719.866666666665,19953850.0,18592850.0,18852514.285714287,17380.0,22594800.0,
2024-12-12,900.0,0.43388373911755823,-0.900968867902419,-0.5000000000000004,0.8660254037844384,-0.3251276029999093,0.9456701548465688,0.0,0,0,109.0,-109.0,18.2,23.7,13.3,0.0,77.0,8.9,0,0,1,407.0,17380.0,16725.0,16405.0,18859.0,18820.0,19524.0,17980.285714285714,17935.571428571428,18097.333333333332,1762.2583724949473,1875.239098931407,-1479.0,-117.04761904761835,22594800.0,22476400.0,23143050.0,22311771.42857143,22424343.333333332,1300.0460299194476,1245.1715024543084,21563.0,20981.0,20915.0,19424.0,20772.85714285714,20766.333333333332,20460000.0,18616100.0,19119250.0,21165.0,25825000.0,
2024-12-13,901.0,-0.433883739117558,-0.9009688679024191,-0.5000000000000004,0.8660254037844384,-0.30881248126625377,0.9511229423235357,1.0,0,0,108.0,-108.0,18.1,23.8,13.6,0.0,80.0,7.6,0,0,1,408.0,21165.0,17380.0,16725.0,21490.0,21815.0,22991.0,18309.714285714286,18103.071428571428,18253.833333333332,2130.881328956444,1929.8626551690838,-325.0,55.88095238095411,25825000.0,25300550.0,25451450.0,22790142.85714286,22569000.0,1220.1748169147177,1249.2232009400234,23412.0,21563.0,22385.0,23043.0,21129.571428571428,20834.133333333335,20973600.0,20153600.0,19456035.714285713,24928.0,29493350.0,
2024-12-14,902.0,-0.9749279121818236,-0.2225209339563146,-0.5000000000000004,0.8660254037844384,-0.29240597695107734,0.9562942772197719,1.0,0,0,107.0,-107.0,18.1,23.8,13.9,0.0,79.0,8.0,0,0,1,409.0,24928.0,21165.0,17380.0,18079.0,18357.0,19279.0,18800.85714285714,18325.428571428572,18516.7,3142.262212089201,2266.7744081053997,6849.0,284.15714285714057,29493350.0,21022050.0,21782100.0,23389114.285714287,22809741.666666668,1183.141447368421,1250.0552138626276,26571.0,23412.0,19868.0,18962.0,21727.571428571428,21020.533333333333,23848050.0,17363300.0,19983814.285714287,19739.0,23327950.0,
2024-12-15,903.0,-0.7818314824680299,0.6234898018587334,-0.5000000000000004,0.8660254037844384,-0.27591294500296043,0.9611826292540837,0.0,0,0,106.0,-106.0,18.1,24.0,14.1,0.0,80.0,7.4,0,0,1,410.0,19739.0,24928.0,21165.0,16924.0,16988.0,17527.0,19038.0,18424.14285714286,18523.866666666665,3141.3438737796955,2270.40588401306,2815.0,514.133333333335,23327950.0,21023900.0,21240100.0,23718528.57142857,22808598.333333332,1181.820254318861,1252.7740619170452,21588.0,26571.0,19771.0,19299.0,21973.285714285714,20998.233333333334,19203300.0,18270800.0,20246671.42857143,19725.0,23954800.0,
2024-12-16,904.0,0.0,1.0,-0.5000000000000004,0.8660254037844384,-0.2593382659754056,0.9657865518844574,0.0,1,0,105.0,-105.0,17.6,24.5,12.6,0.0,78.0,3.0,0,0,1,411.0,19725.0,19739.0,24928.0,16405.0,16639.0,17107.0,19438.14285714286,18619.64285714286,18415.0,3002.510639924029,2122.29077600861,3320.0,1023.1428571428587,23954800.0,21657350.0,21643900.0,24137228.57142857,22727596.666666668,1214.4385297845374,1248.8004798364284,22576.0,21588.0,19927.0,22600.0,22374.0,20952.766666666666,20348000.0,19017100.0,20543414.285714287,23168.0,27146050.0,Victory Day
2024-12-17,905.0,0.7818314824680298,0.6234898018587336,-0.5000000000000004,0.8660254037844384,-0.2426868445825954,0.9701046827361175,0.0,0,0,104.0,-104.0,19.5,26.0,13.8,0.0,74.0,4.2,0,0,1,412.0,23168.0,19725.0,19739.0,16725.0,16193.0,16645.0,20404.285714285714,19086.0,18544.633333333335,2951.5045719251425,2289.103084154418,6443.0,1859.6523809523787,27146050.0,22107350.0,21186400.0,24921328.57142857,22903671.666666668,1171.7045062154696,1227.591461892986,25271.0,22576.0,20981.0,20097.0,23137.428571428572,21129.766666666666,22597250.0,19953850.0,21054864.285714287,19067.0,23239900.0,
2024-12-18,906.0,0.9749279121818236,-0.22252093395631434,-0.5000000000000004,0.8660254037844384,-0.22596360824801906,0.974135744004672,0.0,0,0,103.0,-103.0,20.5,25.9,16.8,0.0,75.0,5.7,0,0,1,413.0,19067.0,23168.0,19725.0,17380.0,16424.0,17394.0,20738.85714285714,19291.285714285714,18595.966666666667,2573.4509533938203,2282.7541665842355,1687.0,2142.890476190474,23239900.0,22594800.0,21216400.0,25083121.42857143,22954478.333333332,1218.8545654796244,1212.8828785715828,21820.0,25271.0,21563.0,19717.0,23257.285714285714,21166.833333333332,19674600.0,20460000.0,21014971.42857143,19621.0,25051000.0,
2024-12-19,907.0,0.43388373911755823,-0.900968867902419,-0.5000000000000004,0.8660254037844384,-0.20917350564635637,0.9778785428342386,0.0,0,0,102.0,-102.0,19.0,25.1,14.3,0.0,80.0,5.2,0,0,1,414.0,19621.0,19067.0,23168.0,21165.0,18859.0,19307.0,21059.0,19519.64285714286,18679.766666666666,2197.9589774757833,2272.3300313256864,-1544.0,2379.2333333333336,25051000.0,25825000.0,22476400.0,25434007.14285714,23051568.333333332,1276.7443045716325,1209.554060664752,21323.0,21820.0,23412.0,20915.0,23223.0,21189.8,19995800.0,20973600.0,20948657.14285714,21624.0,26230700.0,
2024-12-20,908.0,-0.433883739117558,-0.9009688679024191,-0.5000000000000004,0.8660254037844384,-0.19232150523909483,0.9813319716704275,1.0,0,0,101.0,-101.0,19.3,25.3,14.0,0.0,77.0,4.2,0,0,1,415.0,21624.0,19621.0,19067.0,24928.0,21490.0,22185.0,21124.571428571428,19717.14285714286,18845.733333333334,2208.4698214783625,2300.246732393138,-3304.0,2278.838095238094,26230700.0,29493350.0,25300550.0,25491964.285714287,23203243.333333332,1213.036440991491,1208.5342926757196,24552.0,21323.0,26571.0,22385.0,23385.85714285714,21321.1,22055250.0,23848050.0,21103178.57142857,25307.0,29706050.0,
2024-12-21,909.0,-0.9749279121818236,-0.2225209339563146,-0.5000000000000004,0.8660254037844384,-0.17541259380427843,0.9844950085880858,1.0,0,0,100.0,-100.0,18.5,20.3,16.7,1.1,83.0,4.3,1,0,1,416.0,25307.0,21624.0,19621.0,19739.0,18079.0,18625.0,21178.714285714286,19989.785714285714,19109.5,2319.1289107683556,2566.3348848853684,5568.0,2069.2142857142862,29706050.0,23327950.0,21022050.0,25522350.0,23450776.666666668,1173.8273995337258,1207.20371441362,25689.0,24552.0,21588.0,19868.0,23259.85714285714,21482.3,22821750.0,19203300.0,20956564.285714287,20930.0,24818550.0,
2024-12-22,910.0,-0.7818314824680299,0.6234898018587334,-0.5000000000000004,0.8660254037844384,-0.15845177496083632,0.9873667175937016,0.0,0,0,99.0,-99.0,18.8,24.8,15.2,0.0,82.0,7.6,0,0,1,417.0,20930.0,25307.0,21624.0,19725.0,16924.0,17032.0,21348.85714285714,20193.428571428572,19163.6,2238.176149499895,2587.6602212597286,1205.0,2185.2571428571428,24818550.0,23954800.0,21023900.0,25735292.85714286,23488650.0,1185.7883420926898,1207.7705840955957,22455.0,25689.0,22576.0,19771.0,23383.714285714286,21512.6,19740300.0,20348000.0,21033278.57142857,19874.0,24529200.0,
2024-12-23,911.0,0.0,1.0,-0.5000000000000004,0.8660254037844384,-0.14144406768794202,0.9899462489023779,0.0,0,0,98.0,-98.0,18.7,25.2,13.8,0.0,75.0,7.2,0,0,1,418.0,19874.0,20930.0,25307.0,23168.0,16405.0,17011.0,21370.14285714286,20404.14285714286,19086.566666666666,2220.799963119185,2528.331624954964,-3294.0,2283.576190476193,24529200.0,27146050.0,21657350.0,25817350.0,23448556.666666668,1234.2356848143302,1210.5987490998518,22375.0,22455.0,25271.0,19927.0,23355.0,21494.3,20532950.0,22597250.0,21059700.0,19915.0,25278950.0,
2024-12-24,912.0,0.7818314824680298,0.6234898018587336,-0.5000000000000004,0.8660254037844384,-0.12439450483979998,0.9922328391893008,0.0,0,0,97.0,-97.0,19.1,25.3,14.2,0.0,74.0,4.8,0,0,1,419.0,19915.0,19874.0,20930.0,19067.0,16725.0,16637.0,20905.428571428572,20654.85714285714,19129.566666666666,2119.950852979228,2531.1790313026136,848.0,1775.8619047619068,25278950.0,23239900.0,22107350.0,25550621.42857143,23576545.0,1269.3422043685664,1224.5469916931513,22480.0,22375.0,21820.0,20981.0,22956.285714285714,21587.166666666668,20945050.0,19674600.0,20823671.42857143,21195.0,26362850.0,
2024-12-25,913.0,0.9749279121818236,-0.22252093395631434,-0.5000000000000004,0.8660254037844384,-0.10730813165636247,0.9942258118156161,0.0,1,0,96.0,-96.0,19.9,25.1,16.3,0.0,72.0,4.1,0,0,1,420.0,21195.0,19915.0,19874.0,19621.0,17380.0,17046.0,21209.428571428572,20974.14285714286,19268.333333333332,1958.8376534007775,2526.328224687141,1574.0,1941.0952380952403,26362850.0,25051000.0,22594800.0,25996757.14285714,23741096.666666668,1243.8240150979004,1228.1140559243338,23522.0,22480.0,21323.0,21563.0,23199.428571428572,21716.033333333333,21548850.0,19995800.0,21091421.42857143,23778.0,28873050.0,Christmas Day
2024-12-26,914.0,0.43388373911755823,-0.900968867902419,-0.5000000000000004,0.8660254037844384,-0.09019000427034513,0.9959245770286599,0.0,0,0,95.0,-95.0,20.2,26.3,15.1,0.0,72.0,7.9,0,0,1,421.0,23778.0,21195.0,19915.0,21624.0,21165.0,18820.0,21803.285714285714,21431.14285714286,19493.9,2026.0001410237453,2618.257018942509,2154.0,2309.3857142857123,28873050.0,26230700.0,25825000.0,26542764.285714287,23969991.666666668,1214.2758011607368,1219.1899840084916,24870.0,23522.0,24552.0,23412.0,23706.14285714286,21889.533333333333,22513700.0,22055250.0,21451121.42857143,20842.0,24627350.0,
2024-12-27,915.0,-0.433883739117558,-0.9009688679024191,-0.5000000000000004,0.8660254037844384,-0.07304518821104743,0.9973286321364752,1.0,0,0,94.0,-94.0,19.5,25.4,15.2,0.0,72.0,7.8,0,0,1,422.0,20842.0,23778.0,21195.0,25307.0,24928.0,21815.0,21691.571428571428,21408.071428571428,19634.066666666666,2058.8275674229317,2572.1916045611893,-4465.0,2057.504761904762,24627350.0,29706050.0,29493350.0,26313714.285714287,24074781.666666668,1181.6212455618463,1214.7020989471137,23269.0,24870.0,25689.0,26571.0,23522.85714285714,21999.466666666667,20721000.0,22821750.0,21260514.285714287,25660.0,30020750.0,
2024-12-28,916.0,-0.9749279121818236,-0.2225209339563146,-0.5000000000000004,0.8660254037844384,-0.05587875690537313,0.9984375616565666,1.0,0,0,93.0,-93.0,19.2,25.6,14.3,0.0,76.0,4.2,0,0,1,423.0,25660.0,20842.0,23778.0,20930.0,19739.0,18357.0,21742.0,21460.35714285714,19921.2,2163.79011613103,2748.098632973735,4730.0,1820.7999999999993,30020750.0,24818550.0,23327950.0,26358671.42857143,24344376.666666668,1169.9434918160562,1214.1472549874466,25261.0,23269.0,22455.0,21588.0,23461.714285714286,22186.2,22280000.0,19740300.0,21183121.42857143,23219.0,26809000.0,
2024-12-29,917.0,-0.7818314824680299,0.6234898018587334,-0.5000000000000004,0.8660254037844384,-0.03869579017652689,0.9992510374388481,0.0,0,0,92.0,-92.0,19.7,26.4,14.2,0.0,74.0,4.7,0,0,1,424.0,23219.0,25660.0,20842.0,19874.0,19725.0,16988.0,22069.0,21708.928571428572,20067.833333333332,2193.3842952538694,2804.104996845471,3345.0,2001.1666666666679,26809000.0,24529200.0,23954800.0,26643021.42857143,24466575.0,1154.6147551574143,1209.6938854252642,23421.0,25261.0,22375.0,22576.0,23599.714285714286,22319.433333333334,20331150.0,20532950.0,21267528.57142857,20222.0,25257050.0,
2024-12-30,918.0,0.0,1.0,-0.5000000000000004,0.8660254037844384,-0.021501372740813793,0.999768818762748,0.0,0,0,91.0,-91.0,20.2,25.9,15.6,0.0,77.0,6.6,0,0,1,425.0,20222.0,23219.0,25660.0,19915.0,23168.0,16639.0,22118.714285714286,21744.428571428572,20014.733333333334,2138.601234006677,2784.8960103576837,307.0,2103.9809523809527,25257050.0,25278950.0,27146050.0,26747000.0,24460095.0,1248.9887251508258,1211.8014626161923,22583.0,23421.0,22480.0,25271.0,23629.428571428572,22304.1,20509450.0,20945050.0,21264171.42857143,19894.0,25676350.0,
2024-12-31,919.0,0.7818314824680298,0.6234898018587336,-0.5000000000000004,0.8660254037844384,-0.004300592702981974,0.9999907524084426,0.0,0,0,90.0,-90.0,19.0,24.5,14.9,0.0,76.0,8.5,0,0,1,426.0,19894.0,20222.0,23219.0,21195.0,19067.0,16193.0,22115.714285714286,21510.571428571428,20065.966666666667,2142.219465436462,2767.43052098985,-1301.0,2049.747619047619,25676350.0,26362850.0,23239900.0,26803771.42857143,24589903.333333332,1290.6579873328642,1214.8465744682348,21958.0,22583.0,23522.0,21820.0,23554.85714285714,22403.966666666667,20600200.0,21548850.0,21214907.14285714,19443.0,25223700.0,
2025-01-01,920.0,0.9749279121818236,-0.22252093395631434,0.0,1.0,0.0,1.0,0.0,0,0,89.0,-89.0,18.4,24.1,14.8,0.0,81.0,8.5,0,0,1,427.0,19443.0,19894.0,20222.0,23778.0,19621.0,16424.0,21865.428571428572,21537.428571428572,20147.8,2359.0892209453664,2708.955688847336,-4335.0,1717.6285714285732,25223700.0,28873050.0,25051000.0,26641035.714285713,24722690.0,1297.315229131307,1222.4881764730071,22742.0,21958.0,24870.0,21323.0,23443.428571428572,22518.733333333334,21214250.0,22513700.0,21167107.14285714,18469.0,23965550.0,
2025-01-02,921.0,0.43388373911755823,-0.900968867902419,0.0,1.0,0.017201575418260506,0.9998520419557735,0.0,0,0,88.0,-88.0,17.7,23.5,14.0,0.0,83.0,8.6,0,0,1,428.0,18469.0,19443.0,19894.0,20842.0,21624.0,18859.0,21107.0,21455.14285714286,20208.8,2491.4223514557016,2647.118464579488,-2373.0,898.2000000000007,23965550.0,24627350.0,26230700.0,25939964.285714287,24800078.333333332,1297.6095078239211,1234.392991710605,21055.0,22742.0,23269.0,24552.0,22898.428571428572,22467.233333333334,19940150.0,20721000.0,20799457.14285714,19268.0,24604550.0,
2025-01-03,922.0,-0.433883739117558,-0.9009688679024191,0.0,1.0,0.03439806061360801,0.9994082116062598,1.0,0,0,87.0,-87.0,17.6,23.5,13.3,0.0,83.0,5.4,0,0,1,429.0,19268.0,18469.0,19443.0,25660.0,25307.0,21490.0,20882.14285714286,21286.85714285714,20311.3,2588.4642440754105,2543.7761524539733,-6392.0,570.8428571428594,24604550.0,30020750.0,29706050.0,25936707.14285714,24914016.666666668,1276.9643969275483,1248.0134419057051,21008.0,21055.0,25261.0,25689.0,22575.428571428572,22497.6,19330000.0,22280000.0,20600742.85714286,20987.0,26456600.0,
2025-01-04,923.0,-0.9749279121818236,-0.2225209339563146,0.0,1.0,0.051584366869408364,0.9986686402879997,1.0,0,0,86.0,-86.0,18.4,25.0,13.5,0.0,84.0,4.5,0,0,1,430.0,20987.0,19268.0,18469.0,23219.0,20930.0,18079.0,20214.571428571428,20978.285714285714,20463.4,1541.8818434132413,2437.5266803138456,-2232.0,-248.82857142857392,26456600.0,26809000.0,24818550.0,25427542.85714286,25088690.0,1260.618478105494,1260.967011375625,22841.0,21008.0,23421.0,22455.0,22229.714285714286,22601.733333333334,21042550.0,20331150.0,20423964.285714287,18949.0,23013700.0,
2025-01-05,924.0,-0.7818314824680299,0.6234898018587334,0.0,1.0,0.06875540848113941,0.9976335468520451,0.0,0,0,85.0,-85.0,19.2,25.9,13.9,0.0,86.0,2.7,0,0,1,431.0,18949.0,20987.0,19268.0,20222.0,19874.0,16924.0,19604.571428571428,20836.785714285714,20466.4,840.1168286102406,2435.538538478554,-1273.0,-861.8285714285739,23013700.0,25257050.0,24529200.0,24885357.14285714,25106600.0,1214.5073618660615,1269.5230980482888,20916.0,22841.0,22583.0,22375.0,21871.85714285714,22601.766666666666,18401600.0,20509450.0,20148314.285714287,17827.0,22814500.0,
2025-01-06,925.0,0.0,1.0,0.0,1.0,0.08590610426133272,0.9963032375991965,0.0,0,0,84.0,-84.0,19.6,25.9,14.4,0.0,84.0,4.7,0,0,1,432.0,17827.0,18949.0,20987.0,19894.0,19915.0,16405.0,19262.428571428572,20690.571428571428,20344.3,1016.028847546903,2473.968014038015,-2067.0,-1081.8714285714268,22814500.0,25676350.0,25278950.0,24536421.42857143,25023731.666666668,1279.7722555673977,1273.9207452506562,21807.0,20916.0,21958.0,22480.0,21761.0,22582.5,19948050.0,20600200.0,20068114.285714287,17505.0,23092500.0,
2025-01-07,926.0,0.7818314824680298,0.6234898018587336,0.0,1.0,0.10303137904317879,0.9946781061893646,0.0,0,0,83.0,-83.0,18.8,24.4,13.8,0.0,80.0,5.8,0,0,1,433.0,17505.0,17827.0,18949.0,19443.0,21195.0,16725.0,18921.14285714286,20518.428571428572,20325.166666666668,1159.6140778395654,2494.22831799723,-1938.0,-1404.0238095238092,23092500.0,25223700.0,26362850.0,24167300.0,25092746.666666668,1319.1945158526134,1277.997392182049,21614.0,21807.0,22742.0,23522.0,21711.85714285714,22640.7,20530250.0,21214250.0,20058121.42857143,17475.0,23390500.0,
2025-01-08,927.0,0.9749279121818236,-0.22252093395631434,0.0,1.0,0.1201261651823505,0.9927586335250793,0.0,0,0,82.0,-82.0,18.3,23.3,14.9,0.0,81.0,6.6,0,0,1,434.0,17475.0,17505.0,17827.0,18469.0,23778.0,17380.0,18640.0,20252.714285714286,20343.533333333333,1247.2592620087398,2470.2329044645353,-994.0,-1703.5333333333328,23390500.0,23965550.0,28873050.0,23905414.285714287,25171633.333333332,1338.5121602288984,1283.8826680531333,21584.0,21614.0,21055.0,24870.0,21546.428571428572,22701.133333333335,20619850.0,19940150.0,19973207.14285714,17519.0,23371950.0,
2025-01-09,928.0,0.43388373911755823,-0.900968867902419,0.0,1.0,0.13718540405660057,0.9905453876091833,0.0,0,0,81.0,-81.0,16.7,22.6,12.3,0.0,80.0,7.4,0,0,1,435.0,17519.0,17475.0,17505.0,19268.0,20842.0,21165.0,18504.285714285714,19805.64285714286,20380.666666666668,1318.6107227287246,2416.7807361110004,-1749.0,-1876.380952380954,23371950.0,24604550.0,24627350.0,23820614.285714287,25228786.666666668,1334.0915577373137,1289.0943894693323,21340.0,21584.0,21008.0,23269.0,21587.14285714286,22748.233333333334,20369550.0,19330000.0,20034550.0,20232.0,24919000.0,
2025-01-10,929.0,-0.433883739117558,-0.9009688679024191,0.0,1.0,0.1542040475626894,0.988039023376751,1.0,0,0,80.0,-80.0,17.1,23.0,12.3,0.0,76.0,5.8,0,0,1,436.0,20232.0,17519.0,17475.0,20987.0,25660.0,24928.0,18642.0,19762.071428571428,20497.566666666666,1454.9562421827627,2316.598869677046,-755.0,-1855.5666666666657,24919000.0,26456600.0,30020750.0,23865535.714285713,25322508.333333332,1231.6627125345988,1282.6227202703396,22494.0,21340.0,22841.0,25261.0,21799.428571428572,22798.666666666668,20470250.0,21042550.0,20197442.85714286,24130.0,28670950.0,
2025-01-11,930.0,-0.9749279121818236,-0.2225209339563146,0.0,1.0,0.17117705961019986,0.985240282501282,1.0,0,0,79.0,-79.0,17.8,24.5,12.3,0.0,74.0,4.7,0,0,1,437.0,24130.0,20232.0,17519.0,18949.0,23219.0,19739.0,19091.0,19652.785714285714,20722.566666666666,2446.4020519938827,2331.115460140539,5181.0,-1631.5666666666657,28670950.0,23013700.0,26809000.0,24181871.42857143,25525046.666666668,1188.1869042685453,1272.2753525793469,24152.0,22494.0,20916.0,23421.0,21986.714285714286,22884.966666666667,21992650.0,18401600.0,20333171.42857143,21056.0,24875050.0,
2025-01-12,931.0,-0.7818314824680299,0.6234898018587334,0.0,1.0,0.18809941761179758,0.9821499931752291,0.0,0,0,78.0,-78.0,18.5,25.7,13.5,0.0,77.0,5.2,0,0,1,438.0,21056.0,24130.0,20232.0,17827.0,20222.0,19725.0,19392.0,19498.285714285714,20718.933333333334,2553.3034811135403,2330.4869541961934,3229.0,-1326.9333333333343,24875050.0,22814500.0,25257050.0,24447778.57142857,25493381.666666668,1181.3758548632218,1267.5422801503698,21663.0,24152.0,21807.0,22583.0,22093.428571428572,22826.666666666668,19320100.0,19948050.0,20464385.714285713,18266.0,23123900.0,
2025-01-13,932.0,0.0,1.0,0.0,1.0,0.20496611396949532,0.9787690698649216,0.0,0,0,77.0,-77.0,19.3,25.7,14.6,0.0,77.0,5.1,0,0,1,439.0,18266.0,21056.0,24130.0,17505.0,19894.0,23168.0,19454.714285714286,19358.571428571428,20496.866666666665,2513.539053093948,2230.858389504688,761.0,-1042.1523809523787,23123900.0,23092500.0,25676350.0,24491978.57142857,25281066.666666668,1265.953136975802,1265.5681203515705,21885.0,21663.0,21614.0,21958.0,22104.571428571428,22670.466666666667,20653050.0,20530250.0,20565100.0,17981.0,23725850.0,
2025-01-14,933.0,0.7818314824680298,0.6234898018587336,0.0,1.0,0.22177215755648186,0.975098513039961,0.0,0,0,76.0,-76.0,19.5,25.6,14.4,0.0,74.0,7.6,0,0,1,440.0,17981.0,18266.0,21056.0,17475.0,19443.0,19067.0,19522.714285714286,19221.928571428572,20438.266666666666,2457.8225942410386,2274.122414036554,506.0,-915.5523809523802,23725850.0,23390500.0,25223700.0,24582457.14285714,25294330.0,1319.49557866637,1265.6111293249644,21550.0,21885.0,21584.0,22742.0,22095.428571428572,22669.2,20689050.0,20619850.0,20587785.714285713,18436.0,24639850.0,
2025-01-15,934.0,0.9749279121818236,-0.22252093395631434,0.0,1.0,0.23851257519407648,0.9711394088771653,0.0,0,0,75.0,-75.0,19.5,25.5,15.0,0.0,72.0,8.4,0,0,1,441.0,18436.0,17981.0,18266.0,17519.0,18469.0,19621.0,19660.0,19150.0,20395.3,2348.802318913443,2300.092114347425,917.0,-735.2999999999993,24639850.0,23371950.0,23965550.0,24760935.714285713,25317165.0,1336.5073768713387,1265.324731702456,21452.0,21550.0,21340.0,21055.0,22076.571428571428,22631.733333333334,20768450.0,20369550.0,20609014.285714287,18976.0,25014000.0,
2025-01-16,935.0,0.43388373911755823,-0.900968867902419,0.0,1.0,0.2551824131233728,0.9668929289391521,0.0,0,0,74.0,-74.0,19.5,26.2,14.4,0.0,77.0,6.0,0,0,1,442.0,18976.0,18436.0,17981.0,20232.0,19268.0,21624.0,19868.14285714286,19186.214285714286,20255.566666666666,2186.3952393967925,2252.684784159125,-1256.0,-387.423809523807,25014000.0,24919000.0,24604550.0,24995514.285714287,25246096.666666668,1318.1913996627318,1263.053280548944,22132.0,21452.0,22494.0,21008.0,22189.714285714286,22527.1,21456900.0,20470250.0,20764350.0,20505.0,25059650.0,
2025-01-17,936.0,-0.433883739117558,-0.9009688679024191,0.0,1.0,0.2717767384711357,0.9623603298276545,1.0,0,0,73.0,-73.0,19.7,26.1,15.2,0.0,74.0,6.1,0,0,1,443.0,20505.0,18976.0,18436.0,24130.0,20987.0,25307.0,19907.14285714286,19274.571428571428,20303.5,2196.379325812587,2241.7947820503164,-3625.0,-396.3571428571413,25059650.0,28670950.0,26456600.0,25015607.14285714,25306755.0,1222.1238722262863,1261.690589076328,23152.0,22132.0,24152.0,22841.0,22283.714285714286,22571.5,21061750.0,21992650.0,20848850.0,23795.0,28303400.0,
2025-01-18,937.0,-0.9749279121818236,-0.2225209339563146,0.0,1.0,0.2882906407095177,0.9575429528116719,1.0,0,0,72.0,-72.0,19.6,25.7,15.1,0.0,76.0,6.7,0,0,1,444.0,23795.0,20505.0,18976.0,21056.0,18949.0,20930.0,19859.285714285714,19475.14285714286,20442.633333333335,2090.110500610367,2325.9235834593555,2739.0,-583.3476190476213,28303400.0,24875050.0,23013700.0,24963100.0,25415168.333333332,1189.4683757091825,1261.8736564249905,23539.0,23152.0,21663.0,20916.0,22196.14285714286,22645.366666666665,21400000.0,19320100.0,20764185.714285713,19718.0,23081300.0,
2025-01-19,938.0,-0.7818314824680299,0.6234898018587334,0.0,1.0,0.3047192331091634,0.9524422234305676,0.0,0,0,71.0,-71.0,18.8,24.6,14.5,0.0,72.0,8.6,0,0,1,445.0,19718.0,23795.0,20505.0,18266.0,17827.0,19874.0,19668.14285714286,19530.071428571428,20379.1,2022.5173611591838,2318.561286214251,1452.0,-710.9571428571398,23081300.0,23123900.0,22814500.0,24706850.0,25310188.333333332,1170.5700375291613,1260.3299682344102,21655.0,23539.0,21885.0,21807.0,22195.0,22548.8,19104150.0,20653050.0,20733335.714285713,18180.0,22709950.0,
2025-01-20,939.0,0.0,1.0,0.0,1.0,0.321057654185271,0.9470596510722283,0.0,0,0,70.0,-70.0,18.1,24.1,13.3,0.0,77.0,6.6,0,0,1,446.0,18180.0,19718.0,23795.0,17981.0,17505.0,19915.0,19655.85714285714,19555.285714285714,20141.533333333333,2032.6897966791792,2155.624331248765,199.0,-485.67619047619155,22709950.0,23725850.0,23092500.0,24647714.285714287,25076985.0,1249.1721672167216,1257.932686840256,20977.0,21655.0,21550.0,21614.0,22065.285714285714,22391.733333333334,19604600.0,20689050.0,20583557.14285714,18023.0,23559150.0,
2025-01-21,940.0,0.7818314824680298,0.6234898018587336,0.0,1.0,0.3373010691361842,0.9413968285264122,0.0,0,0,69.0,-69.0,18.7,24.9,13.7,0.0,79.0,4.0,0,0,1,447.0,18023.0,18180.0,19718.0,18436.0,17475.0,21195.0,19661.85714285714,19592.285714285714,20044.633333333335,2026.9760258877366,2184.1086477228832,-413.0,-382.77619047619373,23559150.0,24639850.0,23390500.0,24623900.0,25035005.0,1307.1713921100816,1256.1720887607862,21592.0,20977.0,21452.0,21584.0,22071.285714285714,22362.966666666667,20686100.0,20768450.0,20583135.714285713,17415.0,22981550.0,
2025-01-22,941.0,0.9749279121818236,-0.22252093395631434,0.0,1.0,0.3534446712740877,0.9354554315134164,0.0,0,0,68.0,-68.0,19.5,26.0,14.9,0.0,81.0,4.6,0,0,1,448.0,17415.0,18023.0,18180.0,18976.0,17519.0,23778.0,19516.0,19588.0,19962.666666666668,2162.1174806193685,2236.25214995119,-1561.0,-446.6666666666679,22981550.0,25014000.0,23371950.0,24387000.0,24983416.666666668,1319.6411139821992,1253.7626226337663,21240.0,21592.0,22132.0,21340.0,22041.0,22325.133333333335,20482950.0,21456900.0,20542350.0,17884.0,23567700.0,
2025-01-23,942.0,0.43388373911755823,-0.900968867902419,0.0,1.0,0.3694836834473831,0.9292372181882051,0.0,0,0,67.0,-67.0,18.9,26.2,13.7,0.0,80.0,4.4,0,0,1,449.0,17884.0,17415.0,18023.0,20505.0,20232.0,20842.0,19360.0,19614.071428571428,19894.966666666667,2245.365003735442,2268.259023756098,-2621.0,-534.9666666666672,23567700.0,25059650.0,24919000.0,24180385.714285713,24926375.0,1317.8092149407291,1253.7080248163372,20893.0,21240.0,23152.0,22494.0,21864.0,22272.233333333334,20110300.0,21061750.0,20349978.57142857,20209.0,25037500.0,
2025-01-24,943.0,-0.433883739117558,-0.9009688679024191,0.0,1.0,0.38541335945432564,0.9227440286201427,1.0,0,0,66.0,-66.0,19.4,26.3,14.4,0.0,80.0,4.0,0,0,1,450.0,20209.0,17884.0,17415.0,23795.0,24130.0,25660.0,19317.714285714286,19612.428571428572,19862.1,2222.8826415479302,2255.8819263245205,-3586.0,-544.3857142857123,25037500.0,28303400.0,28670950.0,24177221.42857143,24882196.666666668,1238.928200306794,1256.108643113553,22040.0,20893.0,23539.0,24152.0,21705.14285714286,22222.833333333332,20389750.0,21400000.0,20253978.57142857,23120.0,27793950.0,
2025-01-25,944.0,-0.9749279121818236,-0.2225209339563146,0.0,1.0,0.4012289854475009,0.9159777842484877,1.0,0,0,65.0,-65.0,19.6,25.9,14.9,0.0,75.0,5.8,0,0,1,451.0,23120.0,20209.0,17884.0,19718.0,21056.0,23219.0,19221.285714285714,19540.285714285714,19840.166666666668,1999.7267908629703,2219.399593915357,3402.0,-618.8809523809541,27793950.0,23081300.0,24875050.0,24104442.85714286,24846226.666666668,1202.1604671280277,1257.9217990305308,23086.0,22040.0,21655.0,21663.0,21640.428571428572,22163.366666666665,21230200.0,19104150.0,20229721.42857143,19812.0,23647300.0,
2025-01-26,945.0,-0.7818314824680299,0.6234898018587334,0.0,1.0,0.4169258813287287,0.908940487313808,0.0,0,0,64.0,-64.0,18.4,24.8,13.0,0.0,69.0,6.8,0,0,1,452.0,19812.0,23120.0,20209.0,18180.0,18266.0,20222.0,19234.714285714286,19451.428571428572,19805.833333333332,2003.9294493806692,2211.3193297579846,1632.0,-571.1190476190459,23647300.0,22709950.0,23123900.0,24185300.0,24813558.333333332,1193.5846961437512,1261.2096074040435,20378.0,23086.0,20977.0,21885.0,21458.0,22067.0,18334050.0,19604600.0,20119707.14285714,18352.0,23248500.0,
2025-01-27,946.0,0.0,1.0,0.0,1.0,0.4324994021339788,0.901634220265486,0.0,0,0,63.0,-63.0,18.4,24.8,13.0,0.0,73.0,5.6,0,0,1,453.0,18352.0,19812.0,23120.0,18023.0,17981.0,19894.0,19259.285714285714,19457.571428571428,19562.233333333334,1989.8465363175899,1928.642522128266,329.0,-302.9476190476198,23248500.0,23559150.0,23725850.0,24262235.714285713,24587816.666666668,1266.8101569311248,1263.7293202203869,20588.0,20378.0,21592.0,21550.0,21402.428571428572,21911.233333333334,19428550.0,20686100.0,20094557.14285714,18271.0,23751050.0,
2025-01-28,947.0,0.7818314824680298,0.6234898018587336,0.0,1.0,0.44794493940789115,0.8940611451454876,0.0,0,0,62.0,-62.0,18.9,25.0,13.7,0.0,69.0,5.1,0,0,1,454.0,18271.0,18352.0,19812.0,17415.0,18436.0,19443.0,19294.714285714286,19478.285714285714,19397.3,1966.2339394796777,1813.2600503913307,856.0,-102.58571428571304,23751050.0,22981550.0,24639850.0,24289650.0,24485885.0,1299.9315855727657,1262.6950621436274,20670.0,20588.0,21240.0,21452.0,21270.714285714286,21819.533333333333,19696250.0,20482950.0,19953150.0,17918.0,23747400.0,
2025-01-29,948.0,0.9749279121818236,-0.22252093395631434,0.0,1.0,0.4632579225674917,0.88622350294858,0.0,0,0,61.0,-61.0,19.4,25.7,13.7,0.0,70.0,4.5,0,0,1,455.0,17918.0,18271.0,18352.0,17884.0,18976.0,18469.0,19366.571428571428,19441.285714285714,19320.5,1893.9521163555007,1825.8743724961655,34.0,46.07142857142753,23747400.0,23567700.0,25014000.0,24399057.14285714,24435563.333333332,1325.3376492912155,1263.5088529020582,21604.0,20670.0,20893.0,22132.0,21322.714285714286,21786.9,20509250.0,20110300.0,19956907.14285714,18155.0,23877650.0,
2025-01-30,949.0,0.43388373911755823,-0.900968867902419,0.0,1.0,0.4784338202547012,0.8781236129591848,0.0,0,0,60.0,-60.0,20.5,26.1,15.0,0.5,83.0,10.0,1,0,1,456.0,18155.0,17918.0,18271.0,20209.0,20505.0,19268.0,19405.285714285714,19382.64285714286,19262.533333333333,1861.0804849410542,1834.6227975242573,-2054.0,142.75238095238092,23877650.0,25037500.0,25059650.0,24443335.714285713,24375606.666666668,1315.210685761498,1263.1376344478824,21295.0,21604.0,22040.0,23152.0,21380.14285714286,21764.8,20289800.0,20389750.0,19982550.0,20290.0,25613050.0,
2025-01-31,950.0,-0.433883739117558,-0.9009688679024191,0.0,1.0,0.49346814167723735,0.8697638720650646,1.0,0,0,59.0,-59.0,21.9,26.8,18.4,1.1,89.0,8.1,1,0,1,457.0,20290.0,18155.0,17918.0,23120.0,23795.0,20987.0,19416.85714285714,19367.285714285714,19290.766666666666,1867.1524155400382,1843.989204159776,-2830.0,126.09047619047487,25613050.0,27793950.0,28303400.0,24525557.14285714,24388585.0,1262.3484475110893,1266.483384048496,22128.0,21295.0,23086.0,23539.0,21392.714285714286,21744.333333333332,19986700.0,21230200.0,19924971.42857143,22840.0,27490600.0,
2025-02-01,951.0,-0.9749279121818236,-0.2225209339563146,0.49999999999999994,0.8660254037844387,0.5083564379375122,0.8611467540480452,1.0,0,0,58.0,-58.0,21.9,27.3,18.1,0.3,88.0,3.3,1,0,1,458.0,22840.0,20290.0,18155.0,19812.0,19718.0,18949.0,19376.85714285714,19299.071428571428,19436.466666666667,1775.3398199190872,1946.646023351506,3028.0,-59.609523809525854,27490600.0,23647300.0,23081300.0,24482221.42857143,24506086.666666668,1203.61646234676,1266.6913833654578,23926.0,22128.0,20378.0,21655.0,21512.714285714286,21840.033333333333,21515550.0,18334050.0,19965735.714285713,20070.0,23889550.0,
2025-02-02,952.0,-0.7818314824680299,0.6234898018587334,0.49999999999999994,0.8660254037844387,0.5230943033491326,0.8522748088519838,0.0,0,0,57.0,-57.0,22.4,28.8,18.6,0.0,82.0,4.2,0,0,1,459.0,20070.0,22840.0,20290.0,18352.0,18180.0,17827.0,19413.714285714286,19324.214285714286,19463.2,1788.5085699436167,1949.7571449127406,1718.0,-49.485714285714494,23889550.0,23248500.0,22709950.0,24516828.57142857,24482253.333333332,1190.3114100647733,1266.2237710684608,20972.0,23926.0,20588.0,20977.0,21597.571428571428,21838.833333333332,18491850.0,19428550.0,19988278.57142857,18967.0,24003950.0,
2025-02-03,953.0,0.0,1.0,0.49999999999999994,0.8660254037844387,0.5376773767406141,0.8431506618282,0.0,0,0,56.0,-56.0,21.8,28.2,16.8,0.0,73.0,5.3,0,0,1,460.0,18967.0,20070.0,22840.0,18271.0,18023.0,17505.0,19501.571428571428,19380.428571428572,19395.866666666665,1742.1663580288384,1930.099778255863,696.0,105.70476190476256,24003950.0,23751050.0,23559150.0,24624750.0,24400498.333333332,1265.563874097116,1266.0457306636024,20745.0,20972.0,20670.0,21592.0,21620.0,21768.966666666667,19124150.0,19696250.0,19944792.85714286,18341.0,23795150.0,
2025-02-04,954.0,0.7818314824680298,0.6234898018587336,0.49999999999999994,0.8660254037844387,0.5521013427459208,0.8337770129585915,0.0,0,0,55.0,-55.0,20.3,26.6,15.5,0.0,70.0,6.9,0,0,1,461.0,18341.0,18967.0,20070.0,17918.0,17415.0,17475.0,19511.571428571428,19403.14285714286,19375.6,1734.1079221646307,1938.1292188514826,423.0,135.971428571429,23795150.0,23747400.0,22981550.0,24631050.0,24426546.666666668,1297.374734202061,1265.6804661820734,20596.0,20745.0,21604.0,21240.0,21609.428571428572,21758.3,19230300.0,20509250.0,19878228.57142857,18813.0,24765900.0,
2025-02-05,955.0,0.9749279121818236,-0.22252093395631434,0.49999999999999994,0.8660254037844387,0.5663619330814524,0.8241566360566663,0.0,0,0,54.0,-54.0,21.1,27.3,16.1,0.0,75.0,4.4,0,0,1,462.0,18813.0,18341.0,18967.0,18155.0,17884.0,17519.0,19639.428571428572,19503.0,19408.466666666667,1626.698174948502,1919.2307319077597,658.0,230.96190476190532,24765900.0,23877650.0,23567700.0,24776550.0,24491593.333333332,1316.4248126295647,1264.4072038018373,21382.0,20596.0,21295.0,20893.0,21577.714285714286,21744.133333333335,20414200.0,20289800.0,19864650.0,18711.0,24324200.0,
2025-02-06,956.0,0.43388373911755823,-0.900968867902419,0.49999999999999994,0.8660254037844387,0.580454927809098,0.8142923779467267,0.0,0,0,53.0,-53.0,22.2,29.2,16.8,0.0,73.0,5.7,0,0,1,463.0,18711.0,18813.0,18341.0,20290.0,20209.0,20232.0,19718.85714285714,19562.071428571428,19448.666666666668,1554.08981170876,1890.3999272793628,-1579.0,270.1904761904734,24324200.0,25613050.0,25037500.0,24840342.85714286,24532650.0,1299.994655550211,1262.2334852002252,21715.0,21382.0,22128.0,22040.0,21637.714285714286,21747.5,20541750.0,19986700.0,19900642.85714286,20687.0,25094300.0,
2025-02-07,957.0,-0.433883739117558,-0.9009688679024191,0.49999999999999994,0.8660254037844387,0.5943761565849831,0.804187157621448,1.0,0,0,52.0,-52.0,19.7,25.8,14.0,0.0,67.0,6.4,0,0,1,464.0,20687.0,18711.0,18813.0,22840.0,23120.0,24130.0,19775.571428571428,19596.214285714286,19555.733333333334,1585.3365423091634,1865.5585820308258,-2153.0,219.83809523809396,25094300.0,27490600.0,27793950.0,24766235.714285713,24589443.333333332,1213.046841011263,1255.1903985573929,23263.0,21715.0,23926.0,23086.0,21799.85714285714,21803.466666666667,20942000.0,21515550.0,20037114.285714287,23377.0,27962450.0,
2025-02-08,958.0,-0.9749279121818236,-0.2225209339563146,0.49999999999999994,0.8660254037844387,0.6081214998935418,0.7938439653781019,1.0,0,0,51.0,-51.0,19.0,25.9,13.6,0.0,63.0,6.3,0,0,1,465.0,23377.0,20687.0,18711.0,20070.0,19812.0,21056.0,19852.285714285714,19614.571428571428,19751.0,1761.5391673462875,1949.7027182767001,3307.0,101.28571428571377,27962450.0,23889550.0,23647300.0,24833642.85714286,24742460.0,1196.152200881208,1254.1240754908854,23995.0,23263.0,20972.0,20378.0,21809.714285714286,21891.966666666667,21474100.0,18491850.0,20031192.85714286,20027.0,23434950.0,
2025-02-09,959.0,-0.7818314824680299,0.6234898018587334,0.49999999999999994,0.8660254037844387,0.6216868902665479,0.7832658619336791,0.0,0,0,50.0,-50.0,19.0,25.7,13.6,0.0,68.0,6.5,0,0,1,466.0,20027.0,23377.0,20687.0,18967.0,18352.0,18266.0,19846.14285714286,19629.928571428572,19744.166666666668,1760.7282043301357,1948.31752498439,1060.0,101.97619047619082,23434950.0,24003950.0,23248500.0,24768700.0,24692991.666666668,1170.1677735057672,1251.246413125313,22858.0,23995.0,20745.0,20588.0,22079.14285714286,21904.1,20038500.0,19124150.0,20252142.85714286,18688.0,23615950.0,
2025-02-10,960.0,0.0,1.0,0.49999999999999994,0.8660254037844387,0.6350683134867438,0.7724559775191742,0.0,0,0,49.0,-49.0,20.4,27.2,14.3,0.0,67.0,4.3,0,0,1,467.0,18688.0,20027.0,23377.0,18341.0,18271.0,17981.0,19806.285714285714,19653.928571428572,19562.766666666666,1786.9091297811024,1771.177957595347,347.0,243.51904761904734,23615950.0,23795150.0,23751050.0,24713271.42857143,24524491.666666668,1263.6959546232877,1250.9795674861946,22284.0,22858.0,20596.0,20670.0,22299.0,21841.833333333332,20538000.0,19230300.0,20454121.42857143,18621.0,24475850.0,
2025-02-11,961.0,0.7818314824680298,0.6234898018587336,0.49999999999999994,0.8660254037844387,0.6482618097757122,0.7614175109532997,0.0,0,0,48.0,-48.0,21.2,28.4,16.0,0.3,84.0,7.7,1,0,1,468.0,18621.0,18688.0,20027.0,18813.0,17918.0,18436.0,19846.285714285714,19678.928571428572,19481.6,1751.4234890782564,1756.1184391760553,-192.0,364.6857142857152,24475850.0,24765900.0,23747400.0,24810514.285714287,24511185.0,1314.4218892648084,1253.4148753523016,22410.0,22284.0,21382.0,21604.0,22558.14285714286,21866.733333333334,21389300.0,20414200.0,20762550.0,19129.0,25472600.0,
2025-02-12,962.0,0.9749279121818236,-0.22252093395631434,0.49999999999999994,0.8660254037844387,0.6612634749656386,0.7501537286959042,0.0,0,0,47.0,-47.0,22.1,27.8,17.5,0.4,87.0,6.5,1,0,1,469.0,19129.0,18621.0,18688.0,18711.0,18155.0,18976.0,19891.428571428572,19765.428571428572,19510.366666666665,1724.2128500799324,1742.5350633851795,418.0,381.0619047619075,25472600.0,24324200.0,23877650.0,24911471.42857143,24589475.0,1331.6221443881018,1255.5859227463782,23413.0,22410.0,21715.0,21295.0,22848.285714285714,21917.666666666668,22047300.0,20541750.0,20995850.0,18901.0,24999800.0,
2025-02-13,963.0,0.43388373911755823,-0.900968867902419,0.49999999999999994,0.8660254037844387,0.6740694616546161,0.7386679638813748,0.0,0,0,46.0,-46.0,23.3,29.1,19.8,0.2,84.0,7.2,1,0,1,470.0,18901.0,19129.0,18621.0,20687.0,20290.0,20505.0,19918.571428571428,19818.714285714286,19541.033333333333,1703.9092167857498,1722.674113783338,-1786.0,377.5380952380947,24999800.0,25094300.0,25613050.0,25007985.714285713,24631940.0,1322.670758160944,1258.825365976483,23412.0,23413.0,23263.0,22128.0,23090.714285714286,21979.733333333334,22038200.0,20942000.0,21209628.57142857,22963.0,28142150.0,
2025-02-14,964.0,-0.433883739117558,-0.9009688679024191,0.49999999999999994,0.8660254037844387,0.6866759803451553,0.726963615332308,1.0,1,0,45.0,-45.0,21.3,27.3,16.6,0.0,61.0,6.2,0,0,1,471.0,22963.0,18901.0,19129.0,23377.0,22840.0,23795.0,20243.714285714286,20009.64285714286,19691.933333333334,2055.799821179503,1818.1670370769068,-414.0,551.7809523809519,28142150.0,27962450.0,27490600.0,25443392.85714286,24748683.333333332,1225.543265252798,1260.6105694395592,25884.0,23412.0,23995.0,23926.0,23465.14285714286,22127.466666666667,22892650.0,21474100.0,21488292.85714286,24171.0,29890550.0,Shab e-Barat
2025-02-15,965.0,-0.9749279121818236,-0.2225209339563146,0.49999999999999994,0.8660254037844387,0.6990793005655562,0.7150441465537444,1.0,0,0,44.0,-44.0,21.0,27.7,15.3,0.0,62.0,5.1,0,0,1,472.0,24171.0,22963.0,18901.0,20027.0,20070.0,19718.0,20357.14285714286,20104.714285714286,19865.1,2268.4028469807204,1987.16646908669,4144.0,492.04285714286016,29890550.0,23434950.0,23889550.0,25718835.714285713,24911235.0,1236.628604526085,1266.3929128173988,25235.0,25884.0,22858.0,20972.0,23642.285714285714,22230.9,22577200.0,20038500.0,21645878.57142857,21444.0,24653100.0,
2025-02-16,966.0,-0.7818314824680299,0.6234898018587334,0.49999999999999994,0.8660254037844387,0.7112757519738152,0.7029130847082615,0.0,0,0,43.0,-43.0,22.1,29.2,15.0,0.0,67.0,6.4,0,0,1,473.0,21444.0,24171.0,22963.0,18688.0,18967.0,18180.0,20559.571428571428,20202.85714285714,19896.4,2297.0753765851973,2004.909054606163,2756.0,663.1714285714261,24653100.0,23615950.0,24003950.0,25892857.14285714,24897683.333333332,1149.6502518186905,1263.4618382906735,22474.0,25235.0,22284.0,20745.0,23587.428571428572,22208.3,19084750.0,20538000.0,21509628.57142857,20726.0,24878300.0,
2025-02-17,967.0,0.0,1.0,0.49999999999999994,0.8660254037844387,0.7232617254437388,0.6905740195722294,0.0,0,0,42.0,-42.0,22.9,29.7,17.6,0.6,76.0,6.3,1,0,1,474.0,20726.0,21444.0,24171.0,18621.0,18341.0,18023.0,20850.714285714286,20328.5,19794.1,2144.407510579153,1873.088402096749,2105.0,1056.6142857142877,24878300.0,24475850.0,23795150.0,26073192.85714286,24783513.333333332,1200.3425648943355,1254.4113540436806,22929.0,22474.0,22410.0,20596.0,23679.571428571428,22187.966666666667,20344700.0,21389300.0,21482014.285714287,21049.0,27153300.0,
2025-02-18,968.0,0.7818314824680298,0.6234898018587336,0.49999999999999994,0.8660254037844387,0.7350336741329412,0.6780306024735382,0.0,0,0,41.0,-41.0,23.4,30.3,18.6,4.0,78.0,4.4,1,0,1,475.0,21049.0,20726.0,21444.0,19129.0,18813.0,17415.0,21197.571428571428,20521.928571428572,19838.466666666667,1906.8483471548777,1886.935807130247,1920.0,1359.1047619047604,27153300.0,25472600.0,24765900.0,26455685.714285713,24919246.666666668,1290.0042757375647,1250.9231235397885,22932.0,22929.0,23413.0,21382.0,23754.14285714286,22230.533333333333,21331500.0,22047300.0,21473757.14285714,20532.0,27790850.0,
2025-02-19,969.0,0.9749279121818236,-0.22252093395631434,0.49999999999999994,0.8660254037844387,0.746588114532413,0.6652865452111116,0.0,0,0,40.0,-40.0,23.3,29.2,18.2,0.0,75.0,3.4,0,0,1,476.0,20532.0,21049.0,20726.0,18901.0,18711.0,17884.0,21398.0,20644.714285714286,19916.866666666665,1717.5185588515913,1864.3789339068928,1631.0,1481.133333333335,27790850.0,24999800.0,24324200.0,26786864.285714287,25088610.0,1353.538379115527,1254.0540142151349,23197.0,22932.0,23412.0,21715.0,23723.285714285714,22304.533333333333,21656550.0,22038200.0,21417935.714285713,19515.0,25363700.0,
2025-02-20,970.0,0.43388373911755823,-0.900968867902419,0.49999999999999994,0.8660254037844387,0.7579216274973472,0.6523456189565257,0.0,0,0,39.0,-39.0,23.5,29.8,18.4,0.0,76.0,5.0,0,0,1,477.0,19515.0,20532.0,21049.0,22963.0,20687.0,20209.0,21485.714285714286,20702.14285714286,19966.6,1578.8204156146267,1831.7310373261284,-3448.0,1519.1142857142877,25363700.0,28142150.0,25094300.0,26838850.0,25148761.666666668,1299.702792723546,1250.7728762955066,23584.0,23197.0,25884.0,23263.0,23747.85714285714,22370.933333333334,21865050.0,22892650.0,21393200.0,22110.0,27327900.0,
2025-02-21,971.0,-0.433883739117558,-0.9009688679024191,0.49999999999999994,0.8660254037844387,0.7690308592589181,0.6392116531380588,1.0,1,0,38.0,-38.0,24.1,30.5,19.1,0.0,73.0,6.0,0,0,1,478.0,22110.0,19515.0,20532.0,24171.0,23377.0,23120.0,21363.85714285714,20803.785714285714,20123.1,1475.3224990455908,1806.6033350863854,-2061.0,1240.7571428571428,27327900.0,29890550.0,27962450.0,26722528.57142857,25293640.0,1235.9972862957939,1252.2663078730777,25049.0,23584.0,25235.0,23995.0,23628.571428571428,22497.9,22490300.0,22577200.0,21335721.42857143,25385.0,29789900.0,Language Martyrs' Day
2025-02-22,972.0,-0.9749279121818236,-0.2225209339563146,0.49999999999999994,0.8660254037844387,0.7799125224167177,0.6258885343075018,1.0,0,0,37.0,-37.0,23.2,30.5,18.3,6.0,74.0,4.7,1,0,1,479.0,25385.0,22110.0,19515.0,21444.0,20027.0,19812.0,21537.285714285714,20947.214285714286,20373.133333333335,1876.985856303008,1995.2458621872051,3941.0,1164.1523809523787,29789900.0,24653100.0,23434950.0,26708150.0,25501046.666666668,1173.5237344888715,1243.2513264391898,26178.0,25049.0,22474.0,22858.0,23763.285714285714,22674.066666666666,22780700.0,19084750.0,21364792.85714286,21394.0,25134750.0,
2025-02-23,973.0,-0.7818314824680299,0.6234898018587334,0.49999999999999994,0.8660254037844387,0.7905633969115482,0.612380204990065,0.0,0,0,36.0,-36.0,22.8,28.3,19.1,6.9,74.0,5.7,1,0,1,480.0,21394.0,25385.0,22110.0,20726.0,18688.0,18352.0,21530.14285714286,21044.85714285714,20412.633333333335,1877.495089081045,2003.5967397165414,668.0,1117.5095238095237,25134750.0,24878300.0,23615950.0,26776957.14285714,25504288.333333332,1174.8504253529027,1246.8513512297916,22654.0,26178.0,22929.0,22284.0,23789.0,22694.533333333333,19477750.0,20344700.0,21420935.714285713,19765.0,24537050.0,
2025-02-24,974.0,0.0,1.0,0.49999999999999994,0.8660254037844387,0.8009803309782905,0.5986906625177214,0.0,0,0,35.0,-35.0,23.6,30.7,18.2,0.0,66.0,6.0,0,0,1,481.0,19765.0,21394.0,25385.0,21049.0,18621.0,18271.0,21392.85714285714,21121.785714285714,20300.8,1978.5128614332507,1939.8897124713474,-1284.0,1092.057142857142,24537050.0,27153300.0,24475850.0,26728207.14285714,25395725.0,1241.4394131039717,1252.7223295454537,22496.0,22654.0,22932.0,22410.0,23727.14285714286,22674.866666666665,20175800.0,21331500.0,21396807.14285714,19547.0,25361400.0,
2025-02-25,975.0,0.7818314824680298,0.6234898018587336,0.49999999999999994,0.8660254037844387,0.8111602420785621,0.5848239578463322,0.0,0,0,34.0,-34.0,24.0,30.1,18.0,0.0,61.0,7.5,0,0,1,482.0,19547.0,19765.0,21394.0,20532.0,19129.0,17918.0,21178.285714285714,21187.928571428572,20291.966666666667,2099.7517086776966,1942.7933938699732,-985.0,886.3190476190466,25361400.0,27790850.0,25472600.0,26472221.42857143,25452861.666666668,1297.4574103442983,1253.7870630607015,23341.0,22496.0,23197.0,23413.0,23785.571428571428,22773.633333333335,21627350.0,21656550.0,21439071.42857143,19959.0,26122950.0,
2025-02-26,976.0,0.9749279121818236,-0.22252093395631434,0.49999999999999994,0.8660254037844387,0.8211001178128892,0.5707841943569036,0.0,0,0,33.0,-33.0,23.8,30.5,17.8,0.0,56.0,8.1,0,0,1,483.0,19959.0,19547.0,19765.0,19515.0,18901.0,18155.0,21096.428571428572,21247.214285714286,20345.533333333333,2139.9303615726913,1909.3260542949818,444.0,750.8952380952396,26122950.0,25363700.0,24999800.0,26233950.0,25548676.666666668,1308.830602735608,1247.4002378635703,24162.0,23341.0,23584.0,23412.0,23923.428571428572,22892.766666666666,22267650.0,21865050.0,21526371.42857143,20376.0,26140500.0,
2025-02-27,977.0,0.43388373911755823,-0.900968867902419,0.49999999999999994,0.8660254037844387,0.8307970168121247,0.5565755266413303,0.0,0,0,32.0,-32.0,23.7,30.7,17.4,0.0,59.0,6.4,0,0,1,484.0,20376.0,19959.0,19547.0,22110.0,22963.0,20290.0,21219.428571428572,21352.571428571428,20415.7,2057.0208925484003,1868.7059167907432,-1734.0,803.7285714285717,26140500.0,27327900.0,28142150.0,26344921.42857143,25628325.0,1282.9063604240282,1245.0007475350678,24332.0,24162.0,25049.0,25884.0,24030.285714285714,23014.833333333332,22162150.0,22490300.0,21568814.285714287,22124.0,27756750.0,
2025-02-28,978.0,-0.433883739117558,-0.9009688679024191,0.49999999999999994,0.8660254037844387,0.8402480696078469,0.5422021592729844,1.0,0,0,31.0,-31.0,24.5,30.1,19.1,0.1,67.0,4.8,1,0,1,485.0,22124.0,20376.0,19959.0,25385.0,24171.0,22840.0,21221.428571428572,21292.64285714286,20555.9,2058.0376460066555,1832.276657133506,-3261.0,665.528571428571,27756750.0,29789900.0,29890550.0,26406185.714285713,25761970.0,1254.599077924426,1247.658146339158,25428.0,24332.0,26178.0,25235.0,24084.428571428572,23142.3,23130050.0,22780700.0,21660207.14285714,23789.0,29211100.0,
2025-03-01,979.0,-0.9749279121818236,-0.2225209339563146,0.8660254037844386,0.5000000000000001,0.8494504794814806,0.527668345562516,1.0,0,0,30.0,-30.0,25.3,32.1,19.2,0.6,69.0,8.0,1,0,1,486.0,23789.0,22124.0,20376.0,21394.0,21444.0,20070.0,20993.428571428572,21265.35714285714,20743.7,1544.1460268966275,1866.1267678787524,2395.0,249.72857142857174,29211100.0,25134750.0,24653100.0,26323500.0,25939751.666666668,1227.9246710664593,1255.4297087073849,25930.0,25428.0,22654.0,22474.0,24049.0,23296.8,23152500.0,19477750.0,21713321.42857143,20057.0,24803450.0,
2025-03-02,980.0,-0.7818314824680299,0.6234898018587334,0.8660254037844386,0.5000000000000001,0.8584015232918917,0.512978386299228,0.0,0,0,29.0,-29.0,26.9,34.0,21.4,0.0,67.0,11.7,0,0,1,487.0,20057.0,23789.0,22124.0,19765.0,20726.0,18967.0,20802.428571428572,21166.285714285714,20735.933333333334,1568.8316095258047,1868.5634152423365,292.0,66.49523809523816,24803450.0,24537050.0,24878300.0,26276171.42857143,25912765.0,1236.6480530488109,1264.2579412353716,23061.0,25930.0,22496.0,22929.0,24107.14285714286,23327.9,20750700.0,20175800.0,21895171.42857143,15222.0,20857700.0,
2025-03-03,981.0,0.0,1.0,0.8660254037844386,0.5000000000000001,0.8670985522812081,0.4981366284784055,0.0,0,0,28.0,-28.0,26.5,33.1,21.3,0.1,63.0,6.8,1,0,1,488.0,15222.0,20057.0,23789.0,19547.0,21049.0,18341.0,20153.428571428572,20773.14285714286,20482.0,2642.0924067325996,2078.5957461378903,-4325.0,-328.57142857142753,20857700.0,25361400.0,27153300.0,25750550.0,25691668.333333332,1370.233872027329,1282.6571496529941,20316.0,23061.0,23341.0,22932.0,23795.714285714286,23207.566666666666,19333200.0,21627350.0,21774800.0,15064.0,20577250.0,
2025-03-04,982.0,0.7818314824680298,0.6234898018587336,0.8660254037844386,0.5000000000000001,0.8755389928586302,0.4831474640149687,0.0,0,0,27.0,-27.0,25.5,32.0,21.1,0.3,53.0,7.1,1,0,1,489.0,15064.0,15222.0,20057.0,19959.0,20532.0,18813.0,19513.0,20345.64285714286,20315.133333333335,3279.923779602179,2301.767637593271,-4895.0,-802.133333333335,20577250.0,26122950.0,27790850.0,25067100.0,25581258.333333332,1365.988449283059,1292.4472980728171,19459.0,20316.0,24162.0,23197.0,23241.14285714286,23157.133333333335,18582950.0,22267650.0,21339885.714285713,15128.0,20843250.0,
2025-03-05,983.0,0.9749279121818236,-0.22252093395631434,0.8660254037844386,0.5000000000000001,0.8837203473619977,0.4680153284438345,0.0,0,0,26.0,-26.0,24.7,31.4,19.3,0.0,51.0,8.5,0,0,1,490.0,15128.0,15064.0,15222.0,20376.0,19515.0,18711.0,18822.85714285714,19959.64285714286,20187.166666666668,3657.0167454074353,2479.1789392143737,-5248.0,-1364.3095238095266,20843250.0,26140500.0,25363700.0,24312857.14285714,25475901.666666668,1377.7928344791117,1302.2990454647463,20721.0,19459.0,24332.0,23584.0,22749.571428571428,23156.333333333332,20056850.0,22162150.0,21024057.14285714,15510.0,21179950.0,
2025-03-06,984.0,0.43388373911755823,-0.900968867902419,0.8660254037844386,0.5000000000000001,0.8916401947968874,0.45274469960737107,0.0,0,0,25.0,-25.0,24.0,30.4,18.8,0.0,49.0,8.1,0,0,1,491.0,15510.0,15128.0,15064.0,22124.0,22110.0,20687.0,18127.714285714286,19673.571428571428,20092.8,3773.2133394179946,2602.6771548569386,-6614.0,-1965.085714285713,21179950.0,27756750.0,27327900.0,23604207.14285714,25388728.333333332,1365.5673758865248,1314.1077619593887,20444.0,20721.0,25428.0,25049.0,22194.14285714286,23151.266666666666,19693500.0,23130050.0,20671392.85714286,17024.0,21866800.0,
2025-03-07,985.0,-0.433883739117558,-0.9009688679024191,0.8660254037844386,0.5000000000000001,0.8992961915530253,0.4373400963303323,1.0,0,0,24.0,-24.0,23.0,29.6,16.6,0.0,52.0,6.9,0,0,1,492.0,17024.0,15510.0,15128.0,23789.0,25385.0,23377.0,17399.14285714286,19310.285714285714,20033.166666666668,3340.5340106322146,2653.01964695455,-6765.0,-2634.023809523809,21866800.0,29211100.0,29789900.0,22762785.714285713,25292091.666666668,1284.468984962406,1318.374891536243,21185.0,20444.0,25930.0,26178.0,21588.0,23144.7,19682900.0,23152500.0,20178942.85714286,16724.0,21868500.0,
2025-03-08,986.0,-0.9749279121818236,-0.2225209339563146,0.8660254037844386,0.5000000000000001,0.9066860720977985,0.4218060770826634,1.0,0,0,23.0,-23.0,23.9,30.5,16.8,0.0,58.0,7.4,0,0,1,493.0,16724.0,17024.0,15510.0,20057.0,21394.0,20027.0,16389.85714285714,18691.64285714286,19966.933333333334,1800.4603511854027,2711.3283286513874,-3333.0,-3577.076190476193,21868500.0,24803450.0,25134750.0,21713842.85714286,25210235.0,1307.6118153551781,1329.7587692917743,21158.0,21185.0,23061.0,22654.0,20906.285714285714,23126.133333333335,19860350.0,20750700.0,19708635.714285713,15161.0,18904450.0,
2025-03-09,987.0,-0.7818314824680299,0.6234898018587334,0.8660254037844386,0.5000000000000001,0.9138076496466615,0.40614723863057883,0.0,0,0,22.0,-22.0,25.0,31.4,18.9,0.0,67.0,5.5,0,0,1,494.0,15161.0,16724.0,17024.0,15222.0,19765.0,18688.0,15690.42857142857,18246.428571428572,19782.733333333334,825.3984607738782,2845.1310367173483,-61.0,-4092.304761904763,18904450.0,20857700.0,24537050.0,20871128.57142857,25003906.666666668,1246.9131323791307,1331.2252091961057,19707.0,21158.0,20316.0,22496.0,20427.14285714286,23007.6,18095850.0,19333200.0,19329371.42857143,15122.0,19886500.0,
2025-03-10,988.0,0.0,1.0,0.8660254037844386,0.5000000000000001,0.9206588168102428,0.3903682146763026,0.0,0,0,21.0,-21.0,26.4,33.5,19.1,0.0,55.0,4.0,0,0,1,495.0,15122.0,15161.0,16724.0,15064.0,19547.0,18621.0,15676.142857142857,17914.785714285714,19507.566666666666,835.6587079608195,2884.4441845914325,58.0,-3831.423809523809,19886500.0,20577250.0,25361400.0,20732385.714285713,24734708.333333332,1315.070757836265,1323.344764311668,19711.0,19707.0,19459.0,23341.0,20340.714285714286,22864.8,18620400.0,18582950.0,19227542.85714286,15169.0,20712850.0,
2025-03-11,989.0,0.7818314824680298,0.6234898018587336,0.8660254037844386,0.5000000000000001,0.9272375462179537,0.374473674486883,0.0,0,0,20.0,-20.0,26.5,32.8,20.0,0.0,55.0,7.4,0,0,1,496.0,15169.0,15122.0,15161.0,15128.0,19959.0,19129.0,15691.142857142857,17602.071428571428,19345.633333333335,823.6962281027785,2988.7559802024202,41.0,-3654.490476190478,20712850.0,20843250.0,26122950.0,20751757.14285714,24643971.666666668,1365.4723449139692,1323.2710351160838,20585.0,19711.0,20721.0,24162.0,20501.571428571428,22789.033333333333,19983550.0,20056850.0,19427628.57142857,15272.0,20826300.0,
2025-03-12,990.0,0.9749279121818236,-0.22252093395631434,0.8660254037844386,0.5000000000000001,0.9335418911179212,0.35846832151248087,0.0,0,0,19.0,-19.0,26.1,32.9,19.5,0.0,56.0,9.2,0,0,1,497.0,15272.0,15169.0,15122.0,15510.0,20376.0,18901.0,15711.714285714286,17267.285714285714,19231.766666666666,808.9542043664588,3078.4022130088497,-238.0,-3520.05238095238,20826300.0,21179950.0,26140500.0,20749335.714285713,24550983.333333332,1363.6917234154007,1321.2565906784107,20612.0,20585.0,20444.0,24332.0,20486.0,22733.3,20145300.0,19693500.0,19440264.285714287,15298.0,20969300.0,
2025-03-13,991.0,0.43388373911755823,-0.900968867902419,0.8660254037844386,0.5000000000000001,0.9395699859530622,0.342356891994542,0.0,0,0,18.0,-18.0,27.3,34.6,21.1,0.0,71.0,10.5,0,0,1,498.0,15298.0,15272.0,15169.0,17024.0,22124.0,22963.0,15681.42857142857,16904.571428571428,19121.0,821.6337093749388,3159.843143204338,-1726.0,-3439.5714285714294,20969300.0,21866800.0,27756750.0,20719242.85714286,24434098.333333332,1370.7216629624788,1321.9929174035467,20746.0,20612.0,21185.0,25428.0,20529.14285714286,22677.833333333332,20162500.0,19682900.0,19507264.285714287,16910.0,21862400.0,
2025-03-14,992.0,-0.433883739117558,-0.9009688679024191,0.8660254037844386,0.5000000000000001,0.945320046913132,0.3261441535642696,1.0,0,0,17.0,-17.0,28.2,34.5,23.1,0.3,77.0,9.8,1,0,1,499.0,16910.0,15298.0,15272.0,16724.0,23789.0,24171.0,15665.142857142857,16532.14285714286,19047.033333333333,791.1515717762815,3185.5166687880837,186.0,-3381.890476190476,21862400.0,21868500.0,29211100.0,20718614.285714287,24313758.333333332,1292.8681253696038,1323.192794604575,21394.0,20746.0,21158.0,25930.0,20559.0,22610.533333333333,20377950.0,19860350.0,19606557.14285714,17325.0,22176000.0,
2025-03-15,993.0,-0.9749279121818236,-0.2225209339563146,0.8660254037844386,0.5000000000000001,0.9507903724625832,0.3098349038318025,1.0,0,0,16.0,-16.0,28.6,34.3,24.3,0.0,77.0,9.9,0,0,1,500.0,17325.0,16910.0,15298.0,15161.0,20057.0,21444.0,15751.0,16070.42857142857,18994.5,943.2101215177851,3200.965681338014,2164.0,-3243.5,22176000.0,18904450.0,24803450.0,20762542.85714286,24219631.666666668,1280.0,1319.2482495538354,21674.0,21394.0,19707.0,23061.0,20632.714285714286,22552.6,20473500.0,18095850.0,19694150.0,15705.0,19682700.0,
2025-03-16,994.0,-0.7818314824680299,0.6234898018587334,0.8660254037844386,0.5000000000000001,0.9559793438440766,0.2934339689665273,0.0,0,0,15.0,-15.0,29.1,36.2,24.5,0.0,73.0,9.5,0,0,1,501.0,15705.0,17325.0,16910.0,15122.0,15222.0,20726.0,15828.714285714286,15759.57142857143,18752.566666666666,908.2594552744778,3164.758112272668,583.0,-2923.8523809523795,19682700.0,19886500.0,20857700.0,20873721.42857143,23937650.0,1253.2760267430754,1320.1572344629706,19632.0,21674.0,19711.0,20316.0,20622.0,22344.2,18165100.0,18620400.0,19704042.85714286,15458.0,20110250.0,
2025-03-17,995.0,0.0,1.0,0.8660254037844386,0.5000000000000001,0.9608854255574977,0.27694620226893646,0.0,0,0,14.0,-14.0,27.5,33.4,22.9,5.1,75.0,10.0,1,0,1,502.0,15458.0,15705.0,17325.0,15169.0,15064.0,21049.0,15876.714285714286,15776.42857142857,18462.133333333335,872.8752706403623,3048.0028931715,289.0,-2585.419047619049,20110250.0,20712850.0,20577250.0,20905685.714285713,23611640.0,1300.9606676154742,1318.1415072885718,19679.0,19632.0,20585.0,19459.0,20617.428571428572,22159.0,18785600.0,19983550.0,19727642.85714286,15669.0,21227950.0,
2025-03-18,996.0,0.7818314824680298,0.6234898018587336,0.8660254037844386,0.5000000000000001,0.9655071658143364,0.2603764827344581,0.0,0,0,13.0,-13.0,27.7,34.4,23.0,0.0,65.0,8.0,0,0,1,503.0,15669.0,15458.0,15705.0,15272.0,15128.0,20532.0,15948.142857142857,15819.642857142857,18269.633333333335,824.4229150486917,3035.523615381774,397.0,-2321.490476190478,21227950.0,20826300.0,20843250.0,20979271.42857143,23497468.333333332,1354.7737571000064,1316.613137600863,20224.0,19679.0,20612.0,20721.0,20565.85714285714,22084.0,19393200.0,20145300.0,19643307.14285714,15702.0,21267650.0,
2025-03-19,997.0,0.9749279121818236,-0.22252093395631434,0.8660254037844386,0.5000000000000001,0.969843196967294,0.24372971360968387,0.0,0,0,12.0,-12.0,27.8,33.5,22.7,0.0,70.0,5.9,0,0,1,504.0,15702.0,15669.0,15458.0,15298.0,15510.0,19515.0,16009.57142857143,15860.642857142857,18102.166666666668,780.4957521010936,3033.9194870700135,404.0,-2092.5952380952385,21267650.0,20969300.0,21179950.0,21042321.42857143,23377113.333333332,1354.4548465163673,1315.2935837581438,20992.0,20224.0,20746.0,20444.0,20620.14285714286,22019.433333333334,20210550.0,20162500.0,19652628.57142857,16025.0,21689250.0,
2025-03-20,998.0,0.43388373911755823,-0.900968867902419,0.8660254037844386,0.5000000000000001,0.9738922359149924,0.22701082094141847,0.0,0,0,11.0,-11.0,26.9,31.7,23.2,0.4,75.0,7.6,1,0,1,505.0,16025.0,15702.0,15669.0,16910.0,17024.0,22110.0,16113.42857142857,15897.42857142857,17934.7,715.7096378521857,3004.1626195710105,-885.0,-1821.27142857143,21689250.0,21862400.0,21866800.0,21145171.42857143,23194978.333333332,1353.4633385335414,1312.8281088397239,21164.0,20992.0,21394.0,21185.0,20679.85714285714,21960.5,20382650.0,20377950.0,19684078.57142857,17587.0,23215950.0,
2025-03-21,999.0,-0.433883739117558,-0.9009688679024191,0.8660254037844386,0.5000000000000001,0.9776530844816641,0.2102247521189836,1.0,0,0,10.0,-10.0,26.5,31.8,23.3,0.5,62.0,7.0,1,0,1,506.0,17587.0,16025.0,15702.0,17325.0,16724.0,25385.0,16210.142857142857,15937.642857142857,17836.533333333333,870.3306706020918,2964.215459772481,262.0,-1626.390476190476,23215950.0,22176000.0,21868500.0,21338535.714285713,23042481.666666668,1320.063114800705,1316.7131073298813,22229.0,21164.0,21674.0,21158.0,20799.14285714286,21928.233333333334,20836950.0,20473500.0,19749650.0,18599.0,24029500.0,
2025-03-22,1000.0,-0.9749279121818236,-0.2225209339563146,0.8660254037844386,0.5000000000000001,0.981124629771712,0.19337647441020586,1.0,0,0,9.0,-9.0,23.6,26.5,21.1,3.7,78.0,4.9,1,0,1,507.0,18599.0,17587.0,16025.0,15705.0,15161.0,21394.0,16392.14285714286,16071.57142857143,17806.0,1209.4569619698473,2951.018304667545,2894.0,-1413.8571428571413,24029500.0,19682700.0,18904450.0,21603321.42857143,22998008.333333332,1291.9780633367386,1318.4242592351297,23494.0,22229.0,19632.0,19707.0,21059.14285714286,21925.233333333334,22097500.0,18165100.0,19981650.0,16776.0,21209250.0,
2025-03-23,1001.0,-0.7818314824680299,0.6234898018587334,0.8660254037844386,0.5000000000000001,0.984305844499033,0.17647097349152166,0.0,0,0,8.0,-8.0,24.5,30.6,19.5,0.0,67.0,5.7,0,0,1,508.0,16776.0,18599.0,17587.0,15458.0,15122.0,19765.0,16545.14285714286,16186.92857142857,17628.2,1175.303851290089,2841.4108977153073,1318.0,-1083.057142857142,21209250.0,20110250.0,19886500.0,21821400.0,22794053.333333332,1264.261444921316,1319.9936046891642,21195.0,23494.0,19679.0,19711.0,21282.428571428572,21796.766666666666,19888200.0,18785600.0,20227807.14285714,16684.0,21838750.0,
2025-03-24,1002.0,0.0,1.0,0.8660254037844386,0.5000000000000001,0.9871957872910085,0.15951325197263655,0.0,0,0,7.0,-7.0,25.6,32.8,18.5,0.0,54.0,8.4,0,0,1,509.0,16684.0,16776.0,18599.0,15669.0,15169.0,19547.0,16720.285714285714,16298.5,17338.166666666668,1073.2125782413243,2437.7409565547505,1015.0,-617.8809523809541,21838750.0,21227950.0,20712850.0,22068328.57142857,22529015.0,1308.9636777751139,1321.136891854827,22287.0,21195.0,20224.0,20585.0,21655.0,21667.066666666666,20837700.0,19393200.0,20520964.285714287,18115.0,24459050.0,
2025-03-25,1003.0,0.7818314824680298,0.6234898018587336,0.8660254037844386,0.5000000000000001,0.9897936029670716,0.14250832791617088,0.0,0,0,6.0,-6.0,26.3,33.2,19.9,0.0,57.0,8.7,0,0,1,510.0,18115.0,16684.0,16776.0,15702.0,15272.0,19959.0,17069.714285714286,16508.928571428572,17228.866666666665,1072.0724033829758,2320.3012547175354,2413.0,-159.15238095237873,24459050.0,21267650.0,20826300.0,22529914.285714287,22506491.666666668,1350.2097709080872,1320.48489382741,24097.0,22287.0,20992.0,20612.0,22208.285714285714,21715.166666666668,22686550.0,20210550.0,20991442.85714286,21655.0,27806500.0,
2025-03-26,1004.0,0.9749279121818236,-0.22252093395631434,0.8660254037844386,0.5000000000000001,0.992098522791769,0.12546123335273648,0.0,1,0,5.0,-5.0,26.7,33.3,20.0,0.0,59.0,7.1,0,0,1,511.0,21655.0,18115.0,16684.0,16025.0,15298.0,20376.0,17920.14285714286,16964.85714285714,17291.866666666665,1870.2779141588785,2415.2514930567254,5630.0,628.2761904761937,27806500.0,21689250.0,20969300.0,23464035.714285713,22615473.333333332,1284.0683444931885,1310.42967925267,29233.0,24097.0,21164.0,20746.0,23385.571428571428,21939.733333333334,25711550.0,20382650.0,21777300.0,26428.0,32313850.0,Independence Day
2025-03-27,1005.0,0.43388373911755823,-0.900968867902419,0.8660254037844386,0.5000000000000001,0.9941098647022418,0.10837701279187609,0.0,0,0,4.0,-4.0,27.9,34.2,21.6,0.0,63.0,8.9,0,0,1,512.0,26428.0,21655.0,18115.0,17587.0,16910.0,22124.0,19406.285714285714,17759.85714285714,17521.233333333334,3519.4544896562775,2912.3683179742825,8841.0,1885.0523809523802,32313850.0,23215950.0,21862400.0,24981835.714285713,22847221.666666668,1222.7126532465568,1291.751009925958,33766.0,29233.0,22229.0,21394.0,25185.85714285714,22287.233333333334,27899900.0,20836950.0,22851192.85714286,27683.0,30767850.0,
2025-03-28,1006.0,-0.433883739117558,-0.9009688679024191,0.8660254037844386,0.5000000000000001,0.9958270335100595,0.09126072172931188,1.0,1,0,3.0,-3.0,28.7,36.5,22.4,0.0,68.0,11.6,0,0,1,513.0,27683.0,26428.0,21655.0,18599.0,17325.0,23789.0,20848.571428571428,18529.35714285714,17778.7,4563.482619562308,3430.617267771382,9084.0,3069.871428571427,30767850.0,24029500.0,22176000.0,26060678.57142857,23002051.666666668,1111.4348155907958,1261.9469671816853,35227.0,33766.0,23494.0,21674.0,27042.714285714286,22656.066666666666,26537500.0,22097500.0,23665557.14285714,39637.0,42541300.0,Shab-e-Qadr
2025-03-29,1007.0,-0.9749279121818236,-0.2225209339563146,0.8660254037844386,0.5000000000000001,0.9972495210773451,0.07411742515094437,1.0,1,1,2.0,-2.0,28.6,35.5,23.5,0.0,72.0,10.4,0,0,1,514.0,39637.0,27683.0,26428.0,16776.0,15705.0,20057.0,23854.0,20123.071428571428,18420.733333333334,8263.055447794877,5252.185154005354,22861.0,5433.266666666666,42541300.0,21209250.0,19682700.0,28705221.42857143,23548745.0,1073.272447460706,1230.7033077708236,48335.0,35227.0,21195.0,19632.0,30591.428571428572,23456.166666666668,33852900.0,19888200.0,25344900.0,36924.0,40792200.0,Eid al-Fitr Holiday
2025-03-30,1008.0,-0.7818314824680299,0.6234898018587334,0.8660254037844386,0.5000000000000001,0.998376906467142,0.056952196034039754,0.0,1,1,1.0,-1.0,28.2,33.8,23.1,0.2,77.0,8.3,1,0,1,515.0,36924.0,39637.0,27683.0,16684.0,15458.0,15222.0,26732.285714285714,21638.714285714286,18914.066666666666,8873.214631956154,6218.25282553702,20240.0,7818.219047619048,40792200.0,21838750.0,20110250.0,31502785.714285713,23983260.0,1104.7611309717256,1207.9175486351676,45478.0,48335.0,22287.0,19679.0,34060.42857142857,24124.5,32164600.0,20837700.0,27098671.42857143,34241.0,36744900.0,Eid al-Fitr Holiday
2025-03-31,1009.0,0.0,1.0,0.8660254037844386,0.5000000000000001,0.9992088560679753,0.03977011384605572,0.0,1,1,0.0,0.0,28.7,34.3,24.0,0.0,74.0,8.9,0,0,1,516.0,34241.0,36924.0,39637.0,18115.0,15669.0,15064.0,29240.428571428572,22980.35714285714,19262.466666666667,7997.71746306696,6769.204637908753,16126.0,9977.961904761905,36744900.0,24459050.0,21227950.0,33632235.71428572,24234386.666666668,1073.1257848777782,1174.2264210784053,31465.0,45478.0,24097.0,20224.0,35371.57142857143,24309.0,22526850.0,22686550.0,27339978.57142857,19418.0,17500000.0,Eid al-Fitr
2025-04-01,1010.0,0.7818314824680298,0.6234898018587336,1.0,6.123233995736766e-17,0.9997451236925734,0.022576263041545485,0.0,1,1,1.0,1.0,28.6,34.6,23.5,0.0,73.0,10.1,0,0,1,517.0,19418.0,34241.0,36924.0,21655.0,15702.0,15128.0,29426.571428571428,23248.14285714286,19241.166666666668,7705.445106268218,6767.623502221175,-2237.0,10185.40476190476,17500000.0,27806500.0,21267650.0,32638085.714285713,23990938.333333332,901.2256669069935,1110.0858347925348,16051.0,31465.0,29233.0,20992.0,34222.142857142855,24075.333333333332,6878950.0,25711550.0,25081750.0,26010.0,24388400.0,Eid al-Fitr Holiday
2025-04-02,1011.0,0.9749279121818236,-0.22252093395631434,1.0,6.123233995736766e-17,0.9999855506507186,0.005375731557583884,0.0,1,1,2.0,2.0,28.3,33.8,23.0,0.0,74.0,8.3,0,0,1,518.0,26010.0,19418.0,34241.0,26428.0,16025.0,15510.0,30048.714285714286,23984.428571428572,19600.766666666666,7127.523078748585,6832.995877930591,-418.0,10447.94761904762,24388400.0,32313850.0,21689250.0,32149785.714285713,24108628.333333332,937.6547481737794,1060.5981781754765,16938.0,16051.0,33766.0,21164.0,32465.714285714286,23962.733333333334,9006350.0,27899900.0,22695292.85714286,25955.0,23827900.0,Eid al-Fitr Holiday
2025-04-03,1012.0,0.43388373911755823,-0.900968867902419,1.0,6.123233995736766e-17,0.9999300657962057,-0.011826390691832589,0.0,1,1,3.0,3.0,29.1,34.6,24.1,0.0,69.0,7.2,0,0,1,519.0,25955.0,26010.0,19418.0,27683.0,17587.0,17024.0,29981.14285714286,24693.714285714286,19963.8,7169.687055666304,6872.848580740993,-1728.0,10017.34285714286,23827900.0,30767850.0,23215950.0,30937507.14285714,24216983.333333332,918.0466191485262,1017.074459018615,18189.0,16938.0,35227.0,22229.0,30240.428571428572,23920.4,10544700.0,26537500.0,20215978.57142857,28123.0,26863600.0,Eid al-Fitr Holiday
2025-04-04,1013.0,-0.433883739117558,-0.9009688679024191,1.0,6.123233995736766e-17,0.9995786855478958,-0.029025013321975237,1.0,0,0,4.0,4.0,28.7,34.5,25.0,0.0,68.0,7.2,0,0,1,520.0,28123.0,25955.0,26010.0,39637.0,18599.0,16724.0,30044.0,25446.285714285714,20396.966666666667,7148.077270613765,6966.431736318245,-11514.0,9647.033333333333,26863600.0,42541300.0,24029500.0,30379757.14285714,24417661.666666668,955.2181488461401,994.757792340807,22348.0,18189.0,48335.0,23494.0,28400.571428571428,23974.633333333335,13893100.0,33852900.0,18409635.714285713,37707.0,36725150.0,
2025-04-05,1014.0,-0.9749279121818236,-0.2225209339563146,1.0,6.123233995736766e-17,0.9989315138848577,-0.046215046983708354,1.0,0,0,5.0,5.0,28.9,34.9,24.2,1.4,65.0,8.4,1,0,1,521.0,37707.0,28123.0,25955.0,36924.0,16776.0,15161.0,29768.285714285714,26811.14285714286,21136.866666666665,6742.079840184857,7581.1363297711005,783.0,8631.419047619049,36725150.0,40792200.0,21209250.0,29548878.57142857,24935835.0,973.961068236667,980.5704524516586,35821.0,22348.0,45478.0,21195.0,26612.85714285714,24487.2,22518100.0,32164600.0,16790378.57142857,42559.0,41107550.0,
2025-04-06,1015.0,-0.7818314824680299,0.6234898018587334,1.0,6.123233995736766e-17,0.9979887423155984,-0.06339140486951038,0.0,0,0,6.0,6.0,27.9,34.4,23.5,2.7,75.0,9.6,1,0,1,522.0,42559.0,37707.0,28123.0,34241.0,16684.0,15122.0,30573.285714285714,28652.785714285714,21988.033333333333,7964.460574206746,8483.23457537985,8318.0,8585.252380952381,41107550.0,36744900.0,21838750.0,29593928.57142857,25577193.333333332,965.8955802532954,960.73251663474,42798.0,35821.0,31465.0,22287.0,26230.0,25207.633333333335,26624700.0,22526850.0,15998964.285714285,32136.0,35674300.0,
2025-04-07,1016.0,0.0,1.0,1.0,6.123233995736766e-17,0.9967506498213929,-0.08054900421874167,0.0,0,0,7.0,7.0,28.4,34.5,24.0,0.0,72.0,6.5,0,0,1,523.0,32136.0,42559.0,37707.0,19418.0,18115.0,15169.0,30272.571428571428,29756.5,22501.766666666666,7841.691332383555,8619.037307965005,12718.0,7770.804761904761,35674300.0,17500000.0,24459050.0,29440985.714285713,26037386.666666668,1110.1039332835448,966.0151092641352,36947.0,42798.0,16051.0,24097.0,27013.14285714286,25733.933333333334,27929150.0,6878950.0,16770721.42857143,27099.0,32729150.0,
2025-04-08,1017.0,0.7818314824680298,0.6234898018587336,1.0,6.123233995736766e-17,0.9952176027737294,-0.09768276782171598,0.0,0,0,8.0,8.0,28.6,33.4,23.8,0.0,71.0,7.9,0,0,1,524.0,27099.0,32136.0,42559.0,26010.0,21655.0,15272.0,31369.85714285714,30398.214285714286,22899.7,6490.689753499915,8543.687910603585,1089.0,8470.15714285714,32729150.0,24388400.0,27806500.0,31616578.57142857,26498210.0,1207.7622790508874,1009.8060538561201,35234.0,36947.0,16938.0,29233.0,29753.571428571428,26251.5,28620450.0,9006350.0,19876650.0,23652.0,29636100.0,
2025-04-09,1018.0,0.9749279121818236,-0.22252093395631434,1.0,6.123233995736766e-17,0.9933900548258936,-0.11478762552212701,0.0,0,0,9.0,9.0,28.4,33.4,23.3,0.0,65.0,5.6,0,0,1,525.0,23652.0,27099.0,32136.0,25955.0,26428.0,15298.0,31033.0,30540.85714285714,23184.033333333333,6865.581572840838,8416.919464668377,-2303.0,7848.966666666667,29636100.0,23827900.0,32313850.0,32366250.0,26823196.666666668,1253.0060882800608,1054.8562452998744,30910.0,35234.0,18189.0,33766.0,31749.571428571428,26624.8,26639900.0,10544700.0,22395728.57142857,20677.0,26672500.0,
2025-04-10,1019.0,0.43388373911755823,-0.900968867902419,1.0,6.123233995736766e-17,0.9912685467787256,-0.13185851571739118,0.0,0,0,10.0,10.0,27.8,33.9,23.9,5.4,66.0,8.1,1,0,1,526.0,20677.0,23652.0,27099.0,28123.0,27683.0,16910.0,30279.0,30130.071428571428,23367.633333333335,7749.1752464374185,8295.251348204334,-7446.0,6911.366666666665,26672500.0,26863600.0,30767850.0,32772621.42857143,27021851.666666668,1289.9598587802873,1107.9867081044117,25911.0,30910.0,22348.0,35227.0,32852.71428571428,26802.333333333332,23193150.0,13893100.0,24202650.0,20759.0,25820600.0,
2025-04-11,1020.0,-0.433883739117558,-0.9009688679024191,1.0,6.123233995736766e-17,0.9888537064205885,-0.1488903868564548,1.0,0,0,11.0,11.0,26.8,31.5,22.6,1.8,75.0,7.7,1,0,1,527.0,20759.0,20677.0,23652.0,37707.0,39637.0,17325.0,29227.0,29635.5,23550.533333333333,8549.205011773427,8170.144913809331,-16948.0,5676.466666666667,25820600.0,36725150.0,42541300.0,32623621.42857143,27188328.333333332,1243.8267739293801,1149.2165116877318,25301.0,25911.0,35821.0,48335.0,33274.57142857143,26958.633333333335,22594900.0,22518100.0,25445764.285714287,23579.0,28718900.0,
2025-04-12,1021.0,-0.9749279121818236,-0.2225209339563146,1.0,6.123233995736766e-17,0.986146248341595,-0.16587819893463143,1.0,0,0,12.0,12.0,27.9,33.2,23.5,0.0,76.0,5.6,0,0,1,528.0,23579.0,20759.0,20677.0,42559.0,36924.0,15705.0,27208.714285714286,28488.5,23826.566666666666,7852.903936639872,8020.227534322184,-18980.0,3382.1476190476205,28718900.0,41107550.0,40792200.0,31479871.42857143,27446648.333333332,1217.9863437804827,1184.0772653368483,26506.0,25301.0,42798.0,45478.0,31943.85714285714,27150.633333333335,23374850.0,26624700.0,25568157.14285714,20648.0,25183000.0,
2025-04-13,1022.0,-0.7818314824680299,0.6234898018587334,1.0,6.123233995736766e-17,0.9831469737221499,-0.1828169249850199,0.0,0,0,13.0,13.0,28.4,34.0,23.2,0.0,68.0,5.1,0,0,1,529.0,20648.0,23579.0,20759.0,32136.0,34241.0,15458.0,24078.571428571428,27325.928571428572,23951.166666666668,4259.02456974756,7937.679844645589,-11488.0,127.40476190475965,25183000.0,35674300.0,36744900.0,29204935.714285713,27557335.0,1219.6338628438589,1220.3255914212145,24640.0,26506.0,36947.0,31465.0,29349.85714285714,27258.833333333332,21530850.0,27929150.0,24840464.285714287,19227.0,24404600.0,
2025-04-14,1023.0,0.0,1.0,1.0,6.123233995736766e-17,0.9798567700958665,-0.1997015525660636,0.0,1,0,14.0,14.0,28.9,34.0,24.5,0.0,64.0,6.7,0,0,1,530.0,19227.0,20648.0,23579.0,27099.0,19418.0,15669.0,22234.428571428572,26253.5,24014.566666666666,2697.075320734223,7890.385151577251,-7872.0,-1780.1380952380932,24404600.0,32729150.0,17500000.0,27594978.57142857,27631621.666666668,1269.287980444167,1243.0661695870178,23977.0,24640.0,35234.0,16051.0,27497.0,27335.6,21716200.0,28620450.0,23952900.0,19150.0,24308850.0,Bengali New Year
2025-04-15,1024.0,0.7818314824680298,0.6234898018587336,1.0,6.123233995736766e-17,0.9762766110869321,-0.21652708524481437,0.0,0,0,15.0,15.0,27.4,32.6,23.9,0.5,74.0,4.5,1,0,1,531.0,19150.0,19227.0,20648.0,23652.0,26010.0,15702.0,21098.85714285714,26234.35714285714,24129.4,1846.9920978507926,7789.707327510883,-4502.0,-3030.54285714286,24308850.0,29636100.0,24388400.0,26392078.57142857,27785826.666666668,1269.3916449086162,1251.8703647095504,24093.0,23977.0,30910.0,16938.0,25905.428571428572,27484.3,21959350.0,26639900.0,23001314.285714287,17597.0,22110900.0,
2025-04-16,1025.0,0.9749279121818236,-0.22252093395631434,1.0,6.123233995736766e-17,0.9724075561219968,-0.23328854407545518,0.0,0,0,16.0,16.0,26.6,32.9,23.8,11.6,80.0,7.2,1,0,1,532.0,17597.0,19150.0,19227.0,20677.0,25955.0,16025.0,20233.85714285714,25633.428571428572,24200.7,1869.722299217196,7717.050598601787,-3080.0,-3966.8428571428594,22110900.0,26672500.0,23827900.0,25317050.0,27852515.0,1256.5153151105303,1252.3716828281888,22664.0,24093.0,25911.0,18189.0,24727.428571428572,27583.8,20782550.0,23193150.0,22164550.0,17510.0,23525400.0,
2025-04-17,1026.0,0.43388373911755823,-0.900968867902419,1.0,6.123233995736766e-17,0.9682507501166718,-0.2499809690726521,0.0,0,0,17.0,17.0,25.7,30.8,21.6,13.8,82.0,7.9,1,0,1,533.0,17510.0,17597.0,19150.0,20759.0,28123.0,17587.0,19781.428571428572,25030.214285714286,24262.066666666666,2112.0822945726413,7653.928028879372,-3249.0,-4480.638095238093,23525400.0,25820600.0,26863600.0,24867464.285714287,27929096.666666668,1343.5408338092518,1260.0261078323267,22749.0,22664.0,25301.0,22348.0,24275.714285714286,27667.966666666667,21382200.0,22594900.0,21905842.85714286,18550.0,23522050.0,
2025-04-18,1027.0,-0.433883739117558,-0.9009688679024191,1.0,6.123233995736766e-17,0.9638074231367307,-0.26659942067929354,1.0,0,0,18.0,18.0,25.0,30.0,22.6,5.7,86.0,5.8,1,0,1,534.0,18550.0,17510.0,17597.0,23579.0,37707.0,18599.0,19465.85714285714,24346.428571428572,24357.0,2106.6965790521726,7561.194961206874,-5029.0,-4891.142857142859,23522050.0,28718900.0,36725150.0,24539100.0,28004243.333333332,1268.035040431267,1263.4844316183105,22668.0,22749.0,26506.0,35821.0,23899.571428571428,27723.833333333332,20597350.0,23374850.0,21620478.57142857,21120.0,25636900.0,
2025-04-19,1028.0,-0.9749279121818236,-0.2225209339563146,1.0,6.123233995736766e-17,0.9590788900341131,-0.28313898122818354,1.0,0,0,19.0,19.0,26.0,30.3,22.1,17.3,83.0,8.1,1,0,1,535.0,21120.0,18550.0,17510.0,20648.0,42559.0,16776.0,19114.571428571428,23161.64285714286,24526.833333333332,1389.4516732800182,7423.562329563918,472.0,-5412.261904761905,25636900.0,25183000.0,41107550.0,24098814.285714287,28135831.666666668,1213.8683712121212,1262.8961498228305,23853.0,22668.0,24640.0,42798.0,23520.571428571428,27813.466666666667,21388850.0,21530850.0,21336764.285714287,18381.0,22506000.0,
2025-04-20,1029.0,-0.7818314824680299,0.6234898018587334,1.0,6.123233995736766e-17,0.9540665500578387,-0.2995947563972602,0.0,0,0,20.0,20.0,27.0,30.6,23.7,1.2,86.0,7.8,1,0,1,536.0,18381.0,21120.0,18550.0,19227.0,32136.0,16684.0,18790.714285714286,21434.64285714286,24553.3,1227.1916061051616,7399.342977123332,-846.0,-5762.585714285713,22506000.0,24404600.0,35674300.0,23716385.714285713,28112166.666666668,1224.4165170556553,1263.5793861388013,22047.0,23853.0,23977.0,36947.0,23150.14285714286,27807.4,19696350.0,21716200.0,21074692.85714286,17664.0,22302400.0,
2025-04-21,1030.0,0.0,1.0,1.0,6.123233995736766e-17,0.9487718864399473,-0.31596187665790293,0.0,0,0,21.0,21.0,27.8,33.2,23.3,21.5,86.0,11.4,1,1,1,537.0,17664.0,18381.0,21120.0,19150.0,27099.0,18115.0,18567.428571428572,20400.928571428572,24522.133333333335,1275.8095282528288,7427.204522301299,-1486.0,-5954.704761904763,22302400.0,24308850.0,32729150.0,23416071.42857143,28054596.666666668,1262.590579710145,1262.6226146053693,21965.0,22047.0,24093.0,35234.0,22862.714285714286,27756.433333333334,20255050.0,21959350.0,20865957.14285714,17227.0,22863850.0,
2025-04-22,1031.0,0.7818314824680298,0.6234898018587336,1.0,6.123233995736766e-17,0.9431964659565866,-0.33223549871590435,0.0,0,0,22.0,22.0,29.7,35.2,26.0,0.0,79.0,17.2,0,0,1,538.0,17227.0,17664.0,18381.0,17597.0,23652.0,21655.0,18292.714285714286,19695.785714285714,24537.166666666668,1335.1169379852174,7411.424666820471,-370.0,-6244.452380952382,22863850.0,22110900.0,29636100.0,23209642.85714286,28109750.0,1327.2101933012132,1270.8824072328832,21757.0,21965.0,22664.0,30910.0,22529.0,27775.166666666668,20391800.0,20782550.0,20642021.42857143,16706.0,22198250.0,
2025-04-23,1032.0,0.9749279121818236,-0.22252093395631434,1.0,6.123233995736766e-17,0.9373419384643772,-0.3484108069446808,0.0,0,0,23.0,23.0,30.1,36.0,26.7,0.4,79.0,18.2,1,0,1,539.0,16706.0,17227.0,17664.0,17510.0,20677.0,26428.0,18165.428571428572,19199.64285714286,24537.9,1450.026190239594,7410.621875110279,-804.0,-6372.471428571429,22198250.0,23525400.0,26672500.0,23222121.42857143,28121733.333333332,1328.7591284568418,1281.2029519966422,21623.0,21757.0,22749.0,25911.0,22380.285714285714,27753.033333333333,20269250.0,21382200.0,20568692.85714286,16941.0,22330800.0,
2025-04-24,1033.0,0.43388373911755823,-0.900968867902419,1.0,6.123233995736766e-17,0.9312100364121947,-0.3644830148102912,0.0,0,0,24.0,24.0,30.1,35.3,26.5,0.0,79.0,17.3,0,0,1,540.0,16941.0,16706.0,17227.0,18550.0,20759.0,27683.0,18084.14285714286,18932.785714285714,24498.766666666666,1507.6937607452928,7448.710796499348,-1609.0,-6414.623809523808,22330800.0,23522050.0,25820600.0,23051464.285714287,28050791.666666668,1318.1512307419869,1277.5758658441757,21427.0,21623.0,22668.0,25301.0,22191.428571428572,27664.033333333333,19936000.0,20597350.0,20362092.85714286,18685.0,23656550.0,
2025-04-25,1034.0,-0.433883739117558,-0.9009688679024191,1.0,6.123233995736766e-17,0.9248025743285089,-0.38044736628785164,1.0,0,0,25.0,25.0,30.1,35.1,27.0,0.4,80.0,16.7,1,0,1,541.0,18685.0,16941.0,16706.0,21120.0,23579.0,39637.0,18103.428571428572,18784.64285714286,24399.766666666666,1515.4892342235312,7507.316723833817,-2435.0,-6296.338095238094,23656550.0,25636900.0,28718900.0,23070678.57142857,27912460.0,1266.071715279636,1277.295390822514,22644.0,21427.0,23853.0,26506.0,22188.0,27444.4,20611900.0,21388850.0,20364171.42857143,20866.0,24590300.0,
2025-04-26,1035.0,-0.9749279121818236,-0.2225209339563146,1.0,6.123233995736766e-17,0.9181214482844365,-0.39629913726891813,1.0,0,0,26.0,26.0,29.7,34.3,26.0,0.3,78.0,17.4,1,0,1,542.0,20866.0,18685.0,16941.0,18381.0,20648.0,36924.0,18067.14285714286,18590.85714285714,24214.366666666665,1431.964085742709,7524.160874205204,2485.0,-6147.223809523806,24590300.0,22506000.0,25183000.0,22921164.285714287,27655008.333333332,1178.486533116074,1272.240842523079,23612.0,22644.0,22047.0,24640.0,22153.571428571428,27105.933333333334,21251050.0,19696350.0,20344485.714285713,18461.0,22325250.0,
2025-04-27,1036.0,-0.7818314824680299,0.6234898018587334,1.0,6.123233995736766e-17,0.9111686353326631,-0.41203363695942635,0.0,0,0,27.0,27.0,29.4,33.0,26.7,0.9,79.0,11.3,1,0,1,543.0,18461.0,20866.0,18685.0,17664.0,19227.0,34241.0,18078.571428571428,18434.64285714286,23906.966666666667,1435.2020597744279,7565.830348409907,797.0,-5828.39523809524,22325250.0,22302400.0,24404600.0,22895342.85714286,27373588.333333332,1209.3196468230324,1270.0841467755615,21572.0,23612.0,21965.0,23977.0,22085.714285714286,26650.766666666666,19385350.0,20255050.0,20300057.14285714,16962.0,21317500.0,
2025-04-28,1037.0,0.0,1.0,1.0,6.123233995736766e-17,0.9039461929224011,-0.42764620926777464,0.0,0,0,28.0,28.0,25.8,29.0,23.3,38.8,87.0,9.5,1,1,1,544.0,16962.0,18461.0,20866.0,17227.0,19150.0,19418.0,17978.285714285714,18272.85714285714,23151.133333333335,1492.3857537832027,7055.6213086145335,-265.0,-5172.847619047621,21317500.0,22863850.0,24308850.0,22754642.85714286,26666128.333333332,1256.779860865464,1269.2540440834641,21477.0,21572.0,21757.0,24093.0,22016.0,25755.5,19688500.0,20391800.0,20219121.42857143,16813.0,22781500.0,
2025-04-29,1038.0,0.7818314824680298,0.6234898018587336,1.0,6.123233995736766e-17,0.8964562582905575,-0.44313223418263453,0.0,0,0,29.0,29.0,25.1,29.6,22.7,1.3,83.0,5.8,1,0,1,545.0,16813.0,16962.0,18461.0,16706.0,17597.0,26010.0,17919.14285714286,18105.928571428572,22480.766666666666,1534.7240173802052,6645.377712641986,107.0,-4561.623809523808,22781500.0,22198250.0,22110900.0,22742878.57142857,26065771.666666668,1354.9931600547195,1273.2230393339648,21583.0,21477.0,21623.0,22664.0,21991.14285714286,24959.0,20169450.0,20269250.0,20187357.14285714,16534.0,21719500.0,
2025-04-30,1039.0,0.9749279121818236,-0.22252093395631434,1.0,6.123233995736766e-17,0.8887010478292915,-0.45848712914008766,0.0,0,0,30.0,30.0,25.7,29.8,22.6,2.9,84.0,3.9,1,0,1,546.0,16534.0,16813.0,16962.0,16941.0,17510.0,25955.0,17894.571428571428,18030.0,21890.533333333333,1558.5755095751533,6344.370264303253,-407.0,-3995.9619047619053,21719500.0,22330800.0,23525400.0,22674485.714285713,25564925.0,1313.6264666747309,1271.061230507949,21384.0,21583.0,21427.0,22749.0,21957.0,24622.966666666667,20080650.0,19936000.0,20160414.285714287,21858.0,26596550.0,
2025-05-01,1040.0,0.43388373911755823,-0.900968867902419,0.8660254037844387,-0.4999999999999998,0.8806828564301475,-0.47370635037968,0.0,1,0,31.0,31.0,25.9,30.7,22.4,7.1,82.0,4.9,1,0,1,547.0,21858.0,16534.0,16813.0,18685.0,18550.0,28123.0,18597.0,18340.571428571428,21971.866666666665,2078.4839025917618,6327.196828434196,3173.0,-3374.866666666665,26596550.0,23656550.0,23522050.0,23283878.57142857,25868143.333333332,1216.787903742337,1256.5807552222848,24209.0,21384.0,22644.0,22668.0,22354.428571428572,24894.9,21513350.0,20611900.0,20385750.0,24605.0,26523650.0,Labour Day
2025-05-02,1041.0,-0.433883739117558,-0.9009688679024191,0.8660254037844387,-0.4999999999999998,0.8724040568049612,-0.48878539428899265,1.0,0,0,32.0,32.0,25.3,30.7,21.9,5.3,84.0,4.9,1,0,1,548.0,24605.0,21858.0,16534.0,20866.0,21120.0,37707.0,19442.714285714286,18773.071428571428,21925.033333333333,3082.2681969768437,6301.42359659139,3739.0,-2482.3190476190466,26523650.0,24590300.0,25636900.0,23693464.285714287,25939318.333333332,1077.9780532412112,1229.7102320739384,25260.0,24209.0,23612.0,23853.0,22728.14285714286,25172.3,21640250.0,21251050.0,20532657.14285714,20735.0,22720200.0,
2025-05-03,1042.0,-0.9749279121818236,-0.2225209339563146,0.8660254037844387,-0.4999999999999998,0.8638670987837349,-0.503719798736334,1.0,0,0,33.0,33.0,26.6,31.1,22.6,0.9,80.0,6.3,1,0,1,549.0,20735.0,24605.0,21858.0,18461.0,18381.0,42559.0,19424.0,18745.571428571428,21751.033333333333,3072.568740755252,6258.229090060443,2274.0,-2327.033333333333,22720200.0,22325250.0,22506000.0,23426307.14285714,25902395.0,1095.7414998794309,1217.8895130401322,22628.0,25260.0,21572.0,22047.0,22587.571428571428,25320.266666666666,19732150.0,19385350.0,20315671.42857143,20609.0,23028600.0,
2025-05-04,1043.0,-0.7818314824680299,0.6234898018587334,0.8660254037844387,-0.4999999999999998,0.8550745085896932,-0.518505144391157,0.0,0,0,34.0,34.0,27.2,32.2,23.8,1.5,79.0,6.8,1,0,1,550.0,20609.0,20735.0,24605.0,16962.0,17664.0,32136.0,19730.85714285714,18904.714285714286,21500.566666666666,3067.6211972020633,6143.731830552802,3647.0,-1769.7095238095244,23028600.0,21317500.0,22302400.0,23526785.714285713,25774561.666666668,1117.405017225484,1204.758851669054,23645.0,22628.0,21477.0,21965.0,22883.714285714286,25363.5,20187100.0,19688500.0,20430207.14285714,17604.0,21625550.0,
2025-05-05,1044.0,0.0,1.0,0.8660254037844387,-0.4999999999999998,0.8460288880917339,-0.533137056031809,0.0,0,0,33.0,-33.0,27.8,32.5,24.0,0.4,77.0,7.3,1,0,1,551.0,17604.0,20609.0,20735.0,16813.0,17227.0,27099.0,19822.571428571428,18900.428571428572,20830.466666666667,2979.3698918362843,5361.682422095027,791.0,-1007.8952380952396,21625550.0,22781500.0,22863850.0,23570792.85714286,25271241.666666668,1228.4452397182458,1200.7110486480228,22300.0,23645.0,21583.0,21757.0,23001.285714285714,24912.8,20563650.0,20169450.0,20555228.57142857,16798.0,21585800.0,
2025-05-06,1045.0,0.7818314824680298,0.6234898018587336,0.8660254037844387,-0.4999999999999998,0.8367329140344921,-0.5476112038402312,0.0,0,0,32.0,-32.0,27.5,33.2,24.3,1.3,81.0,5.6,1,0,1,552.0,16798.0,17604.0,20609.0,16534.0,16706.0,23652.0,19820.428571428572,18869.785714285714,19971.766666666666,2981.8995543747874,3502.1774968640043,264.0,-151.33809523809396,21585800.0,21719500.0,22198250.0,23399978.57142857,24620516.666666668,1285.0220264317181,1190.7151724161654,22264.0,22300.0,21384.0,21623.0,23098.571428571428,24228.333333333332,21065350.0,20080650.0,20683214.285714287,16606.0,21744700.0,
2025-05-07,1046.0,0.9749279121818236,-0.22252093395631434,0.8660254037844387,-0.4999999999999998,0.8271893372462497,-0.5619233046832195,0.0,0,0,31.0,-31.0,28.5,33.0,24.4,0.0,76.0,4.1,0,0,1,553.0,16606.0,16798.0,17604.0,21858.0,16941.0,20677.0,19830.714285714286,18862.64285714286,19454.1,2968.7693137215692,2697.461250241059,-5252.0,376.6142857142877,21744700.0,26596550.0,22330800.0,23403578.57142857,24156196.666666668,1309.4483921474166,1190.1183046265492,21687.0,22264.0,24209.0,21427.0,23141.85714285714,23719.666666666668,20583250.0,21513350.0,20755014.285714287,16896.0,21787550.0,
2025-05-08,1047.0,0.43388373911755823,-0.900968867902419,0.8660254037844387,-0.4999999999999998,0.8174009818249189,-0.5760691233798758,0.0,0,0,30.0,-30.0,30.0,34.9,25.9,0.0,74.0,9.1,0,0,1,554.0,16896.0,16606.0,16798.0,24605.0,18685.0,20759.0,19121.85714285714,18859.428571428572,19114.0,2996.2993524552076,2316.6709021710035,-7709.0,7.857142857141298,21787550.0,26523650.0,23656550.0,22716578.57142857,23791476.666666668,1289.5093513257575,1200.507082852752,21881.0,21687.0,25260.0,22644.0,22809.285714285714,23274.566666666666,20664150.0,21640250.0,20633700.0,20189.0,24245600.0,
2025-05-09,1048.0,-0.433883739117558,-0.9009688679024191,0.8660254037844387,-0.4999999999999998,0.8073707443023492,-0.5900444739548627,1.0,0,0,29.0,-29.0,30.7,36.0,25.7,0.0,72.0,6.9,0,0,1,555.0,20189.0,16896.0,16606.0,20735.0,20866.0,23579.0,18491.0,18966.85714285714,18998.566666666666,1921.5849361052015,2164.003261571533,-546.0,-507.5666666666657,24245600.0,22720200.0,24590300.0,22391142.85714286,23611793.333333332,1200.9312001585022,1218.071818126651,24024.0,21881.0,22628.0,23612.0,22632.714285714286,23045.033333333333,21537150.0,19732150.0,20618971.42857143,22453.0,25735650.0,
2025-05-10,1049.0,-0.9749279121818236,-0.2225209339563146,0.8660254037844387,-0.4999999999999998,0.7971015927871943,-0.6038452208771035,1.0,0,0,28.0,-28.0,30.9,36.0,27.1,1.2,68.0,8.7,1,0,1,556.0,22453.0,20189.0,16896.0,20609.0,18461.0,20648.0,18736.428571428572,19080.214285714286,19057.766666666666,2323.6176433270352,2234.6428038771264,1844.0,-321.33809523809396,25735650.0,23028600.0,22325250.0,22821921.42857143,23580565.0,1146.2009531020353,1225.2803114441656,24813.0,24024.0,23645.0,21572.0,22944.85714285714,23008.433333333334,22494400.0,20187100.0,21013578.57142857,18245.0,21746800.0,
2025-05-11,1050.0,-0.7818314824680299,0.6234898018587334,0.8660254037844387,-0.4999999999999998,0.7865965660866021,-0.6174672802835514,0.0,1,0,27.0,-27.0,30.7,35.8,26.2,3.5,69.0,7.4,1,0,1,557.0,18245.0,22453.0,20189.0,17604.0,16962.0,19227.0,18398.714285714286,19064.785714285714,18973.966666666667,2173.009258630762,2215.7037254224333,641.0,-575.2523809523809,21746800.0,21625550.0,21317500.0,22638807.14285714,23444771.666666668,1191.9320361742944,1235.9270284368529,21811.0,24813.0,22300.0,21477.0,22682.85714285714,22892.1,19799200.0,20563650.0,20958164.285714287,19024.0,22813650.0,Buddha Purnima
2025-05-12,1051.0,0.0,1.0,0.8660254037844387,-0.4999999999999998,0.7758587728069828,-0.6309066211876704,0.0,0,0,26.0,-26.0,29.5,34.3,27.0,5.8,76.0,9.3,1,0,1,558.0,19024.0,18245.0,22453.0,16798.0,16813.0,19150.0,18601.571428571428,19212.071428571428,18822.133333333335,2152.640615394815,2038.2169139976252,2226.0,-220.5619047619075,22813650.0,21585800.0,22781500.0,22808535.714285713,23247930.0,1199.203637510513,1231.749656692891,23007.0,21811.0,22264.0,21583.0,22783.85714285714,22775.466666666667,20534200.0,21065350.0,20953957.14285714,17423.0,21861000.0,
2025-05-13,1052.0,0.7818314824680298,0.6234898018587336,0.8660254037844387,-0.4999999999999998,0.7648913904341226,-0.6441592666722685,0.0,0,0,25.0,-25.0,29.1,33.1,26.9,9.6,83.0,10.3,1,0,1,559.0,17423.0,19024.0,18245.0,16606.0,16534.0,17597.0,18690.85714285714,19255.64285714286,18714.633333333335,2076.9981085347385,2023.5903136434279,817.0,-23.776190476193733,21861000.0,21744700.0,21719500.0,22847850.0,23137196.666666668,1254.720771394134,1227.4209059732364,22165.0,23007.0,21687.0,21384.0,22769.714285714286,22692.966666666667,20457850.0,20583250.0,20867171.42857143,17262.0,22318850.0,
2025-05-14,1053.0,0.9749279121818236,-0.22252093395631434,0.8660254037844387,-0.4999999999999998,0.753697664392914,-0.6572212950663319,0.0,0,0,24.0,-24.0,29.8,34.5,27.0,6.8,79.0,12.2,1,0,1,560.0,17262.0,17423.0,19024.0,16896.0,21858.0,17510.0,18784.571428571428,19307.64285714286,18649.133333333335,1979.7749751880085,2038.1831959443975,366.0,135.4380952380925,22318850.0,21787550.0,26596550.0,22929871.42857143,23067671.666666668,1292.9469354651837,1225.0635550186314,22007.0,22165.0,21881.0,24209.0,22815.428571428572,22627.3,20526900.0,20664150.0,20859121.42857143,17439.0,22844700.0,
2025-05-15,1054.0,0.43388373911755823,-0.900968867902419,0.8660254037844387,-0.4999999999999998,0.742280907086982,-0.6700888411055113,0.0,0,0,23.0,-23.0,29.7,33.3,26.8,2.1,79.0,10.2,1,0,1,561.0,17439.0,17262.0,17423.0,20189.0,24605.0,18550.0,18862.14285714286,18992.0,18592.1,1902.5768866260114,2047.6016475127135,-2750.0,270.04285714286016,22844700.0,24245600.0,26523650.0,23080892.85714286,23018866.666666668,1309.9776363323585,1227.9875957338602,22450.0,22007.0,24024.0,25260.0,22896.714285714286,22572.533333333333,21193450.0,21537150.0,20934735.714285713,18525.0,23254100.0,
2025-05-16,1055.0,-0.433883739117558,-0.9009688679024191,0.8660254037844387,-0.4999999999999998,0.7306444969184916,-0.6827580970759147,1.0,0,0,22.0,-22.0,29.7,32.4,27.1,2.3,80.0,10.6,1,0,1,562.0,18525.0,17439.0,17262.0,22453.0,20735.0,21120.0,18624.428571428572,18557.714285714286,18623.033333333333,1810.9091507805408,2039.0419907961962,-3928.0,1.3952380952396197,23254100.0,25735650.0,22720200.0,22939250.0,23056973.333333332,1255.2820512820513,1235.7520030372245,23135.0,22450.0,24813.0,22628.0,22769.714285714286,22588.233333333334,21162350.0,22494400.0,20881192.85714286,21789.0,25915300.0,
2025-05-17,1056.0,-0.9749279121818236,-0.2225209339563146,0.8660254037844387,-0.4999999999999998,0.7187918772884232,-0.6952253139408722,1.0,0,0,21.0,-21.0,29.7,33.4,27.1,3.7,78.0,12.2,1,0,1,563.0,21789.0,18525.0,17439.0,18245.0,20609.0,18381.0,18529.571428571428,18633.0,18765.666666666668,1579.5526642209106,2107.026411521892,3544.0,-236.09523809524035,25915300.0,21746800.0,23028600.0,22964914.285714287,23136636.666666668,1189.3753728945799,1241.919777293302,23876.0,23135.0,21811.0,23645.0,22635.85714285714,22625.8,21777450.0,19799200.0,20778771.42857143,17891.0,21799100.0,
2025-05-18,1057.0,-0.7818314824680299,0.6234898018587334,0.8660254037844387,-0.4999999999999998,0.7067265555776158,-0.7074868024503348,0.0,0,0,20.0,-20.0,27.1,30.7,25.1,3.9,86.0,10.4,1,0,1,564.0,17891.0,21789.0,18525.0,19024.0,17604.0,17664.0,18479.0,18438.85714285714,18743.7,1595.7657513974593,2112.7796880756573,-1133.0,-264.7000000000007,21799100.0,22813650.0,21625550.0,22972385.714285713,23079205.0,1218.4394388239898,1245.7065491004014,21052.0,23876.0,23007.0,22300.0,22527.428571428572,22571.933333333334,18917950.0,20534200.0,20652878.57142857,17489.0,22853400.0,
2025-05-19,1058.0,0.0,1.0,0.8660254037844387,-0.4999999999999998,0.6944521021088763,-0.719538934232584,0.0,0,0,19.0,-19.0,27.6,31.3,25.8,12.6,87.0,6.8,1,0,1,565.0,17489.0,17891.0,21789.0,17423.0,16798.0,17227.0,18259.714285714286,18430.64285714286,18622.666666666668,1613.757593763191,2075.6328546076415,66.0,-362.95238095238165,22853400.0,21861000.0,21585800.0,22978064.285714287,22986421.666666668,1306.7299445365659,1261.0674501041233,21257.0,21052.0,22165.0,22264.0,22277.428571428572,22485.4,19701200.0,20457850.0,20533878.57142857,17401.0,23455300.0,
2025-05-20,1059.0,0.7818314824680298,0.6234898018587336,0.8660254037844387,-0.4999999999999998,0.6819721490904629,-0.7313781428679254,0.0,0,0,18.0,-18.0,27.5,31.9,25.6,22.9,87.0,10.5,1,1,1,566.0,17401.0,17489.0,17891.0,17262.0,16606.0,16706.0,18256.571428571428,18473.714285714286,18590.0,1615.6789962883752,2087.246610679564,139.0,-333.42857142857247,23455300.0,22318850.0,21744700.0,23205821.42857143,23018065.0,1347.928279983909,1274.3828084740912,21563.0,21257.0,22007.0,21687.0,22191.428571428572,22469.266666666666,20314100.0,20526900.0,20513342.85714286,16914.0,22709850.0,
2025-05-21,1060.0,0.9749279121818236,-0.22252093395631434,0.8660254037844387,-0.4999999999999998,0.6692903895412567,-0.7430009249440493,0.0,0,0,17.0,-17.0,28.2,31.1,25.8,1.6,86.0,9.8,1,0,1,567.0,16914.0,17401.0,17489.0,17439.0,16896.0,16941.0,18206.85714285714,18495.714285714286,18565.0,1656.227483225138,2103.151198919722,-525.0,-358.1428571428587,22709850.0,22844700.0,21787550.0,23261678.57142857,23031646.666666668,1342.6658389499823,1281.4855089719197,22004.0,21563.0,22450.0,21881.0,22191.0,22470.566666666666,20961300.0,21193450.0,20575400.0,17188.0,23043100.0,
2025-05-22,1061.0,0.43388373911755823,-0.900968867902419,0.8660254037844387,-0.4999999999999998,0.6564105761979381,-0.7544038410927472,0.0,0,0,16.0,-16.0,28.2,31.8,26.2,2.0,84.0,7.8,1,0,1,568.0,17188.0,16914.0,17401.0,18525.0,20189.0,18685.0,18171.0,18516.571428571428,18563.7,1678.1935724660814,2104.0186368324194,-1337.0,-392.7000000000007,23043100.0,23254100.0,24245600.0,23290021.42857143,23037621.666666668,1340.6504538049803,1285.8673400394368,21779.0,22004.0,23135.0,24024.0,22095.14285714286,22471.3,20629100.0,21162350.0,20494778.57142857,18541.0,24074750.0,
2025-05-23,1062.0,-0.433883739117558,-0.9009688679024191,0.8660254037844387,-0.4999999999999998,0.6433365204044917,-0.765583517007675,1.0,0,0,15.0,-15.0,28.2,30.9,25.2,0.3,84.0,6.4,1,0,1,569.0,18541.0,17188.0,16914.0,21789.0,22453.0,20866.0,18173.285714285714,18398.85714285714,18624.866666666665,1678.766880211496,2074.618065943816,-3248.0,-451.5809523809512,24074750.0,25915300.0,25735650.0,23407257.14285714,23100171.666666668,1298.4601693544037,1292.0356426212015,23034.0,21779.0,23876.0,24813.0,22080.714285714286,22518.333333333332,21115550.0,21777450.0,20488092.85714286,21328.0,26761800.0,
2025-05-24,1063.0,-0.9749279121818236,-0.2225209339563146,0.8660254037844387,-0.4999999999999998,0.6300720909843687,-0.7765366444428655,1.0,0,0,14.0,-14.0,27.7,30.6,24.8,9.4,87.0,8.6,1,0,1,570.0,21328.0,18541.0,17188.0,17891.0,18245.0,18461.0,18107.428571428572,18318.5,18771.1,1514.2666935013224,2106.207252303396,3437.0,-663.6714285714261,26761800.0,21799100.0,21746800.0,23528185.714285713,23247871.666666668,1254.7730682670667,1301.3781705315566,25079.0,23034.0,21052.0,21811.0,22252.571428571428,22640.066666666666,23196000.0,18917950.0,20690742.85714286,18078.0,22553300.0,
2025-05-25,1064.0,-0.7818314824680299,0.6234898018587334,0.8660254037844387,-0.4999999999999998,0.6166212130956382,-0.7872599821916922,0.0,0,0,13.0,-13.0,28.0,31.6,25.2,24.3,87.0,7.6,1,1,1,571.0,18078.0,21328.0,18541.0,17489.0,19024.0,16962.0,18134.14285714286,18306.571428571428,18750.866666666665,1511.459055413107,2109.975105807337,589.0,-616.7238095238063,22553300.0,22853400.0,22813650.0,23635928.57142857,23211096.666666668,1247.555039274256,1305.537542024452,22157.0,25079.0,21257.0,23007.0,22410.428571428572,22623.833333333332,20360950.0,19701200.0,20896885.714285713,17863.0,23721150.0,
2025-05-26,1065.0,0.0,1.0,0.8660254037844387,-0.4999999999999998,0.6029878670694714,-0.7977503570459932,0.0,0,0,12.0,-12.0,27.6,30.5,25.7,14.7,90.0,6.9,1,0,1,572.0,17863.0,18078.0,21328.0,17401.0,17423.0,16813.0,18187.571428571428,18223.64285714286,18650.766666666666,1491.3292568647446,2077.148006337083,462.0,-463.1952380952389,23721150.0,23455300.0,21861000.0,23759892.85714286,23182125.0,1327.9488327828471,1308.5688117739207,23811.0,22157.0,21563.0,22165.0,22775.285714285714,22630.466666666667,22450500.0,20314100.0,21289642.85714286,17298.0,23475150.0,
2025-05-27,1066.0,0.7818314824680298,0.6234898018587336,0.8660254037844387,-0.4999999999999998,0.5891760872322963,-0.8080046647350754,0.0,0,0,11.0,-11.0,28.9,32.5,25.6,1.4,82.0,7.5,1,0,1,573.0,17298.0,17863.0,18078.0,16914.0,17262.0,16534.0,18172.85714285714,18214.714285714286,18612.0,1500.8611337685254,2091.614225655808,384.0,-439.1428571428587,23475150.0,22709850.0,22318850.0,23762728.57142857,23220455.0,1357.1019771071801,1309.879339934388,23685.0,23811.0,22004.0,22007.0,23078.428571428572,22700.9,22486800.0,20961300.0,21600028.57142857,17981.0,24432900.0,
2025-05-28,1067.0,0.9749279121818236,-0.22252093395631434,0.8660254037844387,-0.4999999999999998,0.5751899607119775,-0.8180198708443175,0.0,0,0,10.0,-10.0,28.0,30.2,26.1,11.1,85.0,15.0,1,0,1,574.0,17981.0,17298.0,17863.0,17188.0,17439.0,21858.0,18325.285714285714,18266.071428571428,18645.966666666667,1402.67312826677,2072.0779256305227,793.0,-320.6809523809534,24432900.0,23043100.0,22844700.0,24008878.57142857,23324301.666666668,1358.8176408431123,1312.1867402048351,24196.0,23685.0,21779.0,22450.0,23391.571428571428,22791.533333333333,22930350.0,20629100.0,21881321.42857143,19237.0,26428650.0,
2025-05-29,1068.0,0.43388373911755823,-0.900968867902419,0.8660254037844387,-0.4999999999999998,0.5610336262283677,-0.8277930117131022,0.0,0,0,9.0,-9.0,26.2,26.9,25.5,79.4,93.0,22.2,1,1,1,575.0,19237.0,17981.0,17298.0,18541.0,18525.0,24605.0,18618.0,18394.5,18726.766666666666,1338.094665310746,2045.2248452960705,696.0,-108.76666666666642,26428650.0,24074750.0,23254100.0,24492528.57142857,23445873.333333332,1373.8446743255186,1316.9287717077693,25053.0,24196.0,23034.0,23135.0,23859.285714285714,22907.2,23724550.0,21115550.0,22323528.57142857,16991.0,24067800.0,
2025-05-30,1069.0,-0.433883739117558,-0.9009688679024191,0.8660254037844387,-0.4999999999999998,0.5467112728685939,-0.8373211953118121,1.0,0,0,8.0,-8.0,27.5,30.4,25.3,28.4,88.0,20.1,1,1,1,576.0,16991.0,19237.0,17981.0,21328.0,21789.0,20735.0,18396.571428571428,18284.928571428572,18742.0,1474.2777731420645,2029.9744690088671,-4337.0,-345.42857142857247,24067800.0,26761800.0,25915300.0,24491535.714285713,23524150.0,1416.502854452357,1333.7920124360483,25102.0,25053.0,25079.0,23876.0,24154.714285714286,23031.133333333335,23928000.0,23196000.0,22725307.14285714,18935.0,25759350.0,
2025-05-31,1070.0,-0.9749279121818236,-0.2225209339563146,0.8660254037844387,-0.4999999999999998,0.5322271388474397,-0.8466016020976267,1.0,0,0,7.0,-7.0,27.5,30.4,25.3,26.8,91.0,14.9,1,1,1,577.0,18935.0,16991.0,19237.0,18078.0,17891.0,20609.0,18054.714285714286,18081.071428571428,18644.566666666666,808.2426851478788,1943.5666588701033,857.0,-589.8523809523795,25759350.0,22553300.0,21799100.0,24348328.57142857,23496243.333333332,1360.40929495643,1348.8829019631,25165.0,25102.0,22157.0,21052.0,24167.0,23063.0,23486100.0,20360950.0,22766750.0,19032.0,25660600.0,
2025-06-01,1071.0,-0.7818314824680299,0.6234898018587334,0.49999999999999994,-0.8660254037844387,0.5175855102531889,-0.8556314858488706,0.0,0,0,6.0,-6.0,28.2,32.1,26.1,4.6,89.0,13.4,1,0,1,578.0,19032.0,18935.0,16991.0,17863.0,17489.0,17604.0,18191.0,18162.571428571428,18458.8,889.2005772976452,1588.0388121723354,1169.0,-267.7999999999993,25660600.0,23721150.0,22853400.0,24792228.57142857,23467475.0,1348.2870954182429,1363.2731956979553,24649.0,25165.0,23811.0,21257.0,24523.0,23042.633333333335,22671150.0,22450500.0,23096778.57142857,20602.0,28446000.0,
2025-06-02,1072.0,0.0,1.0,0.49999999999999994,-0.8660254037844387,0.5027907197793043,-0.8644081744776648,0.0,0,0,5.0,-5.0,28.1,31.0,25.6,33.8,90.0,12.9,1,1,1,579.0,20602.0,19032.0,18935.0,17298.0,17401.0,16798.0,18582.285714285714,18384.928571428572,18454.366666666665,1250.178082552638,1581.6379655354738,3304.0,127.9190476190488,28446000.0,23475150.0,23455300.0,25467207.14285714,23658335.0,1380.7397340064072,1370.814753015607,27173.0,24649.0,23685.0,21563.0,25003.285714285714,23194.133333333335,24927850.0,22486800.0,23450685.714285713,22433.0,30659700.0,
2025-06-03,1073.0,0.7818314824680298,0.6234898018587336,0.49999999999999994,-0.8660254037844387,0.4878471454423119,-0.8729290708206411,0.0,0,0,4.0,-4.0,28.5,32.5,26.1,0.3,88.0,13.6,1,0,1,580.0,22433.0,20602.0,19032.0,17981.0,16914.0,16606.0,19315.85714285714,18744.35714285714,18515.166666666668,1769.6229757183137,1698.0918313849534,4452.0,800.6904761904734,30659700.0,24432900.0,22709850.0,26493571.42857143,23912705.0,1366.7231311015023,1372.1892035862243,30167.0,27173.0,24196.0,22004.0,25929.285714285714,23411.533333333333,27545400.0,22930350.0,24173342.85714286,25274.0,33034050.0,
2025-06-04,1074.0,0.9749279121818236,-0.22252093395631434,0.49999999999999994,-0.8660254037844387,0.47275920928627757,-0.881191653407483,0.0,0,0,3.0,-3.0,27.7,30.0,24.8,5.8,86.0,11.2,1,0,1,581.0,25274.0,22433.0,20602.0,19237.0,17188.0,16896.0,20357.714285714286,19341.5,18770.833333333332,2735.8347729278976,2088.6606842719184,6037.0,1586.880952380954,33034050.0,26428650.0,23043100.0,27722307.14285714,24292988.333333332,1307.036875840785,1364.7919514430348,33564.0,30167.0,25053.0,21779.0,27267.571428571428,23787.0,28663900.0,23724550.0,24992421.42857143,37465.0,40906150.0,
2025-06-05,1075.0,0.43388373911755823,-0.900968867902419,0.49999999999999994,-0.8660254037844387,0.4575313760742512,-0.8891934772070711,0.0,0,0,2.0,-2.0,27.0,29.9,24.9,20.1,89.0,5.3,1,1,1,582.0,37465.0,25274.0,22433.0,16991.0,18541.0,20189.0,22961.714285714286,20789.85714285714,19459.733333333334,6938.374730782501,3973.424215384339,20474.0,3501.9809523809527,40906150.0,24067800.0,24074750.0,29790521.42857143,24937000.0,1091.8497264113173,1324.506958883863,51849.0,33564.0,25102.0,23034.0,31095.571428571428,24773.166666666668,35983000.0,23928000.0,26743628.57142857,52487.0,54328000.0,
2025-06-06,1076.0,-0.433883739117558,-0.9009688679024191,0.49999999999999994,-0.8660254037844387,0.44216815196707204,-0.8969321743510065,1.0,0,0,1.0,-1.0,28.0,31.1,25.2,1.3,87.0,5.9,1,0,1,583.0,52487.0,37465.0,25274.0,18935.0,21328.0,22453.0,28032.571428571428,23214.571428571428,20655.766666666666,12549.529776810215,7186.185447684067,33552.0,7376.804761904761,54328000.0,25759350.0,26761800.0,34113407.14285714,26023110.0,1035.0753519919217,1270.0173156752294,64283.0,51849.0,25165.0,25079.0,36692.857142857145,26193.033333333333,41080950.0,23486100.0,29194050.0,40118.0,44794300.0,
2025-06-07,1077.0,-0.9749279121818236,-0.2225209339563146,0.49999999999999994,-0.8660254037844387,0.42667408318992467,-0.9044054548343001,1.0,1,1,0.0,0.0,28.9,33.0,25.6,0.3,85.0,5.2,1,0,1,584.0,40118.0,52487.0,37465.0,19032.0,18078.0,18245.0,31058.714285714286,24556.714285714286,21429.833333333332,12544.143251125608,7974.666531060081,21086.0,9628.880952380954,44794300.0,25660600.0,22553300.0,36832685.71428572,26790001.666666668,1116.5636372700533,1235.1822217200329,48184.0,64283.0,24649.0,22157.0,39981.28571428572,27069.8,34372750.0,22671150.0,30749285.714285713,18851.0,18178850.0,Eid-ul-Azha
2025-06-08,1078.0,-0.7818314824680299,0.6234898018587334,0.49999999999999994,-0.8660254037844387,0.4110537546870351,-0.9116111071930239,0.0,1,1,1.0,1.0,29.2,32.7,25.7,0.4,82.0,5.0,1,0,1,585.0,18851.0,40118.0,52487.0,20602.0,17863.0,19024.0,31032.85714285714,24611.928571428572,21385.233333333334,12573.218434813023,7985.579506030045,-1751.0,9647.623809523808,18178850.0,28446000.0,23721150.0,35763864.28571428,26587776.666666668,964.3440666277651,1180.3332176071074,21198.0,48184.0,27173.0,23811.0,39488.28571428572,26975.6,14772300.0,24927850.0,29620878.57142857,28287.0,27679850.0,Eid-ul-Azha Holiday
2025-06-09,1079.0,0.0,1.0,0.49999999999999994,-0.8660254037844387,0.3953117887649151,-0.9185469991587165,0.0,1,1,2.0,2.0,29.7,33.1,25.9,0.2,80.0,4.5,1,0,1,586.0,28287.0,18851.0,40118.0,22433.0,17298.0,17423.0,32130.714285714286,25356.5,21579.7,11823.809661220026,8082.920819596263,5854.0,10551.014285714286,27679850.0,30659700.0,23475150.0,35654414.28571428,26652583.333333332,978.5360766429809,1122.875552269475,23624.0,21198.0,30167.0,23685.0,38981.28571428572,26935.966666666667,14387350.0,27545400.0,28115092.85714286,29040.0,28261300.0,Eid-ul-Azha Holiday
2025-06-10,1080.0,0.7818314824680298,0.6234898018587336,0.49999999999999994,-0.8660254037844387,0.37945284372454435,-0.925211078289358,0.0,1,1,3.0,3.0,29.8,33.4,26.7,4.3,81.0,7.1,1,0,1,587.0,29040.0,28287.0,18851.0,25274.0,17981.0,17262.0,33074.57142857143,26195.214285714286,21939.533333333333,11166.06195661862,8169.172733760971,3766.0,11135.038095238095,28261300.0,33034050.0,24432900.0,35311785.71428572,26869733.333333332,973.185261707989,1066.6558566418303,23803.0,23624.0,33564.0,24196.0,38072.142857142855,27002.366666666665,14920300.0,28663900.0,26311507.14285714,28670.0,27028150.0,Eid-ul-Azha Holiday
2025-06-11,1081.0,0.9749279121818236,-0.22252093395631434,0.49999999999999994,-0.8660254037844387,0.36348161248290634,-0.9316013725767187,0.0,1,1,4.0,4.0,29.5,33.2,25.8,4.4,82.0,7.5,1,0,1,588.0,28670.0,29040.0,28287.0,37465.0,19237.0,17439.0,33559.71428571428,26958.714285714286,22261.066666666666,10839.660414642143,8239.985453340625,-8795.0,11298.647619047617,27028150.0,40906150.0,26428650.0,34453800.0,27010216.666666668,942.732821764911,1014.612420345277,26849.0,23803.0,51849.0,25053.0,37112.857142857145,27130.433333333334,16662750.0,35983000.0,24597057.14285714,30300.0,29882200.0,Eid-ul-Azha Holiday
2025-06-12,1082.0,0.43388373911755823,-0.900968867902419,0.49999999999999994,-0.8660254037844387,0.3474028211842774,-0.9377159910299093,0.0,1,1,5.0,5.0,29.3,32.5,26.3,0.3,84.0,8.1,1,0,1,589.0,30300.0,28670.0,29040.0,52487.0,16991.0,18525.0,32536.14285714286,27748.928571428572,22690.3,10747.325394853142,8314.328658696888,-22187.0,9845.84285714286,29882200.0,54328000.0,24067800.0,32878950.0,27277590.0,986.2112211221122,999.5212053039619,31998.0,26849.0,64283.0,25102.0,34277.0,27458.2,21345700.0,41080950.0,22506014.285714287,31601.0,33074650.0,Eid-ul-Azha Holiday
2025-06-13,1083.0,-0.433883739117558,-0.9009688679024191,0.49999999999999994,-0.8660254037844387,0.3312212278016865,-0.9435531242349544,1.0,0,0,6.0,6.0,29.8,33.5,26.2,0.0,80.0,6.9,0,0,1,590.0,31601.0,30300.0,28670.0,40118.0,18935.0,21789.0,29552.428571428572,28792.5,23168.266666666666,6238.989684693563,8403.18974713993,-8517.0,6384.161904761906,33074650.0,44794300.0,25759350.0,29842757.14285714,27636116.666666668,1046.6330179424701,1001.1723004397545,38539.0,31998.0,48184.0,25165.0,30599.285714285714,28009.266666666666,27969200.0,34372750.0,20632907.14285714,38781.0,39902650.0,
2025-06-14,1084.0,-0.9749279121818236,-0.2225209339563146,0.49999999999999994,-0.8660254037844387,0.31494162072895193,-0.9491110448902284,1.0,0,0,7.0,7.0,29.7,33.3,26.8,1.7,82.0,8.6,1,0,1,591.0,38781.0,31601.0,30300.0,18851.0,19032.0,17891.0,29361.428571428572,30210.071428571428,23879.666666666668,5871.255086070839,8795.658385634504,19930.0,5481.761904761905,39902650.0,18178850.0,25660600.0,29143950.0,28204715.0,1028.9226683169593,988.6521620178839,49182.0,38539.0,21198.0,24649.0,30741.85714285714,28900.333333333332,34313200.0,14772300.0,20624400.0,38704.0,39938350.0,
2025-06-15,1085.0,-0.7818314824680299,0.6234898018587334,0.49999999999999994,-0.8660254037844387,0.2985688173637202,-0.9543881083175908,0.0,0,0,8.0,8.0,28.2,30.9,26.3,13.6,88.0,9.5,1,0,1,592.0,38704.0,38781.0,31601.0,28287.0,20602.0,17489.0,32197.571428571428,31615.214285714286,24552.3,4606.850075598915,9137.003059367858,10417.0,7645.271428571428,39938350.0,27679850.0,28446000.0,32252450.0,28760856.666666668,1031.8920525010335,998.3018742854937,51595.0,49182.0,23624.0,27173.0,35084.28571428572,29849.0,34836250.0,14387350.0,23490678.57142857,27781.0,32526650.0,
2025-06-16,1086.0,0.0,1.0,0.49999999999999994,-0.8660254037844387,0.2821076626819194,-0.9593827529490743,0.0,0,0,9.0,9.0,28.0,30.1,26.0,17.1,87.0,13.5,1,0,1,593.0,27781.0,38704.0,38781.0,29040.0,22433.0,17401.0,32125.285714285714,32128.0,24752.033333333333,4681.797436678926,9140.006407918032,-1259.0,7373.252380952381,32526650.0,28261300.0,30659700.0,32944850.0,28981235.0,1170.8235844642022,1025.7715182599538,41989.0,51595.0,23803.0,30167.0,37707.857142857145,30452.766666666666,32820200.0,14920300.0,26123942.85714286,23059.0,29243700.0,
2025-06-17,1087.0,0.7818314824680298,0.6234898018587336,0.49999999999999994,-0.8660254037844387,0.26556302780405594,-0.9640935007889755,0.0,0,0,10.0,10.0,27.3,30.6,25.6,14.9,89.0,18.8,1,0,1,594.0,23059.0,27781.0,38704.0,28670.0,25274.0,16914.0,31270.85714285714,32172.714285714286,24924.3,5760.260047039718,9054.536120374887,-5611.0,6346.557142857142,29243700.0,27028150.0,33034050.0,33085192.85714286,29229388.333333332,1268.2119779695563,1067.9181920116064,33311.0,41989.0,26849.0,33564.0,39066.142857142855,30861.4,28016550.0,16662750.0,27994835.714285713,19835.0,26272850.0,
2025-06-18,1088.0,0.9749279121818236,-0.22252093395631434,0.49999999999999994,-0.8660254037844387,0.24893980855376657,-0.9685189578512204,0.0,0,0,11.0,11.0,26.8,29.3,25.3,16.1,92.0,15.6,1,0,1,595.0,19835.0,23059.0,27781.0,30300.0,37465.0,17188.0,30008.714285714286,31784.214285714286,25002.5,7210.489042921678,8998.060974071279,-10465.0,5006.214285714286,26272850.0,29882200.0,40906150.0,32977292.85714286,29343370.0,1324.5702041845223,1122.4663895001222,29343.0,33311.0,31998.0,51849.0,39422.42857142857,31130.933333333334,25854200.0,21345700.0,29307900.0,18416.0,24867950.0,
2025-06-19,1089.0,0.43388373911755823,-0.900968867902419,0.49999999999999994,-0.8660254037844387,0.23224292400907015,-0.9726578145718654,0.0,0,0,12.0,12.0,28.6,32.0,26.0,0.8,80.0,18.4,1,0,1,596.0,18416.0,19835.0,23059.0,31601.0,52487.0,18541.0,28311.0,30423.571428571428,25036.333333333332,8426.915746582406,8970.358807006434,-13185.0,3274.666666666668,24867950.0,33074650.0,54328000.0,32260971.42857143,29390458.333333332,1350.3448088618593,1174.4854734629432,26406.0,29343.0,38539.0,64283.0,38623.57142857143,31292.366666666665,23840750.0,27969200.0,29664335.714285713,19424.0,24759050.0,
2025-06-20,1090.0,-0.433883739117558,-0.9009688679024191,0.49999999999999994,-0.8660254037844387,0.21547731504673012,-0.976508846196619,1.0,0,0,13.0,13.0,27.2,28.4,26.3,26.6,92.0,12.7,1,1,1,597.0,19424.0,18416.0,19835.0,38781.0,40118.0,21328.0,26571.428571428572,28061.928571428572,25120.0,8879.277013682646,8903.445206869375,-19357.0,1451.4285714285725,24759050.0,39902650.0,44794300.0,31073028.57142857,29458765.0,1274.6627883031301,1207.0611549430375,26667.0,26406.0,49182.0,48184.0,36927.57142857143,31447.8,24055450.0,34313200.0,29105228.57142857,22263.0,27330350.0,
2025-06-21,1091.0,-0.9749279121818236,-0.2225209339563146,0.49999999999999994,-0.8660254037844387,0.19864794288017112,-0.9800709131432666,1.0,0,0,14.0,14.0,28.2,31.3,25.7,9.6,88.0,9.8,1,0,1,598.0,22263.0,19424.0,18416.0,38704.0,18851.0,18078.0,24211.714285714286,26786.571428571428,25289.166666666668,7112.905213162026,8795.092801389796,-16441.0,-1077.4523809523816,27330350.0,39938350.0,18178850.0,29276985.714285713,29601673.333333332,1227.6130799982034,1235.4454994689295,27978.0,26667.0,51595.0,21198.0,33898.42857142857,31654.433333333334,24862900.0,34836250.0,27755185.714285713,19934.0,24342200.0,
2025-06-22,1092.0,-0.7818314824680299,0.6234898018587334,0.49999999999999994,-0.8660254037844387,0.18175978759137534,-0.9833429613388902,0.0,0,0,15.0,15.0,28.7,31.8,26.9,5.0,87.0,11.2,1,0,1,599.0,19934.0,22263.0,19424.0,27781.0,28287.0,17863.0,21530.285714285714,26863.928571428572,25335.6,3201.6298825381314,8761.851951932727,-7847.0,-3805.314285714285,24342200.0,32526650.0,27679850.0,27048964.285714287,29610588.333333332,1221.1397612119997,1262.480886427639,25755.0,27978.0,41989.0,23624.0,30207.0,31745.133333333335,22524850.0,32820200.0,25996414.285714287,18646.0,23740950.0,
2025-06-23,1093.0,0.0,1.0,0.49999999999999994,-0.8660254037844387,0.16481784665719793,-0.9863240225317866,0.0,0,0,16.0,16.0,28.5,30.9,26.3,3.7,85.0,11.5,1,0,1,600.0,18646.0,19934.0,22263.0,23059.0,29040.0,17298.0,20225.285714285714,26175.285714285714,25246.2,1771.4919996323079,8817.657752174548,-4413.0,-5020.914285714287,23740950.0,29243700.0,28261300.0,25793864.285714287,29509893.333333332,1273.2462726590154,1277.112699026898,26707.0,25755.0,33311.0,23803.0,28023.85714285714,31799.4,23966600.0,28016550.0,24731614.285714287,18322.0,24353050.0,
2025-06-24,1094.0,0.7818314824680298,0.6234898018587336,0.49999999999999994,-0.8660254037844387,0.14782713347053048,-0.9890132145779883,0.0,0,0,17.0,17.0,28.8,31.2,26.8,2.1,82.0,15.0,1,0,1,601.0,18322.0,18646.0,19934.0,19835.0,28670.0,17981.0,19548.571428571428,25409.714285714286,25254.333333333332,1367.2397811090273,8810.927832207512,-1513.0,-5705.761904761905,24353050.0,26272850.0,27028150.0,25095200.0,29569885.0,1329.1698504530073,1285.8209665245338,26488.0,26707.0,29343.0,26849.0,27049.14285714286,31943.766666666666,24065950.0,25854200.0,24167242.85714286,17547.0,23535100.0,
2025-06-25,1095.0,0.9749279121818236,-0.22252093395631434,0.49999999999999994,-0.8660254037844387,0.13079267585675922,-0.9914097417023038,0.0,0,0,18.0,18.0,28.4,31.3,26.5,4.1,84.0,19.9,1,0,1,602.0,17547.0,18322.0,18646.0,18416.0,30300.0,19237.0,19221.714285714286,24615.214285714286,25243.8,1548.78799004083,8820.252711212775,-869.0,-6022.085714285713,23535100.0,24867950.0,29882200.0,24704092.85714286,29563683.333333332,1341.2606143500313,1288.2053108338926,26349.0,26488.0,26406.0,31998.0,26621.428571428572,32028.366666666665,24186000.0,23840750.0,23928928.57142857,17895.0,23516300.0,
2025-06-26,1096.0,0.43388373911755823,-0.900968867902419,0.49999999999999994,-0.8660254037844387,0.11371951458594969,-0.9935128947338007,0.0,0,0,19.0,19.0,28.5,31.2,26.2,4.7,83.0,19.7,1,0,1,603.0,17895.0,17547.0,18322.0,19424.0,31601.0,16991.0,19147.285714285714,23729.14285714286,25263.7,1605.4430036892377,8802.36277508142,-1529.0,-6116.414285714287,23516300.0,24759050.0,33074650.0,24511000.0,29565055.0,1314.1268510757195,1283.0313168644439,26133.0,26349.0,26667.0,38539.0,26582.428571428572,32109.966666666667,23765050.0,24055450.0,23918114.285714287,19407.0,24277850.0,
2025-06-27,1097.0,-0.433883739117558,-0.9009688679024191,0.49999999999999994,-0.8660254037844387,0.0966127018812031,-0.9953220513156602,1.0,0,0,20.0,20.0,27.9,31.1,25.4,11.2,85.0,16.7,1,0,1,604.0,19407.0,17895.0,17547.0,22263.0,38781.0,18935.0,19144.85714285714,22858.14285714286,25311.233333333334,1604.9674377350962,8765.452474436808,-2856.0,-6166.376190476192,24277850.0,27330350.0,39902650.0,24442257.14285714,29559886.666666668,1250.984180965631,1279.6486586733724,26754.0,26133.0,27978.0,49182.0,26594.85714285714,32195.233333333334,24060750.0,24862900.0,23918871.42857143,21812.0,26171050.0,
2025-06-28,1098.0,-0.9749279121818236,-0.2225209339563146,0.49999999999999994,-0.8660254037844387,0.07947729992362097,-0.9968366760893436,1.0,0,0,21.0,21.0,28.0,30.9,25.7,3.5,86.0,14.7,1,0,1,605.0,21812.0,19407.0,17895.0,19934.0,38704.0,19032.0,19080.428571428572,21646.071428571428,25397.066666666666,1461.580292827063,8716.39133228152,1878.0,-6316.638095238093,26171050.0,24342200.0,39938350.0,24276642.85714286,29551300.0,1199.8464148175317,1275.681992218991,27728.0,26754.0,25755.0,51595.0,26559.14285714286,32284.4,24412450.0,22524850.0,23854521.42857143,19730.0,24939350.0,
2025-06-29,1099.0,-0.7818314824680299,0.6234898018587334,0.49999999999999994,-0.8660254037844387,0.062318379354325076,-0.998056320853012,0.0,0,0,22.0,22.0,28.5,31.9,25.8,8.0,83.0,15.1,1,0,1,606.0,19730.0,21812.0,19407.0,18646.0,27781.0,20602.0,19051.285714285714,20290.785714285714,25488.366666666665,1443.647892699162,8639.30966863533,1084.0,-6437.080952380951,24939350.0,23740950.0,32526650.0,24361950.0,29580351.666666668,1264.0319310694374,1281.8094450557676,25147.0,27728.0,26707.0,41989.0,26472.285714285714,32285.9,21951200.0,23966600.0,23772571.42857143,17458.0,22085350.0,
2025-06-30,1100.0,0.0,1.0,0.49999999999999994,-0.8660254037844387,0.04514101777397193,-0.9989806246941579,0.0,0,0,23.0,23.0,28.5,31.8,26.4,2.1,82.0,19.1,1,0,1,607.0,17458.0,19730.0,21812.0,18322.0,23059.0,22433.0,18881.571428571428,19553.428571428572,25439.133333333335,1564.0437821175153,8682.04634123002,-864.0,-6557.5619047619075,22085350.0,24353050.0,29243700.0,24125435.714285713,29457885.0,1265.056134723336,1280.6394253506708,25055.0,25147.0,26488.0,33311.0,26236.285714285714,32282.233333333334,22392750.0,24065950.0,23547735.714285713,17134.0,22282650.0,
2025-07-01,1101.0,0.7818314824680298,0.6234898018587336,1.2246467991473532e-16,-1.0,0.02795029824021032,-0.999609314096404,0.0,0,0,24.0,24.0,28.1,31.0,25.8,7.1,86.0,15.2,1,0,1,608.0,17134.0,17458.0,19730.0,17547.0,19835.0,25274.0,18711.85714285714,19130.214285714286,25375.866666666665,1693.9432722270649,8737.086497475517,-413.0,-6664.009523809524,22282650.0,23535100.0,26272850.0,23829664.285714287,29345286.666666668,1300.493171471927,1276.542756924802,25116.0,25055.0,26349.0,29343.0,26040.285714285714,32297.8,22936300.0,24186000.0,23386357.14285714,17468.0,23105100.0,
2025-07-02,1102.0,0.9749279121818236,-0.22252093395631434,1.2246467991473532e-16,-1.0,0.01075130776352193,-0.9999422030204416,0.0,0,0,25.0,25.0,28.2,31.2,25.9,1.8,85.0,18.6,1,0,1,609.0,17468.0,17134.0,17458.0,17895.0,18416.0,37465.0,18700.571428571428,18961.14285714286,25271.4,1703.2351430088802,8814.527364644693,-427.0,-6570.828571428574,23105100.0,23516300.0,24867950.0,23768235.714285713,29167256.666666668,1322.710098465766,1273.89268322705,25089.0,25116.0,26133.0,26406.0,25860.285714285714,32228.333333333332,22639350.0,23765050.0,23165407.14285714,16950.0,22123550.0,
2025-07-03,1103.0,0.43388373911755823,-0.900968867902419,1.2246467991473532e-16,-1.0,-0.00645086419810515,-0.9999791929590823,0.0,0,0,26.0,26.0,28.2,31.2,25.8,10.0,85.0,17.5,1,0,1,610.0,16950.0,17468.0,17134.0,19407.0,19424.0,52487.0,18565.571428571428,18856.428571428572,25088.633333333335,1811.7229237332328,8931.478544947175,-2457.0,-6523.0619047619075,22123550.0,24277850.0,24759050.0,23569271.42857143,28882718.333333332,1305.2241887905604,1272.62087432917,24322.0,25089.0,26754.0,26667.0,25601.571428571428,32033.5,22049950.0,24060750.0,22920392.85714286,20185.0,24146800.0,
2025-07-04,1104.0,-0.433883739117558,-0.9009688679024191,1.2246467991473532e-16,-1.0,-0.023651127245231586,-0.9997202729664083,1.0,0,0,27.0,27.0,27.5,30.2,25.1,26.3,89.0,12.7,1,1,1,611.0,20185.0,16950.0,17468.0,21812.0,22263.0,40118.0,18676.714285714286,18910.785714285714,24919.0,1893.9428638235372,8976.052346334609,-1627.0,-6242.285714285714,24146800.0,26171050.0,27330350.0,23550550.0,28586476.666666668,1196.2744612335894,1264.8052000817354,26974.0,24322.0,27728.0,27978.0,25633.0,31813.833333333332,22974600.0,24412450.0,22765228.57142857,21939.0,26278900.0,
2025-07-05,1105.0,-0.9749279121818236,-0.2225209339563146,1.2246467991473532e-16,-1.0,-0.04084439154329611,-0.9991655196610109,1.0,0,0,28.0,28.0,27.4,30.7,25.5,19.6,89.0,11.9,1,0,1,612.0,21939.0,20185.0,16950.0,19730.0,19934.0,18851.0,18694.85714285714,18887.64285714286,24401.466666666667,1929.261726548095,8670.121141154827,2209.0,-5706.609523809526,26278900.0,24939350.0,24342200.0,23565957.14285714,28098901.666666668,1197.816673503806,1264.5152370369176,27482.0,26974.0,25147.0,25755.0,25597.85714285714,31001.6,24103600.0,21951200.0,22721107.14285714,18125.0,22030850.0,
2025-07-06,1106.0,-0.7818314824680299,0.6234898018587334,1.2246467991473532e-16,-1.0,-0.05802556932878035,-0.9983150972033183,0.0,1,0,29.0,29.0,27.0,28.8,25.7,5.8,91.0,16.1,1,0,1,613.0,18125.0,21939.0,20185.0,17458.0,18646.0,28287.0,18465.571428571428,18758.428571428572,23256.066666666666,1880.492741911147,6926.206191148202,667.0,-4790.495238095238,22030850.0,22085350.0,23740950.0,23150457.14285714,27022330.0,1215.4951724137932,1257.5814143718253,24123.0,27482.0,25055.0,26707.0,25451.571428571428,29662.933333333334,21171600.0,22392750.0,22609735.714285713,19960.0,23651150.0,Ashura
2025-07-07,1107.0,0.0,1.0,1.2246467991473532e-16,-1.0,-0.07518957641475855,-0.9971692572470178,0.0,0,0,30.0,30.0,26.7,29.0,25.5,11.7,91.0,15.7,1,0,1,614.0,19960.0,18125.0,21939.0,17134.0,18322.0,29040.0,18823.0,18852.285714285714,22584.133333333335,1894.7888184877434,6170.541979959096,2826.0,-3761.133333333335,23651150.0,22282650.0,24353050.0,23374142.85714286,26317558.333333332,1184.9273547094188,1246.1344457984087,25957.0,24123.0,25116.0,26488.0,25580.428571428572,28922.033333333333,22158550.0,22936300.0,22576278.57142857,16719.0,21021050.0,
2025-07-08,1108.0,0.7818314824680298,0.6234898018587336,1.2246467991473532e-16,-1.0,-0.09233133369539122,-0.9957283388645872,0.0,0,0,31.0,31.0,26.0,27.8,24.7,41.6,94.0,13.7,1,1,1,615.0,16719.0,19960.0,18125.0,17468.0,17547.0,28670.0,18763.714285714286,18737.785714285714,22513.066666666666,1961.7525934976502,6227.037962667843,-749.0,-3749.3523809523795,21021050.0,23105100.0,23535100.0,23193914.285714287,26412298.333333332,1257.3150308032778,1239.9661399886015,23899.0,25957.0,25089.0,26349.0,25406.571428571428,29012.066666666666,21026400.0,22639350.0,22303435.714285713,15296.0,20881750.0,
2025-07-09,1109.0,0.9749279121818236,-0.22252093395631434,1.2246467991473532e-16,-1.0,-0.10944576864891556,-0.993992768446958,0.0,0,0,32.0,32.0,26.3,29.1,25.3,37.7,92.0,17.3,1,1,1,616.0,15296.0,16719.0,19960.0,16950.0,17895.0,30300.0,18453.428571428572,18577.0,22080.033333333333,2336.7736202680194,6263.265263221089,-1654.0,-3626.6047619047604,20881750.0,22123550.0,23516300.0,22876292.85714286,26185695.0,1365.177170502092,1246.0328645652194,23949.0,23899.0,24322.0,26133.0,25243.714285714286,29022.9,21991850.0,22049950.0,22210935.714285713,14322.0,19784100.0,
2025-07-10,1110.0,0.43388373911755823,-0.900968867902419,1.2246467991473532e-16,-1.0,-0.12652781683868314,-0.9919630595773397,0.0,0,0,33.0,33.0,27.0,29.5,25.2,18.0,89.0,14.8,1,0,1,617.0,14322.0,15296.0,16719.0,20185.0,19407.0,31601.0,18078.0,18321.785714285714,21589.433333333334,2786.4207626749885,6275.710030901255,-5863.0,-3511.4333333333343,19784100.0,24146800.0,24277850.0,22542085.714285713,25903121.666666668,1381.3782991202347,1256.9120231837444,22221.0,23949.0,26974.0,26754.0,24943.571428571428,28970.166666666668,20516000.0,22974600.0,21991800.0,16152.0,20874200.0,
2025-07-11,1111.0,-0.433883739117558,-0.9009688679024191,1.2246467991473532e-16,-1.0,-0.1435724234118113,-0.9896398128792412,1.0,0,0,34.0,34.0,27.8,31.6,25.3,10.0,86.0,12.4,1,0,1,618.0,16152.0,14322.0,15296.0,21939.0,21812.0,38781.0,17501.85714285714,18089.285714285714,21172.166666666668,2693.550533439116,6204.446314919099,-5787.0,-3670.3095238095266,20874200.0,26278900.0,26171050.0,22074571.42857143,25697990.0,1292.360079247152,1270.6385400428248,22487.0,22221.0,27482.0,27728.0,24302.571428571428,28824.766666666666,20338700.0,24103600.0,21615242.85714286,19032.0,23184950.0,
2025-07-12,1112.0,-0.9749279121818236,-0.2225209339563146,1.2246467991473532e-16,-1.0,-0.16057454459499376,-0.9870237158387383,1.0,0,0,35.0,35.0,29.3,33.1,26.0,2.7,85.0,7.1,1,0,1,619.0,19032.0,16152.0,14322.0,18125.0,19730.0,38704.0,17086.571428571428,17890.714285714286,20796.566666666666,2040.3084617398758,5969.434153761346,907.0,-3709.995238095238,23184950.0,22030850.0,24939350.0,21632578.57142857,25474748.333333332,1218.2088062211012,1273.5517018595815,25217.0,22487.0,24123.0,25147.0,23979.0,28598.733333333334,22481600.0,21171600.0,21383528.57142857,17561.0,21157950.0,
2025-07-13,1113.0,-0.7818314824680299,0.6234898018587334,1.2246467991473532e-16,-1.0,-0.17752914918703497,-0.984115542601034,0.0,0,0,36.0,36.0,28.3,32.1,26.5,12.0,88.0,5.7,1,0,1,620.0,17561.0,19032.0,16152.0,19960.0,17458.0,27781.0,17006.0,17735.785714285714,20328.566666666666,2003.2664159649516,5634.109700395651,-2399.0,-3322.5666666666657,21157950.0,23651150.0,22085350.0,21507878.57142857,25077525.0,1204.8260349638404,1272.027539366731,23125.0,25217.0,25957.0,25055.0,23836.428571428572,28084.933333333334,20155050.0,22158550.0,21238307.14285714,16607.0,21421900.0,
2025-07-14,1114.0,0.0,1.0,1.2246467991473532e-16,-1.0,-0.19443122004766195,-0.9809161537413774,0.0,0,0,37.0,37.0,26.6,28.2,26.0,13.3,91.0,20.3,1,0,1,621.0,16607.0,17561.0,19032.0,16719.0,17134.0,23059.0,16527.0,17675.0,19589.433333333334,1522.358696234166,4462.567651826329,-112.0,-3062.4333333333343,21421900.0,21021050.0,22282650.0,21189414.285714287,24461500.0,1289.931956403926,1287.0281967516605,23527.0,23125.0,23899.0,25116.0,23489.285714285714,27229.766666666666,20983300.0,21026400.0,21070414.285714287,15628.0,21108900.0,
2025-07-15,1115.0,0.7818314824680298,0.6234898018587336,1.2246467991473532e-16,-1.0,-0.2112757555821793,-0.9774264960104055,0.0,0,0,38.0,38.0,27.8,31.5,25.6,16.9,88.0,15.0,1,0,1,622.0,15628.0,16607.0,17561.0,15296.0,17468.0,19835.0,16371.142857142857,17567.428571428572,18820.233333333334,1554.9251245178828,2691.602697578044,332.0,-2449.0904761904767,21108900.0,20881750.0,23105100.0,21201964.285714287,23833851.666666668,1350.7102636293832,1300.3703728696757,23210.0,23527.0,23949.0,25089.0,23390.85714285714,26283.6,21180100.0,21991850.0,21092371.42857143,15264.0,20524200.0,
2025-07-16,1116.0,0.9749279121818236,-0.22252093395631434,1.2246467991473532e-16,-1.0,-0.2280577712215198,-0.9736476020539838,0.0,0,0,39.0,39.0,28.3,32.2,26.0,6.2,87.0,10.2,1,0,1,623.0,15264.0,15628.0,16607.0,14322.0,16950.0,18416.0,16366.57142857143,17410.0,18403.0,1558.6553881623192,2175.3000110171433,942.0,-2036.4285714285706,20524200.0,19784100.0,22123550.0,21150885.714285713,23433770.0,1344.6147798742138,1297.4328884942645,23074.0,23210.0,22221.0,24322.0,23265.85714285714,25653.1,21551450.0,20516000.0,21029457.14285714,15871.0,20877250.0,
2025-07-17,1117.0,0.43388373911755823,-0.900968867902419,1.2246467991473532e-16,-1.0,-0.24477230089725957,-0.9695805901076308,0.0,0,0,40.0,40.0,28.2,31.3,26.1,2.1,88.0,6.0,1,0,1,624.0,15871.0,15264.0,15628.0,16152.0,20185.0,19424.0,16587.85714285714,17332.928571428572,18163.4,1310.1518268977807,2036.1933483154914,-281.0,-1575.5428571428602,20877250.0,20874200.0,24146800.0,21307050.0,23154888.333333332,1315.433810093882,1288.0122472047856,22160.0,23074.0,22487.0,26974.0,23257.14285714286,25281.4,20349200.0,20338700.0,21005628.57142857,17464.0,21819900.0,
2025-07-18,1118.0,-0.433883739117558,-0.9009688679024191,1.2246467991473532e-16,-1.0,-0.2614143985111562,-0.965226663665613,1.0,0,0,41.0,41.0,28.1,32.3,25.8,25.2,88.0,6.3,1,1,1,625.0,17464.0,15871.0,15264.0,19032.0,21939.0,22263.0,16775.285714285714,17138.571428571428,18084.366666666665,1331.085736568083,2014.9779066699266,-1568.0,-1309.0809523809512,21819900.0,23184950.0,26278900.0,21442150.0,23006456.666666668,1249.421667430142,1281.878188373784,23478.0,22160.0,25217.0,27482.0,23398.714285714286,25085.9,20709800.0,22481600.0,21058642.85714286,20349.0,24099500.0,
2025-07-19,1119.0,-0.9749279121818236,-0.2225209339563146,1.2246467991473532e-16,-1.0,-0.2779791393987801,-0.9605871111248129,1.0,0,0,42.0,42.0,29.3,32.4,26.2,1.2,83.0,8.5,1,0,1,626.0,20349.0,17464.0,15871.0,17561.0,18125.0,19934.0,16963.428571428572,17025.0,18148.8,1735.013242710466,2056.4279106558174,2788.0,-1185.3714285714268,24099500.0,21157950.0,22030850.0,21572800.0,22980841.666666668,1184.3088112437958,1277.0353319484548,25201.0,23478.0,23125.0,24123.0,23396.428571428572,25045.733333333334,22161250.0,20155050.0,21012878.57142857,20054.0,26725800.0,
2025-07-20,1120.0,-0.7818314824680299,0.6234898018587334,1.2246467991473532e-16,-1.0,-0.2944616217868012,-0.9556633054034704,0.0,0,0,43.0,43.0,29.2,32.0,26.9,0.3,82.0,7.3,1,0,1,627.0,20054.0,20349.0,17464.0,16607.0,19960.0,18646.0,17319.571428571428,17162.785714285714,18169.8,2096.358021040452,2073.048719423536,3447.0,-850.2285714285717,26725800.0,21421900.0,23651150.0,22368207.14285714,23046400.0,1332.6917323227287,1295.3018601425815,23710.0,25201.0,23527.0,25957.0,23480.0,24947.166666666668,20517300.0,20983300.0,21064628.57142857,16603.0,20602000.0,
2025-07-21,1121.0,0.0,1.0,1.2246467991473532e-16,-1.0,-0.3108569682435036,-0.9504567035349151,0.0,0,0,44.0,44.0,29.4,32.8,26.4,3.2,84.0,5.2,1,0,1,628.0,16603.0,20054.0,20349.0,15628.0,16719.0,18322.0,17319.0,16923.0,17981.133333333335,2096.5851600478863,1941.0370625418277,975.0,-662.133333333335,20602000.0,21108900.0,21021050.0,22251078.57142857,22822121.666666668,1240.860085526712,1288.2915928744083,23235.0,23710.0,23210.0,23899.0,23438.285714285714,24789.066666666666,20953750.0,21180100.0,21060407.14285714,16929.0,21818250.0,
2025-07-22,1122.0,0.7818314824680298,0.6234898018587336,1.2246467991473532e-16,-1.0,-0.3271603271220951,-0.9449688462364056,0.0,0,0,45.0,45.0,29.9,32.7,26.9,1.4,83.0,4.9,1,0,1,629.0,16929.0,16603.0,20054.0,15264.0,15296.0,17547.0,17504.85714285714,16938.0,17880.966666666667,1975.8894561328095,1914.1345119622943,1665.0,-376.10952380952585,21818250.0,20524200.0,20881750.0,22352414.285714287,22737990.0,1288.809144072302,1279.4485757948253,22400.0,23235.0,23074.0,23949.0,23322.571428571428,24677.233333333334,20323650.0,21551450.0,20938057.14285714,16290.0,21280800.0,
2025-07-23,1123.0,0.9749279121818236,-0.22252093395631434,1.2246467991473532e-16,-1.0,-0.34336687399638804,-0.939201357453208,0.0,0,0,46.0,46.0,30.6,34.3,27.2,4.1,78.0,4.4,1,0,1,630.0,16290.0,16929.0,16603.0,15871.0,14322.0,17895.0,17651.428571428572,17009.0,17802.433333333334,1813.325201312201,1929.9302414288634,419.0,-151.00476190476184,21280800.0,20877250.0,19784100.0,22460500.0,22655985.0,1306.3720073664824,1273.9853225794348,22533.0,22400.0,22160.0,22221.0,23245.285714285714,24538.1,20507950.0,20349200.0,20788985.714285713,16662.0,21433600.0,
2025-07-24,1124.0,0.43388373911755823,-0.900968867902419,1.2246467991473532e-16,-1.0,-0.3594718130884232,-0.9331559438780432,0.0,0,0,47.0,47.0,29.0,32.9,26.7,23.3,85.0,6.7,1,1,1,631.0,16662.0,16290.0,16929.0,17464.0,16152.0,19407.0,17764.428571428572,17176.14285714286,17747.1,1705.3127628230704,1938.2989049235,-802.0,17.328571428573923,21433600.0,21819900.0,20874200.0,22539978.57142857,22558670.0,1286.3761853318929,1269.8342333277221,22563.0,22533.0,23478.0,22487.0,23302.85714285714,24407.266666666666,20626450.0,20709800.0,20828592.85714286,17851.0,22187400.0,
2025-07-25,1125.0,-0.433883739117558,-0.9009688679024191,1.2246467991473532e-16,-1.0,-0.3754703786876202,-0.9268343944460494,1.0,0,0,48.0,48.0,28.4,31.2,26.3,3.1,83.0,24.8,1,0,1,632.0,17851.0,16662.0,16290.0,20349.0,19032.0,21812.0,17819.714285714286,17297.5,17757.233333333334,1700.215252478795,1938.0113462415472,-2498.0,62.48095238095266,22187400.0,24099500.0,23184950.0,22592478.57142857,22513746.666666668,1242.9219651560136,1268.9057044314181,22785.0,22563.0,25201.0,25217.0,23203.85714285714,24288.466666666667,20199950.0,22161250.0,20755757.14285714,20488.0,24333400.0,
2025-07-26,1126.0,-0.9749279121818236,-0.2225209339563146,1.2246467991473532e-16,-1.0,-0.3913578365610259,-0.9202385798054075,1.0,0,0,49.0,49.0,28.2,31.0,25.7,2.4,86.0,15.7,1,0,1,633.0,20488.0,17851.0,16662.0,20054.0,17561.0,19730.0,17839.571428571428,17401.5,17843.666666666668,1735.1317776220665,2001.1611859003488,434.0,-4.095238095240347,24333400.0,26725800.0,21157950.0,22625892.85714286,22540983.333333332,1187.6903553299492,1269.3887821580115,24327.0,22785.0,23710.0,23125.0,23079.0,24228.266666666666,21265450.0,20517300.0,20627785.714285713,17643.0,21005500.0,
2025-07-27,1127.0,-0.7818314824680299,0.6234898018587334,1.2246467991473532e-16,-1.0,-0.4071294853542516,-0.9133704517637858,0.0,0,0,50.0,50.0,28.0,32.2,26.2,16.4,88.0,10.5,1,0,1,634.0,17643.0,20488.0,17851.0,16603.0,16607.0,17458.0,17495.14285714286,17407.35714285714,17784.866666666665,1435.7705745894118,1979.4397454196946,1040.0,-289.72380952380627,21005500.0,20602000.0,21421900.0,21808707.14285714,22431905.0,1190.585501331973,1249.0878920164748,21649.0,24327.0,23235.0,23527.0,22784.571428571428,24058.1,18928200.0,20953750.0,20400771.42857143,16274.0,20587600.0,
2025-07-28,1128.0,0.0,1.0,1.2246467991473532e-16,-1.0,-0.4227806579826773,-0.9062320427107697,0.0,0,0,51.0,51.0,27.5,31.1,25.4,17.1,90.0,9.5,1,0,1,635.0,16274.0,17643.0,20488.0,16929.0,15628.0,17134.0,17448.14285714286,17383.571428571428,17600.266666666666,1474.6994528344237,1844.5620905101453,-655.0,-152.12380952380772,20587600.0,21818250.0,21108900.0,21806650.0,22245790.0,1265.0608332309205,1252.5451416885048,20967.0,21649.0,22400.0,23210.0,22460.571428571428,23832.733333333334,18886500.0,20323650.0,20105450.0,15606.0,20887450.0,
2025-07-29,1129.0,0.7818314824680298,0.6234898018587336,1.2246467991473532e-16,-1.0,-0.4383067230125192,-0.898825465016444,0.0,0,0,52.0,52.0,27.3,30.0,25.7,12.3,90.0,11.8,1,0,1,636.0,15606.0,16274.0,17643.0,16290.0,15264.0,17468.0,17259.14285714286,17382.0,17462.8,1629.0265425063428,1834.0109878210342,-684.0,-203.65714285714057,20887450.0,21280800.0,20524200.0,21673678.57142857,22110726.666666668,1338.424323977957,1259.6330245321699,20491.0,20967.0,22533.0,23074.0,22187.85714285714,23677.533333333333,18933700.0,20507950.0,19906885.714285713,15837.0,20884850.0,
2025-07-30,1130.0,0.9749279121818236,-0.22252093395631434,1.2246467991473532e-16,-1.0,-0.45370308603134424,-0.8911529104063088,0.0,0,0,53.0,53.0,27.8,31.0,25.8,5.7,87.0,15.5,1,0,1,637.0,15837.0,15606.0,16274.0,16662.0,15871.0,16950.0,17194.428571428572,17422.928571428572,17408.766666666666,1682.0771739273202,1857.8807668088289,-825.0,-214.33809523809396,20884850.0,21433600.0,20877250.0,21617114.285714287,22070710.0,1318.7377659910337,1261.3995614785342,21159.0,20491.0,22563.0,22160.0,21991.571428571428,23547.666666666668,19700250.0,20626450.0,19791500.0,16172.0,21187700.0,
2025-07-31,1131.0,0.43388373911755823,-0.900968867902419,1.2246467991473532e-16,-1.0,-0.46896519100763184,-0.8832166493127127,0.0,0,0,54.0,54.0,27.2,30.6,24.8,19.6,88.0,15.1,1,0,1,638.0,16172.0,15837.0,15606.0,17851.0,17464.0,20185.0,17124.428571428572,17444.428571428572,17376.7,1717.7447285265239,1871.042069045463,-1679.0,-252.27142857142826,21187700.0,22187400.0,21819900.0,21581985.714285713,22034211.666666668,1310.1471679445956,1264.7954161374917,21228.0,21159.0,22785.0,23478.0,21800.85714285714,23418.066666666666,19610900.0,20199950.0,19646421.42857143,17238.0,22007750.0,
2025-08-01,1132.0,-0.433883739117558,-0.9009688679024191,-0.4999999999999997,-0.8660254037844388,-0.48408852163897587,-0.8750190302029955,1.0,0,0,55.0,55.0,28.1,31.9,25.9,6.4,88.0,12.2,1,0,1,639.0,17238.0,16172.0,15837.0,20488.0,20349.0,21939.0,17036.85714285714,17428.285714285714,17369.033333333333,1689.9306128330225,1871.126278628652,-3250.0,-332.17619047619155,22007750.0,24333400.0,24099500.0,21556321.42857143,21997633.333333332,1276.6997331476969,1269.620811564875,21985.0,21228.0,24327.0,25201.0,21686.571428571428,23314.6,19659250.0,21265450.0,19569178.57142857,19841.0,24395150.0,
2025-08-02,1133.0,-0.9749279121818236,-0.2225209339563146,-0.4999999999999997,-0.8660254037844388,-0.4990686026885319,-0.8665624788845385,1.0,0,0,56.0,56.0,28.5,32.8,25.4,27.3,87.0,11.5,1,1,1,640.0,19841.0,17238.0,16172.0,17643.0,20054.0,18125.0,16944.428571428572,17392.0,17465.4,1473.5570181414819,1922.5407685915434,2198.0,-520.971428571429,24395150.0,21005500.0,26725800.0,21565142.85714286,22073353.333333332,1229.5322816390303,1275.5982296090297,23735.0,21985.0,21649.0,23710.0,21602.0,23295.033333333333,20739000.0,18928200.0,19493971.42857143,17952.0,21633050.0,
2025-08-03,1134.0,-0.7818314824680299,0.6234898018587334,-0.4999999999999997,-0.8660254037844388,-0.5139010013093103,-0.8578494977869301,0.0,0,0,57.0,57.0,28.9,32.8,26.2,9.0,83.0,15.1,1,0,1,641.0,17952.0,19841.0,17238.0,16274.0,16603.0,19960.0,16988.571428571428,17241.85714285714,17390.966666666667,1502.319302183797,1855.6816106837628,1678.0,-402.3952380952396,21633050.0,20587600.0,20602000.0,21654792.85714286,21989561.666666668,1205.0495766488414,1277.664526082868,20179.0,23735.0,20967.0,23235.0,21392.0,23068.533333333333,17437900.0,18886500.0,19281071.42857143,16546.0,21315100.0,
2025-08-04,1135.0,0.0,1.0,-0.4999999999999997,-0.8660254037844388,-0.5285813283559292,-0.8488826652214553,0.0,0,0,58.0,58.0,27.8,30.5,26.2,12.0,89.0,9.9,1,0,1,642.0,16546.0,17952.0,19841.0,15606.0,16929.0,16719.0,17027.428571428572,17237.785714285714,17211.2,1484.164619928443,1649.6912229367206,940.0,-183.77142857142826,21315100.0,20887450.0,21818250.0,21758721.42857143,21824101.666666668,1288.2328055119062,1280.9748078372945,20301.0,20179.0,20491.0,22400.0,21296.85714285714,22829.166666666668,18195950.0,18933700.0,19182421.42857143,16233.0,20937250.0,
2025-08-05,1136.0,0.7818314824680298,0.6234898018587336,-0.4999999999999997,-0.8660254037844388,-0.5431052396834317,-0.8396646346181327,0.0,1,0,59.0,59.0,27.9,33.1,25.4,22.4,88.0,7.2,1,1,1,643.0,16233.0,16546.0,17952.0,15837.0,16290.0,15296.0,17117.0,17188.071428571428,17148.133333333335,1400.6524670070883,1649.7175878131957,396.0,-31.13333333333503,20937250.0,20884850.0,21280800.0,21765835.714285713,21787648.333333332,1289.795478346578,1274.0278298899545,20783.0,20301.0,21159.0,22533.0,21338.571428571428,22717.833333333332,18577800.0,19700250.0,19131578.57142857,16585.0,20894850.0,July Mass Uprising Day
2025-08-06,1137.0,0.9749279121818236,-0.22252093395631434,-0.4999999999999997,-0.8660254037844388,-0.5574684374327892,-0.8301981337405212,0.0,0,0,60.0,60.0,28.7,32.3,26.2,1.6,82.0,8.6,1,0,1,644.0,16585.0,16233.0,16546.0,16172.0,16662.0,14322.0,17223.85714285714,17209.14285714286,17035.633333333335,1312.48230827067,1564.215270556971,413.0,188.22380952380627,20894850.0,21187700.0,21433600.0,21767264.285714287,21695771.666666668,1259.864335242689,1265.6173397830482,20999.0,20783.0,21228.0,22563.0,21315.714285714286,22552.566666666666,18989050.0,19610900.0,19029978.57142857,15661.0,19493850.0,
2025-08-07,1138.0,0.43388373911755823,-0.900968867902419,-0.4999999999999997,-0.8660254037844388,-0.5716666713027052,-0.8204859638785327,0.0,0,0,61.0,61.0,28.2,31.9,25.7,1.6,84.0,8.8,1,0,1,645.0,15661.0,16585.0,16233.0,17238.0,17851.0,16152.0,17150.85714285714,17137.64285714286,17000.366666666665,1392.5082200320574,1583.4092525053259,-1577.0,150.49047619047633,19493850.0,22007750.0,22187400.0,21525285.714285713,21644865.0,1244.7385224442883,1256.2732475687187,19639.0,20999.0,21985.0,22785.0,21088.714285714286,22410.566666666666,17738850.0,19659250.0,18762542.85714286,18594.0,22722300.0,
2025-08-08,1139.0,-0.433883739117558,-0.9009688679024191,-0.4999999999999997,-0.8660254037844388,-0.5856957398073508,-0.8105309990194823,1.0,0,0,62.0,62.0,26.8,29.4,25.6,23.4,87.0,11.5,1,1,1,646.0,18594.0,15661.0,16585.0,19841.0,20488.0,19032.0,17344.571428571428,17190.714285714286,17110.3,1497.0451849272847,1575.4649264527316,-1247.0,234.27142857142826,22722300.0,24395150.0,24333400.0,21627364.285714287,21706216.666666668,1222.023233301065,1248.4623190191996,22434.0,19639.0,23735.0,24327.0,21152.85714285714,22360.066666666666,19515200.0,20739000.0,18741964.285714287,20772.0,24959850.0,
2025-08-09,1140.0,-0.9749279121818236,-0.2225209339563146,-0.4999999999999997,-0.8660254037844388,-0.5995514915196489,-0.8003361849976323,1.0,0,0,63.0,63.0,28.4,31.8,25.7,0.8,82.0,11.9,1,0,1,647.0,20772.0,18594.0,15661.0,17952.0,17643.0,17561.0,17477.571428571428,17211.0,17325.3,1771.9176859306845,1621.2732576163883,2820.0,152.27142857142826,24959850.0,21633050.0,21005500.0,21708035.714285713,21878741.666666668,1201.610340843443,1244.473470334116,23779.0,22434.0,20179.0,21649.0,21159.14285714286,22412.0,21202900.0,17437900.0,18808235.714285713,18393.0,21825900.0,
2025-08-10,1141.0,-0.7818314824680299,0.6234898018587334,-0.4999999999999997,-0.8660254037844388,-0.6132298262997502,-0.7899045386224707,0.0,0,0,64.0,64.0,29.3,32.8,26.4,1.3,79.0,11.8,1,0,1,648.0,18393.0,20772.0,18594.0,16546.0,16274.0,16607.0,17540.571428571428,17264.571428571428,17400.0,1799.226579870902,1616.9706669977145,1847.0,140.57142857142753,21825900.0,21315100.0,20587600.0,21735585.714285713,21910465.0,1186.6416571521775,1241.843767548878,21409.0,23779.0,20301.0,20967.0,21334.85714285714,22376.066666666666,18315100.0,18195950.0,18933550.0,17514.0,22012950.0,
2025-08-11,1142.0,0.0,1.0,-0.4999999999999997,-0.8660254037844388,-0.6267266965083301,-0.7792391467859886,0.0,0,0,65.0,65.0,29.8,33.7,26.5,0.6,76.0,9.2,1,0,1,649.0,17514.0,18393.0,20772.0,16233.0,15606.0,15628.0,17678.85714285714,17353.14285714286,17349.4,1746.471244974692,1587.6244583306363,1281.0,329.45714285713984,22012950.0,20937250.0,20887450.0,21835278.57142857,21871398.333333332,1256.8773552586501,1237.3644175126988,21245.0,21409.0,20783.0,20491.0,21469.714285714286,22243.666666666668,18867750.0,18577800.0,19029521.42857143,17357.0,22605800.0,
2025-08-12,1143.0,0.7818314824680298,0.6234898018587336,-0.4999999999999997,-0.8660254037844388,-0.6400381082043503,-0.7683431655492202,0.0,0,0,66.0,66.0,29.8,33.7,26.7,0.1,78.0,8.9,1,0,1,650.0,17357.0,17514.0,18393.0,16585.0,15837.0,15264.0,17839.428571428572,17478.214285714286,17342.6,1639.7956028259252,1587.123696372213,772.0,496.8285714285739,22605800.0,20894850.0,20884850.0,22073642.85714286,21919660.0,1302.4024889093737,1239.1654190216693,21785.0,21245.0,20999.0,21159.0,21612.85714285714,22199.0,19927750.0,18989050.0,19222371.42857143,16925.0,21974900.0,
2025-08-13,1144.0,0.9749279121818236,-0.22252093395631434,-0.4999999999999997,-0.8660254037844388,-0.65316012232693,-0.7572198192083127,0.0,0,0,67.0,67.0,27.9,30.4,26.4,7.2,87.0,10.6,1,0,1,651.0,16925.0,17357.0,17514.0,15661.0,16172.0,15871.0,17888.0,17555.928571428572,17353.2,1601.0232144890806,1583.098215089854,1264.0,534.7999999999993,21974900.0,19493850.0,21187700.0,22227935.714285713,21938093.333333332,1298.3692762186115,1244.6661248753728,21909.0,21785.0,19639.0,21228.0,21742.85714285714,22145.066666666666,20315350.0,17738850.0,19411842.85714286,16914.0,22245900.0,
2025-08-14,1145.0,0.43388373911755823,-0.900968867902419,-0.4999999999999997,-0.8660254037844388,-0.666088855860977,-0.7458723993404063,0.0,0,0,68.0,68.0,27.7,30.6,25.5,5.0,86.0,10.9,1,0,1,652.0,16914.0,16925.0,17357.0,18594.0,17238.0,17464.0,18067.0,17608.928571428572,17396.066666666666,1362.8714784110275,1551.8759933868985,-1680.0,670.9333333333343,22245900.0,22722300.0,22007750.0,22621085.714285713,21975993.333333332,1315.235899255055,1254.7371787054822,21470.0,21909.0,22434.0,21985.0,22004.428571428572,22087.066666666666,19906800.0,19515200.0,19721550.0,19361.0,23186100.0,
2025-08-15,1146.0,-0.433883739117558,-0.9009688679024191,-0.4999999999999997,-0.8660254037844388,-0.6788204829862355,-0.734304263829602,1.0,1,0,69.0,69.0,28.8,32.3,25.9,1.6,83.0,8.5,1,0,1,653.0,19361.0,16914.0,16925.0,20772.0,19841.0,20349.0,18176.571428571428,17760.571428571428,17532.633333333335,1440.9012060907803,1537.9901233558842,-1411.0,643.9380952380925,23186100.0,24959850.0,24395150.0,22687342.85714286,22064723.333333332,1197.5672744176438,1251.2434702935648,22592.0,21470.0,23779.0,23735.0,22027.0,22071.0,19470300.0,21202900.0,19715135.714285713,22711.0,25994800.0,National Mourning Day
2025-08-16,1147.0,-0.9749279121818236,-0.2225209339563146,-0.4999999999999997,-0.8660254037844388,-0.6913512362094071,-0.722518835873311,1.0,1,0,70.0,70.0,29.2,32.7,26.0,0.7,81.0,6.7,1,0,1,654.0,22711.0,19361.0,16914.0,18393.0,17952.0,20054.0,18453.571428571428,17965.571428571428,17760.633333333335,2071.4273546793356,1772.3151716938337,4318.0,692.9380952380925,25994800.0,21825900.0,21633050.0,22835192.85714286,22235308.333333332,1144.5907269605036,1243.0978111674308,24435.0,22592.0,21409.0,20179.0,22120.714285714286,22146.833333333332,21094200.0,18315100.0,19699607.14285714,19415.0,22138500.0,Janmashtami
2025-08-17,1148.0,-0.7818314824680299,0.6234898018587334,-0.4999999999999997,-0.8660254037844388,-0.7036774074790128,-0.7105196029692745,0.0,0,0,71.0,71.0,29.2,31.8,26.6,2.0,81.0,9.3,1,0,1,655.0,19415.0,22711.0,19361.0,17514.0,16546.0,16603.0,18599.571428571428,18070.071428571428,17825.666666666668,2102.234197002595,1796.6826583213588,1901.0,773.9047619047597,22138500.0,22012950.0,21315100.0,22879850.0,22245928.333333332,1140.2781354622714,1236.4744509260156,21759.0,24435.0,21245.0,20301.0,22170.714285714286,22089.533333333333,18580100.0,18867750.0,19737464.285714287,17265.0,21188700.0,
2025-08-18,1149.0,0.0,1.0,-0.4999999999999997,-0.8660254037844388,-0.7157953492826642,-0.6983101158835584,0.0,0,0,72.0,72.0,29.3,32.9,26.9,0.1,77.0,16.6,1,0,1,656.0,17265.0,19415.0,22711.0,17357.0,16233.0,16929.0,18564.0,18121.428571428572,17722.866666666665,2125.640687729905,1734.4788491535335,-92.0,841.133333333335,21188700.0,22605800.0,20937250.0,22762100.0,22148901.666666668,1227.2632493483927,1232.2438643674072,20829.0,21759.0,21785.0,20783.0,22111.285714285714,21943.8,18557450.0,19927750.0,19693135.714285713,17113.0,22316900.0,
2025-08-19,1150.0,0.7818314824680298,0.6234898018587336,-0.4999999999999997,-0.8660254037844388,-0.7277014757264236,-0.6858939875998223,0.0,0,0,73.0,73.0,28.2,30.8,26.0,8.3,82.0,18.0,1,0,1,657.0,17113.0,17265.0,19415.0,16925.0,16585.0,16290.0,18529.14285714286,18184.285714285714,17624.833333333332,2150.5866198605777,1680.4507622563206,188.0,904.3095238095266,22316900.0,21974900.0,20894850.0,22720828.57142857,22001938.333333332,1304.0904575468942,1232.485002744196,21164.0,20829.0,21909.0,20999.0,22022.571428571428,21858.933333333334,19442050.0,20315350.0,19623750.0,17169.0,22702800.0,
2025-08-20,1151.0,0.9749279121818236,-0.22252093395631434,-0.4999999999999997,-0.8660254037844388,-0.7393922635959241,-0.673274892250183,0.0,0,0,74.0,74.0,27.1,29.3,25.3,4.8,87.0,15.9,1,0,1,658.0,17169.0,17113.0,17265.0,16914.0,15661.0,16662.0,18564.0,18226.0,17643.7,2122.04092012058,1671.7375876820506,255.0,920.2999999999993,22702800.0,22245900.0,19493850.0,22824814.285714287,22071965.0,1322.3134719552681,1235.9056021351469,21660.0,21164.0,21470.0,19639.0,21987.0,21806.433333333334,20015400.0,19906800.0,19580900.0,16852.0,22332650.0,
2025-08-21,1152.0,0.43388373911755823,-0.900968867902419,-0.4999999999999997,-0.8660254037844388,-0.7508642533989489,-0.6604565640279754,0.0,0,0,75.0,75.0,26.7,29.4,24.7,22.8,88.0,14.8,1,1,1,659.0,16852.0,17169.0,17113.0,19361.0,18594.0,17851.0,18555.14285714286,18311.071428571428,17641.133333333335,2130.1893834876146,1672.931408889979,-2509.0,914.0095238095237,22332650.0,23186100.0,22722300.0,22837207.14285714,22089111.666666668,1325.222525516259,1237.3322630296045,21943.0,21660.0,22592.0,22434.0,22054.571428571428,21791.2,20321600.0,19470300.0,19640157.14285714,18438.0,22918000.0,
2025-08-22,1153.0,-0.433883739117558,-0.9009688679024191,-0.4999999999999997,-0.8660254037844388,-0.7621140503891487,-0.6474427960827475,1.0,0,0,76.0,76.0,27.1,30.2,24.7,4.0,88.0,15.4,1,0,1,660.0,18438.0,16852.0,17169.0,22711.0,20772.0,20488.0,18423.285714285714,18299.928571428572,17712.733333333334,2100.351297147247,1659.018445436607,-4273.0,710.5523809523802,22918000.0,25994800.0,24959850.0,22798907.14285714,22143685.0,1242.976461655277,1243.8192897778379,22867.0,21943.0,24435.0,23779.0,22093.85714285714,21802.333333333332,20507300.0,21094200.0,19788300.0,21388.0,25335500.0,
2025-08-23,1154.0,-0.9749279121818236,-0.2225209339563146,-0.4999999999999997,-0.8660254037844388,-0.7731383255706026,-0.6342374393978054,1.0,0,0,77.0,77.0,27.2,30.0,25.2,5.9,87.0,16.5,1,0,1,661.0,21388.0,18438.0,16852.0,19415.0,18393.0,17643.0,18234.285714285714,18343.928571428572,17870.266666666666,1664.5241276197069,1776.0569059952443,1973.0,364.01904761904734,25335500.0,22138500.0,21825900.0,22704721.42857143,22273748.333333332,1184.5661118384141,1249.5300590461109,23204.0,22867.0,21759.0,21409.0,21918.0,21823.7,20493800.0,18580100.0,19702528.57142857,17526.0,21298200.0,
2025-08-24,1155.0,-0.7818314824680299,0.6234898018587334,-0.4999999999999997,-0.8660254037844388,-0.7839338166829201,-0.620844401650647,0.0,0,0,78.0,78.0,27.7,31.9,24.6,4.5,85.0,13.4,1,0,1,662.0,17526.0,21388.0,18438.0,17265.0,17514.0,16274.0,17964.428571428572,18282.0,17859.433333333334,1592.7787937167843,1777.1693238819962,261.0,104.99523809523816,21298200.0,21188700.0,22012950.0,22584678.57142857,22244108.333333332,1215.234508729887,1260.2381123700561,20279.0,23204.0,20829.0,21245.0,21706.571428571428,21740.166666666668,17626250.0,18557450.0,19566264.285714287,16024.0,20211650.0,
2025-08-25,1156.0,0.0,1.0,-0.4999999999999997,-0.8660254037844388,-0.7944973291665992,-0.6072676460566135,0.0,0,0,79.0,79.0,28.9,33.0,25.4,0.9,79.0,9.2,1,0,1,663.0,16024.0,17526.0,21388.0,17113.0,17357.0,15606.0,17787.14285714286,18175.571428571428,17710.633333333335,1745.3613215769315,1735.8968959397846,-1089.0,76.50952380952367,20211650.0,22316900.0,22605800.0,22445100.0,22106716.666666668,1261.3361208187719,1265.105665437253,20637.0,20279.0,21164.0,21785.0,21679.14285714286,21617.166666666668,18996000.0,19442050.0,19628914.285714287,16906.0,22130000.0,
2025-08-26,1157.0,0.7818314824680298,0.6234898018587336,-0.4999999999999997,-0.8660254037844388,-0.8048257371083452,-0.593511190196115,0.0,0,0,80.0,80.0,29.0,32.7,26.0,3.2,82.0,7.4,1,0,1,664.0,16906.0,16024.0,17526.0,17169.0,16925.0,15837.0,17757.571428571428,18143.35714285714,17686.066666666666,1760.3758933006097,1742.091072747682,-263.0,71.50476190476184,22130000.0,22702800.0,21974900.0,22418400.0,22144200.0,1309.0027209274813,1265.8074173487655,20784.0,20637.0,21660.0,21909.0,21624.85714285714,21588.333333333332,19365850.0,20015400.0,19618028.57142857,16741.0,21984050.0,
2025-08-27,1158.0,0.9749279121818236,-0.22252093395631434,-0.4999999999999997,-0.8660254037844388,-0.8149159841660791,-0.5795791048257612,0.0,0,0,81.0,81.0,28.9,32.3,26.2,0.7,80.0,14.0,1,0,1,665.0,16741.0,16906.0,16024.0,16852.0,16914.0,16172.0,17696.428571428572,18130.214285714286,17701.633333333335,1791.3854840264264,1731.0900190409027,-111.0,-5.204761904762563,21984050.0,22332650.0,22245900.0,22315721.42857143,22190748.333333332,1313.186189594409,1264.503519868643,21092.0,20784.0,21943.0,21470.0,21543.714285714286,21592.5,19222100.0,20321600.0,19504700.0,16909.0,22189850.0,
2025-08-28,1159.0,0.43388373911755823,-0.900968867902419,-0.4999999999999997,-0.8660254037844388,-0.8247650844733614,-0.5654755126737576,0.0,0,0,82.0,82.0,27.9,30.4,25.8,2.4,84.0,14.1,1,0,1,666.0,16909.0,16741.0,16906.0,18438.0,19361.0,17238.0,17704.571428571428,18129.85714285714,17745.066666666666,1787.0316036322897,1692.6158277145867,-1529.0,-40.495238095238165,22189850.0,22918000.0,23186100.0,22295321.42857143,22234161.666666668,1312.3100124194216,1262.6588751405232,21293.0,21092.0,22867.0,22592.0,21450.85714285714,21619.233333333334,19750550.0,20507300.0,19423121.42857143,18744.0,23245050.0,
2025-08-29,1160.0,-0.433883739117558,-0.9009688679024191,-0.4999999999999997,-0.8660254037844388,-0.8343701235229537,-0.5512045872199277,1.0,0,0,83.0,83.0,27.8,30.5,26.0,7.0,86.0,11.1,1,0,1,667.0,18744.0,16909.0,16741.0,21388.0,22711.0,19841.0,17748.285714285714,18085.785714285714,17841.966666666667,1811.5375342771329,1662.558922644377,-2644.0,-93.68095238095339,23245050.0,25335500.0,25994800.0,22342042.85714286,22312835.0,1240.132842509603,1262.2526438339985,22618.0,21293.0,23204.0,24435.0,21415.285714285714,21667.866666666665,20013100.0,20493800.0,19352521.42857143,21926.0,25612750.0,
2025-08-30,1161.0,-0.9749279121818236,-0.2225209339563146,-0.4999999999999997,-0.8660254037844388,-0.8437282590292712,-0.5367705514607103,1.0,0,0,84.0,84.0,27.6,30.8,25.6,9.0,88.0,6.5,1,0,1,668.0,21926.0,18744.0,16909.0,17526.0,19415.0,17952.0,17825.14285714286,18029.714285714286,18033.766666666666,1993.9256445991414,1790.259905679939,4400.0,-208.62380952380772,25612750.0,21298200.0,22138500.0,22381650.0,22460336.666666668,1168.1451245097146,1259.906788501327,23719.0,22618.0,20279.0,21759.0,21488.85714285714,21750.9,20942550.0,17626250.0,19416628.57142857,18374.0,21834650.0,
2025-08-31,1162.0,-0.7818314824680299,0.6234898018587334,-0.4999999999999997,-0.8660254037844388,-0.8528367217694595,-0.522177676659508,0.0,0,0,85.0,85.0,29.1,32.8,25.8,0.6,84.0,4.1,1,0,1,669.0,18374.0,21926.0,18744.0,16024.0,17265.0,16546.0,17946.285714285714,17955.35714285714,18071.633333333335,1998.4771464196222,1784.853736562084,2350.0,-125.34761904762127,21834650.0,20211650.0,21188700.0,22458285.714285713,22454566.666666668,1188.3449439425274,1256.0654221031327,21255.0,23719.0,20637.0,20829.0,21628.285714285714,21726.566666666666,18518050.0,18996000.0,19544028.57142857,17220.0,21625750.0,
2025-09-01,1163.0,0.0,1.0,-0.8660254037844384,-0.5000000000000004,-0.8616928164028521,-0.5074302810827518,0.0,0,0,86.0,86.0,30.3,34.8,26.3,0.3,81.0,7.0,1,0,1,670.0,17220.0,18374.0,21926.0,16906.0,17113.0,16233.0,18117.14285714286,17952.14285714286,17984.266666666666,1852.5400966034172,1759.2221622330806,314.0,132.87619047619228,21625750.0,22130000.0,22316900.0,22660300.0,22362253.333333332,1255.850754936121,1255.281798405611,20819.0,21255.0,20784.0,21164.0,21654.285714285714,21629.366666666665,18755650.0,19365850.0,19509692.85714286,17378.0,22564450.0,
2025-09-02,1164.0,0.7818314824680298,0.6234898018587336,-0.8660254037844384,-0.5000000000000004,-0.8702939222685674,-0.49253272872205434,0.0,0,0,87.0,87.0,29.2,31.7,26.7,3.9,78.0,16.7,1,0,1,671.0,17378.0,17220.0,18374.0,16741.0,17169.0,16585.0,18184.571428571428,17971.071428571428,17965.133333333335,1809.192624454492,1762.7031696709162,637.0,219.4380952380925,22564450.0,21984050.0,22702800.0,22722364.285714287,22393300.0,1298.4491886293015,1253.7741509344426,21317.0,20819.0,21092.0,21660.0,21730.428571428572,21667.3,19394750.0,19222100.0,19513821.42857143,16820.0,22092250.0,
2025-09-03,1165.0,0.9749279121818236,-0.22252093395631434,-0.8660254037844384,-0.5000000000000004,-0.8786374941610001,-0.4774894280028391,0.0,0,0,88.0,88.0,29.2,32.7,27.3,2.8,77.0,17.6,1,0,1,672.0,16820.0,17378.0,17220.0,16909.0,16852.0,15661.0,18195.85714285714,17946.14285714286,17974.266666666666,1798.9039652494114,1755.7927757182645,-89.0,221.59047619047487,22092250.0,22189850.0,22332650.0,22737821.42857143,22419205.0,1313.4512485136743,1253.8120164943375,21591.0,21317.0,21293.0,21943.0,21801.714285714286,21710.3,19709950.0,19750550.0,19583514.285714287,17146.0,22092700.0,
2025-09-04,1166.0,0.43388373911755823,-0.900968867902419,-0.8660254037844384,-0.5000000000000004,-0.886721063082993,-0.46230483047981086,0.0,0,0,89.0,89.0,28.2,31.7,25.8,2.1,84.0,12.3,1,0,1,673.0,17146.0,16820.0,17378.0,18744.0,18438.0,18594.0,18229.714285714286,17967.14285714286,18004.7,1772.6866346767213,1732.3262245535468,-1598.0,225.0142857142855,22092700.0,23245050.0,22918000.0,22723942.85714286,22457720.0,1288.504607488627,1250.411244361367,21255.0,21591.0,22618.0,22867.0,21796.285714285714,21726.033333333333,19618300.0,20013100.0,19564621.42857143,20716.0,24174350.0,
2025-09-05,1167.0,-0.433883739117558,-0.9009688679024191,-0.8660254037844384,-0.5000000000000004,-0.8945422369764496,-0.4469834295196741,1.0,1,0,90.0,90.0,28.9,33.0,25.9,0.6,83.0,8.8,1,0,1,674.0,20716.0,17146.0,16820.0,21926.0,21388.0,20772.0,18511.428571428572,18129.85714285714,18142.4,2008.9837279199553,1779.1360863613563,-1210.0,369.028571428571,24174350.0,25612750.0,25335500.0,22856700.0,22567036.666666668,1166.9410117783357,1239.9552685426145,23625.0,21255.0,23719.0,23204.0,21940.14285714286,21813.566666666666,20272500.0,20942550.0,19601678.57142857,23382.0,26373300.0,Eid-e-Miladunnabi
2025-09-06,1168.0,-0.9749279121818236,-0.2225209339563146,-0.8660254037844384,-0.5000000000000004,-0.9020987014301837,-0.43152975897147144,1.0,0,0,91.0,91.0,29.7,33.9,25.7,0.0,77.0,6.8,0,0,1,675.0,23382.0,20716.0,17146.0,18374.0,17526.0,18393.0,18719.428571428572,18272.285714285714,18399.766666666666,2448.687189573317,1957.3325036603226,5008.0,319.66190476190604,26373300.0,21834650.0,21298200.0,22965350.0,22796351.666666668,1127.9317423659224,1234.21049966493,25250.0,23625.0,21255.0,20279.0,22158.85714285714,22000.6,21788200.0,18518050.0,19722485.714285713,21028.0,23730850.0,
2025-09-07,1169.0,-0.7818314824680299,0.6234898018587334,-0.8660254037844384,-0.5000000000000004,-0.9093882203647925,-0.4159483918249421,0.0,0,0,92.0,92.0,28.7,32.3,26.5,1.6,83.0,6.0,1,0,1,676.0,21028.0,23382.0,20716.0,17220.0,16024.0,17514.0,19098.571428571428,18522.428571428572,18480.9,2587.8031131406474,2015.2502257570725,3808.0,617.6714285714261,23730850.0,21625750.0,20211650.0,23236235.714285713,22829970.0,1128.5357618413543,1225.6663307933338,22059.0,25250.0,20819.0,20637.0,22273.714285714286,21988.1,18621700.0,18755650.0,19737292.85714286,18073.0,21475750.0,
2025-09-08,1170.0,0.0,1.0,-0.8660254037844384,-0.5000000000000004,-0.9164086366943458,-0.4002439388573056,0.0,0,0,93.0,93.0,29.5,33.2,26.4,2.9,81.0,4.9,1,0,1,677.0,18073.0,21028.0,23382.0,17378.0,16906.0,17357.0,19220.428571428572,18668.785714285714,18390.933333333334,2503.303541132613,1969.160453582732,695.0,829.4952380952382,21475750.0,22564450.0,22130000.0,23214807.14285714,22713833.333333332,1188.2780943949538,1216.013093573167,21430.0,22059.0,21317.0,20784.0,22361.0,21909.8,18633750.0,19394750.0,19719878.57142857,17180.0,22038250.0,
2025-09-09,1171.0,0.7818314824680298,0.6234898018587336,-0.8660254037844384,-0.5000000000000004,-0.9231578729647039,-0.38442104726885545,0.0,0,0,94.0,94.0,29.6,33.3,26.7,0.3,79.0,6.4,1,0,1,678.0,17180.0,18073.0,21028.0,16820.0,16741.0,16925.0,19192.14285714286,18688.35714285714,18350.5,2528.5825033385686,1981.5311347367615,360.0,841.6428571428587,22038250.0,22092250.0,21984050.0,23139635.714285713,22720911.666666668,1282.7852153667054,1213.775383107082,22049.0,21430.0,21591.0,21092.0,22465.571428571428,21931.133333333335,20185900.0,19709950.0,19832900.0,15849.0,20347600.0,
2025-09-10,1172.0,0.9749279121818236,-0.22252093395631434,-0.8660254037844384,-0.5000000000000004,-0.9296339319682695,-0.3684843993077793,0.0,0,0,95.0,95.0,29.4,32.9,26.7,1.6,81.0,7.6,1,0,1,679.0,15849.0,17180.0,18073.0,17146.0,16909.0,16914.0,19053.428571428572,18624.64285714286,18295.0,2701.1487591480595,2028.528139758781,-1297.0,758.4285714285725,20347600.0,22092700.0,22189850.0,22890400.0,22665400.0,1283.8412518139946,1209.545383578556,22459.0,22049.0,21255.0,21293.0,22589.571428571428,21971.6,20663600.0,19618300.0,19969135.714285713,15190.0,19208050.0,
2025-09-11,1173.0,0.43388373911755823,-0.900968867902419,-0.8660254037844384,-0.5000000000000004,-0.9358348973349941,-0.35243871088460327,0.0,0,0,96.0,96.0,28.9,32.9,26.9,8.2,83.0,7.2,1,0,1,680.0,15190.0,15849.0,17180.0,20716.0,18744.0,19361.0,18774.0,18501.85714285714,18222.766666666666,3014.3673189133483,2100.3900899321457,-5526.0,551.2333333333336,19208050.0,24174350.0,23245050.0,22478307.14285714,22552141.666666668,1264.5194206714943,1206.1189283189658,22404.0,22459.0,23625.0,22618.0,22753.714285714286,21992.233333333334,20663300.0,20272500.0,20118421.42857143,17490.0,20667850.0,
2025-09-12,1174.0,-0.433883739117558,-0.9009688679024191,-0.8660254037844384,-0.5000000000000004,-0.9417589340994617,-0.33628873017668287,1.0,0,0,97.0,97.0,27.7,30.8,26.0,10.7,88.0,7.4,1,0,1,681.0,17490.0,15190.0,15849.0,23382.0,21926.0,22711.0,18313.14285714286,18412.285714285714,18241.6,2912.8745497972814,2090.863748261281,-5892.0,71.54285714286016,20667850.0,26373300.0,25612750.0,21977378.57142857,22508573.333333332,1181.6952544311034,1208.2266772693613,23830.0,22404.0,25250.0,23719.0,22783.0,22056.266666666666,21171500.0,21788200.0,20246850.0,21709.0,25860700.0,
2025-09-13,1175.0,-0.9749279121818236,-0.2225209339563146,-0.8660254037844384,-0.5000000000000004,-0.9474042892438845,-0.32003923622313857,1.0,0,0,98.0,98.0,28.1,31.9,26.2,10.7,87.0,8.3,1,0,1,682.0,21709.0,17490.0,15190.0,21028.0,18374.0,19415.0,18074.14285714286,18396.785714285714,18401.433333333334,2461.2908150379294,2167.738097861379,681.0,-327.2904761904756,25860700.0,23730850.0,21834650.0,21904150.0,22629066.666666668,1191.2432631627435,1217.2711802403355,25511.0,23830.0,22059.0,21255.0,22820.285714285714,22190.966666666667,22049050.0,18621700.0,20284114.285714287,18402.0,21882300.0,
2025-09-14,1176.0,-0.7818314824680299,0.6234898018587334,-0.8660254037844384,-0.5000000000000004,-0.9527692922168511,-0.30369503751065885,0.0,0,0,99.0,99.0,27.3,29.0,26.4,9.3,90.0,7.4,1,0,1,683.0,18402.0,21709.0,17490.0,18073.0,17220.0,17265.0,17699.0,18398.785714285714,18369.466666666667,2111.271654714202,2160.1575730094346,329.0,-670.4666666666672,21882300.0,21475750.0,21625750.0,21640071.42857143,22585606.666666668,1189.126181936746,1225.9269545396771,21778.0,25511.0,21430.0,20819.0,22780.14285714286,22163.833333333332,18827100.0,18633750.0,20313457.14285714,15453.0,19650750.0,
2025-09-15,1177.0,0.0,1.0,-0.8660254037844384,-0.5000000000000004,-0.9578523554276669,-0.28726097055059635,0.0,0,0,100.0,100.0,26.3,27.9,24.3,4.2,91.0,10.3,1,0,1,684.0,15453.0,18402.0,21709.0,17180.0,17378.0,17113.0,17324.714285714286,18272.571428571428,18127.533333333333,2260.8560115057294,2061.3274553454667,-1727.0,-802.8190476190466,19650750.0,22038250.0,22564450.0,21379357.14285714,22374138.333333332,1271.6462822752862,1237.836695665439,20267.0,21778.0,22049.0,21317.0,22614.0,22024.9,18554200.0,20185900.0,20302092.85714286,15059.0,19341600.0,
2025-09-16,1178.0,0.7818314824680298,0.6234898018587336,-0.8660254037844384,-0.5000000000000004,-0.9626519747161487,-0.2707418984477642,0.0,0,0,101.0,101.0,27.0,30.6,24.9,4.4,88.0,10.8,1,0,1,685.0,15059.0,15453.0,18402.0,15849.0,16820.0,17169.0,17021.714285714286,18106.928571428572,17982.333333333332,2420.0094844362966,2120.0918219108844,-790.0,-960.6190476190459,19341600.0,20347600.0,22092250.0,20994121.42857143,22280908.333333332,1284.3880735772627,1238.0656754098043,20296.0,20267.0,22459.0,21591.0,22363.571428571428,21976.133333333335,18866650.0,20663600.0,20113628.57142857,15721.0,20698250.0,
2025-09-17,1179.0,0.9749279121818236,-0.22252093395631434,-0.8660254037844384,-0.5000000000000004,-0.9671667297977312,-0.2541427094613622,0.0,0,0,102.0,102.0,27.4,31.1,25.3,11.1,88.0,6.6,1,0,1,686.0,15721.0,15059.0,15453.0,15190.0,17146.0,16852.0,17003.428571428572,18028.428571428572,17930.866666666665,2430.806920698148,2156.5336767253716,531.0,-927.4380952380925,20698250.0,19208050.0,22092700.0,21044214.285714287,22264560.0,1316.5988168691558,1242.7453275605417,21140.0,20296.0,22404.0,21255.0,22175.14285714286,21986.5,19669400.0,20663300.0,19971600.0,16856.0,22013900.0,
2025-10-18,1210.0,-0.9749279121818236,-0.2225209339563146,-1.0,-1.8369701987210297e-16,-0.9620675724981452,0.27281126433401914,1.0,0,0,133.0,133.0,29.2,33.4,25.3,0.9,76.0,3.6,1,0,1,717.0,22661.0,20369.0,17861.0,18272.0,25754.0,18221.0,18746.571428571428,19474.214285714286,19887.166666666668,2032.3845483521277,2726.651591659476,4389.0,-1140.5952380952403,26151000.0,22270450.0,26802250.0,23416185.714285713,24227015.0,1154.0090905079212,1254.2071866571155,26220.0,24943.0,22185.0,25820.0,23524.714285714286,23308.366666666665,22817300.0,19314950.0,21294114.285714287,19175.0,21836150.0,
2025-10-19,1211.0,-0.7818314824680299,0.6234898018587334,-1.0,-1.8369701987210297e-16,-0.957232443323312,0.28931997761869527,0.0,0,0,134.0,134.0,28.9,33.6,24.5,0.0,74.0,5.8,0,0,1,718.0,19175.0,22661.0,20369.0,17398.0,20934.0,17295.0,18875.571428571428,19004.285714285714,19891.666666666668,2025.8894225451857,2725.316309808102,1777.0,-1016.0952380952403,21836150.0,22172800.0,24723250.0,23354142.85714286,24174643.333333332,1138.7822685788788,1242.771888398056,22881.0,26220.0,22211.0,22257.0,23624.14285714286,23334.566666666666,19593400.0,19952250.0,21333892.85714286,18286.0,22659250.0,
2025-10-20,1212.0,0.0,1.0,-1.0,-1.8369701987210297e-16,-0.9521140536681102,0.3057430764672831,0.0,0,0,135.0,135.0,28.9,34.0,24.6,0.0,71.0,6.7,0,0,1,719.0,18286.0,19175.0,22661.0,17357.0,18690.0,15787.0,19002.428571428572,18815.14285714286,19764.766666666666,1944.0977219215217,2707.857719016468,929.0,-762.338095238094,22659250.0,22881100.0,23876550.0,23423635.714285713,24064758.333333332,1239.1583725254293,1237.7308932524518,22854.0,22881.0,22577.0,22150.0,23716.0,23299.933333333334,20616300.0,21016050.0,21428757.14285714,17816.0,22926500.0,
2025-10-21,1213.0,0.7818314824680298,0.6234898018587336,-1.0,-1.8369701987210297e-16,-0.9467139181463862,0.3220757010206104,0.0,0,0,136.0,136.0,28.8,33.9,24.0,0.0,69.0,5.5,0,0,1,720.0,17816.0,18286.0,19175.0,17308.0,17989.0,16961.0,19068.0,18752.714285714286,19751.266666666666,1886.2297491732434,2716.8142973779172,508.0,-683.2666666666664,22926500.0,22484300.0,23706400.0,23430121.42857143,24097383.333333332,1286.8488998652897,1233.2430896899682,22698.0,22854.0,23060.0,22854.0,23733.285714285714,23366.366666666665,21279200.0,21656400.0,21466350.0,17308.0,22532500.0,
2025-10-22,1214.0,0.9749279121818236,-0.22252093395631434,-1.0,-1.8369701987210297e-16,-0.9410336347451197,0.3383130181923076,0.0,0,0,137.0,137.0,29.0,33.7,24.3,0.0,67.0,5.2,0,0,1,721.0,17308.0,17816.0,18286.0,17861.0,17600.0,17706.0,19068.0,18704.071428571428,19751.7,1886.2297491732434,2716.4100186929545,-553.0,-683.7000000000007,22532500.0,23294700.0,22699150.0,23437007.14285714,24113443.333333332,1301.854633695401,1233.6409238872018,22747.0,22698.0,23477.0,22527.0,23688.571428571428,23431.066666666666,21443350.0,22114400.0,21435914.285714287,17383.0,22441600.0,
2025-10-23,1215.0,0.43388373911755823,-0.900968867902419,-1.0,-1.8369701987210297e-16,-0.9350748843515574,0.3544502230989869,0.0,0,0,138.0,138.0,29.0,33.4,25.4,0.2,71.0,5.3,1,0,1,722.0,17383.0,17308.0,17816.0,20369.0,18870.0,20137.0,18999.714285714286,18688.571428571428,19804.9,1944.9469328051266,2650.9243976524976,-2986.0,-805.1857142857152,22441600.0,24658950.0,23650600.0,23315135.714285713,24147175.0,1291.0084565379968,1231.7533479414071,22419.0,22747.0,24943.0,23901.0,23537.428571428572,23473.333333333332,21234900.0,22187450.0,21310271.42857143,19729.0,23828650.0,
2025-10-24,1216.0,-0.433883739117558,-0.9009688679024191,-1.0,-1.8369701987210297e-16,-0.9288394302558068,0.3704825404820963,1.0,0,0,139.0,139.0,28.1,32.3,24.9,0.0,76.0,4.9,0,0,1,723.0,19729.0,17383.0,17308.0,22661.0,21576.0,23886.0,18908.285714285714,18749.928571428572,19897.166666666668,1883.9369871171596,2596.1324295871973,-2932.0,-988.8809523809541,23828650.0,26151000.0,26240000.0,23196521.42857143,24202285.0,1207.7981651376147,1231.351412406933,24077.0,22419.0,26220.0,25781.0,23413.714285714286,23558.8,21748100.0,22817300.0,21247507.14285714,22305.0,25591600.0,
2025-10-25,1217.0,-0.9749279121818236,-0.2225209339563146,-1.0,-1.8369701987210297e-16,-0.9223291176290545,0.3864052261209853,1.0,0,0,140.0,140.0,28.3,33.5,23.4,0.0,73.0,3.8,0,0,1,724.0,22305.0,19729.0,17383.0,19175.0,18272.0,19498.0,18857.428571428572,18802.0,20050.466666666667,1766.9186792399737,2598.067102917992,3130.0,-1193.0380952380947,25591600.0,21836150.0,22270450.0,23116607.14285714,24280628.333333332,1147.3481282223718,1230.3998463661403,25448.0,24077.0,22881.0,22185.0,23303.428571428572,23676.766666666666,22985550.0,19593400.0,21271542.85714286,19181.0,22223050.0,
2025-10-26,1218.0,-0.7818314824680299,0.6234898018587334,-1.0,-1.8369701987210297e-16,-0.9155458729775467,0.40221356823680365,0.0,0,0,141.0,141.0,28.5,33.0,24.5,0.0,72.0,4.6,0,0,1,725.0,19181.0,22305.0,19729.0,18286.0,17398.0,19292.0,18858.285714285714,18866.928571428572,20018.6,1767.099857043008,2602.82768780688,895.0,-1160.3142857142848,22223050.0,22659250.0,22172800.0,23171878.57142857,24189405.0,1158.5970491632345,1233.2305293067625,22121.0,25448.0,22854.0,22211.0,23194.85714285714,23630.033333333333,19533600.0,20616300.0,21263000.0,18058.0,22405550.0,
2025-10-27,1219.0,0.0,1.0,-1.0,-1.8369701987210297e-16,-0.9084917035725082,0.41790288888678667,0.0,0,0,142.0,142.0,29.1,33.6,25.1,0.0,69.0,4.1,0,0,1,726.0,18058.0,19181.0,22305.0,17816.0,17357.0,19986.0,18825.714285714286,18914.071428571428,19824.333333333332,1781.4493831600782,2520.410685382206,242.0,-998.6190476190459,22405550.0,22926500.0,22881100.0,23135635.714285713,24001751.666666668,1240.7547901207222,1233.4585889632328,22794.0,22121.0,22698.0,22577.0,23186.285714285714,23530.366666666665,20959050.0,21279200.0,21311964.285714287,17482.0,22538100.0,
2025-10-28,1220.0,0.7818314824680298,0.6234898018587336,-1.0,-1.8369701987210297e-16,-0.9011686968561569,0.4334685453485363,0.0,0,0,143.0,143.0,28.8,33.1,25.3,0.0,74.0,3.5,0,0,1,727.0,17482.0,18058.0,19181.0,17308.0,17308.0,23775.0,18778.0,18923.0,19757.133333333335,1817.116763813723,2556.035369316256,174.0,-979.133333333335,22538100.0,22532500.0,22484300.0,23080150.0,23981855.0,1289.2174808374327,1233.796957673539,22743.0,22794.0,22747.0,23060.0,23192.714285714286,23552.0,21395800.0,21443350.0,21328621.42857143,17804.0,23351950.0,
2025-10-29,1221.0,0.9749279121818236,-0.22252093395631434,-1.0,-1.8369701987210297e-16,-0.8935790198239952,0.4489059314938798,0.0,0,0,143.0,-143.0,27.8,32.6,25.3,4.3,84.0,4.7,1,0,1,728.0,17804.0,17482.0,18058.0,17383.0,17861.0,26635.0,18848.85714285714,18958.428571428572,19707.533333333333,1758.9822273661528,2579.7003532666267,421.0,-858.6761904761916,23351950.0,22441600.0,23294700.0,23197214.285714287,23968301.666666668,1311.612558975511,1235.1909469992693,22332.0,22743.0,22419.0,23477.0,23133.428571428572,23557.8,21068650.0,21234900.0,21275092.85714286,17658.0,22949850.0,
2025-10-30,1222.0,0.43388373911755823,-0.900968867902419,-1.0,-1.8369701987210297e-16,-0.8857249183835637,0.4642104791518923,0.0,0,0,142.0,-142.0,26.9,31.3,24.4,4.0,87.0,4.6,1,0,1,729.0,17658.0,17804.0,17482.0,19729.0,20369.0,20819.0,18888.14285714286,18943.928571428572,19629.933333333334,1723.4998722144776,2605.916040319733,-2071.0,-741.7904761904756,22949850.0,23828650.0,24658950.0,23269821.42857143,23907833.333333332,1299.6856948691811,1236.4305524751526,22026.0,22332.0,24077.0,24943.0,23077.285714285714,23483.1,20695700.0,21748100.0,21198064.285714287,19967.0,24453200.0,
2025-10-31,1223.0,-0.433883739117558,-0.9009688679024191,-1.0,-1.8369701987210297e-16,-0.8776087166898392,0.4793776594606945,1.0,0,0,141.0,-141.0,28.1,32.1,25.0,0.5,81.0,5.6,1,0,1,730.0,19967.0,17658.0,17804.0,22305.0,22661.0,22845.0,18922.14285714286,18915.214285714286,19503.0,1745.0649871919716,2487.0826837607005,-2338.0,-580.8571428571413,24453200.0,25591600.0,26151000.0,23359042.85714286,23815570.0,1224.680723193269,1238.8423464831033,23205.0,22026.0,25448.0,26220.0,22952.714285714286,23388.1,21025150.0,22985550.0,21094785.714285713,23129.0,26375950.0,
2025-11-01,1224.0,-0.9749279121818236,-0.2225209339563146,-0.8660254037844386,0.5000000000000001,-0.8692328164574792,0.49440298420761813,1.0,0,0,140.0,-140.0,27.6,32.3,24.8,4.5,83.0,8.0,1,0,1,731.0,23129.0,19967.0,17658.0,19181.0,19175.0,25754.0,19039.85714285714,18948.64285714286,19386.133333333335,2017.7726522554435,2206.999409923471,3948.0,-346.27619047619373,26375950.0,22223050.0,21836150.0,23471092.85714286,23690361.666666668,1140.3843659475117,1237.8475233009801,24971.0,23205.0,22121.0,22881.0,22884.571428571428,23306.6,21994600.0,19533600.0,20953221.42857143,18609.0,21817350.0,
2025-11-02,1225.0,-0.7818314824680299,0.6234898018587334,-0.8660254037844386,0.5000000000000001,-0.8605996962501181,0.5092820071573356,0.0,0,0,139.0,-139.0,26.8,30.4,24.8,1.2,81.0,7.6,1,0,1,732.0,18609.0,23129.0,19967.0,18058.0,18286.0,20934.0,18958.14285714286,18908.214285714286,19312.466666666667,2022.6803527802685,2194.3703162998063,551.0,-354.32380952380845,21817350.0,22405550.0,22659250.0,23413135.714285713,23618018.333333332,1172.4085120103175,1239.820589421992,19610.0,24971.0,22794.0,22854.0,22525.85714285714,23202.366666666665,17252150.0,20959050.0,20627300.0,17717.0,21849550.0,
2025-11-03,1226.0,0.0,1.0,-0.8660254037844386,0.5000000000000001,-0.8517119107469189,0.5240103253675756,0.0,0,0,138.0,-138.0,26.3,30.3,23.3,0.6,76.0,9.9,1,0,1,733.0,17717.0,18609.0,23129.0,17482.0,17816.0,18690.0,18909.428571428572,18867.571428571428,19141.533333333333,2051.8683240030605,2107.7259151354465,235.0,-232.10476190476038,21849550.0,22538100.0,22926500.0,23333707.14285714,23513076.666666668,1233.253372467122,1238.7489583286208,20107.0,19610.0,22743.0,22698.0,22142.0,23099.866666666665,18237200.0,21395800.0,20238464.285714287,17216.0,21775800.0,
2025-11-04,1227.0,0.7818314824680298,0.6234898018587336,-0.8660254037844386,0.5000000000000001,-0.8425720899866032,0.5385835804920232,0.0,0,0,137.0,-137.0,26.8,31.6,22.5,0.0,72.0,9.9,0,0,1,734.0,17216.0,17717.0,18609.0,17804.0,17308.0,17989.0,18871.428571428572,18824.714285714286,18856.933333333334,2084.9069409401627,1725.9259970017915,-588.0,14.495238095238165,21775800.0,23351950.0,22532500.0,23224807.14285714,23345528.333333332,1264.8582713754647,1235.2690712626252,21411.0,20107.0,22332.0,22747.0,21951.714285714286,22952.9,19536850.0,21068650.0,19972900.0,18022.0,23310650.0,
2025-11-05,1228.0,0.9749279121818236,-0.22252093395631434,-0.8660254037844386,0.5000000000000001,-0.8331829385891785,0.5529974600700271,0.0,0,0,136.0,-136.0,26.9,31.3,24.7,5.2,83.0,5.9,1,0,1,735.0,18022.0,17216.0,17717.0,17658.0,17383.0,17600.0,18902.571428571428,18875.714285714286,18759.866666666665,2067.8635397547705,1686.5190172074788,364.0,142.70476190476256,23310650.0,22949850.0,22441600.0,23218907.14285714,23298441.666666668,1293.4552213960715,1232.675165894134,22051.0,21411.0,22026.0,22419.0,21911.571428571428,22946.033333333333,20392200.0,20695700.0,19876264.285714287,18153.0,23331350.0,
2025-11-06,1229.0,0.43388373911755823,-0.900968867902419,-0.8660254037844386,0.5000000000000001,-0.8235472349556007,0.5672476988027229,0.0,0,0,135.0,-135.0,26.7,31.2,23.5,0.3,81.0,6.1,1,0,1,736.0,18153.0,18022.0,17216.0,19967.0,19729.0,18870.0,18973.285714285714,18930.714285714286,18741.966666666667,2026.2548962954797,1690.1319981778192,-1814.0,231.31904761904661,23331350.0,24453200.0,23828650.0,23273407.14285714,23280268.333333332,1285.2613893020437,1230.6145508131142,22598.0,22051.0,23205.0,24077.0,21993.285714285714,22960.966666666667,20852650.0,21025150.0,19898685.714285713,20916.0,24660950.0,
2025-11-07,1230.0,-0.433883739117558,-0.9009688679024191,-0.8660254037844386,0.5000000000000001,-0.8136678304455991,0.5813300798152042,1.0,0,0,134.0,-134.0,27.3,32.1,23.6,0.4,74.0,7.0,1,0,1,737.0,20916.0,18153.0,18022.0,23129.0,22305.0,21576.0,19108.85714285714,19015.5,18839.533333333333,2132.770766598376,1729.1987726697264,-2213.0,269.32380952380845,24660950.0,26375950.0,25591600.0,23303085.714285713,23312086.666666668,1179.0471409447314,1224.095467634752,24474.0,22598.0,24971.0,25448.0,22174.571428571428,23014.966666666667,21373150.0,21994600.0,19948400.0,22944.0,26324350.0,
2025-11-08,1231.0,-0.9749279121818236,-0.2225209339563146,-0.8660254037844386,0.5000000000000001,-0.8035476485339116,0.5952404359043674,1.0,0,0,133.0,-133.0,26.7,32.0,23.3,0.0,64.0,12.2,0,0,1,738.0,22944.0,20916.0,18153.0,18609.0,19181.0,18272.0,19082.428571428572,19061.14285714286,19017.666666666668,2075.01605272034,1866.8799590786234,4335.0,64.76190476190459,26324350.0,21817350.0,22223050.0,23295714.285714287,23432926.666666668,1147.3304567642956,1225.087766322864,25652.0,24474.0,19610.0,22121.0,22271.85714285714,23119.133333333335,22521950.0,17252150.0,20023735.714285713,19857.0,22603700.0,
2025-11-09,1232.0,-0.7818314824680299,0.6234898018587334,-0.8660254037844386,0.5000000000000001,-0.7931896839451843,0.6089746507720486,0.0,0,0,132.0,-132.0,25.3,30.4,21.3,0.0,69.0,9.8,0,0,1,739.0,19857.0,22944.0,20916.0,17717.0,18058.0,17398.0,19260.714285714286,19109.428571428572,19050.566666666666,2081.164554945467,1872.8752132398,2140.0,210.14761904762054,22603700.0,21849550.0,22405550.0,23408050.0,23398030.0,1138.3240167195447,1220.2185527098961,22722.0,25652.0,20107.0,22794.0,22716.428571428572,23079.833333333332,19523500.0,18237200.0,20348214.285714287,18438.0,22434250.0,
2025-11-10,1233.0,0.0,1.0,-0.8660254037844386,0.5000000000000001,-0.7825970017677834,0.6225286602431057,0.0,0,0,131.0,-131.0,25.7,30.7,21.9,0.0,70.0,8.7,0,0,1,740.0,18438.0,19857.0,22944.0,17216.0,17482.0,17357.0,19363.714285714286,19136.571428571428,18945.966666666667,2008.6072051950202,1813.6586661969957,1222.0,417.7476190476191,22434250.0,21775800.0,22538100.0,23491578.57142857,23271171.666666668,1216.7398850200673,1217.8594830746026,23185.0,22722.0,21411.0,22743.0,23156.14285714286,22993.3,20728350.0,19536850.0,20704092.85714286,17716.0,22769000.0,
2025-11-11,1234.0,0.7818314824680298,0.6234898018587336,-0.8660254037844386,0.5000000000000001,-0.7717727365467837,0.6358984534680745,0.0,0,0,130.0,-130.0,24.4,29.9,19.9,0.0,64.0,8.8,0,0,1,741.0,17716.0,18438.0,19857.0,18022.0,17804.0,17308.0,19435.14285714286,19153.285714285714,18927.433333333334,1926.7238539871887,1823.5968376911003,-306.0,507.7095238095244,22769000.0,23310650.0,23351950.0,23633464.285714287,23287790.0,1285.2223978324678,1220.7686439970316,23101.0,23185.0,22051.0,22332.0,23397.571428571428,23023.833333333332,21532200.0,20392200.0,20989142.85714286,17542.0,22623300.0,
2025-11-12,1235.0,0.9749279121818236,-0.22252093395631434,-0.8660254037844386,0.5000000000000001,-0.7607200913564104,0.6490800741100398,0.0,0,0,129.0,-129.0,23.4,29.2,18.6,0.0,62.0,7.3,0,0,1,742.0,17542.0,17716.0,18438.0,18153.0,17658.0,17861.0,19366.571428571428,19134.571428571428,18932.233333333334,1992.8075552798364,1819.6174793798195,-611.0,434.33809523809396,22623300.0,23331350.0,22949850.0,23535271.42857143,23302806.666666668,1289.6648044692738,1220.2271558646319,23188.0,23101.0,22598.0,22026.0,23560.0,23056.4,21732100.0,20852650.0,21180557.14285714,17578.0,22446750.0,
2025-11-13,1236.0,0.43388373911755823,-0.900968867902419,-0.8660254037844386,0.5000000000000001,-0.7494423368521953,0.6620696215153815,0.0,0,0,128.0,-128.0,23.3,29.1,18.0,0.0,67.0,5.7,0,0,1,743.0,17578.0,17542.0,17716.0,20916.0,19967.0,20369.0,19284.428571428572,19128.85714285714,18939.6,2061.8232915829,1813.457216441091,-3338.0,344.8285714285739,22446750.0,24660950.0,24453200.0,23408900.0,23288328.333333332,1276.9797474115371,1219.0440641659882,22979.0,23188.0,24474.0,23205.0,23614.428571428572,23069.8,21480450.0,21373150.0,21270242.85714286,12409.0,14840050.0,
2025-11-14,1237.0,-0.433883739117558,-0.9009688679024191,-0.8660254037844386,0.5000000000000001,-0.7379428103031386,0.6748632518680403,1.0,0,0,127.0,-127.0,23.3,28.9,18.5,0.0,67.0,5.2,0,0,1,744.0,12409.0,17578.0,17542.0,22944.0,23129.0,22661.0,18069.14285714286,18589.0,18776.3,3156.4153945348794,2154.040279935915,-10535.0,-707.1571428571406,14840050.0,26324350.0,26375950.0,22005914.285714287,23033520.0,1195.9102264485455,1221.453076380819,20410.0,22979.0,25652.0,24971.0,23033.85714285714,22981.466666666667,18695200.0,22521950.0,20887678.57142857,21713.0,24531400.0,
2025-11-15,1238.0,-0.9749279121818236,-0.2225209339563146,-0.8660254037844386,0.5000000000000001,-0.7262249146041543,0.6874571793269664,1.0,0,0,126.0,-126.0,23.2,28.9,17.9,0.0,69.0,5.8,0,0,1,745.0,21713.0,12409.0,17578.0,19857.0,18609.0,19175.0,17893.285714285714,18487.85714285714,18904.7,2859.91641569497,2211.635627375373,1856.0,-1011.414285714287,24531400.0,22603700.0,21817350.0,21749778.57142857,23074743.333333332,1129.8024225118593,1218.9490714876138,24002.0,20410.0,22722.0,19610.0,22798.14285714286,22998.966666666667,21399450.0,19523500.0,20727321.42857143,19691.0,22976550.0,
2025-11-16,1239.0,-0.7818314824680299,0.6234898018587334,-0.8660254037844386,0.5000000000000001,-0.7142921172691032,0.699847677146407,0.0,0,0,125.0,-125.0,23.6,28.9,18.8,0.0,68.0,4.2,0,0,1,746.0,19691.0,21713.0,12409.0,18438.0,17717.0,18286.0,17869.571428571428,18565.14285714286,18882.1,2841.548806381352,2199.587756830856,1253.0,-1012.528571428571,22976550.0,22434250.0,21849550.0,21803042.85714286,23018663.333333332,1166.8554161799807,1223.0249856962473,22792.0,24002.0,23185.0,20107.0,22808.14285714286,22927.266666666666,20210750.0,20728350.0,20825500.0,16834.0,20708100.0,
2025-11-17,1240.0,0.0,1.0,-0.8660254037844386,0.5000000000000001,-0.7021479494046978,0.7120310787787131,0.0,0,0,124.0,-124.0,23.4,29.5,18.4,0.0,67.0,4.8,0,0,1,747.0,16834.0,19691.0,21713.0,17716.0,17216.0,17816.0,17640.428571428572,18502.071428571428,18687.866666666665,2852.722375623091,2109.8311214217406,-882.0,-1047.4380952380925,20708100.0,22769000.0,21775800.0,21556450.0,22837233.333333332,1230.135440180587,1224.9386364334644,22393.0,22792.0,23101.0,21411.0,22695.0,22799.7,20525150.0,21532200.0,20796471.42857143,12763.0,16434700.0,
2025-11-18,1241.0,0.7818314824680298,0.6234898018587336,-0.8660254037844386,0.5000000000000001,-0.6897960046655887,0.7240037789593305,0.0,0,0,123.0,-123.0,23.7,30.3,18.2,0.0,71.0,5.5,0,0,1,748.0,12763.0,16834.0,19691.0,17542.0,18022.0,17308.0,16932.85714285714,18184.0,18474.133333333335,3393.7969605625512,2367.7904837026445,-4779.0,-1541.2761904761937,16434700.0,22623300.0,23310650.0,20651550.0,22657185.0,1287.683146595628,1225.2901719710587,20218.0,22393.0,23188.0,22051.0,22283.14285714286,22710.933333333334,19281350.0,21732100.0,20474921.42857143,16068.0,20282050.0,
2025-11-19,1242.0,0.9749279121818236,-0.22252093395631434,-0.8660254037844386,0.5000000000000001,-0.6772399381909491,0.7357622347736527,0.0,0,0,122.0,-122.0,24.1,30.2,19.1,0.0,66.0,5.5,0,0,1,749.0,16068.0,12763.0,16834.0,17578.0,18153.0,17383.0,16722.285714285714,18044.428571428572,18400.2,3395.4304446950077,2408.151536072805,-1510.0,-1677.914285714287,20282050.0,22446750.0,23331350.0,20317085.714285713,22577945.0,1262.263505103311,1221.375700633064,21902.0,20218.0,22979.0,22598.0,22099.428571428572,22679.2,20642600.0,21480450.0,20319278.57142857,17747.0,22724700.0,
2025-11-20,1243.0,0.43388373911755823,-0.900968867902419,-0.8660254037844386,0.5000000000000001,-0.6644834655228552,0.7473029667054297,0.0,0,0,121.0,-121.0,23.5,29.6,19.1,0.0,64.0,6.6,0,0,1,750.0,17747.0,16068.0,12763.0,12409.0,20916.0,19729.0,16746.428571428572,18015.428571428572,18397.9,3403.1211094690875,2408.7616127165234,5338.0,-1651.471428571429,22724700.0,14840050.0,24660950.0,20356792.85714286,22571218.333333332,1280.4812080915085,1221.8759093016313,22602.0,21902.0,20410.0,24474.0,22045.571428571428,22676.0,21274650.0,18695200.0,20289878.57142857,19993.0,24179550.0,
2025-11-21,1244.0,-0.433883739117558,-0.9009688679024191,-0.8660254037844386,0.5000000000000001,-0.6515303615068021,0.75862255966641,1.0,0,0,120.0,-120.0,23.0,28.6,18.8,0.0,67.0,5.0,0,0,1,751.0,19993.0,17747.0,16068.0,21713.0,22944.0,22305.0,17829.85714285714,17949.5,18487.4,2972.025595928945,2416.737592934659,-1720.0,-657.5428571428602,24179550.0,24531400.0,26324350.0,21691007.14285714,22626120.0,1209.4007902765968,1223.803132705639,23987.0,22602.0,24002.0,25652.0,22556.571428571428,22717.333333333332,21701400.0,21399450.0,20719335.714285713,22000.0,25712050.0,
2025-11-22,1245.0,-0.9749279121818236,-0.2225209339563146,-0.8660254037844386,0.5000000000000001,-0.6383844591746642,0.769717664006921,1.0,0,0,119.0,-119.0,22.3,28.2,17.3,0.0,69.0,6.2,0,0,1,752.0,22000.0,19993.0,17747.0,19691.0,19857.0,19181.0,17870.85714285714,17882.071428571428,18641.3,3035.817925401675,2489.8836719815195,2309.0,-770.442857142858,25712050.0,22976550.0,22603700.0,21859671.42857143,22735135.0,1168.7295454545454,1229.3641502688795,24972.0,23987.0,22792.0,22722.0,22695.14285714286,22802.433333333334,22521000.0,20210750.0,20879557.14285714,18662.0,21732800.0,
2025-11-23,1246.0,-0.7818314824680299,0.6234898018587334,-0.8660254037844386,0.5000000000000001,-0.6250496486104377,0.7805849965070866,0.0,0,0,118.0,-118.0,22.2,28.1,17.9,0.0,70.0,6.0,0,0,1,753.0,18662.0,22000.0,19993.0,16834.0,18438.0,18058.0,17723.85714285714,17796.714285714286,18605.733333333334,2956.880869461966,2481.4170580722875,1828.0,-881.8761904761923,21732800.0,20708100.0,22434250.0,21681992.85714286,22665273.333333332,1164.5482799271247,1229.0345593756144,22108.0,24972.0,22393.0,23185.0,22597.428571428572,22736.8,19323350.0,20525150.0,20752785.714285713,18759.0,23154200.0,
2025-11-24,1247.0,0.0,1.0,-0.8660254037844386,0.5000000000000001,-0.6115298757991053,0.7912213413483807,0.0,0,0,117.0,-117.0,21.6,27.8,16.7,0.0,69.0,8.3,0,0,1,754.0,18759.0,18662.0,22000.0,12763.0,17716.0,17482.0,17998.85714285714,17819.64285714286,18487.533333333333,2949.835217350868,2381.5763214125227,5996.0,-488.67619047619155,23154200.0,16434700.0,22769000.0,22031435.714285713,22584026.666666668,1234.2982035289729,1229.6292398539554,22183.0,22108.0,20218.0,23101.0,22567.428571428572,22627.966666666667,20324400.0,19281350.0,20724107.14285714,18103.0,23241200.0,
2025-11-25,1248.0,0.7818314824680298,0.6234898018587336,-0.8660254037844386,0.5000000000000001,-0.5978291414589552,0.801623551065242,0.0,0,0,116.0,-116.0,21.6,27.2,17.6,0.0,76.0,6.1,0,0,1,755.0,18103.0,18759.0,18662.0,16068.0,17542.0,17804.0,18761.714285714286,17847.285714285714,18451.6,1858.859660677683,2378.883403674089,2035.0,310.1142857142877,23241200.0,20282050.0,22623300.0,23003792.85714286,22617965.0,1283.831409158703,1229.0789916486804,22243.0,22183.0,21902.0,23188.0,22856.714285714286,22632.033333333333,20926200.0,20642600.0,20959085.714285713,17520.0,22589000.0,
2025-11-26,1249.0,0.9749279121818236,-0.22252093395631434,-0.8660254037844386,0.5000000000000001,-0.5839514998576998,0.8117885474764613,0.0,0,0,115.0,-115.0,21.7,27.5,17.6,0.0,72.0,5.3,0,0,1,756.0,17520.0,18103.0,18759.0,17747.0,17578.0,17658.0,18969.14285714286,17845.714285714286,18433.666666666668,1566.1378641496694,2383.97531422847,-227.0,535.4761904761908,22589000.0,22724700.0,22446750.0,23333357.14285714,22624080.0,1289.3264840182649,1232.9451314936737,22137.0,22243.0,22602.0,22979.0,22890.285714285714,22610.133333333335,20848200.0,21274650.0,20988457.14285714,17896.0,22980250.0,
2025-11-27,1250.0,0.43388373911755823,-0.900968867902419,-0.8660254037844386,0.5000000000000001,-0.5699010576127624,0.821713322596059,0.0,0,0,114.0,-114.0,21.7,28.4,16.4,0.0,72.0,4.8,0,0,1,757.0,17896.0,17520.0,18103.0,19993.0,12409.0,19967.0,18990.428571428572,17868.428571428572,18447.466666666667,1547.662630887977,2379.470482000733,-2097.0,542.9619047619053,22980250.0,24179550.0,14840050.0,23369864.285714287,22638818.333333332,1284.0997988377292,1233.4620730288482,22631.0,22137.0,23987.0,20410.0,22894.428571428572,22606.4,21297150.0,21701400.0,20991671.42857143,19950.0,24237950.0,
2025-11-28,1251.0,-0.433883739117558,-0.9009688679024191,-0.8660254037844386,0.5000000000000001,-0.5556819724760489,0.8313949395234058,1.0,0,0,113.0,-113.0,21.5,28.2,16.9,0.0,70.0,4.3,0,0,1,758.0,19950.0,17896.0,17520.0,22000.0,21713.0,23129.0,18984.285714285714,18407.071428571428,18519.0,1543.098691408961,2391.685021356172,-2050.0,465.28571428571377,24237950.0,25712050.0,24531400.0,23378207.14285714,22668351.666666668,1214.9348370927319,1234.2526511454387,23654.0,22631.0,24972.0,24002.0,22846.85714285714,22650.466666666667,21623500.0,22521000.0,20980542.85714286,22559.0,26352800.0,
2025-11-29,1252.0,-0.9749279121818236,-0.2225209339563146,-0.8660254037844386,0.5000000000000001,-0.5412984521036173,0.8408305333122887,1.0,0,0,112.0,-112.0,21.4,27.5,17.2,0.0,70.0,4.1,0,0,1,759.0,22559.0,19950.0,17896.0,18662.0,19691.0,18609.0,19064.14285714286,18467.5,18682.366666666665,1728.5027652634146,2495.9565851017564,3897.0,381.77619047619373,26352800.0,21732800.0,22976550.0,23469742.85714286,22781783.333333332,1168.1723480650737,1234.1730515183715,24938.0,23654.0,22108.0,22792.0,22842.0,22747.533333333333,22502600.0,19323350.0,20977914.285714287,19354.0,22608850.0,
2025-11-30,1253.0,-0.7818314824680299,0.6234898018587334,-0.8660254037844386,0.5000000000000001,-0.5267547528105542,0.8500173118187018,0.0,0,0,111.0,-111.0,21.8,27.8,17.0,0.0,70.0,4.4,0,0,1,760.0,19354.0,22559.0,19950.0,18759.0,16834.0,17717.0,19163.0,18443.428571428572,18661.933333333334,1721.4441611622042,2487.5722957206603,595.0,501.0666666666657,22608850.0,23154200.0,20708100.0,23594892.85714286,22720305.0,1168.1745375632945,1234.6910883235385,21583.0,24938.0,22183.0,22393.0,22767.0,22693.466666666667,19394850.0,20324400.0,20988128.57142857,18192.0,22657100.0,
2025-12-01,1254.0,0.0,1.0,-0.5000000000000004,0.8660254037844384,-0.5120551783114646,0.8589525565270845,0.0,0,0,110.0,-110.0,22.0,27.8,17.2,0.0,71.0,5.2,0,0,1,761.0,18192.0,19354.0,22559.0,18103.0,12763.0,17216.0,19082.0,18540.428571428572,18497.366666666665,1756.6026870067853,2340.8379649520984,89.0,584.633333333335,22657100.0,23241200.0,16434700.0,23523878.57142857,22596343.333333332,1245.443051890941,1236.2832095181054,21789.0,21583.0,22243.0,20218.0,22710.714285714286,22587.4,20112450.0,20926200.0,20957850.0,17950.0,22985800.0,
2025-12-02,1255.0,0.7818314824680298,0.6234898018587336,-0.5000000000000004,0.8660254037844384,-0.4972040784469378,0.8676336233547726,0.0,0,0,109.0,-109.0,21.8,26.9,17.7,0.0,69.0,6.3,0,0,1,762.0,17950.0,18192.0,19354.0,17520.0,16068.0,18022.0,19060.14285714286,18910.928571428572,18475.4,1771.7014824333712,2342.8454641665285,430.0,584.7428571428572,22985800.0,22589000.0,20282050.0,23487392.85714286,22635291.666666668,1280.5459610027856,1235.8138597815457,22417.0,21789.0,22137.0,21902.0,22735.571428571428,22680.966666666667,21163850.0,20848200.0,20991800.0,17410.0,22514650.0,
2025-12-03,1256.0,0.9749279121818236,-0.22252093395631434,-0.5000000000000004,0.8660254037844384,-0.4822058478963526,0.8760579434344281,0.0,0,0,108.0,-108.0,20.3,26.3,16.4,0.0,70.0,7.6,0,0,1,763.0,17410.0,17950.0,18192.0,17896.0,17747.0,18153.0,19044.428571428572,19006.785714285714,18465.166666666668,1788.051067236919,2346.9392111683887,-486.0,579.2619047619046,22514650.0,22980250.0,22724700.0,23476771.42857143,22657461.666666668,1293.2021826536472,1236.3675310151718,22174.0,22417.0,22631.0,22602.0,22740.85714285714,22749.866666666665,20963150.0,21297150.0,21008221.42857143,17383.0,22328900.0,
2025-12-04,1257.0,0.43388373911755823,-0.900968867902419,-0.5000000000000004,0.8660254037844384,-0.46706492487743034,0.8842230238742036,0.0,0,0,107.0,-107.0,20.4,26.6,15.3,0.0,75.0,8.0,0,0,1,764.0,17383.0,17410.0,17950.0,19950.0,19993.0,20916.0,18971.14285714286,18980.785714285714,18470.733333333334,1852.3238043576382,2344.070464007011,-2567.0,500.4095238095251,22328900.0,24237950.0,24179550.0,23383721.42857143,22675898.333333332,1284.5251107403785,1236.4282898584074,22159.0,22174.0,23654.0,23987.0,22673.428571428572,22774.8,21116150.0,21623500.0,20982364.285714287,20178.0,24087100.0,
2025-12-05,1258.0,-0.433883739117558,-0.9009688679024191,-0.5000000000000004,0.8660254037844384,-0.451785789832884,0.8921264484954345,1.0,0,0,106.0,-106.0,20.8,27.0,16.8,0.0,76.0,8.3,0,0,1,765.0,20178.0,17383.0,17410.0,22559.0,22000.0,22944.0,19003.714285714286,18994.0,18542.6,1874.2793027618316,2362.8137609565597,-2381.0,461.1142857142877,24087100.0,26352800.0,25712050.0,23362171.42857143,22701780.0,1193.7307959163445,1233.3991411189236,24156.0,22159.0,24938.0,24972.0,22745.14285714286,22844.966666666667,21607350.0,22502600.0,20980057.14285714,21902.0,25518300.0,
2025-12-06,1259.0,-0.9749279121818236,-0.2225209339563146,-0.5000000000000004,0.8660254037844384,-0.4363729641045924,0.8997658785476209,1.0,0,0,105.0,-105.0,20.0,25.8,15.6,0.0,72.0,8.0,0,0,1,766.0,21902.0,20178.0,17383.0,19354.0,18662.0,19857.0,18909.85714285714,18987.0,18667.566666666666,1672.1182602286137,2439.3968825459474,2548.0,242.2904761904756,25518300.0,22608850.0,21732800.0,23242957.14285714,22774678.333333332,1165.112775089033,1232.9620592652034,24788.0,24156.0,21583.0,22108.0,22723.714285714286,22917.966666666667,22501100.0,19394850.0,20979842.85714286,18965.0,21942850.0,
2025-12-07,1260.0,-0.7818314824680299,0.6234898018587334,-0.5000000000000004,0.8660254037844384,-0.42083100859565564,0.9071390534005044,0.0,0,0,104.0,-104.0,20.1,26.0,15.7,0.0,74.0,7.3,0,0,1,767.0,18965.0,21902.0,20178.0,18192.0,18759.0,18438.0,18854.285714285714,19008.64285714286,18602.533333333333,1661.3266500284453,2403.124341830655,773.0,251.75238095238092,21942850.0,22657100.0,23154200.0,23147814.285714287,22684075.0,1157.0181914052203,1231.3682955283355,22010.0,24788.0,21789.0,22183.0,22784.714285714286,22835.833333333332,19405250.0,20112450.0,20981328.57142857,17625.0,21711400.0,
2025-12-08,1261.0,0.0,1.0,-0.5000000000000004,0.8660254037844384,-0.4051645224207563,0.9142437912130223,0.0,0,0,103.0,-103.0,20.3,26.1,16.3,0.0,74.0,6.6,0,0,1,768.0,17625.0,18965.0,21902.0,17950.0,18103.0,17716.0,18773.285714285714,18927.64285714286,18425.233333333334,1712.047089917433,2263.9557337474535,-325.0,348.0523809523802,21711400.0,22985800.0,23241200.0,23012714.285714287,22530310.0,1231.8524822695035,1229.4267855824162,22281.0,22010.0,22417.0,22243.0,22855.0,22723.466666666667,20377500.0,21163850.0,21019192.85714286,17825.0,22950450.0,
2025-12-09,1262.0,0.7818314824680298,0.6234898018587336,-0.5000000000000004,0.8660254037844384,-0.3893781415452015,0.9210779895789526,0.0,0,0,102.0,-102.0,20.3,26.1,16.0,0.0,76.0,6.3,0,0,1,769.0,17825.0,17625.0,18965.0,17410.0,17520.0,17542.0,18755.428571428572,18907.785714285714,18357.5,1722.6842288650778,2249.9966398442675,415.0,397.92857142857247,22950450.0,22514650.0,22589000.0,23007664.285714287,22541868.333333332,1287.5427769985974,1230.426330724675,22720.0,22281.0,22174.0,22137.0,22898.285714285714,22723.4,21499950.0,20963150.0,21067207.14285714,17451.0,22779000.0,
2025-12-10,1263.0,0.9749279121818236,-0.22252093395631434,-0.5000000000000004,0.8660254037844384,-0.37347653741307074,0.9276396261490467,0.0,0,0,101.0,-101.0,20.2,26.4,15.4,0.0,74.0,6.3,0,0,1,770.0,17451.0,17825.0,17625.0,17383.0,17896.0,17578.0,18761.285714285714,18902.85714285714,18324.6,1717.4089703469251,2255.987062814491,68.0,436.6857142857152,22779000.0,22328900.0,22980250.0,23045428.57142857,22553360.0,1305.3120165033522,1232.1563069889185,23760.0,22720.0,22159.0,22631.0,23124.85714285714,22742.566666666666,22295400.0,21116150.0,21257528.57142857,17788.0,22968050.0,
2025-12-11,1264.0,0.43388373911755823,-0.900968867902419,-0.5000000000000004,0.8660254037844384,-0.3574644155648614,0.9339267592294762,0.0,0,0,100.0,-100.0,19.6,25.9,15.1,0.0,72.0,5.7,0,0,1,771.0,17788.0,17451.0,17825.0,20178.0,19950.0,12409.0,18819.14285714286,18895.14285714286,18327.0,1669.3882540789148,2255.3554961010586,-2390.0,492.1428571428587,22968050.0,24087100.0,24237950.0,23136735.714285713,22559995.0,1291.2103665392399,1233.111343531613,23597.0,23760.0,24156.0,23654.0,23330.285714285714,22759.1,22089150.0,21607350.0,21396528.57142857,21347.0,25942850.0,
2025-12-12,1265.0,-0.433883739117558,-0.9009688679024191,-0.5000000000000004,0.8660254037844384,-0.34134651424503615,0.9399375283564133,1.0,0,0,99.0,-99.0,19.4,26.0,14.6,0.0,72.0,4.1,0,0,1,772.0,21347.0,17788.0,17451.0,21902.0,22559.0,21713.0,18986.14285714286,18994.928571428572,18453.833333333332,1873.9214167595062,2315.86580343948,-555.0,532.3095238095266,25942850.0,25518300.0,26352800.0,23401842.85714286,22670646.666666668,1215.2925469621025,1236.1915936810071,25582.0,23597.0,24788.0,24938.0,23534.0,22838.9,23080400.0,22501100.0,21606964.285714287,24484.0,28960750.0,
2025-12-13,1266.0,-0.9749279121818236,-0.2225209339563146,-0.5000000000000004,0.8660254037844384,-0.3251276029999093,0.9456701548465688,1.0,0,0,98.0,-98.0,20.3,27.1,14.8,0.0,67.0,4.8,0,0,1,773.0,24484.0,21347.0,17788.0,18965.0,19354.0,19691.0,19355.0,19132.428571428572,18684.033333333333,2640.7483156609396,2556.532288800268,5519.0,670.9666666666672,28960750.0,21942850.0,22608850.0,23893621.42857143,22887780.0,1182.8438980558733,1238.7246112476985,27540.0,25582.0,22010.0,21583.0,23927.14285714286,22990.933333333334,24644900.0,19405250.0,21913221.42857143,20388.0,23915650.0,
2025-12-14,1267.0,-0.7818314824680299,0.6234898018587334,-0.5000000000000004,0.8660254037844384,-0.30881248126625377,0.9511229423235357,0.0,0,0,97.0,-97.0,20.8,27.5,15.6,0.0,71.0,5.1,0,0,1,774.0,20388.0,24484.0,21347.0,17625.0,18192.0,16834.0,19558.285714285714,19206.285714285714,18950.0,2660.420500239507,2281.448224264622,2763.0,608.2857142857138,23915650.0,21711400.0,22657100.0,24175450.0,23190300.0,1173.025799489896,1241.011412402652,23656.0,27540.0,22281.0,21789.0,24162.285714285714,23099.133333333335,20872950.0,20377500.0,22122892.85714286,19752.0,24330350.0,
2025-12-15,1268.0,0.0,1.0,-0.5000000000000004,0.8660254037844384,-0.29240597695107734,0.9562942772197719,0.0,0,0,96.0,-96.0,20.4,26.8,15.5,0.0,71.0,5.4,0,0,1,775.0,19752.0,20388.0,24484.0,17825.0,17950.0,12763.0,19862.14285714286,19317.714285714286,18884.633333333335,2520.6034613804595,2226.997553276393,1927.0,977.5095238095237,24330350.0,22950450.0,22985800.0,24549585.714285713,23183598.333333332,1231.7917172944512,1241.0027316919302,24215.0,23656.0,22720.0,22417.0,24438.571428571428,23106.233333333334,22189700.0,21499950.0,22381778.57142857,21252.0,26090900.0,
2025-12-16,1269.0,0.7818314824680298,0.6234898018587336,-0.5000000000000004,0.8660254037844384,-0.27591294500296043,0.9611826292540837,0.0,1,0,95.0,-95.0,20.0,26.0,15.4,0.0,73.0,6.4,0,0,1,776.0,21252.0,19752.0,20388.0,17451.0,17410.0,16068.0,20351.714285714286,19553.571428571428,18936.666666666668,2388.3272189465943,2264.4097858296573,3801.0,1415.0476190476184,26090900.0,22779000.0,22514650.0,24998221.42857143,23287410.0,1227.6915113871635,1232.452550890297,25968.0,24215.0,23760.0,22174.0,24902.571428571428,23212.1,23265250.0,22295400.0,22633964.285714287,23888.0,28257600.0,Victory Day
2025-12-17,1270.0,0.9749279121818236,-0.22252093395631434,-0.5000000000000004,0.8660254037844384,-0.2593382659754056,0.9657865518844574,0.0,0,0,94.0,-94.0,20.7,26.8,15.6,0.0,70.0,7.7,0,0,1,777.0,23888.0,21252.0,19752.0,17788.0,17383.0,17747.0,21271.285714285714,20016.285714285714,19171.8,2323.665689830266,2400.6813889049695,6100.0,2099.4857142857145,28257600.0,22968050.0,22328900.0,25780878.57142857,23539060.0,1182.9202947086403,1214.9680192053381,28411.0,25968.0,23597.0,22159.0,25567.0,23412.7,25229050.0,22089150.0,23053057.14285714,19277.0,23208900.0,
2025-12-18,1271.0,0.43388373911755823,-0.900968867902419,-0.5000000000000004,0.8660254037844384,-0.2426868445825954,0.9701046827361175,0.0,0,0,93.0,-93.0,21.2,27.8,16.5,0.0,72.0,4.7,0,0,1,778.0,19277.0,23888.0,21252.0,21347.0,20178.0,19993.0,21484.0,20151.571428571428,19388.933333333334,1996.8182190672978,2073.301597125682,-2070.0,2095.0666666666657,23208900.0,25942850.0,24087100.0,25815285.714285713,23764866.666666668,1203.9684598225865,1202.5048896743876,23786.0,28411.0,25582.0,24156.0,25594.0,23531.633333333335,21347750.0,23080400.0,22947142.85714286,22127.0,26628550.0,
2025-12-19,1272.0,-0.433883739117558,-0.9009688679024191,-0.5000000000000004,0.8660254037844384,-0.22596360824801906,0.974135744004672,1.0,0,0,92.0,-92.0,21.6,27.3,16.0,0.0,71.0,4.8,0,0,1,779.0,22127.0,19277.0,23888.0,24484.0,21902.0,22000.0,21595.428571428572,20290.785714285714,19590.9,2009.621179653858,2033.3724381957259,-2357.0,2004.528571428571,26628550.0,28960750.0,25518300.0,25913242.85714286,23976416.666666668,1203.4414968138474,1200.8118825103513,26521.0,23786.0,27540.0,24788.0,25728.14285714286,23685.6,23661500.0,24644900.0,23030157.14285714,24187.0,28356300.0,
2025-12-20,1273.0,-0.9749279121818236,-0.2225209339563146,-0.5000000000000004,0.8660254037844384,-0.20917350564635637,0.9778785428342386,1.0,0,0,91.0,-91.0,21.7,26.0,18.4,0.0,69.0,7.3,0,0,1,780.0,24187.0,22127.0,19277.0,20388.0,18965.0,18662.0,21553.0,20454.0,19805.566666666666,1940.4149040860011,2167.512600819865,3799.0,1747.4333333333343,28356300.0,23915650.0,21942850.0,25826892.85714286,24164136.666666668,1172.3777235705131,1199.3167147267284,27467.0,26521.0,23656.0,22010.0,25717.714285714286,23847.766666666666,24207400.0,20872950.0,22967657.14285714,20753.0,24337400.0,
2025-12-21,1274.0,-0.7818314824680299,0.6234898018587334,-0.5000000000000004,0.8660254037844384,-0.19232150523909483,0.9813319716704275,0.0,0,0,90.0,-90.0,20.7,25.2,17.0,0.0,72.0,7.1,0,0,1,781.0,20753.0,24187.0,22127.0,19752.0,17625.0,18759.0,21605.14285714286,20581.714285714286,19830.9,1908.5335931519658,2174.209810482938,1001.0,1774.2428571428572,24337400.0,24330350.0,21711400.0,25887142.85714286,24169398.333333332,1172.7171975136125,1199.2726287301164,25045.0,27467.0,24215.0,22281.0,25916.14285714286,23883.033333333333,22242700.0,22189700.0,23163335.714285713,20184.0,24709550.0,
2025-12-22,1275.0,0.0,1.0,-0.5000000000000004,0.8660254037844384,-0.17541259380427843,0.9844950085880858,0.0,0,0,89.0,-89.0,20.4,26.3,15.9,0.0,72.0,7.0,0,0,1,782.0,20184.0,20753.0,24187.0,21252.0,17825.0,18103.0,21666.85714285714,20764.5,19770.366666666665,1844.5347587371577,2136.692714798156,-1068.0,1896.4904761904763,24709550.0,26090900.0,22950450.0,25941314.285714287,24135981.666666668,1224.2147245342846,1198.1902011929499,25123.0,25045.0,25968.0,22720.0,26045.85714285714,23888.066666666666,23242900.0,23265250.0,23313792.85714286,20096.0,25400200.0,
2025-12-23,1276.0,0.7818314824680298,0.6234898018587336,-0.5000000000000004,0.8660254037844384,-0.15845177496083632,0.9873667175937016,0.0,0,0,88.0,-88.0,19.4,24.7,15.7,0.0,76.0,7.5,0,0,1,783.0,20096.0,20184.0,20753.0,23888.0,17451.0,17520.0,21501.714285714286,20926.714285714286,19818.166666666668,1937.2846731342804,2127.0607222390727,-3792.0,1683.5476190476184,25400200.0,28257600.0,22779000.0,25842642.85714286,24258228.333333332,1263.9430732484077,1203.368995744556,25070.0,25123.0,28411.0,23760.0,25917.571428571428,23986.8,23187350.0,25229050.0,23302664.285714287,20787.0,26108500.0,
2025-12-24,1277.0,0.9749279121818236,-0.22252093395631434,-0.5000000000000004,0.8660254037844384,-0.14144406768794202,0.9899462489023779,0.0,0,0,87.0,-87.0,18.5,23.8,14.5,0.0,77.0,7.2,0,0,1,784.0,20787.0,20096.0,20184.0,19277.0,17788.0,17896.0,21058.714285714286,21165.0,19885.766666666666,1631.0091675895194,2124.4629614829487,1510.0,1172.9476190476198,26108500.0,23208900.0,22968050.0,25535628.57142857,24356705.0,1256.0013469957184,1213.8091460712815,26169.0,25070.0,23786.0,23597.0,25597.285714285714,24119.666666666668,24252100.0,21347750.0,23163100.0,25218.0,29294550.0,
2025-12-25,1278.0,0.43388373911755823,-0.900968867902419,-0.5000000000000004,0.8660254037844384,-0.12439450483979998,0.9922328391893008,0.0,1,0,86.0,-86.0,17.1,22.4,13.1,0.0,79.0,6.0,0,0,1,785.0,25218.0,20787.0,20096.0,22127.0,21347.0,19950.0,21907.428571428572,21695.714285714286,20122.933333333334,2043.0404513159594,2307.812502593465,3091.0,1784.4952380952382,29294550.0,26628550.0,25942850.0,26405007.14285714,24558483.333333332,1161.6523911491793,1207.763993403652,29081.0,26169.0,26521.0,25582.0,26353.714285714286,24347.6,25658400.0,23661500.0,23778907.14285714,25472.0,30318650.0,Christmas Day
2025-12-26,1279.0,-0.433883739117558,-0.9009688679024191,-0.5000000000000004,0.8660254037844384,-0.10730813165636247,0.9942258118156161,1.0,0,0,85.0,-85.0,16.9,22.8,12.6,0.0,77.0,5.7,0,0,1,786.0,25472.0,25218.0,20787.0,24187.0,24484.0,22559.0,22385.285714285714,21990.35714285714,20388.0,2453.0121425356906,2450.7803120498843,1285.0,1997.2857142857138,30318650.0,28356300.0,28960750.0,26932164.285714287,24816138.333333332,1190.2736337939698,1205.8828701150978,27913.0,29081.0,27467.0,27540.0,26552.571428571428,24540.133333333335,24650350.0,24207400.0,23920171.42857143,24418.0,27986350.0,
2025-12-27,1280.0,-0.9749279121818236,-0.2225209339563146,-0.5000000000000004,0.8660254037844384,-0.09019000427034513,0.9959245770286599,1.0,0,0,84.0,-84.0,17.1,23.0,12.4,0.0,78.0,4.2,0,0,1,787.0,24418.0,25472.0,25218.0,20753.0,20388.0,19354.0,22418.285714285714,21985.64285714286,20605.4,2482.6646111441505,2510.641855012029,3665.0,1812.8857142857123,27986350.0,24337400.0,23915650.0,26879314.285714287,24983008.333333332,1146.1360471783112,1202.1340592019262,25134.0,27913.0,25045.0,23656.0,26219.285714285714,24623.566666666666,21992400.0,22242700.0,23603742.85714286,24670.0,27605250.0,
2025-12-28,1281.0,-0.7818314824680299,0.6234898018587334,-0.5000000000000004,0.8660254037844384,-0.07304518821104743,0.9973286321364752,0.0,0,0,83.0,-83.0,17.1,22.3,13.4,0.0,82.0,7.7,0,0,1,788.0,24670.0,24418.0,25472.0,20184.0,19752.0,18192.0,22977.85714285714,22291.5,20762.733333333334,2486.193236561209,2613.9226953893617,4486.0,2215.1238095238077,27605250.0,24709550.0,24330350.0,27346150.0,25095251.666666668,1118.980543169842,1194.4573942956733,26518.0,25134.0,25123.0,24215.0,26429.714285714286,24719.033333333333,22448100.0,23242900.0,23633085.714285713,21924.0,26980250.0,
2025-12-29,1282.0,0.0,1.0,-0.5000000000000004,0.8660254037844384,-0.05587875690537313,0.9984375616565666,0.0,0,0,82.0,-82.0,16.4,21.3,13.1,0.0,82.0,7.5,0,0,1,789.0,21924.0,24670.0,24418.0,20096.0,21252.0,17950.0,23226.428571428572,22446.64285714286,20741.566666666666,2234.5545310821594,2601.416652297531,1828.0,2484.8619047619068,26980250.0,25400200.0,26090900.0,27670535.714285713,25116166.666666668,1230.6262543331509,1195.3733271240828,24842.0,26518.0,25070.0,25968.0,26389.571428571428,24715.833333333332,22562800.0,23187350.0,23535928.57142857,20615.0,27072700.0,
2025-12-30,1283.0,0.7818314824680298,0.6234898018587336,-0.5000000000000004,0.8660254037844384,-0.03869579017652689,0.9992510374388481,0.0,0,0,81.0,-81.0,15.0,18.7,12.0,0.0,84.0,7.3,0,0,1,790.0,20615.0,21924.0,24670.0,20787.0,23888.0,17410.0,23300.571428571428,22401.14285714286,20783.6,2118.997393197971,2588.378291384524,-172.0,2516.971428571429,27072700.0,26108500.0,28257600.0,27909464.285714287,25264961.666666668,1313.2524860538442,1202.4175289534307,24969.0,24842.0,26169.0,28411.0,26375.14285714286,24828.7,23421850.0,24252100.0,23569428.57142857,20041.0,26398700.0,
2025-12-31,1284.0,0.9749279121818236,-0.22252093395631434,-0.5000000000000004,0.8660254037844384,-0.021501372740813793,0.999768818762748,0.0,1,0,80.0,-80.0,14.9,20.6,10.6,0.0,82.0,6.9,0,0,1,791.0,20041.0,20615.0,21924.0,25218.0,19277.0,17383.0,23194.0,22126.35714285714,20845.233333333334,2279.1870626750947,2546.2106216661227,-5177.0,2348.7666666666664,26398700.0,29294550.0,23208900.0,27950921.42857143,25389681.666666668,1317.2346689286962,1211.1651463724277,24723.0,24969.0,29081.0,23786.0,26168.571428571428,24926.5,22893400.0,25658400.0,23375328.57142857,21216.0,27431350.0,Public Holiday (Khaleda Zia Funeral)
2026-01-01,1285.0,0.43388373911755823,-0.900968867902419,0.0,1.0,0.0,1.0,0.0,0,0,79.0,-79.0,16.1,22.1,11.4,0.0,83.0,6.3,0,0,1,792.0,21216.0,20041.0,20615.0,25472.0,22127.0,20178.0,22622.285714285714,22264.85714285714,20954.1,2186.9335239312077,2487.2918433093932,-4256.0,1668.1857142857152,27431350.0,30318650.0,26628550.0,27684750.0,25537866.666666668,1292.9557880844645,1229.9227745060398,25505.0,24723.0,27913.0,26521.0,25657.714285714286,25029.433333333334,23133400.0,24650350.0,23014614.285714287,19122.0,23427800.0,
2026-01-02,1286.0,-0.433883739117558,-0.9009688679024191,0.0,1.0,0.017201575418260506,0.9998520419557735,1.0,0,0,78.0,-78.0,16.3,21.8,12.2,0.0,82.0,6.1,0,0,1,793.0,19122.0,21216.0,20041.0,24418.0,24187.0,21902.0,21715.14285714286,22050.214285714286,21011.166666666668,2123.9444773477935,2421.955950556723,-5296.0,703.9761904761908,23427800.0,27986350.0,28356300.0,26700342.85714286,25568305.0,1225.175190879615,1234.9087112325603,22611.0,25505.0,25134.0,27467.0,24900.285714285714,25044.0,20267850.0,21992400.0,22388542.85714286,22679.0,28036500.0,
2026-01-03,1287.0,-0.9749279121818236,-0.2225209339563146,0.0,1.0,0.03439806061360801,0.9994082116062598,1.0,0,0,77.0,-77.0,16.0,21.9,11.4,0.0,81.0,3.8,0,0,1,794.0,22679.0,19122.0,21216.0,24670.0,20753.0,18965.0,21466.714285714286,21942.5,21187.7,1837.498636215635,2340.0073850458934,-1991.0,279.0142857142855,28036500.0,27605250.0,24337400.0,26707507.14285714,25758558.333333332,1236.2317562502756,1247.7795268142697,25216.0,22611.0,26518.0,25045.0,24912.0,25145.9,23010200.0,22448100.0,22533942.85714286,19663.0,23847600.0,
2026-01-04,1288.0,-0.7818314824680299,0.6234898018587334,0.0,1.0,0.051584366869408364,0.9986686402879997,0.0,0,0,76.0,-76.0,15.8,21.6,12.0,0.0,81.0,6.5,0,0,1,795.0,19663.0,22679.0,19122.0,21924.0,20184.0,17625.0,20751.428571428572,21864.64285714286,21170.533333333333,1269.4695555152675,2349.5397749396243,-2261.0,-419.1047619047604,23847600.0,26980250.0,24709550.0,26170700.0,25750575.0,1212.815948736205,1261.1845847523216,23562.0,25216.0,24842.0,25123.0,24489.714285714286,25126.1,20899800.0,22562800.0,22312757.14285714,18593.0,24192900.0,
2026-01-05,1289.0,0.0,1.0,0.0,1.0,0.06875540848113941,0.9976335468520451,0.0,0,0,75.0,-75.0,14.8,19.1,11.9,0.0,83.0,8.2,0,0,1,796.0,18593.0,19663.0,22679.0,20615.0,20096.0,17825.0,20275.571428571428,21751.0,21060.233333333334,1376.4766443279004,2391.3163981565253,-2022.0,-784.661904761906,24192900.0,27072700.0,25400200.0,25772507.14285714,25706395.0,1301.183241004679,1271.2641542768256,22838.0,23562.0,24969.0,25070.0,24203.428571428572,25061.1,21337000.0,23421850.0,22137642.85714286,18446.0,24526000.0,
2026-01-06,1290.0,0.7818314824680298,0.6234898018587336,0.0,1.0,0.08590610426133272,0.9963032375991965,0.0,0,0,74.0,-74.0,15.1,19.8,11.4,0.0,81.0,9.6,0,0,1,797.0,18446.0,18593.0,19663.0,20041.0,20787.0,17451.0,19965.714285714286,21633.14285714286,21042.933333333334,1523.6014039421623,2408.810436614009,-1595.0,-1077.219047619048,24526000.0,26398700.0,26108500.0,25408692.85714286,25792500.0,1329.610755719397,1273.601049943333,22653.0,22838.0,24723.0,26169.0,23872.571428571428,25082.533333333333,21420900.0,22893400.0,21851792.85714286,18600.0,25043800.0,
2026-01-07,1291.0,0.9749279121818236,-0.22252093395631434,0.0,1.0,0.10303137904317879,0.9946781061893646,0.0,0,0,73.0,-73.0,16.1,21.8,11.0,0.0,82.0,8.8,0,0,1,798.0,18600.0,18446.0,18593.0,21216.0,25218.0,17788.0,19759.85714285714,21476.928571428572,21075.433333333334,1606.8102385958534,2367.325213783784,-2616.0,-1315.576190476193,25043800.0,27431350.0,29294550.0,25215135.714285713,25903580.0,1346.4408602150538,1277.7733629842417,23172.0,22653.0,25505.0,29081.0,23651.0,25112.233333333334,22428850.0,23133400.0,21785428.57142857,19207.0,25783500.0,
2026-01-08,1292.0,0.43388373911755823,-0.900968867902419,0.0,1.0,0.1201261651823505,0.9927586335250793,0.0,0,0,72.0,-72.0,16.6,22.7,11.4,0.0,78.0,8.6,0,0,1,799.0,19207.0,18600.0,18446.0,19122.0,25472.0,21347.0,19472.85714285714,21047.571428571428,21121.5,1477.596632888412,2314.7554685777704,85.0,-1648.6428571428587,25783500.0,23427800.0,30318650.0,24979728.57142857,25998015.0,1342.4012078929557,1284.8369943854543,23357.0,23172.0,22611.0,27913.0,23344.14285714286,25133.466666666667,22198700.0,20267850.0,21651900.0,21210.0,26487550.0,
2026-01-09,1293.0,-0.433883739117558,-0.9009688679024191,0.0,1.0,0.13718540405660057,0.9905453876091833,1.0,0,0,71.0,-71.0,17.5,23.8,12.4,0.0,80.0,8.3,0,0,1,800.0,21210.0,19207.0,18600.0,22679.0,24418.0,24484.0,19771.14285714286,20743.14285714286,21246.8,1600.5985785084054,2208.5176242339753,-1469.0,-1475.6571428571406,26487550.0,28036500.0,27986350.0,25416835.714285713,26121633.333333332,1248.8236680810937,1288.21534827138,25527.0,23357.0,25216.0,25134.0,23760.714285714286,25192.366666666665,23181600.0,23010200.0,22068150.0,23188.0,28545350.0,
2026-01-10,1294.0,-0.9749279121818236,-0.2225209339563146,0.0,1.0,0.1542040475626894,0.988039023376751,1.0,0,0,70.0,-70.0,17.4,23.1,13.0,0.0,79.0,9.2,0,0,1,801.0,23188.0,21210.0,19207.0,19663.0,24670.0,20388.0,19843.85714285714,20655.285714285714,21426.8,1758.4919134085083,2135.7540281984466,3525.0,-1582.942857142858,28545350.0,23847600.0,27605250.0,25489528.57142857,26307543.333333332,1231.039761945834,1287.4736347993169,25780.0,25527.0,23562.0,26518.0,23841.285714285714,25265.133333333335,23547150.0,20899800.0,22144857.14285714,20973.0,25761200.0,
2026-01-11,1295.0,-0.7818314824680299,0.6234898018587334,0.0,1.0,0.17117705961019986,0.985240282501282,0.0,0,0,69.0,-69.0,18.2,23.7,14.4,0.0,76.0,8.8,0,0,1,802.0,20973.0,23188.0,21210.0,18593.0,21924.0,19752.0,20031.0,20391.214285714286,21414.333333333332,1805.1251110839787,2137.3268566025167,2380.0,-1383.3333333333321,25761200.0,24192900.0,26980250.0,25762900.0,26301488.333333332,1228.3030563104944,1289.6860787385012,24034.0,25780.0,22838.0,24842.0,23908.714285714286,25213.533333333333,21552200.0,21337000.0,22238057.14285714,19344.0,24788400.0,
2026-01-12,1296.0,0.0,1.0,0.0,1.0,0.18809941761179758,0.9821499931752291,0.0,0,0,68.0,-68.0,18.2,24.6,12.9,0.0,75.0,8.5,0,0,1,803.0,19344.0,20973.0,23188.0,18446.0,20615.0,21252.0,20138.285714285714,20206.928571428572,21243.0,1725.9979445993465,2088.223052559697,898.0,-1104.7142857142862,24788400.0,24526000.0,27072700.0,25847971.42857143,26162410.0,1281.4516129032259,1286.8672747240078,23818.0,24034.0,22653.0,24969.0,24048.714285714286,25089.466666666667,22282200.0,21420900.0,22373085.714285713,19817.0,25652600.0,
2026-01-13,1297.0,0.7818314824680298,0.6234898018587336,0.0,1.0,0.20496611396949532,0.9787690698649216,0.0,0,0,67.0,-67.0,18.7,24.8,14.5,0.0,76.0,8.7,0,0,1,804.0,19817.0,19344.0,20973.0,18600.0,20041.0,23888.0,20334.14285714286,20149.928571428572,21223.966666666667,1572.9635965875727,2098.8598954956233,1217.0,-889.8238095238084,25652600.0,25043800.0,26398700.0,26008914.285714287,26220308.333333332,1294.4744411363981,1281.8478012121507,23834.0,23818.0,23172.0,24723.0,24217.428571428572,25095.4,22851650.0,22428850.0,22577478.57142857,20181.0,26669200.0,
2026-01-14,1298.0,0.9749279121818236,-0.22252093395631434,0.0,1.0,0.22177215755648186,0.975098513039961,0.0,0,0,66.0,-66.0,18.5,25.0,14.0,0.0,75.0,7.7,0,0,1,805.0,20181.0,19817.0,19344.0,19207.0,21216.0,19277.0,20560.0,20159.928571428572,21238.266666666666,1384.7026154855555,2089.9276663499795,974.0,-678.2666666666664,26669200.0,25783500.0,27431350.0,26241114.285714287,26298270.0,1321.5004211882463,1278.2848813511785,24332.0,23834.0,23357.0,25505.0,24383.14285714286,25099.3,23219750.0,22198700.0,22690464.285714287,18922.0,24573950.0,
2026-01-15,1299.0,0.43388373911755823,-0.900968867902419,0.0,1.0,0.23851257519407648,0.9711394088771653,0.0,0,0,65.0,-65.0,18.6,24.3,14.3,0.0,74.0,8.8,0,0,1,806.0,18922.0,20181.0,19817.0,21210.0,19122.0,22127.0,20519.285714285714,19996.071428571428,21160.6,1434.41273863596,2132.2650349594674,-2288.0,-641.3142857142848,24573950.0,26487550.0,23427800.0,26068321.42857143,26247705.0,1298.6972835852446,1272.041463592934,24034.0,24332.0,25527.0,22611.0,24479.85714285714,25034.833333333332,23019650.0,23181600.0,22807742.85714286,21616.0,26510300.0,
2026-01-16,1300.0,-0.433883739117558,-0.9009688679024191,0.0,1.0,0.2551824131233728,0.9668929289391521,1.0,0,0,64.0,-64.0,18.7,24.8,14.3,0.0,71.0,7.9,0,0,1,807.0,21616.0,18922.0,20181.0,23188.0,22679.0,24187.0,20577.285714285714,20174.214285714286,21084.866666666665,1474.640488874415,2071.53685632836,-1572.0,-507.5809523809512,26510300.0,28545350.0,28036500.0,26071571.42857143,26189461.666666668,1226.4202442635085,1268.840974476136,25924.0,24034.0,25780.0,25216.0,24536.571428571428,24951.933333333334,23665700.0,23547150.0,22876900.0,23186.0,27391450.0,
2026-01-17,1301.0,-0.9749279121818236,-0.2225209339563146,0.0,1.0,0.2717767384711357,0.9623603298276545,1.0,0,0,63.0,-63.0,19.1,25.7,14.5,0.0,74.0,6.8,0,0,1,808.0,23186.0,21616.0,18922.0,20973.0,19663.0,20753.0,20577.0,20210.428571428572,21215.166666666668,1474.0504288069214,2076.8321381097257,2213.0,-638.1666666666679,27391450.0,25761200.0,23847600.0,25906728.57142857,26328880.0,1181.3788493056154,1261.7465583846763,26539.0,25924.0,24034.0,23562.0,24645.0,25043.7,24082100.0,21552200.0,22953321.42857143,20771.0,24429300.0,
2026-01-18,1302.0,-0.7818314824680299,0.6234898018587334,0.0,1.0,0.2882906407095177,0.9575429528116719,0.0,0,0,62.0,-62.0,19.1,25.8,13.9,0.0,74.0,5.4,0,0,1,809.0,20771.0,23186.0,21616.0,19344.0,18593.0,20184.0,20548.14285714286,20289.571428571428,21169.966666666667,1466.966192358575,2071.0506492972054,1427.0,-621.8238095238084,24429300.0,24788400.0,24192900.0,25716457.14285714,26255571.666666668,1176.1253670983583,1254.2926027829424,24626.0,26539.0,23818.0,22838.0,24729.571428571428,24980.533333333333,21876850.0,22282200.0,22999700.0,18918.0,24108850.0,
2026-01-19,1303.0,0.0,1.0,0.0,1.0,0.3047192331091634,0.9524422234305676,0.0,0,0,61.0,-61.0,19.0,25.8,14.1,0.0,76.0,5.7,0,0,1,810.0,18918.0,20771.0,23186.0,19817.0,18446.0,20096.0,20487.285714285714,20312.785714285714,20994.333333333332,1532.6132056375002,2029.3682103880694,-899.0,-507.04761904761835,24108850.0,25652600.0,24526000.0,25619378.57142857,26113990.0,1274.386827360186,1253.2833477053653,24827.0,24626.0,23834.0,22653.0,24873.714285714286,24892.533333333333,22886300.0,22851650.0,23086000.0,19540.0,25819550.0,
2026-01-20,1304.0,0.7818314824680298,0.6234898018587336,0.0,1.0,0.321057654185271,0.9470596510722283,0.0,0,0,60.0,-60.0,19.3,26.7,13.8,0.0,73.0,5.7,0,0,1,811.0,19540.0,18918.0,20771.0,20181.0,18600.0,20787.0,20447.714285714286,20390.928571428572,20953.9,1556.1986499462273,2046.3552351134447,-641.0,-506.1857142857152,25819550.0,26669200.0,25043800.0,25643228.57142857,26163395.0,1321.368986693961,1257.1254256421598,24228.0,24827.0,24332.0,23172.0,24930.0,24865.3,22907150.0,23219750.0,23093928.57142857,19353.0,25341250.0,
2026-01-21,1305.0,0.9749279121818236,-0.22252093395631434,0.0,1.0,0.3373010691361842,0.9413968285264122,0.0,0,0,59.0,-59.0,19.7,26.5,14.0,0.0,72.0,6.4,0,0,1,812.0,19353.0,19540.0,18918.0,18922.0,19207.0,25218.0,20329.428571428572,20444.714285714286,20926.2,1610.3750967958345,2062.695247184847,431.0,-596.7714285714283,25341250.0,24573950.0,25783500.0,25453521.42857143,26184451.666666668,1309.4223117862864,1255.39998144188,24246.0,24228.0,24034.0,23357.0,24917.714285714286,24836.066666666666,23130800.0,23019650.0,23081221.42857143,18918.0,24731700.0,
2026-01-22,1306.0,0.43388373911755823,-0.900968867902419,0.0,1.0,0.3534446712740877,0.9354554315134164,0.0,0,0,58.0,-58.0,19.3,25.9,14.9,0.0,68.0,7.2,0,0,1,813.0,18918.0,19353.0,19540.0,21616.0,21210.0,25472.0,20328.85714285714,20424.071428571428,20886.933333333334,1610.9583512689114,2090.07521615748,-2698.0,-558.076190476193,24731700.0,26510300.0,26487550.0,25476057.14285714,26162168.333333332,1307.3104979384714,1256.630440635198,23581.0,24246.0,25924.0,25527.0,24853.0,24786.433333333334,22377600.0,23665700.0,22989500.0,21169.0,26050800.0,
2026-01-23,1307.0,-0.433883739117558,-0.9009688679024191,0.0,1.0,0.3694836834473831,0.9292372181882051,1.0,0,0,57.0,-57.0,18.2,25.2,13.0,0.0,70.0,5.2,0,0,1,814.0,21169.0,18918.0,19353.0,23186.0,23188.0,24418.0,20265.0,20421.14285714286,20899.666666666668,1559.469995436243,2090.6089581967,-2017.0,-634.6666666666679,26050800.0,27391450.0,28545350.0,25410414.285714287,26160245.0,1230.61079880958,1257.229091284637,24967.0,23581.0,26539.0,25780.0,24716.285714285714,24746.366666666665,22785750.0,24082100.0,22863792.85714286,23536.0,27953900.0,
2026-01-24,1308.0,-0.9749279121818236,-0.2225209339563146,0.0,1.0,0.38541335945432564,0.9227440286201427,1.0,0,0,56.0,-56.0,18.4,25.4,13.3,0.0,69.0,6.5,0,0,1,815.0,23536.0,21169.0,18918.0,20771.0,20973.0,24670.0,20315.0,20446.0,20843.6,1670.3981561290234,1990.985505411567,2765.0,-528.5999999999985,27953900.0,24429300.0,25761200.0,25490764.285714287,26115556.666666668,1187.7081917063222,1258.1332830561664,25167.0,24967.0,24626.0,24034.0,24520.285714285714,24615.9,22785100.0,21876850.0,22678507.14285714,20810.0,24853500.0,
2026-01-25,1309.0,-0.7818314824680299,0.6234898018587334,0.0,1.0,0.4012289854475009,0.9159777842484877,0.0,0,0,55.0,-55.0,19.2,25.7,14.1,0.0,72.0,7.0,0,0,1,816.0,20810.0,23536.0,21169.0,18918.0,19344.0,21924.0,20320.571428571428,20434.35714285714,20688.2,1672.2366117608856,1788.9627393433718,1892.0,-367.6285714285732,24853500.0,24108850.0,24788400.0,25551364.285714287,25933385.0,1194.3056222969726,1260.7304623702544,23464.0,25167.0,24827.0,23818.0,24354.285714285714,24467.6,21203650.0,22886300.0,22582335.714285713,19586.0,24554050.0,
2026-01-26,1310.0,0.0,1.0,0.0,1.0,0.4169258813287287,0.908940487313808,0.0,0,0,54.0,-54.0,19.5,26.3,14.5,0.0,71.0,8.2,0,0,1,817.0,19586.0,20810.0,23536.0,19540.0,19817.0,20615.0,20416.0,20451.64285714286,20527.133333333335,1596.1878544412914,1654.0066866674204,46.0,-111.13333333333503,24554050.0,25819550.0,25652600.0,25614964.285714287,25818975.0,1253.6531195752068,1257.7685041152574,23469.0,23464.0,24228.0,23834.0,24160.285714285714,24412.1,21691950.0,22907150.0,22411714.285714287,18856.0,24446750.0,
2026-01-27,1311.0,0.7818314824680298,0.6234898018587336,0.0,1.0,0.4324994021339788,0.901634220265486,0.0,0,0,53.0,-53.0,19.1,26.0,13.9,0.0,72.0,6.7,0,0,1,818.0,18856.0,19586.0,20810.0,19353.0,20181.0,20041.0,20318.285714285714,20383.0,20333.333333333332,1677.6114681577733,1483.692907470564,-497.0,-15.047619047618355,24446750.0,25341250.0,26669200.0,25418850.0,25713691.666666668,1296.497136190072,1254.2153826147016,23449.0,23469.0,24246.0,24332.0,24049.0,24309.8,22335050.0,23130800.0,22329985.714285713,18522.0,24372650.0,
2026-01-28,1312.0,0.9749279121818236,-0.22252093395631434,0.0,1.0,0.44794493940789115,0.8940611451454876,0.0,0,0,52.0,-52.0,19.4,26.4,14.0,0.0,75.0,5.1,0,0,1,819.0,18522.0,18856.0,19586.0,18918.0,18922.0,21216.0,20199.571428571428,20264.5,20219.933333333334,1783.372073455288,1487.9274623897566,-396.0,-20.36190476190677,24372650.0,24731700.0,24573950.0,25280478.57142857,25626771.666666668,1315.8757153655113,1255.1372974117337,23628.0,23449.0,23581.0,24034.0,23960.714285714286,24269.333333333332,22607150.0,22377600.0,22255178.57142857,19072.0,24935050.0,
2026-01-29,1313.0,0.43388373911755823,-0.900968867902419,0.0,1.0,0.4632579225674917,0.88622350294858,0.0,0,0,51.0,-51.0,20.2,27.1,14.6,0.0,74.0,5.8,0,0,1,820.0,19072.0,18522.0,18856.0,21169.0,21616.0,19122.0,20221.571428571428,20275.214285714286,20168.5,1765.790649835613,1500.4163502635577,-2097.0,53.07142857142753,24935050.0,26050800.0,26510300.0,25309528.57142857,25555516.666666668,1307.4166317114093,1255.1524593792963,23758.0,23628.0,24967.0,25924.0,23986.0,24228.966666666667,22757550.0,22785750.0,22309457.14285714,21380.0,26933100.0,
2026-01-30,1314.0,-0.433883739117558,-0.9009688679024191,0.0,1.0,0.4784338202547012,0.8781236129591848,1.0,0,0,50.0,-50.0,19.9,25.8,15.8,0.0,73.0,7.6,0,0,1,821.0,21380.0,19072.0,18522.0,23536.0,23186.0,22679.0,20251.714285714286,20258.35714285714,20213.133333333335,1786.340553037921,1516.3242700538397,-2156.0,38.5809523809512,26933100.0,27953900.0,27391450.0,25435571.42857143,25573330.0,1259.733395696913,1259.3128303632013,24515.0,23758.0,25167.0,26539.0,23921.428571428572,24222.033333333333,22633150.0,22785100.0,22287657.14285714,23888.0,29188150.0,
2026-01-31,1315.0,-0.9749279121818236,-0.2225209339563146,0.0,1.0,0.49346814167723735,0.8697638720650646,1.0,0,0,49.0,-49.0,19.1,25.6,13.6,0.0,72.0,8.7,0,0,1,822.0,23888.0,21380.0,19072.0,20810.0,20771.0,19663.0,20302.0,20308.5,20302.2,1895.803084007561,1649.8574316673178,3078.0,-0.2000000000007276,29188150.0,24853500.0,24429300.0,25611892.85714286,25631890.0,1221.875,1264.1938029765838,25527.0,24515.0,23464.0,24626.0,23972.85714285714,24222.766666666666,23510200.0,21203650.0,22391242.85714286,20951.0,25019500.0,
2026-02-01,1316.0,-0.7818314824680299,0.6234898018587334,0.49999999999999994,0.8660254037844387,0.5083564379375122,0.8611467540480452,0.0,0,0,48.0,-48.0,19.4,25.9,14.2,0.0,75.0,7.3,0,0,1,823.0,20951.0,23888.0,21380.0,19586.0,18918.0,18593.0,20322.14285714286,20321.35714285714,20363.166666666668,1902.836166407849,1638.4961373022272,1365.0,-41.02380952380918,25019500.0,24554050.0,24108850.0,25635607.14285714,25684946.666666668,1194.1912080568948,1264.1774580851438,23230.0,25527.0,23469.0,24827.0,23939.428571428572,24243.4,21186650.0,21691950.0,22388814.285714287,20147.0,25814050.0,
2026-02-02,1317.0,0.0,1.0,0.49999999999999994,0.8660254037844387,0.5230943033491326,0.8522748088519838,0.0,0,0,47.0,-47.0,20.0,26.7,14.9,0.0,74.0,6.7,0,0,1,824.0,20147.0,20951.0,23888.0,18856.0,19540.0,18446.0,20402.285714285714,20409.14285714286,20278.766666666666,1878.3202348803934,1579.2333513959265,1291.0,123.51904761904734,25814050.0,24446750.0,25819550.0,25815607.14285714,25610865.0,1281.2850548468755,1268.124877409668,23835.0,23230.0,23449.0,24228.0,23991.714285714286,24197.366666666665,22407400.0,22335050.0,22491021.42857143,19530.0,25325700.0,
2026-02-03,1318.0,0.7818314824680298,0.6234898018587336,0.49999999999999994,0.8660254037844387,0.5376773767406141,0.8431506618282,0.0,0,0,46.0,-46.0,20.7,27.7,15.0,0.0,71.0,6.5,0,0,1,825.0,19530.0,20147.0,20951.0,18522.0,19353.0,18600.0,20498.571428571428,20408.428571428572,20274.333333333332,1801.550615177613,1581.2070320363523,1008.0,224.2380952380954,25325700.0,24372650.0,25341250.0,25941171.42857143,25660135.0,1296.7588325652841,1268.162262606127,23882.0,23835.0,23628.0,24246.0,24053.571428571428,24208.033333333333,22961250.0,22607150.0,22580478.57142857,20192.0,25699600.0,
2026-02-04,1319.0,0.9749279121818236,-0.22252093395631434,0.49999999999999994,0.8660254037844387,0.5521013427459208,0.8337770129585915,0.0,1,0,45.0,-45.0,20.7,26.9,16.2,0.0,74.0,6.5,0,0,1,826.0,20192.0,19530.0,20147.0,19072.0,18918.0,19207.0,20737.14285714286,20468.35714285714,20327.633333333335,1594.9004596493342,1549.2036326456866,1120.0,409.50952380952367,25699600.0,24935050.0,24731700.0,26130735.714285713,25710358.333333332,1272.7614896988907,1262.0030875108953,23736.0,23882.0,23758.0,23581.0,24069.0,24237.966666666667,22496350.0,22757550.0,22564650.0,20211.0,25029850.0,Shab e-Barat
2026-02-05,1320.0,0.43388373911755823,-0.900968867902419,0.49999999999999994,0.8660254037844387,0.5663619330814524,0.8241566360566663,0.0,0,0,44.0,-44.0,19.9,26.6,15.3,0.0,66.0,7.9,0,0,1,827.0,20211.0,20192.0,19530.0,21380.0,21169.0,21210.0,20899.85714285714,20560.714285714286,20386.466666666667,1448.046894794145,1508.254797218835,-1169.0,513.3904761904741,25029850.0,26933100.0,26050800.0,26144278.57142857,25727153.333333332,1238.4270941566474,1252.1474392887865,23547.0,23736.0,24515.0,24967.0,24038.85714285714,24267.766666666666,22041600.0,22633150.0,22462371.42857143,19465.0,23536150.0,
2026-02-06,1321.0,-0.433883739117558,-0.9009688679024191,0.49999999999999994,0.8660254037844387,0.580454927809098,0.8142923779467267,1.0,0,0,43.0,-43.0,18.7,25.0,13.4,0.0,64.0,9.1,0,0,1,828.0,19465.0,20211.0,20192.0,23888.0,23536.0,23188.0,20626.285714285714,20439.0,20415.3,1521.2619448211751,1480.9461130154161,-4423.0,210.9857142857145,23536150.0,29188150.0,27953900.0,25659000.0,25676898.333333332,1209.1523246853326,1244.9215720014179,23070.0,23547.0,25527.0,25167.0,23832.428571428572,24264.366666666665,21270650.0,23510200.0,22267728.57142857,23493.0,28242000.0,
2026-02-07,1322.0,-0.9749279121818236,-0.2225209339563146,0.49999999999999994,0.8660254037844387,0.5943761565849831,0.804187157621448,1.0,0,0,42.0,-42.0,18.4,24.6,13.1,0.0,68.0,7.4,0,0,1,829.0,23493.0,19465.0,20211.0,20951.0,20810.0,20973.0,20569.85714285714,20435.928571428572,20558.166666666668,1380.9663800601193,1564.7271676543826,2542.0,11.690476190473419,28242000.0,25019500.0,24853500.0,25523835.714285713,25758848.333333332,1202.1453198825182,1242.103046270349,26151.0,23070.0,23230.0,23464.0,23921.571428571428,24357.5,24191450.0,21186650.0,22365050.0,21162.0,25201400.0,
2026-02-08,1323.0,-0.7818314824680299,0.6234898018587334,0.49999999999999994,0.8660254037844387,0.6081214998935418,0.7938439653781019,0.0,0,0,41.0,-41.0,18.9,25.3,13.2,0.0,68.0,7.5,0,0,1,830.0,21162.0,23493.0,19465.0,20147.0,19586.0,19344.0,20600.0,20461.071428571428,20556.566666666666,1392.9233048996398,1564.0620563431166,1015.0,43.4333333333343,25201400.0,25814050.0,24554050.0,25549821.42857143,25715976.666666668,1190.8798790284472,1241.629999266285,24427.0,26151.0,23835.0,23469.0,24092.571428571428,24320.833333333332,22400900.0,22407400.0,22538514.285714287,20122.0,25440800.0,
2026-02-09,1324.0,0.0,1.0,0.49999999999999994,0.8660254037844387,0.6216868902665479,0.7832658619336791,0.0,0,0,40.0,-40.0,19.2,26.2,13.4,0.0,64.0,6.6,0,0,1,831.0,20122.0,21162.0,23493.0,19530.0,18856.0,19817.0,20596.428571428572,20499.35714285714,20454.366666666665,1394.309728520468,1484.3258654058893,592.0,142.0619047619075,25440800.0,25325700.0,24446750.0,25496500.0,25612491.666666668,1264.3276016300567,1239.2075059495967,24538.0,24427.0,23882.0,23449.0,24193.0,24279.433333333334,23230200.0,22961250.0,22656057.14285714,23547.0,29438000.0,
2026-02-10,1325.0,0.7818314824680298,0.6234898018587336,0.49999999999999994,0.8660254037844387,0.6350683134867438,0.7724559775191742,0.0,1,0,39.0,-39.0,19.9,27.0,14.3,0.0,68.0,6.0,0,0,1,832.0,23547.0,20122.0,21162.0,20192.0,18522.0,20181.0,21170.285714285714,20834.428571428572,20540.166666666668,1679.683275132849,1586.234167244432,3355.0,630.1190476190459,29438000.0,25699600.0,24372650.0,26083971.42857143,25735051.666666668,1250.1804900836626,1232.5534570236507,28795.0,24538.0,23736.0,23628.0,24894.85714285714,24438.133333333335,25754950.0,22496350.0,23055157.14285714,35736.0,38232750.0,Bangladesh Parliamentary Polls
2026-02-11,1326.0,0.9749279121818236,-0.22252093395631434,0.49999999999999994,0.8660254037844387,0.6482618097757122,0.7614175109532997,0.0,1,0,38.0,-38.0,20.8,28.2,15.3,0.0,69.0,6.1,0,0,1,833.0,35736.0,23547.0,20122.0,20211.0,19072.0,18922.0,23390.85714285714,22064.0,21086.566666666666,5680.587452854024,3181.2704758052582,15525.0,2304.2904761904756,38232750.0,25029850.0,24935050.0,27874421.42857143,26183196.666666668,1069.8665211551377,1203.5684615174002,36923.0,28795.0,23547.0,23758.0,26778.714285714286,24874.966666666667,28707650.0,22041600.0,23942485.714285713,14864.0,21232550.0,Bangladesh Parliamentary Polls
2026-02-12,1327.0,0.43388373911755823,-0.900968867902419,0.49999999999999994,0.8660254037844387,0.6612634749656386,0.7501537286959042,0.0,1,0,37.0,-37.0,20.4,27.4,15.1,0.0,66.0,6.5,0,0,1,834.0,14864.0,35736.0,23547.0,19465.0,21380.0,21616.0,22627.0,21763.428571428572,20921.466666666667,6482.359395569812,3372.223094977432,-4601.0,1705.5333333333328,21232550.0,23536150.0,26933100.0,27331950.0,26035861.666666668,1428.4546555435952,1230.7152560012498,18818.0,36923.0,23070.0,24515.0,26103.14285714286,24707.766666666666,17128350.0,21270650.0,23240592.85714286,2673.0,2367750.0,Bangladesh Parliamentary Polls
2026-02-13,1328.0,-0.433883739117558,-0.9009688679024191,0.49999999999999994,0.8660254037844387,0.6740694616546161,0.7386679638813748,1.0,0,0,36.0,-36.0,20.4,27.8,14.4,0.0,65.0,7.1,0,0,1,835.0,2673.0,14864.0,35736.0,23493.0,23888.0,23186.0,20228.14285714286,20427.214285714286,20337.866666666665,10000.068023578126,4741.690901176409,-20820.0,-109.72380952380627,2367750.0,28242000.0,29188150.0,24307892.85714286,25225813.333333332,885.8024691358024,1184.5224194941743,2764.0,18818.0,26151.0,25527.0,23202.285714285714,23988.833333333332,2109500.0,24191450.0,20503285.714285713,15002.0,18959000.0,
2026-02-14,1329.0,-0.9749279121818236,-0.2225209339563146,0.49999999999999994,0.8660254037844387,0.6866759803451553,0.726963615332308,1.0,0,0,35.0,-35.0,20.4,27.6,15.1,0.0,63.0,7.6,0,0,1,836.0,15002.0,2673.0,14864.0,21162.0,20951.0,20771.0,19015.14285714286,19792.5,20207.2,10052.875681922558,4835.14406874475,-6160.0,-1192.057142857142,18959000.0,25201400.0,25019500.0,22981750.0,25038648.333333332,1263.7648313558193,1193.325206847503,18738.0,2764.0,24427.0,23230.0,22143.285714285714,23812.3,14384300.0,22400900.0,19102264.285714287,29630.0,29443500.0,
2026-02-15,1330.0,-0.7818314824680299,0.6234898018587334,0.49999999999999994,0.8660254037844387,0.6990793005655562,0.7150441465537444,0.0,0,0,34.0,-34.0,20.0,27.2,14.8,0.0,65.0,5.9,0,0,1,837.0,29630.0,15002.0,2673.0,20122.0,20147.0,18918.0,20224.85714285714,20412.428571428572,20474.333333333332,10833.468149344253,5128.162817721155,9508.0,-249.47619047619082,29443500.0,25440800.0,25814050.0,23587764.285714287,25136421.666666668,993.705703678704,1165.1574675118254,29262.0,18738.0,24538.0,23835.0,22834.0,23923.566666666666,20807850.0,23230200.0,18874685.714285713,24416.0,28868050.0,
2026-02-16,1331.0,0.0,1.0,0.49999999999999994,0.8660254037844387,0.7112757519738152,0.7029130847082615,0.0,0,0,33.0,-33.0,20.8,27.9,15.2,0.0,66.0,6.9,0,0,1,838.0,24416.0,29630.0,15002.0,23547.0,19530.0,19540.0,20838.285714285714,20717.35714285714,20515.333333333332,10947.642283680432,5155.434804455276,869.0,322.95238095238165,28868050.0,29438000.0,25325700.0,24077371.42857143,25185641.666666668,1182.341497378768,1153.4451669044986,27962.0,29262.0,28795.0,23882.0,23323.14285714286,23971.0,24466550.0,25754950.0,19051307.14285714,22899.0,28991450.0,
2026-02-17,1332.0,0.7818314824680298,0.6234898018587336,0.49999999999999994,0.8660254037844387,0.7232617254437388,0.6905740195722294,0.0,0,0,32.0,-32.0,21.8,29.5,16.2,0.0,66.0,6.7,0,0,1,839.0,22899.0,24416.0,29630.0,35736.0,20192.0,19353.0,20745.714285714286,20958.0,20586.266666666666,10923.633808006736,5173.6810342036415,-12837.0,159.4476190476198,28991450.0,38232750.0,25699600.0,24013578.57142857,25337713.333333332,1266.0574697585048,1155.7133068580474,28254.0,27962.0,36923.0,23736.0,23245.85714285714,24091.933333333334,25656450.0,28707650.0,19037235.714285713,22492.0,29295600.0,
2026-02-18,1333.0,0.9749279121818236,-0.22252093395631434,0.49999999999999994,0.8660254037844387,0.7350336741329412,0.6780306024735382,0.0,0,0,31.0,-31.0,22.4,30.2,16.1,0.0,63.0,5.8,0,0,1,840.0,22492.0,22899.0,24416.0,14864.0,20211.0,18918.0,18853.714285714286,21122.285714285714,20705.4,8843.433094944596,5175.090241425443,7628.0,-1851.6857142857152,29295600.0,21232550.0,25029850.0,22736842.85714286,25510605.0,1302.4897741419172,1188.9452001418729,28773.0,28254.0,18818.0,23547.0,22081.571428571428,24223.466666666667,26837400.0,17128350.0,18770057.14285714,20393.0,26897450.0,
2026-02-19,1334.0,0.43388373911755823,-0.900968867902419,0.49999999999999994,0.8660254037844387,0.746588114532413,0.6652865452111116,0.0,0,0,30.0,-30.0,22.9,30.3,16.6,0.0,61.0,5.6,0,0,1,841.0,20393.0,22492.0,22899.0,2673.0,19465.0,21169.0,19643.571428571428,21135.285714285714,20733.833333333332,8672.968673934372,5170.807961166676,17720.0,-1090.2619047619046,26897450.0,2367750.0,23536150.0,23546114.285714287,25546535.0,1318.9550335899573,1173.3023970056388,26595.0,28773.0,2764.0,23070.0,23192.571428571428,24302.366666666665,25280650.0,2109500.0,19934671.42857143,17696.0,23859950.0,
2026-02-20,1335.0,-0.433883739117558,-0.9009688679024191,0.49999999999999994,0.8660254037844387,0.7579216274973472,0.6523456189565257,1.0,0,0,29.0,-29.0,23.4,30.0,18.0,0.0,62.0,5.1,0,0,1,842.0,17696.0,20393.0,22492.0,15002.0,23493.0,23536.0,21789.714285714286,21008.928571428572,20678.6,4741.19445970748,5194.860202559665,2694.0,1111.1142857142877,23859950.0,18959000.0,28242000.0,26616428.57142857,25497158.333333332,1348.324480108499,1239.3769700017385,24855.0,26595.0,18738.0,26151.0,26348.428571428572,24322.666666666668,23800700.0,14384300.0,23033414.285714287,17179.0,22283500.0,
2026-02-21,1336.0,-0.9749279121818236,-0.2225209339563146,0.49999999999999994,0.8660254037844387,0.7690308592589181,0.6392116531380588,1.0,1,0,28.0,-28.0,23.4,30.2,17.6,0.0,64.0,6.3,0,0,1,843.0,17179.0,17696.0,20393.0,29630.0,21162.0,20810.0,22100.714285714286,20557.928571428572,20620.633333333335,4269.701851975246,5224.799243682183,-12451.0,1480.0809523809512,22283500.0,29443500.0,25201400.0,27091357.14285714,25415551.666666668,1297.1360381861575,1244.1442852632156,23003.0,24855.0,29262.0,24427.0,26957.714285714286,24303.4,22311650.0,20807850.0,24165892.85714286,16239.0,20438650.0,Language Martyrs' Day
2026-02-22,1337.0,-0.7818314824680299,0.6234898018587334,0.49999999999999994,0.8660254037844387,0.7799125224167177,0.6258885343075018,0.0,0,0,27.0,-27.0,23.6,29.9,18.6,0.0,63.0,3.6,0,0,1,844.0,16239.0,17179.0,17696.0,24416.0,20122.0,19586.0,20187.714285714286,20206.285714285714,20456.3,3199.8617529659778,5284.150433461237,-8177.0,-268.58571428571304,20438650.0,28868050.0,25440800.0,25804950.0,25228480.0,1258.6150625038488,1281.9884793810932,21825.0,23003.0,27962.0,24538.0,25895.285714285714,24198.666666666668,20494100.0,24466550.0,24121071.42857143,15954.0,20322500.0,
2026-02-23,1338.0,0.0,1.0,0.49999999999999994,0.8660254037844387,0.7905633969115482,0.612380204990065,0.0,0,0,26.0,-26.0,23.6,30.1,17.4,0.0,65.0,3.7,0,0,1,845.0,15954.0,16239.0,17179.0,22899.0,23547.0,18856.0,18978.85714285714,19908.571428571428,20203.566666666666,2922.649450331542,5313.012838911372,-6945.0,-1224.7095238095244,20322500.0,28991450.0,29438000.0,24584157.14285714,24974100.0,1273.8184781246082,1295.0566194876421,21511.0,21825.0,28254.0,28795.0,24973.714285714286,24076.8,20390750.0,25656450.0,23538814.285714287,16452.0,22441300.0,
2026-02-24,1339.0,0.7818314824680298,0.6234898018587336,0.49999999999999994,0.8660254037844387,0.8009803309782905,0.5986906625177214,0.0,0,0,25.0,-25.0,22.7,27.7,19.2,0.0,75.0,3.6,0,0,1,846.0,16452.0,15954.0,16239.0,22492.0,35736.0,18522.0,18057.85714285714,19401.785714285714,20058.3,2460.7274959904457,5355.269645485871,-6040.0,-2000.442857142858,22441300.0,29295600.0,38232750.0,23648421.42857143,24893693.333333332,1364.0469243860928,1309.0551130058686,22357.0,21511.0,28773.0,36923.0,24131.285714285714,24039.9,22038500.0,26837400.0,23021964.285714287,16300.0,22206150.0,
2026-02-25,1340.0,0.9749279121818236,-0.22252093395631434,0.49999999999999994,0.8660254037844387,0.8111602420785621,0.5848239578463322,0.0,0,0,24.0,-24.0,23.5,29.5,18.7,0.0,67.0,6.5,0,0,1,847.0,16300.0,16452.0,15954.0,20393.0,14864.0,19072.0,17173.285714285714,18013.5,19948.766666666666,1542.846472626158,5398.69173605234,-4093.0,-2775.4809523809527,22206150.0,26897450.0,21232550.0,22635642.85714286,24815430.0,1362.340490797546,1317.605215385244,22333.0,22357.0,26595.0,18818.0,23211.285714285714,24002.033333333333,21977350.0,25280650.0,22327671.42857143,16304.0,22157900.0,
2026-02-26,1341.0,0.43388373911755823,-0.900968867902419,0.49999999999999994,0.8660254037844387,0.8211001178128892,0.5707841943569036,0.0,0,0,23.0,-23.0,22.9,29.0,18.1,0.0,61.0,5.7,0,0,1,848.0,16304.0,16300.0,16452.0,17696.0,2673.0,21380.0,16589.14285714286,18116.35714285714,19863.7,616.8182953866104,5436.477676546322,-1392.0,-3274.557142857142,22157900.0,23859950.0,2367750.0,21958564.285714287,24739135.0,1359.0468596663395,1323.3326191104418,22244.0,22333.0,24855.0,2764.0,22589.714285714286,23961.866666666665,21898450.0,23800700.0,21844500.0,18083.0,23678200.0,
2026-02-27,1342.0,-0.433883739117558,-0.9009688679024191,0.49999999999999994,0.8660254037844387,0.8307970168121247,0.5565755266413303,1.0,0,0,22.0,-22.0,22.6,29.4,16.8,0.0,60.0,6.9,0,0,1,849.0,18083.0,16304.0,16300.0,17179.0,15002.0,23888.0,16644.428571428572,19217.071428571428,19849.066666666666,738.0006452441473,5440.802761087536,904.0,-3204.6380952380932,23678200.0,22283500.0,18959000.0,21932600.0,24715986.666666668,1309.4176851186196,1317.774505540459,23007.0,22244.0,23003.0,18738.0,22325.714285714286,23941.166666666668,22077750.0,22311650.0,21598364.285714287,18328.0,23402600.0,
2026-02-28,1343.0,-0.9749279121818236,-0.2225209339563146,0.49999999999999994,0.8660254037844387,0.8402480696078469,0.5422021592729844,1.0,0,0,21.0,-21.0,22.5,29.7,15.7,0.0,57.0,6.4,0,0,1,850.0,18328.0,18083.0,16304.0,16239.0,29630.0,20951.0,16808.571428571428,19454.64285714286,19824.266666666666,968.4967487713886,5446.159880473438,2089.0,-3015.695238095239,23402600.0,20438650.0,29443500.0,22092471.42857143,24664905.0,1276.8769096464425,1314.8803443204997,22809.0,23007.0,21825.0,29262.0,22298.0,23909.533333333333,22048700.0,20494100.0,21560800.0,16814.0,20944850.0,
2026-03-01,1344.0,-0.7818314824680299,0.6234898018587334,0.8660254037844386,0.5000000000000001,0.8494504794814806,0.527668345562516,0.0,0,0,20.0,-20.0,23.6,30.3,17.6,1.7,76.0,9.0,1,0,1,851.0,16814.0,18328.0,18083.0,15954.0,24416.0,20147.0,16890.714285714286,18539.214285714286,19672.066666666666,935.9755542187105,5464.952660509464,860.0,-2781.3523809523795,20944850.0,20322500.0,28868050.0,22164785.714285713,24465296.666666668,1245.6791959081718,1313.0323633782602,20953.0,22809.0,21511.0,27962.0,22173.428571428572,23790.8,19807050.0,20390750.0,21462650.0,16082.0,21170950.0,
2026-03-02,1345.0,0.0,1.0,0.8660254037844386,0.5000000000000001,0.8584015232918917,0.512978386299228,0.0,0,0,19.0,-19.0,24.4,29.7,21.0,2.4,81.0,6.8,1,0,1,852.0,16082.0,16814.0,18328.0,16452.0,22899.0,19530.0,16909.0,17943.928571428572,19411.866666666665,915.6551388667647,5443.087623597584,-370.0,-2502.866666666665,21170950.0,22441300.0,28991450.0,22285992.85714286,24198056.666666668,1316.4376321353066,1319.1208139512169,22159.0,20953.0,22357.0,28254.0,22266.0,23678.533333333333,21283350.0,22038500.0,21590164.285714287,16069.0,21799050.0,
2026-03-03,1346.0,0.7818314824680298,0.6234898018587336,0.8660254037844386,0.5000000000000001,0.8670985522812081,0.4981366284784055,0.0,0,0,18.0,-18.0,24.4,30.8,20.3,0.0,67.0,5.4,0,0,1,853.0,16069.0,16082.0,16814.0,16300.0,22492.0,20192.0,16854.285714285714,17456.071428571428,19249.133333333335,957.9788992605012,5468.4053196732,-231.0,-2394.8476190476213,21799050.0,22206150.0,29295600.0,22194242.85714286,24090708.333333332,1356.5903292053022,1318.0555860682468,22193.0,22159.0,22333.0,28773.0,22242.571428571428,23643.966666666667,21605250.0,21977350.0,21528271.42857143,16088.0,21888850.0,
2026-03-04,1347.0,0.9749279121818236,-0.22252093395631434,0.8660254037844386,0.5000000000000001,0.8755389928586302,0.4831474640149687,0.0,0,0,17.0,-17.0,23.7,30.7,18.4,0.0,61.0,4.7,0,0,1,854.0,16088.0,16069.0,16082.0,16304.0,20393.0,20211.0,16824.0,16998.64285714286,19113.833333333332,981.4854388458659,5495.570825255787,-216.0,-2289.833333333332,21888850.0,22157900.0,26897450.0,22148914.285714287,23959868.333333332,1360.5699900546992,1317.8026573906973,22466.0,22193.0,22244.0,26595.0,22261.571428571428,23598.333333333332,22236850.0,21898450.0,21565342.85714286,16318.0,21851150.0,
2026-03-05,1348.0,0.43388373911755823,-0.900968867902419,0.8660254037844386,0.5000000000000001,0.8837203473619977,0.4680153284438345,0.0,0,0,16.0,-16.0,24.7,31.1,19.9,0.0,59.0,3.7,0,0,1,855.0,16318.0,16088.0,16069.0,18083.0,17696.0,19465.0,16826.0,16707.571428571428,19006.766666666666,980.2627198867633,5518.4244795758395,-1765.0,-2180.7666666666664,21851150.0,23678200.0,23859950.0,22105092.85714286,23844050.0,1339.0826081627652,1314.9506214616154,22506.0,22466.0,23007.0,24855.0,22299.0,23552.466666666667,22168450.0,22077750.0,21603914.285714287,17733.0,23070450.0,
2026-03-06,1349.0,-0.433883739117558,-0.9009688679024191,0.8660254037844386,0.5000000000000001,0.8916401947968874,0.45274469960737107,1.0,0,0,15.0,-15.0,24.4,31.2,18.3,0.0,64.0,5.4,0,0,1,856.0,17733.0,16318.0,16088.0,18328.0,17179.0,23493.0,16776.0,16710.214285714286,18924.8,912.0115130851163,5518.474929256076,-595.0,-2148.7999999999993,23070450.0,23402600.0,22283500.0,22018271.42857143,23756411.666666668,1300.9896802571477,1313.7466207671193,23707.0,22506.0,22809.0,23003.0,22399.0,23551.5,22470650.0,22048700.0,21660042.85714286,18616.0,23763550.0,
2026-03-07,1350.0,-0.9749279121818236,-0.2225209339563146,0.8660254037844386,0.5000000000000001,0.8992961915530253,0.4373400963303323,1.0,0,0,14.0,-14.0,23.7,29.7,18.0,0.0,76.0,6.8,0,0,1,857.0,18616.0,17733.0,16318.0,16814.0,16239.0,21162.0,16817.14285714286,16812.85714285714,18871.633333333335,996.2962124072031,5513.336954890494,1802.0,-2054.4904761904763,23763550.0,20944850.0,20438650.0,22069835.714285713,23714201.666666668,1276.5121400945422,1313.6945108311336,23548.0,23707.0,20953.0,21825.0,22504.571428571428,23551.533333333333,22577900.0,19807050.0,21735642.85714286,16678.0,20844500.0,
2026-03-08,1351.0,-0.7818314824680299,0.6234898018587334,0.8660254037844386,0.5000000000000001,0.9066860720977985,0.4218060770826634,0.0,0,0,13.0,-13.0,24.6,29.8,20.2,0.0,75.0,7.0,0,0,1,858.0,16678.0,18616.0,17733.0,16082.0,15954.0,20122.0,16797.714285714286,16844.214285714286,18778.733333333334,997.6927907736449,5526.458858314603,596.0,-1981.0190476190473,20844500.0,21170950.0,20322500.0,22055500.0,23624480.0,1249.8201223168246,1314.2860717466554,22320.0,23548.0,22159.0,21511.0,22699.85714285714,23526.533333333333,21213950.0,21283350.0,21936628.57142857,16341.0,21591500.0,
2026-03-09,1352.0,0.0,1.0,0.8660254037844386,0.5000000000000001,0.9138076496466615,0.40614723863057883,0.0,0,0,12.0,-12.0,24.5,29.6,20.4,0.1,79.0,4.7,1,0,1,859.0,16341.0,16678.0,18616.0,16069.0,16452.0,23547.0,16834.714285714286,16871.85714285714,18540.333333333332,971.1765569461083,5470.056025265234,272.0,-1705.619047619046,21591500.0,21799050.0,22441300.0,22115578.57142857,23402796.666666668,1321.30836546111,1314.9818907931988,22813.0,22320.0,22193.0,22357.0,22793.285714285714,23415.266666666666,21964000.0,21605250.0,22033864.285714287,16488.0,22476300.0,
2026-03-10,1353.0,0.7818314824680298,0.6234898018587336,0.8660254037844386,0.5000000000000001,0.9206588168102428,0.3903682146763026,0.0,0,0,11.0,-11.0,25.5,30.8,21.1,0.3,74.0,4.1,1,0,1,860.0,16488.0,16341.0,16678.0,16088.0,16300.0,35736.0,16894.571428571428,16874.428571428572,18384.533333333333,928.0728881472987,5459.362731114807,400.0,-1489.9619047619053,22476300.0,21888850.0,22206150.0,22212328.57142857,23311960.0,1363.1914119359535,1315.9249026118632,23206.0,22813.0,22466.0,22333.0,22938.0,23374.566666666666,22737950.0,22236850.0,22195678.57142857,16958.0,23135550.0,
2026-03-11,1354.0,0.9749279121818236,-0.22252093395631434,0.8660254037844386,0.5000000000000001,0.9272375462179537,0.374473674486883,0.0,0,0,10.0,-10.0,25.9,30.7,21.5,1.1,76.0,5.9,1,0,1,861.0,16958.0,16488.0,16341.0,16318.0,16304.0,14864.0,17018.85714285714,16921.428571428572,18279.066666666666,857.6375358255397,5455.200340411271,640.0,-1260.2095238095244,23135550.0,21851150.0,22157900.0,22390428.57142857,23235118.333333332,1364.2852930770139,1316.4556601864795,24846.0,23206.0,22506.0,22244.0,23278.0,23384.833333333332,23984150.0,22168450.0,22445292.85714286,17546.0,23890400.0,
2026-03-12,1355.0,0.43388373911755823,-0.900968867902419,0.8660254037844386,0.5000000000000001,0.9335418911179212,0.35846832151248087,0.0,0,0,9.0,-9.0,25.3,29.9,22.5,2.8,84.0,8.0,1,0,1,862.0,17546.0,16958.0,16488.0,17733.0,18083.0,2673.0,17194.285714285714,17010.14285714286,18079.033333333333,814.9136384273907,5364.644722518989,-187.0,-884.7476190476191,23890400.0,23070450.0,23678200.0,22681750.0,23050198.333333332,1361.5866864242562,1319.6705285095497,24256.0,24846.0,23707.0,23007.0,23528.0,23233.533333333333,23344900.0,22470650.0,22613357.14285714,18464.0,24546350.0,
2026-03-13,1356.0,-0.433883739117558,-0.9009688679024191,0.8660254037844386,0.5000000000000001,0.9395699859530622,0.342356891994542,1.0,0,0,8.0,-8.0,25.9,32.1,22.3,1.4,81.0,12.4,1,0,1,863.0,18464.0,17546.0,16958.0,18616.0,18328.0,15002.0,17298.714285714286,17037.35714285714,17503.3,933.6424573116575,4206.0655638715925,-152.0,-204.58571428571304,24546350.0,23763550.0,23402600.0,22892592.85714286,22593985.0,1329.4167027729636,1323.7315317260948,25713.0,24256.0,23548.0,22809.0,23814.571428571428,22859.866666666665,24453150.0,22577900.0,22896571.42857143,19925.0,25809350.0,
2026-03-14,1357.0,-0.9749279121818236,-0.2225209339563146,0.8660254037844386,0.5000000000000001,0.945320046913132,0.3261441535642696,1.0,0,0,7.0,-7.0,26.8,30.8,24.4,2.0,79.0,14.9,1,0,1,864.0,19925.0,18464.0,17546.0,16678.0,16814.0,29630.0,17485.714285714286,17151.428571428572,17672.0,1300.4794903271581,4198.043772668602,3247.0,-186.28571428571377,25809350.0,20844500.0,20944850.0,23184850.0,22746545.0,1295.3249686323713,1326.4190786600705,26033.0,25713.0,22320.0,20953.0,24169.571428571428,23100.366666666665,24311900.0,21213950.0,23144285.714285713,17688.0,22423250.0,
2026-03-15,1358.0,-0.7818314824680299,0.6234898018587334,0.8660254037844386,0.5000000000000001,0.9507903724625832,0.3098349038318025,0.0,0,0,6.0,-6.0,24.4,28.6,21.3,4.1,85.0,17.8,1,0,1,865.0,17688.0,19925.0,18464.0,16341.0,16082.0,24416.0,17630.0,17213.85714285714,18172.5,1251.017585807512,3099.4928478371044,1347.0,-542.5,22423250.0,21591500.0,21170950.0,23410385.714285713,23415061.666666668,1267.7097467209408,1328.9747392892298,24500.0,26033.0,22813.0,22159.0,24481.0,23824.9,22751000.0,21964000.0,23363864.285714287,19553.0,25146000.0,
2026-03-16,1359.0,0.0,1.0,0.8660254037844386,0.5000000000000001,0.9559793438440766,0.2934339689665273,0.0,0,0,5.0,-5.0,25.2,31.0,22.0,0.5,79.0,11.9,1,0,1,866.0,19553.0,17688.0,19925.0,16488.0,16069.0,22899.0,18088.85714285714,17461.785714285714,18324.2,1287.9459652964429,3049.9414624117285,3065.0,-235.34285714285943,25146000.0,22476300.0,21799050.0,23918171.42857143,23621295.0,1286.0430624456606,1323.9368388584514,25440.0,24500.0,23206.0,22193.0,24856.285714285714,24048.3,23006900.0,22737950.0,23512850.0,28623.0,33321850.0,
2026-03-17,1360.0,0.7818314824680298,0.6234898018587336,0.8660254037844386,0.5000000000000001,0.9608854255574977,0.27694620226893646,0.0,1,0,4.0,-4.0,25.5,31.2,21.1,0.0,73.0,11.2,0,0,1,867.0,28623.0,19553.0,17688.0,16958.0,16088.0,22492.0,19822.428571428572,18358.5,18290.633333333335,4027.434289020768,2924.171034708836,11665.0,1531.7952380952374,33321850.0,23135550.0,21888850.0,25467535.714285713,23750573.333333332,1164.1634349998253,1295.504270724719,35658.0,25440.0,24846.0,22466.0,26635.14285714286,24261.5,28449700.0,23984150.0,24328814.285714287,38517.0,41397300.0,Shab-e-Qadr
2026-03-18,1361.0,0.9749279121818236,-0.22252093395631434,0.8660254037844386,0.5000000000000001,0.9655071658143364,0.2603764827344581,0.0,1,1,3.0,-3.0,24.2,30.2,21.1,10.7,83.0,10.1,1,0,1,868.0,38517.0,28623.0,19553.0,17546.0,16318.0,20393.0,22902.285714285714,19960.571428571428,18760.666666666668,7876.174742311606,4597.339420482972,20971.0,4141.619047619046,41397300.0,23890400.0,21851150.0,28076357.14285714,24168215.0,1074.779967287172,1254.1463670404557,46943.0,35658.0,24256.0,22506.0,29791.85714285714,24894.2,33904650.0,23344900.0,25746028.57142857,41885.0,44930400.0,Eid al-Fitr Holiday
2026-03-19,1362.0,0.43388373911755823,-0.900968867902419,0.8660254037844386,0.5000000000000001,0.969843196967294,0.24372971360968387,0.0,1,1,2.0,-2.0,24.4,30.3,20.0,0.0,76.0,7.1,0,0,1,869.0,41885.0,38517.0,28623.0,18464.0,17733.0,17696.0,26379.285714285714,21786.785714285714,19393.533333333333,10159.000224993928,6210.457658372454,23421.0,6985.752380952381,44930400.0,24546350.0,23070450.0,31082071.42857143,24699513.333333332,1072.7086068998449,1212.87806996554,51584.0,46943.0,25713.0,23707.0,33695.857142857145,25671.866666666665,34311900.0,24453150.0,27312742.85714286,39280.0,44421050.0,Eid al-Fitr Holiday
2026-03-20,1363.0,-0.433883739117558,-0.9009688679024191,0.8660254037844386,0.5000000000000001,0.9738922359149924,0.22701082094141847,1.0,1,0,1.0,-1.0,23.9,29.0,21.3,1.7,79.0,9.5,1,0,1,870.0,39280.0,41885.0,38517.0,19925.0,18616.0,17179.0,29353.0,23325.85714285714,19953.133333333335,10496.884918869862,7179.953514081279,19355.0,9399.866666666665,44421050.0,25809350.0,23763550.0,33921314.28571428,25203695.0,1130.8821283095724,1184.515987899341,45610.0,51584.0,26033.0,23548.0,36538.28571428572,26233.1,32746850.0,24311900.0,28497557.14285714,19917.0,21160100.0,Jumatul Bidah
2026-03-21,1364.0,-0.9749279121818236,-0.2225209339563146,0.8660254037844386,0.5000000000000001,0.9776530844816641,0.2102247521189836,1.0,1,1,0.0,0.0,21.2,23.9,19.4,11.1,84.0,5.3,1,0,1,871.0,19917.0,39280.0,41885.0,17688.0,16678.0,16239.0,29351.85714285714,23418.785714285714,19937.266666666666,10498.082847653091,7179.473883007159,2229.0,9414.590476190475,21160100.0,22423250.0,20844500.0,33257135.714285713,25012450.0,1062.414018175428,1151.2429949769207,16967.0,45610.0,24500.0,22320.0,35243.142857142855,25912.166666666668,12081300.0,22751000.0,26750328.57142857,16995.0,15686450.0,Eid al-Fitr
2026-03-22,1365.0,-0.7818314824680299,0.6234898018587334,0.8660254037844386,0.5000000000000001,0.981124629771712,0.19337647441020586,0.0,1,1,1.0,1.0,22.0,26.1,18.0,0.4,76.0,5.8,1,0,1,872.0,16995.0,19917.0,39280.0,19553.0,16341.0,15954.0,29252.85714285714,23441.428571428572,19913.9,10628.86172062597,7188.155460247779,-2558.0,9338.95714285714,15686450.0,25146000.0,21591500.0,32294735.714285713,24740000.0,923.00382465431,1101.9992918245448,13906.0,16967.0,25440.0,22813.0,33729.71428571428,25547.2,6047200.0,23006900.0,24364071.42857143,26107.0,25871100.0,Eid al-Fitr Holiday
2026-03-23,1366.0,0.0,1.0,0.8660254037844386,0.5000000000000001,0.984305844499033,0.17647097349152166,0.0,1,1,2.0,2.0,23.0,27.4,19.0,0.3,73.0,4.8,1,0,1,873.0,26107.0,16995.0,19917.0,28623.0,16488.0,16452.0,30189.14285714286,24139.0,20211.5,9895.360704703386,7255.522570832674,-2516.0,9977.642857142859,25871100.0,33321850.0,22476300.0,32398321.42857143,24859586.666666668,990.9641092427319,1059.8451556526977,18325.0,13906.0,35658.0,23206.0,32713.285714285714,25391.266666666666,10346900.0,28449700.0,22555500.0,30903.0,29027500.0,Eid al-Fitr Holiday
2026-03-24,1367.0,0.7818314824680298,0.6234898018587336,0.8660254037844386,0.5000000000000001,0.9871957872910085,0.15951325197263655,0.0,0,0,3.0,3.0,24.5,29.6,19.8,0.0,73.0,6.6,0,0,1,874.0,30903.0,26107.0,16995.0,38517.0,16958.0,16300.0,30514.85714285714,25168.64285714286,20700.3,9872.716114433142,7469.467225380589,-7614.0,9814.557142857142,29027500.0,41397300.0,23135550.0,31784842.85714286,25145881.666666668,939.3100993431059,1027.7232505588806,25146.0,18325.0,46943.0,24846.0,31211.571428571428,25501.966666666667,14066100.0,33904650.0,20500700.0,29815.0,29703500.0,
2026-03-25,1368.0,0.9749279121818236,-0.22252093395631434,0.8660254037844386,0.5000000000000001,0.9897936029670716,0.14250832791617088,0.0,0,0,4.0,4.0,25.2,30.2,21.5,2.8,80.0,6.7,1,0,1,875.0,29815.0,30903.0,26107.0,41885.0,17546.0,16304.0,29271.714285714286,26087.0,21162.333333333332,9223.708775293491,7593.421441972165,-12070.0,8109.380952380954,29703500.0,44930400.0,23890400.0,30114300.0,25458581.666666668,996.2602716753312,1016.5061511857606,26481.0,25146.0,51584.0,24256.0,28288.428571428572,25667.633333333335,17282350.0,34311900.0,18126085.714285713,28809.0,31684250.0,
2026-03-26,1369.0,0.43388373911755823,-0.900968867902419,0.8660254037844386,0.5000000000000001,0.992098522791769,0.12546123335273648,0.0,1,0,5.0,5.0,26.1,31.6,21.3,0.0,75.0,4.9,0,0,1,876.0,28809.0,29815.0,30903.0,39280.0,18464.0,18083.0,27403.714285714286,26891.5,21574.233333333334,7384.149481925899,7663.923208362575,-10471.0,5829.480952380953,31684250.0,44421050.0,24546350.0,28221992.85714286,25766680.0,1099.8038807317157,1020.3769045903136,28223.0,26481.0,45610.0,25713.0,24951.14285714286,25863.166666666668,21231300.0,32746850.0,16257428.57142857,31776.0,36760500.0,Independence Day
2026-03-27,1370.0,-0.433883739117558,-0.9009688679024191,0.8660254037844386,0.5000000000000001,0.9941098647022418,0.10837701279187609,1.0,0,0,6.0,6.0,26.9,32.7,21.6,0.0,72.0,7.6,0,0,1,877.0,31776.0,28809.0,29815.0,19917.0,19925.0,18328.0,26331.714285714286,27842.35714285714,22090.1,5732.66100847533,7816.010982547984,11859.0,4241.614285714288,36760500.0,21160100.0,25809350.0,27127628.57142857,26251825.0,1156.8636706948641,1024.088553502498,37110.0,28223.0,16967.0,26033.0,23736.85714285714,26355.733333333334,29077750.0,12081300.0,15733271.42857143,39462.0,42992650.0,
2026-03-28,1371.0,-0.9749279121818236,-0.2225209339563146,0.8660254037844386,0.5000000000000001,0.9958270335100595,0.09126072172931188,1.0,0,0,7.0,7.0,25.0,29.1,21.7,3.0,79.0,9.1,1,0,1,878.0,39462.0,31776.0,28809.0,16995.0,17688.0,16814.0,29123.85714285714,29237.85714285714,22862.033333333333,6756.032179432054,8350.177216716726,22467.0,6261.823809523808,42992650.0,15686450.0,22423250.0,30246564.285714287,26946316.666666668,1089.4696163397698,1027.953638954547,46278.0,37110.0,13906.0,24500.0,27924.14285714286,27156.866666666665,33393850.0,6047200.0,18777921.42857143,36526.0,40119950.0,
2026-03-29,1372.0,-0.7818314824680299,0.6234898018587334,0.8660254037844386,0.5000000000000001,0.9972495210773451,0.07411742515094437,0.0,0,0,8.0,8.0,25.2,30.6,21.3,4.0,82.0,6.9,1,0,1,879.0,36526.0,39462.0,31776.0,26107.0,19553.0,16082.0,31914.0,30583.428571428572,23476.8,4601.66795846866,8659.387990638494,10419.0,8437.2,40119950.0,25871100.0,25146000.0,33737064.28571428,27494375.0,1098.3942944751684,1053.0094203575266,42374.0,46278.0,18325.0,25440.0,31991.0,27802.433333333334,32321950.0,10346900.0,22531457.14285714,24900.0,31469700.0,
2026-03-30,1373.0,0.0,1.0,0.8660254037844386,0.5000000000000001,0.998376906467142,0.056952196034039754,0.0,0,0,9.0,9.0,25.9,31.7,22.1,9.9,87.0,6.6,1,0,1,880.0,24900.0,36526.0,39462.0,30903.0,28623.0,16069.0,31741.571428571428,30965.35714285714,23695.866666666665,4870.299677882061,8607.616237493074,-6003.0,8045.704761904763,31469700.0,29027500.0,33321850.0,34536864.28571428,27763278.333333332,1263.8433734939758,1091.9921723934187,28723.0,42374.0,25146.0,35658.0,33476.42857142857,27999.566666666666,24928300.0,14066100.0,24614514.285714287,21222.0,28025050.0,
2026-05-01,1405.0,-0.433883739117558,-0.9009688679024191,0.8660254037844387,-0.4999999999999998,0.8806828564301475,-0.47370635037968,1.0,1,0,27.0,-27.0,24.7,28.1,22.1,9.2,82.0,10.4,1,0,1,912.0,19315.0,15239.0,16059.0,20198.0,18360.0,21018.0,17449.285714285714,17391.071428571428,17642.366666666665,1790.8448392015728,1378.5742130621313,-883.0,-193.0809523809512,24344750.0,25225550.0,23588650.0,22790071.42857143,23205516.666666668,1260.4064198809215,1310.7426170371473,21625.0,20428.0,23589.0,22700.0,21278.714285714286,22454.5,20014100.0,22118650.0,20172400.0,21210.0,25062600.0,Labour Day; Buddha Purnima
2026-05-02,1406.0,-0.9749279121818236,-0.2225209339563146,0.8660254037844387,-0.4999999999999998,0.8724040568049612,-0.48878539428899265,1.0,0,0,26.0,-26.0,25.3,30.1,22.2,2.5,81.0,10.2,1,0,1,913.0,21210.0,19315.0,15239.0,17838.0,17100.0,18621.0,17593.85714285714,17594.64285714286,17713.633333333335,2068.9766736698875,1504.5371262844103,3372.0,-119.77619047619373,25062600.0,22160250.0,21483800.0,22766792.85714286,23178715.0,1181.6407355021217,1301.132256574809,22648.0,21625.0,20824.0,20842.0,21144.285714285714,22402.866666666665,20732750.0,19299400.0,19974414.285714287,17723.0,21508700.0,
2026-05-03,1407.0,-0.7818314824680299,0.6234898018587334,0.8660254037844387,-0.4999999999999998,0.8638670987837349,-0.503719798736334,0.0,0,0,25.0,-25.0,25.8,29.1,23.4,0.6,86.0,10.1,1,0,1,914.0,17723.0,21210.0,19315.0,17104.0,16962.0,17985.0,17577.428571428572,17639.14285714286,17652.633333333335,2067.17076033418,1463.9403012921875,619.0,-75.20476190476256,21508700.0,22546150.0,22339000.0,22673714.285714287,23047891.666666668,1213.6037916831235,1297.031976562985,19856.0,22648.0,20817.0,21304.0,21006.0,22227.733333333334,17637200.0,19781300.0,19736957.14285714,17089.0,21747450.0,
2026-05-04,1408.0,0.0,1.0,0.8660254037844387,-0.4999999999999998,0.8550745085896932,-0.518505144391157,0.0,0,0,24.0,-24.0,25.5,30.3,22.2,10.4,88.0,9.3,1,0,1,915.0,17089.0,17723.0,21210.0,16392.0,16960.0,17528.0,17575.285714285714,17648.214285714286,17521.666666666668,2067.7510096950455,1321.2838149090312,697.0,53.61904761904589,21747450.0,22128350.0,23199300.0,22559614.285714287,22870933.333333332,1272.5993329042074,1290.5204587057883,21640.0,19856.0,20541.0,21135.0,21123.571428571428,22100.8,20364750.0,19706200.0,19820307.14285714,17230.0,22754800.0,
2026-05-05,1409.0,0.7818314824680298,0.6234898018587336,0.8660254037844387,-0.4999999999999998,0.8460288880917339,-0.533137056031809,0.0,0,0,23.0,-23.0,25.7,29.8,22.9,7.6,88.0,5.7,1,0,1,916.0,17230.0,17089.0,17723.0,16059.0,16623.0,16690.0,17695.0,17667.5,17475.3,2011.31391549561,1305.6901504437603,1171.0,219.70000000000073,22754800.0,22232450.0,22973100.0,22649107.14285714,22826626.666666668,1320.6500290191527,1286.3350135032674,22407.0,21640.0,21127.0,21908.0,21390.14285714286,22062.9,21446550.0,20493800.0,20068928.57142857,16959.0,22164900.0,
2026-05-06,1410.0,0.9749279121818236,-0.22252093395631434,0.8660254037844387,-0.4999999999999998,0.8367329140344921,-0.5476112038402312,0.0,0,0,22.0,-22.0,26.7,31.4,23.2,3.3,82.0,6.0,1,0,1,917.0,16959.0,17230.0,17089.0,15239.0,16809.0,16683.0,17823.571428571428,17691.5,17441.1,1915.8021694268275,1305.3161685968391,1720.0,382.471428571429,22164900.0,20893000.0,22958400.0,22639457.14285714,22764790.0,1306.969750574916,1275.2702543071118,22789.0,22407.0,20428.0,21418.0,21627.571428571428,22044.3,22122950.0,19793350.0,20301664.285714287,17162.0,22547750.0,
2026-05-07,1411.0,0.43388373911755823,-0.900968867902419,0.8660254037844387,-0.4999999999999998,0.8271893372462497,-0.5619233046832195,0.0,0,0,21.0,-21.0,26.2,30.5,22.8,0.0,83.0,5.0,0,0,1,918.0,17162.0,16959.0,17230.0,19315.0,18516.0,18058.0,18098.285714285714,17716.714285714286,17428.9,1594.3221876693444,1306.1860603062119,-2153.0,669.3857142857123,22547750.0,24344750.0,23781850.0,22875850.0,22704525.0,1313.8183195431768,1267.098339872517,22368.0,22789.0,21625.0,22901.0,21904.714285714286,22011.5,21523600.0,20014100.0,20548842.85714286,19810.0,24533800.0,
2026-05-08,1412.0,-0.433883739117558,-0.9009688679024191,0.8660254037844387,-0.4999999999999998,0.8174009818249189,-0.5760691233798758,1.0,0,0,20.0,-20.0,26.9,31.7,21.9,0.0,76.0,4.5,0,0,1,919.0,19810.0,17162.0,16959.0,21210.0,20198.0,19371.0,18169.0,17809.14285714286,17532.9,1666.6207327002078,1368.0683928760802,-1400.0,636.0999999999985,24533800.0,25062600.0,25225550.0,22902857.14285714,22754836.666666668,1238.4553255931348,1263.9624692599762,23507.0,22368.0,22648.0,23589.0,22173.571428571428,22025.933333333334,21648400.0,20732750.0,20782314.285714287,22142.0,25931550.0,
2026-05-09,1413.0,-0.9749279121818236,-0.2225209339563146,0.8660254037844387,-0.4999999999999998,0.8073707443023492,-0.5900444739548627,1.0,0,0,19.0,-19.0,28.0,32.8,24.7,0.6,72.0,5.9,1,0,1,920.0,22142.0,19810.0,17162.0,17723.0,17838.0,17578.0,18302.14285714286,17948.0,17714.866666666665,1961.237146001631,1595.303878378083,4419.0,587.2761904761937,25931550.0,21508700.0,22160250.0,23026992.85714286,22853281.666666668,1171.1475928100442,1262.4634488753939,25489.0,23507.0,19856.0,20824.0,22579.428571428572,22110.433333333334,23343250.0,17637200.0,21155242.85714286,19544.0,23663050.0,
2026-05-10,1414.0,-0.7818314824680299,0.6234898018587334,0.8660254037844387,-0.4999999999999998,0.7971015927871943,-0.6038452208771035,0.0,0,0,18.0,-18.0,25.8,30.8,23.0,12.0,82.0,9.4,1,0,1,921.0,19544.0,22142.0,19810.0,17089.0,17104.0,16969.0,18562.285714285714,18069.85714285714,17764.4,1992.1424576139107,1629.038442847866,2455.0,797.8857142857123,23663050.0,21747450.0,22546150.0,23334757.14285714,22844643.333333332,1210.7577773229636,1262.0568753953708,22798.0,25489.0,21640.0,20817.0,22999.714285714286,22082.966666666667,20528400.0,20364750.0,21568271.42857143,17779.0,22754650.0,
2026-05-11,1415.0,0.0,1.0,0.8660254037844387,-0.4999999999999998,0.7865965660866021,-0.6174672802835514,0.0,0,0,17.0,-17.0,25.0,30.3,20.7,18.8,83.0,7.6,1,0,1,922.0,17779.0,19544.0,22142.0,17230.0,16392.0,17400.0,18660.85714285714,18118.071428571428,17711.333333333332,1922.9638953595932,1600.57951430397,549.0,949.5238095238092,22754650.0,22754800.0,22128350.0,23478642.85714286,22776618.333333332,1279.8610720512966,1263.0942667020977,23710.0,22798.0,22407.0,20541.0,23295.428571428572,22049.7,21972800.0,21446550.0,21797992.85714286,18077.0,23970500.0,
2026-05-12,1416.0,0.7818314824680298,0.6234898018587336,0.8660254037844387,-0.4999999999999998,0.7758587728069828,-0.6309066211876704,0.0,0,0,16.0,-16.0,27.2,31.2,23.1,0.1,77.0,6.4,1,0,1,923.0,18077.0,17779.0,19544.0,16959.0,16059.0,16814.0,18781.85714285714,18238.428571428572,17727.966666666667,1842.9049015589073,1601.73852709977,1118.0,1053.8904761904741,23970500.0,22164900.0,22232450.0,23652314.285714287,22844553.333333332,1326.0220169275876,1263.8616935461598,23728.0,23710.0,22789.0,21127.0,23484.14285714286,22083.066666666666,22518400.0,22122950.0,21951114.285714287,17920.0,23539400.0,
2026-05-13,1417.0,0.9749279121818236,-0.22252093395631434,0.8660254037844387,-0.4999999999999998,0.7648913904341226,-0.6441592666722685,0.0,0,0,15.0,-15.0,28.3,31.5,25.2,2.1,76.0,10.0,1,0,1,924.0,17920.0,18077.0,17779.0,17162.0,15239.0,15002.0,18919.14285714286,18371.35714285714,17759.666666666668,1715.8986400299057,1595.5987165851427,758.0,1159.4761904761908,23539400.0,22547750.0,20893000.0,23848671.42857143,22893268.333333332,1313.5825892857142,1264.8063847905598,24453.0,23728.0,22368.0,20428.0,23721.85714285714,22134.133333333335,23177950.0,21523600.0,22101828.57142857,17911.0,23711100.0,
2026-05-14,1418.0,0.43388373911755823,-0.900968867902419,0.8660254037844387,-0.4999999999999998,0.753697664392914,-0.6572212950663319,0.0,0,0,14.0,-14.0,27.8,31.5,24.4,2.8,82.0,9.0,1,0,1,925.0,17911.0,17920.0,18077.0,19810.0,19315.0,17454.0,19026.14285714286,18562.214285714286,17776.7,1608.0270964310444,1594.3538340895977,-1899.0,1249.442857142858,23711100.0,24533800.0,24344750.0,24014864.285714287,22917188.333333332,1323.8289319412652,1266.236472276001,23892.0,24453.0,23507.0,21625.0,23939.571428571428,22158.833333333332,22809850.0,21648400.0,22285578.57142857,19935.0,25045450.0,
2026-05-15,1419.0,-0.433883739117558,-0.9009688679024191,0.8660254037844387,-0.4999999999999998,0.742280907086982,-0.6700888411055113,1.0,0,0,13.0,-13.0,29.4,33.3,26.3,0.1,77.0,12.1,1,0,1,926.0,19935.0,17911.0,17920.0,22142.0,21210.0,18360.0,19044.0,18606.5,17880.733333333334,1618.840325665045,1630.7787421190733,-2207.0,1163.2666666666664,25045450.0,25931550.0,25062600.0,24087957.14285714,23004426.666666668,1256.3556558816153,1268.7936623172122,24639.0,23892.0,25489.0,22648.0,24101.285714285714,22215.866666666665,22471500.0,23343250.0,22403164.285714287,22578.0,26818000.0,
2026-05-16,1420.0,-0.9749279121818236,-0.2225209339563146,0.8660254037844387,-0.4999999999999998,0.7306444969184916,-0.6827580970759147,1.0,0,0,12.0,-12.0,29.7,33.8,26.5,0.1,78.0,12.5,1,0,1,927.0,22578.0,19935.0,17911.0,19544.0,17723.0,17100.0,19106.285714285714,18704.214285714286,18133.266666666666,1760.125915409046,1751.7258078099644,3034.0,973.0190476190473,26818000.0,23663050.0,21508700.0,24214592.85714286,23262021.666666668,1187.793427230047,1271.171638662927,27041.0,24639.0,22798.0,19856.0,24323.0,22465.666666666668,24914600.0,20528400.0,22627642.85714286,19792.0,24125500.0,
2026-05-17,1421.0,-0.7818314824680299,0.6234898018587334,0.8660254037844387,-0.4999999999999998,0.7187918772884232,-0.6952253139408722,0.0,0,0,11.0,-11.0,29.7,33.6,25.8,1.0,75.0,12.9,1,0,1,928.0,19792.0,22578.0,19935.0,17779.0,17089.0,16962.0,19141.714285714286,18852.0,18211.2,1772.8547331242878,1772.3502884102606,2013.0,930.5142857142855,24125500.0,22754650.0,21747450.0,24280657.14285714,23324460.0,1218.952101859337,1272.3422564538375,24112.0,27041.0,23710.0,21640.0,24510.714285714286,22541.2,21878900.0,21972800.0,22820571.42857143,18528.0,23744400.0,
2026-05-18,1422.0,0.0,1.0,0.8660254037844387,-0.4999999999999998,0.7067265555776158,-0.7074868024503348,0.0,0,0,10.0,-10.0,29.9,33.0,26.8,0.2,78.0,13.6,1,0,1,929.0,18528.0,19792.0,22578.0,18077.0,17230.0,16960.0,19248.714285714286,18954.785714285714,18216.8,1697.920072155292,1773.1019069456052,451.0,1031.914285714287,23744400.0,23970500.0,22754800.0,24422050.0,23329651.666666668,1281.541450777202,1272.5823105575384,24534.0,24112.0,23728.0,22407.0,24628.428571428572,22602.333333333332,23008850.0,22518400.0,22968578.57142857,19232.0,25405400.0,
2026-05-19,1423.0,0.7818314824680298,0.6234898018587336,0.8660254037844387,-0.4999999999999998,0.6944521021088763,-0.719538934232584,0.0,0,0,9.0,-9.0,29.5,33.5,26.5,1.9,81.0,9.8,1,0,1,930.0,19232.0,18528.0,19792.0,17920.0,16959.0,16623.0,19413.714285714286,19097.785714285714,18287.866666666665,1619.3818485545012,1769.5186903230629,1312.0,1125.8476190476213,25405400.0,23539400.0,22164900.0,24627035.714285713,23460371.666666668,1320.9962562396006,1271.8643447449688,25622.0,24534.0,24453.0,22789.0,24899.0,22761.666666666668,24413400.0,23177950.0,23239292.85714286,19533.0,26027900.0,
2026-05-20,1424.0,0.9749279121818236,-0.22252093395631434,0.8660254037844387,-0.4999999999999998,0.6819721490904629,-0.7313781428679254,0.0,0,0,8.0,-8.0,30.2,33.7,27.3,1.4,80.0,9.3,1,0,1,931.0,19533.0,19232.0,18528.0,17911.0,17162.0,16809.0,19644.14285714286,19281.64285714286,18373.566666666666,1480.188662363567,1765.3445044921345,1622.0,1270.576190476193,26027900.0,23711100.0,22547750.0,24982535.714285713,23583335.0,1332.509087185788,1274.5681301592651,26399.0,25622.0,23892.0,22368.0,25177.0,22931.5,25144450.0,22809850.0,23520221.42857143,21250.0,28262850.0,
2026-05-21,1425.0,0.43388373911755823,-0.900968867902419,0.8660254037844387,-0.4999999999999998,0.6692903895412567,-0.7430009249440493,0.0,0,0,7.0,-7.0,30.1,32.9,27.7,1.4,83.0,8.7,1,0,1,932.0,21250.0,19533.0,19232.0,19935.0,19810.0,18516.0,20121.14285714286,19573.64285714286,18516.566666666666,1361.8639712502634,1819.8050612414208,1315.0,1604.576190476193,28262850.0,25045450.0,24533800.0,25632785.714285713,23752120.0,1330.0164705882353,1275.4520642516893,28111.0,26399.0,24639.0,23507.0,25779.714285714286,23164.033333333333,26461800.0,22471500.0,24041928.57142857,24187.0,31770400.0,
2026-05-22,1426.0,-0.433883739117558,-0.9009688679024191,0.8660254037844387,-0.4999999999999998,0.6564105761979381,-0.7544038410927472,1.0,0,0,6.0,-6.0,30.0,32.6,27.4,2.7,83.0,8.0,1,0,1,933.0,24187.0,21250.0,19533.0,22578.0,22142.0,20198.0,20728.571428571428,19886.285714285714,18768.7,2042.9472058066526,2056.9487471194357,1609.0,1959.8714285714268,31770400.0,26818000.0,25931550.0,26593492.85714286,24045363.333333332,1313.5320626782982,1283.6201223655012,30679.0,28111.0,27041.0,25489.0,26642.571428571428,23456.4,28464000.0,24914600.0,24898000.0,29111.0,37105650.0,
2026-05-23,1427.0,-0.9749279121818236,-0.2225209339563146,0.8660254037844387,-0.4999999999999998,0.6433365204044917,-0.765583517007675,1.0,0,0,5.0,-5.0,30.7,35.0,27.7,0.8,78.0,14.8,1,0,1,934.0,29111.0,24187.0,21250.0,19792.0,19544.0,17838.0,21661.85714285714,20384.071428571428,19178.766666666666,3781.2997513451014,2759.1741103570694,9319.0,2483.090476190475,37105650.0,24125500.0,23663050.0,28063157.14285714,24516938.333333332,1274.6264298718697,1296.0248370286188,34966.0,30679.0,24112.0,22798.0,27774.714285714286,23908.0,31323700.0,21878900.0,25813585.714285713,25999.0,33379150.0,
2026-05-24,1428.0,-0.7818314824680299,0.6234898018587334,0.8660254037844387,-0.4999999999999998,0.6300720909843687,-0.7765366444428655,0.0,0,0,4.0,-4.0,30.5,34.9,27.6,4.7,79.0,15.2,1,0,1,935.0,25999.0,29111.0,24187.0,18528.0,17779.0,17104.0,22548.571428571428,20845.14285714286,19428.2,3991.6574192156654,3022.832793349987,7471.0,3120.371428571427,33379150.0,23744400.0,22754650.0,29385107.14285714,24836848.333333332,1283.8628408784953,1305.2977997456414,32649.0,34966.0,24534.0,23710.0,28994.285714285714,24232.933333333334,28672500.0,23008850.0,26784100.0,31985.0,37539350.0,
2026-05-25,1429.0,0.0,1.0,0.8660254037844387,-0.4999999999999998,0.6166212130956382,-0.7872599821916922,0.0,1,1,3.0,-3.0,29.4,33.7,25.0,6.8,80.0,16.5,1,0,1,936.0,31985.0,25999.0,29111.0,19232.0,18077.0,16392.0,24471.0,21859.85714285714,19821.1,4875.295580782572,3793.9950134481373,12753.0,4649.9000000000015,37539350.0,25405400.0,23970500.0,31355814.285714287,25247308.333333332,1173.6548382054089,1289.8854265210994,39919.0,32649.0,25622.0,23728.0,31192.14285714286,24777.266666666666,31531100.0,24413400.0,28001564.285714287,44008.0,46949000.0,Eid-ul-Azha Holiday
2026-05-26,1430.0,0.7818314824680298,0.6234898018587336,0.8660254037844387,-0.4999999999999998,0.6029878670694714,-0.7977503570459932,0.0,1,1,2.0,-2.0,26.8,29.1,24.1,1.5,88.0,13.2,1,0,1,937.0,44008.0,31985.0,25999.0,19533.0,17920.0,16059.0,28010.428571428572,23712.071428571428,20693.433333333334,8257.980056832595,5800.362739449643,24475.0,7316.995238095238,46949000.0,26027900.0,23539400.0,34433471.428571425,26073600.0,1066.8287584075622,1253.5757839736652,53246.0,39919.0,26399.0,24453.0,35138.42857142857,25858.0,36835750.0,25144450.0,29776185.714285713,45602.0,49339850.0,Eid-ul-Azha Holiday
2026-05-27,1431.0,0.9749279121818236,-0.22252093395631434,0.8660254037844387,-0.4999999999999998,0.5891760872322963,-0.8080046647350754,0.0,0,0,1.0,-1.0,25.9,29.1,24.1,66.9,87.0,10.5,1,1,1,938.0,45602.0,44008.0,31985.0,21250.0,17911.0,15239.0,31734.571428571428,25689.35714285714,21643.366666666665,9571.46207670023,7325.353918639953,24352.0,10091.204761904763,49339850.0,28262850.0,23711100.0,37763750.0,26966723.333333332,1081.9667997017675,1217.7840286188055,56239.0,53246.0,28111.0,23892.0,39401.28571428572,27038.733333333334,37598600.0,26461800.0,31555350.0,39079.0,42946900.0,
2026-05-28,1432.0,0.43388373911755823,-0.900968867902419,0.8660254037844387,-0.4999999999999998,0.5751899607119775,-0.8180198708443175,0.0,1,1,0.0,0.0,27.7,31.4,24.2,0.1,82.0,8.6,1,0,1,939.0,39079.0,45602.0,44008.0,24187.0,19935.0,19315.0,34281.57142857143,27201.35714285714,22399.6,8643.699513848807,7912.084348073829,14892.0,11881.971428571429,42946900.0,31770400.0,25045450.0,39861471.428571425,27660675.0,1098.9764323549732,1184.7783088711965,45889.0,56239.0,30679.0,24639.0,41941.0,27883.666666666668,33471350.0,28464000.0,32556714.285714287,20815.0,20077750.0,Eid-ul-Azha
2026-05-29,1433.0,-0.433883739117558,-0.9009688679024191,0.8660254037844387,-0.4999999999999998,0.5610336262283677,-0.8277930117131022,1.0,1,1,1.0,1.0,27.6,32.3,24.7,5.8,86.0,6.4,1,0,1,940.0,20815.0,39079.0,45602.0,29111.0,22578.0,21210.0,33799.857142857145,27264.214285714286,22558.133333333335,9363.983134481452,7827.85707996564,-8296.0,11241.72380952381,20077750.0,37105650.0,26818000.0,38191092.85714286,27588851.666666668,964.5808311313956,1134.9281329359246,18710.0,45889.0,34966.0,27041.0,40231.142857142855,27803.1,12571300.0,31323700.0,30286328.57142857,27646.0,26895450.0,Eid-ul-Azha Holiday
2026-05-30,1434.0,-0.9749279121818236,-0.2225209339563146,0.8660254037844387,-0.4999999999999998,0.5467112728685939,-0.8373211953118121,1.0,1,1,2.0,2.0,28.2,32.4,23.3,0.0,74.0,3.2,0,0,1,941.0,27646.0,20815.0,39079.0,25999.0,19792.0,17723.0,33590.57142857143,27626.214285714286,22971.7,9501.605598654203,7755.244277484022,1647.0,10618.871428571427,26895450.0,33379150.0,24125500.0,36732492.85714286,27788933.333333332,972.8514070751646,1091.817415393538,23010.0,18710.0,32649.0,24112.0,38523.142857142855,27889.166666666668,14165650.0,28672500.0,27835178.57142857,30083.0,27959200.0,Eid-ul-Azha Holiday
2026-05-31,1435.0,-0.7818314824680299,0.6234898018587334,0.8660254037844387,-0.4999999999999998,0.5322271388474397,-0.8466016020976267,0.0,1,1,3.0,3.0,29.7,33.7,25.0,0.0,71.0,4.5,0,0,1,942.0,30083.0,27646.0,20815.0,31985.0,18528.0,17089.0,34174.0,28361.285714285714,23330.633333333335,9073.509354158172,7829.001651610501,-1902.0,10843.366666666665,27959200.0,37539350.0,23744400.0,35958214.28571428,27909415.0,929.4019878336602,1041.1801506728475,26013.0,23010.0,39919.0,24534.0,37575.142857142855,28035.433333333334,15402900.0,31531100.0,25939521.42857143,37553.0,33358350.0,Eid-ul-Azha Holiday
2026-06-01,1436.0,0.0,1.0,0.49999999999999994,-0.8660254037844387,0.5175855102531889,-0.8556314858488706,0.0,0,0,4.0,4.0,30.3,34.0,26.4,0.0,73.0,5.9,0,0,1,943.0,37553.0,30083.0,27646.0,44008.0,19232.0,17230.0,34969.42857142857,29720.214285714286,23875.4,9093.664513589116,8234.452947933127,-6455.0,11094.028571428571,33358350.0,46949000.0,25405400.0,35360928.571428575,28185940.0,888.3005352435225,1000.4152502497208,35392.0,26013.0,53246.0,25622.0,36928.42857142857,28460.233333333334,20169400.0,36835750.0,24316421.42857143,33983.0,32876750.0,
2026-06-02,1437.0,0.7818314824680298,0.6234898018587336,0.49999999999999994,-0.8660254037844387,0.5027907197793043,-0.8644081744776648,0.0,0,0,5.0,5.0,30.4,33.9,26.9,0.0,75.0,7.6,0,0,1,944.0,33983.0,37553.0,30083.0,45602.0,19533.0,16959.0,33537.28571428572,30773.85714285714,24417.4,8176.067121264635,8349.847979619692,-11619.0,9119.885714285716,32876750.0,49339850.0,26027900.0,33350607.14285714,28564875.0,967.4469587735044,986.2178503019983,35376.0,35392.0,56239.0,26399.0,34375.57142857143,28977.566666666666,23377300.0,37598600.0,22393785.714285713,31903.0,33471800.0,
2026-06-03,1438.0,0.9749279121818236,-0.22252093395631434,0.49999999999999994,-0.8660254037844387,0.4878471454423119,-0.8729290708206411,0.0,0,0,6.0,6.0,30.9,34.5,27.4,0.0,74.0,8.0,0,0,1,945.0,31903.0,33983.0,37553.0,39079.0,21250.0,17162.0,31580.285714285714,31657.428571428572,24911.2,6210.113491026149,8339.54535434887,-7176.0,6669.085714285713,33471800.0,42946900.0,28262850.0,31083742.85714286,28955686.666666668,1049.1740588659375,981.5331730397369,38376.0,35376.0,45889.0,28111.0,31823.714285714286,29535.433333333334,28380600.0,33471350.0,21076928.57142857,30121.0,34181350.0,
2026-06-04,1439.0,0.43388373911755823,-0.900968867902419,0.49999999999999994,-0.8660254037844387,0.47275920928627757,-0.881191653407483,0.0,0,0,7.0,7.0,30.4,34.0,27.6,4.0,81.0,7.8,1,0,1,946.0,30121.0,31903.0,33983.0,20815.0,24187.0,19810.0,30300.571428571428,32291.071428571428,25340.9,5257.188344135196,8261.865875713325,9306.0,4959.671428571426,34181350.0,20077750.0,31770400.0,29831521.42857143,29336571.666666668,1134.8013014176156,986.6510114772573,37474.0,38376.0,18710.0,30679.0,30621.571428571428,30037.666666666668,29755100.0,12571300.0,20546035.714285713,29281.0,33885150.0,
2026-06-05,1440.0,-0.433883739117558,-0.9009688679024191,0.49999999999999994,-0.8660254037844387,0.4575313760742512,-0.8891934772070711,1.0,0,0,8.0,8.0,28.3,31.2,25.4,14.8,87.0,7.1,1,0,1,947.0,29281.0,30121.0,31903.0,27646.0,29111.0,22142.0,31510.0,32654.928571428572,25751.633333333335,3332.981998150669,8136.129489371255,1635.0,5758.366666666665,33885150.0,26895450.0,37105650.0,31804007.14285714,29727246.666666668,1157.2401898842252,1014.1737770133757,43909.0,37474.0,23010.0,34966.0,34221.42857142857,30741.666666666668,35052000.0,14165650.0,23757564.285714287,33749.0,39659150.0,
2026-06-06,1441.0,-0.9749279121818236,-0.2225209339563146,0.49999999999999994,-0.8660254037844387,0.44216815196707204,-0.8969321743510065,1.0,0,0,9.0,9.0,29.4,33.7,26.3,0.9,81.0,4.9,1,0,1,948.0,33749.0,29281.0,30121.0,30083.0,25999.0,19544.0,32381.85714285714,32986.21428571428,26304.533333333333,2927.2938258489503,8095.777122857878,3666.0,6077.323809523808,39659150.0,27959200.0,33379150.0,33627392.85714286,30297626.666666668,1175.1207443183503,1043.0693966195452,40580.0,43909.0,26013.0,32649.0,36731.42857142857,31348.733333333334,30740750.0,15402900.0,26125435.714285713,28078.0,33015150.0,
2026-06-07,1442.0,-0.7818314824680299,0.6234898018587334,0.49999999999999994,-0.8660254037844387,0.42667408318992467,-0.9044054548343001,0.0,0,0,10.0,10.0,28.7,32.8,26.4,7.7,84.0,6.8,1,0,1,949.0,28078.0,33749.0,29281.0,37553.0,31985.0,17779.0,32095.428571428572,33134.71428571428,26580.133333333335,3267.987344790458,8007.311679111614,-9475.0,5515.295238095237,33015150.0,33358350.0,37539350.0,34349671.428571425,30580338.333333332,1175.836954199017,1078.274391814596,41906.0,40580.0,35392.0,39919.0,39001.857142857145,31962.033333333333,34338450.0,20169400.0,28830514.285714287,23484.0,28426100.0,
2026-06-08,1443.0,0.0,1.0,0.49999999999999994,-0.8660254037844387,0.4110537546870351,-0.9116111071930239,0.0,0,0,11.0,11.0,28.5,32.3,26.3,0.7,85.0,8.8,1,0,1,950.0,23484.0,28078.0,33749.0,33983.0,44008.0,18077.0,30085.571428571428,32527.5,26624.866666666665,3655.4384988732004,7985.381366460625,-10499.0,3460.7047619047626,28426100.0,32876750.0,46949000.0,33645064.28571428,30663490.0,1210.4454096406064,1124.2950881570366,30820.0,41906.0,35376.0,53246.0,38348.71428571428,32139.733333333334,26306500.0,23377300.0,29707242.85714286,21798.0,27545400.0,
2026-06-09,1444.0,0.7818314824680298,0.6234898018587336,0.49999999999999994,-0.8660254037844387,0.3953117887649151,-0.9185469991587165,0.0,0,0,12.0,12.0,28.2,32.7,25.0,12.1,86.0,12.7,1,0,1,951.0,21798.0,23484.0,28078.0,31903.0,45602.0,17920.0,28344.85714285714,30941.071428571428,26700.0,4329.293068872514,7926.850420325047,-10105.0,1644.8571428571413,27545400.0,33471800.0,49339850.0,32883442.85714286,30792901.666666668,1263.666391412056,1166.612149962544,29678.0,30820.0,38376.0,56239.0,37534.71428571428,32369.066666666666,26313600.0,28380600.0,30126714.285714287,19695.0,25732100.0,
2026-06-10,1445.0,0.9749279121818236,-0.22252093395631434,0.49999999999999994,-0.8660254037844387,0.37945284372454435,-0.925211078289358,0.0,0,0,13.0,13.0,28.5,31.1,26.6,1.6,85.0,11.8,1,0,1,952.0,19695.0,21798.0,23484.0,30121.0,39079.0,17911.0,26600.85714285714,29090.571428571428,26763.866666666665,5055.122267844235,7859.931528759145,-10426.0,-163.00952380952367,25732100.0,34181350.0,42946900.0,31777771.42857143,30892150.0,1306.5295760345266,1203.377223843771,29471.0,29678.0,37474.0,45889.0,36262.57142857143,32561.1,26842600.0,29755100.0,29907000.0,19824.0,25582550.0,
2026-06-11,1446.0,0.43388373911755823,-0.900968867902419,0.49999999999999994,-0.8660254037844387,0.36348161248290634,-0.9316013725767187,0.0,0,0,14.0,14.0,29.1,33.2,26.3,3.8,81.0,8.2,1,0,1,953.0,19824.0,19695.0,21798.0,29281.0,20815.0,19935.0,25129.85714285714,27715.214285714286,26822.1,5349.658351351821,7799.592272057899,-9457.0,-1692.2428571428572,25582550.0,33885150.0,20077750.0,30549371.42857143,30945885.0,1290.4837570621469,1225.6175746501326,28118.0,29471.0,43909.0,18710.0,34926.0,32707.433333333334,25531450.0,35052000.0,29303621.42857143,21536.0,25953500.0,
2026-06-12,1447.0,-0.433883739117558,-0.9009688679024191,0.49999999999999994,-0.8660254037844387,0.3474028211842774,-0.9377159910299093,1.0,0,0,15.0,15.0,28.6,31.8,25.9,2.2,82.0,6.4,1,0,1,954.0,21536.0,19824.0,19695.0,33749.0,27646.0,22578.0,24023.428571428572,27766.714285714286,26942.633333333335,5145.023480903237,7684.366505123109,-12213.0,-2919.2047619047626,25953500.0,39659150.0,26895450.0,29416278.57142857,31026355.0,1205.1216567607726,1232.4577842039253,28982.0,28118.0,40580.0,23010.0,32793.57142857143,32858.4,25479900.0,30740750.0,27936178.57142857,24243.0,28184350.0,
2026-06-13,1448.0,-0.9749279121818236,-0.2225209339563146,0.49999999999999994,-0.8660254037844387,0.3312212278016865,-0.9435531242349544,1.0,0,0,16.0,16.0,28.6,32.1,26.7,3.0,84.0,8.8,1,0,1,955.0,24243.0,21536.0,19824.0,28078.0,30083.0,19792.0,22665.428571428572,27523.64285714286,27153.7,2926.315194753627,7512.785227358378,-3835.0,-4488.271428571428,28184350.0,33015150.0,27959200.0,27777021.42857143,31175463.333333332,1162.5768263003754,1230.6657959156432,30959.0,28982.0,41906.0,26013.0,31419.14285714286,33093.96666666667,27251550.0,34338450.0,27437721.42857143,21250.0,24616200.0,
2026-06-14,1449.0,-0.7818314824680299,0.6234898018587334,0.49999999999999994,-0.8660254037844387,0.31494162072895193,-0.9491110448902284,0.0,0,0,17.0,17.0,28.2,30.7,26.7,6.2,89.0,10.8,1,0,1,956.0,21250.0,24243.0,21536.0,23484.0,37553.0,18528.0,21690.0,26892.714285714286,27197.533333333333,1704.2694427032015,7472.945958051248,-2234.0,-5507.533333333333,24616200.0,28426100.0,33358350.0,26577171.42857143,31161155.0,1158.409411764706,1228.1761469964556,28334.0,30959.0,30820.0,35392.0,29480.285714285714,33217.13333333333,24667150.0,26306500.0,26056107.14285714,19102.0,23617050.0,
2026-06-15,1450.0,0.0,1.0,0.49999999999999994,-0.8660254037844387,0.2985688173637202,-0.9543881083175908,0.0,0,0,18.0,18.0,28.9,31.4,27.0,2.3,84.0,10.1,1,0,1,957.0,19102.0,21250.0,24243.0,21798.0,33983.0,19232.0,21064.0,25574.785714285714,27081.666666666668,1739.893770703262,7573.31416694599,-2696.0,-6017.666666666668,23617050.0,27545400.0,32876750.0,25890164.285714287,31054456.666666668,1236.3653020626111,1231.878988771028,27692.0,28334.0,29678.0,35376.0,29033.428571428572,33238.833333333336,24984600.0,26313600.0,25867264.285714287,19576.0,25356400.0,
2026-06-16,1451.0,0.7818314824680298,0.6234898018587336,0.49999999999999994,-0.8660254037844387,0.2821076626819194,-0.9593827529490743,0.0,0,0,19.0,19.0,28.9,31.9,26.7,1.5,84.0,8.0,1,0,1,958.0,19576.0,19102.0,21250.0,19695.0,31903.0,19533.0,20746.571428571428,24545.714285714286,27074.466666666667,1785.7511824756086,7580.582666775461,-119.0,-6327.89523809524,25356400.0,25732100.0,33471800.0,25577450.0,31095486.666666668,1295.2799346138129,1236.3952092284217,27609.0,27692.0,29471.0,38376.0,28737.85714285714,33355.4,25643800.0,26842600.0,25771578.57142857,18737.0,24172950.0,
2026-06-17,1452.0,0.9749279121818236,-0.22252093395631434,0.49999999999999994,-0.8660254037844387,0.26556302780405594,-0.9640935007889755,0.0,0,0,20.0,20.0,29.4,32.3,26.9,0.6,80.0,10.5,1,0,1,959.0,18737.0,19576.0,19102.0,19824.0,30121.0,21250.0,20609.714285714286,23605.285714285714,27081.433333333334,1912.0194136289554,7572.54928005431,-1087.0,-6471.719047619048,24172950.0,25582550.0,34181350.0,25354714.285714287,31109771.666666668,1290.1184821476224,1234.0507672445783,27267.0,27609.0,28118.0,37474.0,28423.0,33446.5,2243800.0,25531450.0,22257464.285714287,19150.0,24580350.0,
2026-06-18,1453.0,0.43388373911755823,-0.900968867902419,0.49999999999999994,-0.8660254037844387,0.24893980855376657,-0.9685189578512204,0.0,0,0,21.0,21.0,28.9,33.2,26.0,4.3,83.0,10.4,1,0,1,960.0,19150.0,18737.0,19576.0,21536.0,29281.0,24187.0,20513.428571428572,22821.64285714286,27078.7,1974.1425022136611,7575.49448095865,-2386.0,-6565.271428571428,24580350.0,25953500.0,33885150.0,25211542.85714286,31082270.0,1283.5691906005222,1233.0629720357745,27371.0,27267.0,28982.0,43909.0,28316.285714285714,33504.8,25287550.0,25479900.0,22222621.42857143,20261.0,24755050.0,
2026-06-19,1454.0,-0.433883739117558,-0.9009688679024191,0.49999999999999994,-0.8660254037844387,0.23224292400907015,-0.9726578145718654,1.0,0,0,22.0,22.0,27.8,30.7,25.5,0.4,87.0,7.0,1,0,1,961.0,20261.0,19150.0,18737.0,24243.0,33749.0,29111.0,20331.285714285714,22177.35714285714,27102.966666666667,1922.2065197997686,7551.618143488053,-3982.0,-6771.680952380953,24755050.0,28184350.0,39659150.0,25040335.714285713,31039841.666666668,1221.8079068160505,1235.4467220436713,28262.0,27371.0,30959.0,40580.0,28213.428571428572,33566.9,25389700.0,27251550.0,22209735.714285713,23052.0,26704850.0,
2026-06-20,1455.0,-0.9749279121818236,-0.2225209339563146,0.49999999999999994,-0.8660254037844387,0.21547731504673012,-0.976508846196619,1.0,0,0,23.0,23.0,28.8,33.5,26.4,1.6,85.0,10.4,1,0,1,962.0,23052.0,20261.0,19150.0,21250.0,28078.0,25999.0,20161.14285714286,21413.285714285714,27163.033333333333,1531.1980525684273,7510.512248856955,1802.0,-7001.890476190474,26704850.0,24616200.0,33015150.0,24828978.57142857,30987908.333333332,1158.4613048759327,1234.8587904116082,29117.0,28262.0,28334.0,41906.0,27950.285714285714,33600.433333333334,26225450.0,24667150.0,22063150.0,20001.0,23274750.0,
2026-06-21,1456.0,-0.7818314824680299,0.6234898018587334,0.49999999999999994,-0.8660254037844387,0.19864794288017112,-0.9800709131432666,0.0,0,0,24.0,24.0,28.4,31.9,26.0,9.2,87.0,13.2,1,0,1,963.0,20001.0,23052.0,20261.0,19102.0,23484.0,31985.0,19982.714285714286,20836.35714285714,27023.5,1453.9935481611128,7605.986511317602,899.0,-7040.785714285714,23274750.0,23617050.0,28426100.0,24637342.85714286,30704720.0,1163.6793160341983,1235.6116338786785,26835.0,29117.0,27692.0,30820.0,27736.14285714286,33472.3,23657000.0,24984600.0,21918842.85714286,18690.0,23431800.0,
2026-06-22,1457.0,0.0,1.0,0.49999999999999994,-0.8660254037844387,0.18175978759137534,-0.9833429613388902,0.0,0,0,25.0,25.0,28.0,31.7,25.9,8.8,86.0,8.0,1,0,1,964.0,18690.0,20001.0,23052.0,19576.0,21798.0,44008.0,19923.85714285714,20493.928571428572,26676.133333333335,1503.0960746149015,7744.073488062094,-886.0,-6752.276190476194,23431800.0,25356400.0,27545400.0,24610878.57142857,30248925.0,1253.7078651685392,1238.089142893811,26713.0,26835.0,27609.0,29678.0,27596.285714285714,33197.2,24534250.0,25643800.0,21854507.14285714,18183.0,22913850.0,
2026-06-23,1458.0,0.7818314824680298,0.6234898018587336,0.49999999999999994,-0.8660254037844387,0.16481784665719793,-0.9863240225317866,0.0,0,0,26.0,26.0,28.5,31.4,25.8,6.7,86.0,8.9,1,0,1,965.0,18183.0,18690.0,20001.0,18737.0,19695.0,45602.0,19724.85714285714,20235.714285714286,26415.6,1642.567038567812,7897.594629881397,-554.0,-6690.742857142857,22913850.0,24172950.0,25732100.0,24261942.85714286,29900081.666666668,1260.17983831051,1233.0748434219108,26039.0,26713.0,27267.0,29471.0,27372.0,32976.86666666667,24217000.0,2243800.0,21650678.57142857,17717.0,22921100.0,
2026-06-24,1459.0,0.9749279121818236,-0.22252093395631434,0.49999999999999994,-0.8660254037844387,0.14782713347053048,-0.9890132145779883,0.0,0,0,27.0,27.0,28.0,30.6,25.7,5.2,86.0,9.4,1,0,1,966.0,17717.0,18183.0,18690.0,19150.0,19824.0,39079.0,19579.14285714286,20094.428571428572,25940.0,1783.9636981142478,7979.822813692763,-1433.0,-6360.857142857141,22921100.0,24580350.0,25582550.0,24083107.14285714,29412806.666666668,1293.7348309533218,1233.5914646798678,26674.0,26039.0,27371.0,28118.0,27287.285714285714,32535.366666666665,25028600.0,25287550.0,24905650.0,18431.0,23470050.0,
2026-06-25,1460.0,0.43388373911755823,-0.900968867902419,0.49999999999999994,-0.8660254037844387,0.13079267585675922,-0.9914097417023038,0.0,0,0,28.0,28.0,28.6,32.4,25.7,5.7,85.0,8.4,1,0,1,967.0,18431.0,17717.0,18183.0,20261.0,21536.0,20815.0,19476.428571428572,19994.928571428572,25087.433333333334,1832.8200363683538,7322.087396380239,-1830.0,-5611.004761904762,23470050.0,24755050.0,25953500.0,23924492.85714286,28630175.0,1273.400792143671,1232.138836328889,26780.0,26674.0,28262.0,28982.0,27202.85714285714,31653.166666666668,24806250.0,25389700.0,24836892.85714286,20771.0,24799700.0,
2026-06-26,1461.0,-0.433883739117558,-0.9009688679024191,0.49999999999999994,-0.8660254037844387,0.11371951458594969,-0.9935128947338007,1.0,1,0,29.0,29.0,29.1,32.6,26.0,1.1,82.0,8.2,1,0,1,968.0,20771.0,18431.0,17717.0,23052.0,24243.0,27646.0,19549.285714285714,19940.285714285714,24259.733333333334,1878.766502636122,6247.778871166054,-2281.0,-4710.44761904762,24799700.0,26704850.0,28184350.0,23930871.42857143,27812170.0,1193.957922102932,1228.1602670841578,28215.0,26780.0,29117.0,30959.0,27196.14285714286,30719.033333333333,25567000.0,26225450.0,24862221.42857143,23632.0,27003800.0,Ashura
2026-06-27,1462.0,-0.9749279121818236,-0.2225209339563146,0.49999999999999994,-0.8660254037844387,0.0966127018812031,-0.9953220513156602,1.0,0,0,30.0,30.0,29.7,33.2,26.9,4.7,79.0,11.2,1,0,1,969.0,23632.0,20771.0,18431.0,20001.0,21250.0,30083.0,19632.14285714286,19896.64285714286,23744.833333333332,2062.768077815855,5585.810866850967,3631.0,-4112.690476190473,27003800.0,23274750.0,24616200.0,23973578.57142857,27280733.333333332,1142.6794177386594,1225.905711778833,29212.0,28215.0,26835.0,28334.0,27209.714285714286,30163.133333333335,26181250.0,23657000.0,24855907.14285714,20313.0,23029700.0,
2026-06-28,1463.0,-0.7818314824680299,0.6234898018587334,0.49999999999999994,-0.8660254037844387,0.07947729992362097,-0.9968366760893436,0.0,0,0,31.0,31.0,29.5,33.0,27.5,2.9,82.0,12.6,1,0,1,970.0,20313.0,23632.0,20771.0,18690.0,19102.0,37553.0,19676.714285714286,19829.714285714286,23728.1,2075.39865361514,5595.633657070341,1623.0,-4051.3857142857123,23029700.0,23431800.0,23617050.0,23938571.42857143,27379131.666666668,1133.7419386599715,1221.628943582515,26202.0,29212.0,26713.0,27692.0,27119.285714285714,30412.866666666665,23077300.0,24534250.0,24773092.85714286,18984.0,23399350.0,
2026-06-29,1464.0,0.0,1.0,0.49999999999999994,-0.8660254037844387,0.062318379354325076,-0.998056320853012,0.0,0,0,32.0,32.0,28.7,31.0,26.3,7.6,85.0,11.2,1,0,1,971.0,18984.0,20313.0,23632.0,18183.0,19576.0,33983.0,19718.714285714286,19821.285714285714,23439.366666666665,2054.976781238058,5609.960049543288,801.0,-3720.6523809523787,23399350.0,22913850.0,25356400.0,23933935.714285713,27262595.0,1232.5827012220818,1218.6110630187354,26604.0,26202.0,26039.0,27609.0,27103.714285714286,30532.666666666668,24283750.0,24217000.0,24737307.14285714,18577.0,23521150.0,
2026-06-30,1465.0,0.7818314824680298,0.6234898018587336,0.49999999999999994,-0.8660254037844387,0.04514101777397193,-0.9989806246941579,0.0,0,0,33.0,33.0,28.1,31.6,26.2,18.3,88.0,6.7,1,0,1,972.0,18577.0,18984.0,20313.0,17717.0,18737.0,31903.0,19775.0,19749.928571428572,23055.833333333332,2010.8246235476659,5532.878879516772,860.0,-3280.833333333332,23521150.0,22921100.0,24172950.0,24020692.85714286,27114660.0,1266.1436184529257,1219.463031610509,25959.0,26604.0,26674.0,27267.0,27092.285714285714,30530.866666666665,23932000.0,25028600.0,24696592.85714286,18517.0,23666300.0,
2026-07-01,1466.0,0.9749279121818236,-0.22252093395631434,1.2246467991473532e-16,-1.0,0.02795029824021032,-0.999609314096404,0.0,0,0,34.0,34.0,28.4,31.1,26.3,7.5,86.0,8.7,1,0,1,973.0,18517.0,18577.0,18984.0,18431.0,19150.0,30121.0,19889.285714285714,19734.214285714286,22421.3,1893.685358789617,4864.097542905265,86.0,-2532.0142857142855,23666300.0,23470050.0,24580350.0,24127150.0,26791591.666666668,1278.0850029702435,1217.2273418986406,25753.0,25959.0,26780.0,27371.0,26960.714285714286,30209.566666666666,24107000.0,24806250.0,24564935.714285713,18497.0,23572550.0,
2026-07-02,1467.0,0.43388373911755823,-0.900968867902419,1.2246467991473532e-16,-1.0,0.01075130776352193,-0.9999422030204416,0.0,0,0,35.0,35.0,29.2,31.8,26.1,3.8,81.0,10.8,1,0,1,974.0,18497.0,18517.0,18577.0,20771.0,20261.0,29281.0,19898.714285714286,19687.571428571428,21905.1,1885.3605061351423,4393.793634992095,-2274.0,-2006.3857142857123,23572550.0,24799700.0,24755050.0,24141792.85714286,26481451.666666668,1274.3985511163974,1217.3698788947445,25484.0,25753.0,28215.0,28262.0,26775.571428571428,29879.833333333332,23432800.0,25567000.0,24368728.57142857,20201.0,23965050.0,
2026-07-03,1468.0,-0.433883739117558,-0.9009688679024191,1.2246467991473532e-16,-1.0,-0.00645086419810515,-0.9999791929590823,1.0,0,0,36.0,36.0,29.7,33.0,26.3,5.1,79.0,13.8,1,0,1,975.0,20201.0,18497.0,18517.0,23632.0,23052.0,33749.0,19817.285714285714,19683.285714285714,21515.033333333333,1853.4465835556678,3975.0890034133786,-3431.0,-1697.747619047619,23965050.0,27003800.0,26704850.0,24022557.14285714,26164560.0,1186.3298846591754,1216.2801592599221,26311.0,25484.0,29212.0,29117.0,26503.571428571428,29477.666666666668,23186900.0,26181250.0,24028714.285714287,23075.0,26453900.0,
2026-07-04,1469.0,-0.9749279121818236,-0.2225209339563146,1.2246467991473532e-16,-1.0,-0.023651127245231586,-0.9997202729664083,1.0,0,0,37.0,37.0,30.3,34.0,27.4,4.2,74.0,17.8,1,0,1,976.0,23075.0,20201.0,18497.0,20313.0,20001.0,28078.0,19737.714285714286,19684.928571428572,21280.166666666668,1664.7282775558876,3643.390842791071,2762.0,-1542.4523809523816,26453900.0,23029700.0,23274750.0,23944000.0,25906978.333333332,1146.4312026002167,1216.8161285258589,28404.0,26311.0,26202.0,26835.0,26388.14285714286,29175.333333333332,25638650.0,23077300.0,23951200.0,19639.0,22605000.0,
2026-07-05,1470.0,-0.7818314824680299,0.6234898018587334,1.2246467991473532e-16,-1.0,-0.04084439154329611,-0.9991655196610109,0.0,0,0,38.0,38.0,27.5,29.3,26.6,13.8,89.0,21.7,1,0,1,977.0,19639.0,23075.0,20201.0,18984.0,18690.0,23484.0,19641.428571428572,19659.071428571428,20958.766666666666,1645.286991899365,3324.598826546109,655.0,-1317.338095238094,22605000.0,23399350.0,23431800.0,23883328.57142857,25530973.333333332,1151.0260196547686,1219.285282953687,25060.0,28404.0,26604.0,26713.0,26225.0,28547.033333333333,21889450.0,24283750.0,23781507.14285714,18063.0,22356850.0,
2026-07-06,1471.0,0.0,1.0,1.2246467991473532e-16,-1.0,-0.05802556932878035,-0.9983150972033183,0.0,0,0,39.0,39.0,27.6,30.4,25.7,12.8,89.0,18.6,1,0,1,978.0,18063.0,19639.0,23075.0,18577.0,18183.0,21798.0,19509.85714285714,19614.285714285714,20435.9,1740.6829529975143,2327.715119878473,-514.0,-926.0428571428602,22356850.0,23521150.0,22913850.0,23734400.0,24954230.0,1237.7152189558767,1220.0184997728006,25518.0,25060.0,25959.0,26039.0,26069.85714285714,28044.966666666667,23269150.0,23932000.0,23636564.285714287,17085.0,22638500.0,
2026-07-07,1472.0,0.7818314824680298,0.6234898018587336,1.2246467991473532e-16,-1.0,-0.07518957641475855,-0.9971692572470178,0.0,0,0,40.0,40.0,27.6,30.5,25.4,11.3,90.0,12.5,1,0,1,979.0,17085.0,18063.0,19639.0,18517.0,17717.0,19695.0,19296.714285714286,19535.85714285714,20069.466666666667,1952.4157441729174,1911.2020902786744,-1432.0,-772.7523809523809,22638500.0,23666300.0,22921100.0,23608307.14285714,24608341.666666668,1325.051214515657,1228.4338706389049,25086.0,25518.0,25753.0,26674.0,25945.14285714286,27484.3,23387700.0,24107000.0,23558807.14285714,16726.0,22035900.0,
2026-07-08,1473.0,0.9749279121818236,-0.22252093395631434,1.2246467991473532e-16,-1.0,-0.09233133369539122,-0.9957283388645872,0.0,0,0,41.0,41.0,27.7,30.4,25.8,30.8,92.0,13.7,1,1,1,980.0,16726.0,17085.0,18063.0,18497.0,18431.0,19824.0,19040.85714285714,19465.071428571428,19844.2,2176.1564303888895,1893.0497998806336,-1771.0,-803.3428571428594,22035900.0,23572550.0,23470050.0,23375392.85714286,24395335.0,1317.4638287695802,1234.0594171816676,24403.0,25086.0,25484.0,26780.0,25752.285714285714,27270.4,23240000.0,23432800.0,23434950.0,16019.0,21229400.0,
2026-07-09,1474.0,0.43388373911755823,-0.900968867902419,1.2246467991473532e-16,-1.0,-0.10944576864891556,-0.993992768446958,0.0,0,0,42.0,42.0,27.6,30.2,25.9,28.6,90.0,14.2,1,1,1,981.0,16019.0,16726.0,17085.0,20201.0,20771.0,21536.0,18686.85714285714,19292.785714285714,19651.566666666666,2462.1321673547486,1979.4381070245047,-4182.0,-964.7095238095244,21229400.0,23965050.0,24799700.0,23040657.14285714,24184801.666666668,1325.263749297709,1241.325874064712,23216.0,24403.0,26311.0,28215.0,25428.285714285714,27055.0,21967400.0,23186900.0,23225607.14285714,18648.0,22978950.0,
2026-07-10,1475.0,-0.433883739117558,-0.9009688679024191,1.2246467991473532e-16,-1.0,-0.12652781683868314,-0.9919630595773397,1.0,0,0,43.0,43.0,27.1,28.9,25.1,50.4,93.0,14.2,1,1,1,982.0,18648.0,16019.0,16726.0,23075.0,23632.0,24243.0,18465.0,19141.14285714286,19616.666666666668,2371.248124230338,1987.857976147657,-4427.0,-1151.6666666666679,22978950.0,26453900.0,27003800.0,22899785.714285713,24093030.0,1232.247425997426,1247.8855228273192,22538.0,23216.0,28404.0,29212.0,24889.285714285714,26823.9,20487600.0,25638650.0,22839992.85714286,19685.0,24293950.0,
2026-07-11,1476.0,-0.9749279121818236,-0.2225209339563146,1.2246467991473532e-16,-1.0,-0.1435724234118113,-0.9896398128792412,1.0,0,0,44.0,44.0,28.0,31.1,26.1,10.5,89.0,11.6,1,0,1,983.0,19685.0,18648.0,16019.0,19639.0,20313.0,21250.0,17980.714285714286,18859.214285714286,19612.033333333333,1433.613001508627,1987.5200191286897,46.0,-1631.3190476190466,24293950.0,22605000.0,23029700.0,22591221.42857143,24050076.666666668,1234.1351282702565,1260.4146550658963,24955.0,22538.0,25060.0,26202.0,24396.571428571428,26718.466666666667,22825950.0,21889450.0,22438178.57142857,16972.0,20628400.0,
2026-07-12,1477.0,-0.7818314824680299,0.6234898018587334,1.2246467991473532e-16,-1.0,-0.16057454459499376,-0.9870237158387383,0.0,0,0,45.0,45.0,28.0,30.1,26.1,28.3,90.0,11.0,1,1,1,984.0,16972.0,19685.0,18648.0,18063.0,18984.0,19102.0,17599.714285714286,18620.571428571428,19459.9,1263.7868641882062,2009.7231813157175,-1091.0,-1860.1857142857152,20628400.0,22356850.0,23399350.0,22308850.0,23872573.333333332,1215.437190666981,1269.6162509247838,22063.0,24955.0,25518.0,26604.0,23968.428571428572,26487.833333333332,19592700.0,23269150.0,22110071.42857143,16043.0,21041800.0,
2026-07-13,1478.0,0.0,1.0,1.2246467991473532e-16,-1.0,-0.17752914918703497,-0.984115542601034,0.0,0,0,46.0,46.0,27.7,29.1,26.5,17.9,92.0,8.1,1,0,1,985.0,16043.0,16972.0,19685.0,17085.0,18577.0,19576.0,17311.14285714286,18410.5,19186.566666666666,1366.793989423166,1890.8715137760487,-1042.0,-1875.423809523807,21041800.0,22638500.0,23521150.0,22120985.714285713,23634488.333333332,1311.5876083026865,1280.1694494028995,21804.0,22063.0,25086.0,25959.0,23437.85714285714,26182.666666666668,19937200.0,23387700.0,21634078.57142857,15525.0,20467800.0,
2026-07-14,1479.0,0.7818314824680298,0.6234898018587336,1.2246467991473532e-16,-1.0,-0.19443122004766195,-0.9809161537413774,0.0,0,0,47.0,47.0,29.2,32.2,26.4,1.6,82.0,8.7,1,0,1,986.0,15525.0,16043.0,16972.0,16726.0,18517.0,18737.0,17088.285714285714,18192.5,18995.733333333334,1527.5396027909624,1962.9609045124182,-1201.0,-1907.4476190476198,20467800.0,22035900.0,23666300.0,21810885.714285713,23496208.333333332,1318.376811594203,1279.215963271263,21789.0,21804.0,24403.0,25753.0,22966.85714285714,25964.5,20623300.0,23240000.0,21239164.285714287,16753.0,21890050.0,
2026-07-15,1480.0,0.9749279121818236,-0.22252093395631434,1.2246467991473532e-16,-1.0,-0.2112757555821793,-0.9774264960104055,0.0,0,0,48.0,48.0,29.3,32.4,27.0,2.7,78.0,12.8,1,0,1,987.0,16753.0,15525.0,16043.0,16019.0,18497.0,19150.0,17092.14285714286,18066.5,18917.433333333334,1526.5060790980629,2004.975564101521,734.0,-1825.2904761904756,21890050.0,21229400.0,23572550.0,21790050.0,23438641.666666668,1306.634632603116,1277.6689352474825,22150.0,21789.0,23216.0,25484.0,22645.0,25779.766666666666,20805500.0,21967400.0,20891378.57142857,17839.0,23146650.0,
2026-07-16,1481.0,0.43388373911755823,-0.900968867902419,1.2246467991473532e-16,-1.0,-0.2280577712215198,-0.9736476020539838,0.0,0,0,49.0,49.0,29.2,32.1,27.1,3.5,79.0,19.3,1,0,1,988.0,17839.0,16753.0,15525.0,18648.0,20201.0,20261.0,17352.14285714286,18019.5,18859.533333333333,1467.0994545439935,2010.3749818918427,-809.0,-1507.3904761904741,23146650.0,22978950.0,23965050.0,22063942.85714286,23364983.333333332,1297.530691182241,1273.7070698024158,24555.0,22150.0,22538.0,26311.0,22836.285714285714,25677.966666666667,23112850.0,20487600.0,21055014.285714287,19953.0,24059350.0,
2026-07-17,1482.0,-0.433883739117558,-0.9009688679024191,1.2246467991473532e-16,-1.0,-0.24477230089725957,-0.9695805901076308,1.0,0,0,50.0,50.0,28.8,31.1,27.1,6.3,82.0,18.1,1,0,1,989.0,19953.0,17839.0,16753.0,19685.0,23075.0,23052.0,17538.571428571428,18001.785714285714,18900.066666666666,1720.2813584935411,2020.0545047843104,268.0,-1361.4952380952382,24059350.0,24293950.0,26453900.0,22218285.714285713,23361196.666666668,1205.8011326617552,1269.9290278973199,25726.0,24555.0,24955.0,28404.0,23291.714285714286,25626.6,23024900.0,22825950.0,21417485.714285713,22473.0,26232200.0,
2026-07-18,1483.0,-0.9749279121818236,-0.2225209339563146,1.2246467991473532e-16,-1.0,-0.2614143985111562,-0.965226663665613,1.0,0,0,51.0,51.0,29.2,32.0,26.9,2.8,79.0,17.5,1,0,1,990.0,22473.0,19953.0,17839.0,16972.0,19639.0,20001.0,17936.85714285714,17958.785714285714,19010.833333333332,2462.62789370552,2122.7283530683035,5501.0,-1073.9761904761908,26232200.0,20628400.0,22605000.0,22495178.57142857,23416258.333333332,1167.2762871000757,1260.3777648730083,27235.0,25726.0,22063.0,25060.0,23617.428571428572,25622.066666666666,24529350.0,19592700.0,21660828.57142857,19417.0,22402000.0,
2026-07-19,1484.0,-0.7818314824680299,0.6234898018587334,1.2246467991473532e-16,-1.0,-0.2779791393987801,-0.9605871111248129,0.0,0,0,52.0,52.0,28.0,30.7,26.9,19.3,87.0,15.4,1,0,1,991.0,19417.0,22473.0,19953.0,16043.0,18063.0,18690.0,18286.14285714286,17942.928571428572,18982.7,2476.324119104041,2111.1494197271604,3374.0,-696.557142857142,22402000.0,21041800.0,22356850.0,22748550.0,23337823.333333332,1153.7312664160272,1251.5626328371577,24052.0,27235.0,21804.0,25518.0,23901.571428571428,25481.733333333334,21234600.0,19937200.0,21895385.714285713,18446.0,22907200.0,
2026-07-20,1485.0,0.0,1.0,1.2246467991473532e-16,-1.0,-0.2944616217868012,-0.9556633054034704,0.0,0,0,53.0,53.0,26.9,28.1,26.0,15.1,91.0,11.2,1,0,1,992.0,18446.0,19417.0,22473.0,15525.0,17085.0,18183.0,18629.428571428572,17970.285714285714,18829.166666666668,2271.6380181960044,1967.610787895872,2921.0,-199.7380952380954,22907200.0,20467800.0,22638500.0,23015035.714285713,23211235.0,1241.8518920091076,1241.600387652361,23855.0,24052.0,21789.0,25086.0,24194.571428571428,25306.333333333332,21995600.0,20623300.0,22189442.85714286,16534.0,21820250.0,
2026-07-21,1486.0,0.7818314824680298,0.6234898018587336,1.2246467991473532e-16,-1.0,-0.3108569682435036,-0.9504567035349151,0.0,0,0,54.0,54.0,27.5,31.1,25.8,6.8,86.0,13.6,1,0,1,993.0,16534.0,18446.0,19417.0,16753.0,16726.0,17717.0,18773.571428571428,17930.928571428572,18713.6,2064.3780223221647,1997.992105883542,-219.0,59.97142857142899,21820250.0,21890050.0,22035900.0,23208242.85714286,23162751.666666668,1319.7199709689125,1241.7922675630336,21904.0,23855.0,22150.0,24403.0,24211.0,25141.966666666667,20839850.0,20805500.0,22220378.57142857,17719.0,22878100.0,
2026-07-22,1487.0,0.9749279121818236,-0.22252093395631434,1.2246467991473532e-16,-1.0,-0.3271603271220951,-0.9449688462364056,0.0,0,0,55.0,55.0,27.1,30.1,25.0,13.0,88.0,14.7,1,0,1,994.0,17719.0,16534.0,18446.0,17839.0,16019.0,18431.0,18911.571428571428,18001.85714285714,18681.233333333334,1935.0298754920404,2006.2354983184753,-120.0,230.33809523809396,22878100.0,23146650.0,21229400.0,23349392.85714286,23144295.0,1291.1620294599018,1239.5818956854314,22400.0,21904.0,24555.0,23216.0,24246.714285714286,24998.2,21300800.0,23112850.0,22291135.714285713,17845.0,23305850.0,
2026-07-23,1488.0,0.43388373911755823,-0.900968867902419,1.2246467991473532e-16,-1.0,-0.34336687399638804,-0.939201357453208,0.0,0,0,56.0,56.0,27.1,30.3,24.7,10.6,87.0,13.1,1,0,1,995.0,17845.0,17719.0,16534.0,19953.0,18648.0,20771.0,18912.428571428572,18132.285714285714,18669.966666666667,1934.476833422086,2010.0753714353878,-2108.0,242.46190476190532,23305850.0,24059350.0,22978950.0,23372135.714285713,23157361.666666668,1306.0156906696554,1240.794038469348,23525.0,22400.0,25726.0,22538.0,24099.571428571428,24914.4,22276000.0,23024900.0,22171585.714285713,19846.0,24699750.0,
2026-07-24,1489.0,-0.433883739117558,-0.9009688679024191,1.2246467991473532e-16,-1.0,-0.3594718130884232,-0.9331559438780432,1.0,0,0,57.0,57.0,27.6,30.5,25.2,4.0,84.0,11.6,1,0,1,996.0,19846.0,17845.0,17719.0,22473.0,19685.0,23632.0,18897.14285714286,18217.85714285714,18740.933333333334,1925.285037647569,2012.8510220039004,-2627.0,156.2095238095244,24699750.0,26232200.0,24293950.0,23463621.42857143,23216650.0,1244.5706943464677,1246.33254728145,24531.0,23525.0,27235.0,24955.0,23928.85714285714,24842.966666666667,22575550.0,24529350.0,22107392.85714286,22208.0,26200050.0,
2026-07-25,1490.0,-0.9749279121818236,-0.2225209339563146,1.2246467991473532e-16,-1.0,-0.3754703786876202,-0.9268343944460494,1.0,0,0,58.0,58.0,28.7,31.9,25.9,1.1,78.0,13.9,1,0,1,997.0,22208.0,19846.0,17845.0,19417.0,16972.0,20313.0,18859.285714285714,18398.071428571428,18866.833333333332,1844.1494619727464,2108.6396674460466,2791.0,-7.547619047618355,26200050.0,22402000.0,20628400.0,23459028.57142857,23307650.0,1179.757294668588,1248.1155483626658,26396.0,24531.0,24052.0,22063.0,23809.0,24830.166666666668,24326500.0,21234600.0,22078414.285714287,19768.0,23234200.0,
2026-07-26,1491.0,-0.7818314824680299,0.6234898018587334,1.2246467991473532e-16,-1.0,-0.3913578365610259,-0.9202385798054075,0.0,0,0,59.0,59.0,29.0,32.6,26.4,2.1,77.0,16.3,1,0,1,998.0,19768.0,22208.0,19846.0,18446.0,16043.0,18984.0,18909.428571428572,18597.785714285714,18833.4,1866.4779538960734,2085.228782618973,1322.0,76.02857142857101,23234200.0,22907200.0,21041800.0,23577914.285714287,23255466.666666668,1175.343990287333,1251.203080344281,23383.0,26396.0,23855.0,21804.0,23713.428571428572,24669.1,21132200.0,21995600.0,22063785.714285713,18695.0,23143000.0,
2026-07-27,1492.0,0.0,1.0,1.2246467991473532e-16,-1.0,-0.4071294853542516,-0.9133704517637858,0.0,0,0,60.0,60.0,28.0,30.9,25.7,8.2,84.0,21.2,1,0,1,999.0,18695.0,19768.0,22208.0,16534.0,15525.0,18577.0,18945.0,18787.214285714286,18668.833333333332,1858.529705618336,1877.9787388782386,2161.0,276.1666666666679,23143000.0,21820250.0,20467800.0,23611600.0,23126773.333333332,1237.9245787643756,1250.6420355950336,23459.0,23383.0,21904.0,21789.0,23656.85714285714,24477.333333333332,21726500.0,20839850.0,22025342.85714286,18214.0,23531600.0,
2026-07-28,1493.0,0.7818314824680298,0.6234898018587336,1.2246467991473532e-16,-1.0,-0.4227806579826773,-0.9062320427107697,0.0,0,0,61.0,61.0,28.3,31.1,25.8,5.1,82.0,19.4,1,0,1,1000.0,18214.0,18695.0,19768.0,17719.0,16753.0,18517.0,19185.0,18979.285714285714,18598.866666666665,1583.4054018683034,1853.5525021324481,495.0,586.133333333335,23531600.0,22878100.0,21890050.0,23856078.57142857,23143503.333333332,1291.9512462940595,1246.6750749271973,23875.0,23459.0,22400.0,22150.0,23938.428571428572,24399.766666666666,22809850.0,21300800.0,22306771.42857143,18210.0,23556650.0,
2026-07-29,1494.0,0.9749279121818236,-0.22252093395631434,1.2246467991473532e-16,-1.0,-0.4383067230125192,-0.898825465016444,0.0,0,0,62.0,62.0,27.8,30.1,26.1,7.6,87.0,16.0,1,0,1,1001.0,18210.0,18214.0,18695.0,17845.0,17839.0,18497.0,19255.14285714286,19083.35714285714,18573.066666666666,1517.1280355294728,1853.3936242572222,365.0,682.076190476193,23556650.0,23305850.0,23146650.0,23953014.285714287,23148746.666666668,1293.610653487095,1247.0248783596533,24199.0,23875.0,23525.0,24555.0,24195.428571428572,24319.6,23134000.0,22276000.0,22568657.14285714,18402.0,24005950.0,
2026-07-30,1495.0,0.43388373911755823,-0.900968867902419,1.2246467991473532e-16,-1.0,-0.45370308603134424,-0.8911529104063088,0.0,0,0,63.0,63.0,27.0,29.8,25.0,20.1,91.0,13.7,1,1,1,1002.0,18402.0,18210.0,18214.0,19846.0,19953.0,20201.0,19334.714285714286,19123.571428571428,18567.233333333334,1443.669712259096,1853.656194796189,-1444.0,767.4809523809527,24005950.0,24699750.0,24059350.0,24053028.57142857,23164906.666666668,1304.529398978372,1246.8125509751844,23996.0,24199.0,24531.0,25726.0,24262.714285714286,24254.166666666668,22752450.0,22575550.0,22636721.42857143,20143.0,24657950.0,
2026-07-31,1496.0,-0.433883739117558,-0.9009688679024191,1.2246467991473532e-16,-1.0,-0.46896519100763184,-0.8832166493127127,1.0,0,0,64.0,64.0,28.7,32.3,26.8,4.5,83.0,11.3,1,0,1,1003.0,20143.0,18402.0,18210.0,22208.0,22473.0,23075.0,19377.14285714286,19137.14285714286,18621.433333333334,1465.4012452304053,1875.7764862683725,-2065.0,755.7095238095244,24657950.0,26200050.0,26232200.0,24047057.14285714,23197961.666666668,1224.144864220821,1243.8945752429493,24450.0,23996.0,26396.0,27235.0,24251.14285714286,24210.733333333334,22702650.0,24326500.0,22654878.57142857,23506.0,27118850.0,
2026-08-01,1497.0,-0.9749279121818236,-0.2225209339563146,-0.4999999999999997,-0.8660254037844388,-0.48408852163897587,-0.8750190302029955,1.0,0,0,65.0,65.0,28.4,31.8,26.6,10.1,86.0,10.7,1,0,1,1004.0,23506.0,20143.0,18402.0,19768.0,19417.0,19639.0,19562.571428571428,19210.928571428572,18788.4,1900.7642197407308,2076.5086513932183,3738.0,774.1714285714261,27118850.0,23234200.0,22402000.0,24178314.285714287,23316171.666666668,1153.6990555602824,1240.1719696560485,26358.0,24450.0,23383.0,24052.0,24245.714285714286,24239.866666666665,23859350.0,21132200.0,22588142.85714286,19924.0,23055300.0,
2026-08-02,1498.0,-0.7818314824680299,0.6234898018587334,-0.4999999999999997,-0.8660254037844388,-0.4990686026885319,-0.8665624788845385,0.0,0,0,66.0,66.0,28.5,31.6,26.8,34.3,87.0,10.3,1,1,1,1005.0,19924.0,23506.0,20143.0,18695.0,18446.0,18063.0,19584.85714285714,19247.14285714286,18779.166666666668,1904.4850947669404,2070.6183331579323,1229.0,805.6904761904734,23055300.0,23143000.0,22907200.0,24152757.14285714,23285846.666666668,1157.1622164224052,1237.5745733896304,23740.0,26358.0,23459.0,23855.0,24296.714285714286,24154.166666666668,21051850.0,21726500.0,22576664.285714287,18557.0,22707800.0,
2026-08-03,1499.0,0.0,1.0,-0.4999999999999997,-0.8660254037844388,-0.5139010013093103,-0.8578494977869301,0.0,0,0,67.0,67.0,28.6,32.0,26.4,12.9,87.0,8.4,1,0,1,1006.0,18557.0,19924.0,23506.0,18214.0,16534.0,17085.0,19565.14285714286,19255.071428571428,18628.566666666666,1915.911656676645,1905.084950288735,343.0,936.576190476193,22707800.0,23531600.0,21820250.0,24090585.714285713,23160976.666666668,1223.6783962925042,1235.539404465077,22413.0,23740.0,23875.0,21904.0,24147.285714285714,23954.466666666667,20623400.0,22809850.0,22419078.57142857,18248.0,23121950.0,
2026-08-04,1500.0,0.7818314824680298,0.6234898018587336,-0.4999999999999997,-0.8660254037844388,-0.5285813283559292,-0.8488826652214553,0.0,0,0,68.0,68.0,28.5,31.9,27.0,9.6,88.0,9.0,1,0,1,1007.0,18248.0,18557.0,19924.0,18210.0,17719.0,16726.0,19570.0,19377.5,18582.2,1911.9544101953989,1896.5528693414894,38.0,987.7999999999993,23121950.0,23556650.0,22878100.0,24032064.285714287,23178208.333333332,1267.0950241122314,1231.9885155819588,23263.0,22413.0,24199.0,22400.0,24059.85714285714,23894.566666666666,22001700.0,23134000.0,22303628.57142857,19881.0,24381900.0,
2026-08-05,1501.0,0.9749279121818236,-0.22252093395631434,-0.4999999999999997,-0.8660254037844388,-0.5431052396834317,-0.8396646346181327,0.0,1,0,69.0,69.0,27.7,31.2,26.5,21.2,89.0,7.1,1,1,1,1008.0,19881.0,18248.0,18557.0,18402.0,17845.0,16019.0,19808.714285714286,19531.928571428572,18642.8,1815.7481207739559,1908.398975129782,1479.0,1165.914285714287,24381900.0,24005950.0,23305850.0,24149957.14285714,23245710.0,1226.392032593934,1222.3858554543642,25873.0,23263.0,23996.0,23525.0,24299.0,23906.4,22996300.0,22752450.0,22283957.14285714,22323.0,27335350.0,July Mass Uprising Day
2026-08-06,1502.0,0.43388373911755823,-0.900968867902419,-0.4999999999999997,-0.8660254037844388,-0.5574684374327892,-0.8301981337405212,0.0,0,0,70.0,70.0,27.2,29.6,26.0,10.4,91.0,6.9,1,0,1,1009.0,22323.0,19881.0,18248.0,20143.0,19846.0,18648.0,20368.85714285714,19851.785714285714,18817.4,1911.7232565208271,1998.4493057335096,2180.0,1551.4571428571398,27335350.0,24657950.0,24699750.0,24625585.714285713,23402271.666666668,1224.5374725619317,1210.9584373948728,29584.0,25873.0,24450.0,24531.0,25097.285714285714,24056.333333333332,26494700.0,22702650.0,22818564.285714287,18704.0,21809550.0,
2026-08-07,1503.0,-0.433883739117558,-0.9009688679024191,-0.4999999999999997,-0.8660254037844388,-0.5716666713027052,-0.8204859638785327,1.0,0,0,71.0,71.0,27.3,29.8,25.9,9.0,89.0,12.1,1,0,1,1010.0,18704.0,22323.0,19881.0,23506.0,22208.0,19685.0,20163.285714285714,19770.214285714286,18883.333333333332,2014.656109139739,1959.3161955191224,-4802.0,1279.9523809523816,21809550.0,27118850.0,26200050.0,24218671.42857143,23394726.666666668,1166.0366766467066,1202.6572677414279,23251.0,29584.0,26358.0,26396.0,24926.0,24017.933333333334,20110200.0,23859350.0,22448214.285714287,24217.0,27480050.0,
2026-08-08,1504.0,-0.9749279121818236,-0.2225209339563146,-0.4999999999999997,-0.8660254037844388,-0.5856957398073508,-0.8105309990194823,1.0,0,0,72.0,72.0,28.3,31.0,25.8,7.4,85.0,13.3,1,0,1,1011.0,24217.0,18704.0,22323.0,19924.0,19768.0,16972.0,20264.85714285714,19913.714285714286,19156.6,2218.846504272574,2111.806166000838,4293.0,1108.2571428571428,27480050.0,23055300.0,23234200.0,24270271.42857143,23603081.666666668,1134.7421233018129,1199.9491345616466,28587.0,23251.0,23740.0,23383.0,25244.428571428572,24196.966666666667,24832950.0,21051850.0,22587300.0,21668.0,24594750.0,
2026-08-09,1505.0,-0.7818314824680299,0.6234898018587334,-0.4999999999999997,-0.8660254037844388,-0.5995514915196489,-0.8003361849976323,0.0,0,0,73.0,73.0,28.9,31.2,26.4,3.1,82.0,9.7,1,0,1,1012.0,21668.0,24217.0,18704.0,18557.0,18695.0,16043.0,20514.0,20049.428571428572,19257.266666666666,2271.482628886272,2158.1958930190312,3111.0,1256.7333333333336,24594750.0,22707800.0,23143000.0,24490192.85714286,23656941.666666668,1135.0724570795644,1196.7934546555264,27428.0,28587.0,22413.0,23459.0,25771.285714285714,24359.966666666667,23405100.0,20623400.0,22923478.57142857,19428.0,23725250.0,
2026-08-10,1506.0,0.0,1.0,-0.4999999999999997,-0.8660254037844388,-0.6132298262997502,-0.7899045386224707,0.0,0,0,74.0,74.0,29.6,32.9,26.6,11.5,80.0,7.1,1,0,1,1013.0,19428.0,21668.0,24217.0,18248.0,18214.0,15525.0,20638.428571428572,20101.785714285714,19248.7,2167.9087355589977,2156.949220862616,1180.0,1389.7285714285717,23725250.0,23121950.0,23531600.0,24635542.85714286,23637985.0,1221.188490837966,1196.437753876307,24387.0,27428.0,23263.0,23875.0,26053.285714285714,24341.033333333333,22371050.0,22001700.0,23173142.85714286,18536.0,23782900.0,
2026-08-11,1507.0,0.7818314824680298,0.6234898018587336,-0.4999999999999997,-0.8660254037844388,-0.6267266965083301,-0.7792391467859886,0.0,0,0,75.0,75.0,29.3,33.2,25.4,8.5,78.0,8.7,1,0,1,1014.0,18536.0,19428.0,21668.0,19881.0,18210.0,16753.0,20679.571428571428,20124.785714285714,19300.833333333332,2117.1198090124713,2118.5837019809687,-1345.0,1378.7380952380954,23782900.0,24381900.0,23556650.0,24729964.285714287,23743135.0,1283.065386275356,1198.7192341853245,24008.0,24387.0,25873.0,24199.0,26159.714285714286,24405.866666666665,22548850.0,22996300.0,23251307.14285714,18639.0,23780200.0,
2026-08-12,1508.0,0.9749279121818236,-0.22252093395631434,-0.4999999999999997,-0.8660254037844388,-0.6400381082043503,-0.7683431655492202,0.0,0,0,76.0,76.0,29.7,33.4,26.8,8.2,79.0,13.9,1,0,1,1015.0,18639.0,18536.0,19428.0,22323.0,18402.0,17839.0,20502.14285714286,20155.428571428572,19387.366666666665,2243.4730091659003,2032.1842755728608,-3684.0,1114.7761904761937,23780200.0,27335350.0,24005950.0,24644007.14285714,23834415.0,1275.8302484038843,1205.7818364438888,23358.0,24008.0,29584.0,23996.0,25800.428571428572,24457.666666666668,21914450.0,26494700.0,23096757.14285714,19049.0,24216500.0,
2026-08-13,1509.0,0.43388373911755823,-0.900968867902419,-0.4999999999999997,-0.8660254037844388,-0.65316012232693,-0.7572198192083127,0.0,0,0,77.0,77.0,28.5,31.4,26.6,7.4,84.0,19.4,1,0,1,1016.0,19049.0,18639.0,18536.0,18704.0,20143.0,19953.0,20034.428571428572,20201.64285714286,19504.833333333332,2139.4638625240864,1898.6935450886892,345.0,529.5952380952403,24216500.0,21809550.0,24657950.0,24198457.14285714,23959371.666666668,1271.2740826290094,1212.4584950248998,23993.0,23358.0,23251.0,24450.0,25001.714285714286,24531.133333333335,22421900.0,20110200.0,22514928.57142857,20535.0,24642600.0,
2026-08-14,1510.0,-0.433883739117558,-0.9009688679024191,-0.4999999999999997,-0.8660254037844388,-0.666088855860977,-0.7458723993404063,1.0,0,0,78.0,78.0,29.4,33.0,26.3,1.4,79.0,15.6,1,0,1,1017.0,20535.0,19049.0,18639.0,24217.0,23506.0,22473.0,20296.0,20229.64285714286,19630.9,2060.154848548721,1834.139380068422,-3682.0,665.0999999999985,24642600.0,27480050.0,27118850.0,24603178.57142857,24051123.333333332,1200.0292184075968,1217.3145724193128,25156.0,23993.0,28587.0,26358.0,25273.85714285714,24631.333333333332,22804350.0,24832950.0,22899807.14285714,23500.0,26667450.0,
2026-08-15,1511.0,-0.9749279121818236,-0.2225209339563146,-0.4999999999999997,-0.8660254037844388,-0.6788204829862355,-0.734304263829602,1.0,0,0,79.0,79.0,29.5,32.5,26.8,1.9,78.0,15.9,1,0,1,1018.0,23500.0,20535.0,19049.0,21668.0,19924.0,19417.0,20193.571428571428,20229.214285714286,19819.6,1838.6300023966517,1932.0236773020424,1832.0,373.971428571429,26667450.0,24594750.0,23055300.0,24487092.85714286,24168483.333333332,1134.7851063829787,1217.3207128594793,25957.0,25156.0,27428.0,23740.0,24898.14285714286,24678.066666666666,23056650.0,23405100.0,22646050.0,19771.0,22588150.0,
2026-08-16,1512.0,-0.7818314824680299,0.6234898018587334,-0.4999999999999997,-0.8660254037844388,-0.6913512362094071,-0.722518835873311,0.0,0,0,80.0,80.0,28.1,30.6,26.5,7.3,84.0,17.3,1,0,1,1019.0,19771.0,23500.0,20535.0,19428.0,18557.0,18446.0,19922.571428571428,20218.285714285714,19813.533333333333,1721.1382723011661,1931.8760889324758,343.0,109.03809523809468,22588150.0,23725250.0,22707800.0,24200435.714285713,24119443.333333332,1142.4889990389966,1218.380218853684,23391.0,25957.0,24387.0,22413.0,24321.428571428572,24600.233333333334,20610250.0,22371050.0,22246785.714285713,19112.0,23548650.0,
2026-08-17,1513.0,0.0,1.0,-0.4999999999999997,-0.8660254037844388,-0.7036774074790128,-0.7105196029692745,0.0,0,0,81.0,81.0,27.3,29.9,25.8,22.6,90.0,19.4,1,1,1,1020.0,19112.0,19771.0,23500.0,18536.0,18248.0,16534.0,19877.428571428572,20257.928571428572,19701.5,1740.3094415591306,1868.7544579581515,576.0,175.92857142857247,23548650.0,23782900.0,23121950.0,24175207.14285714,24029991.666666668,1232.1394935119297,1219.9446478071075,23127.0,23391.0,24008.0,23263.0,24141.428571428572,24463.3,21174900.0,22548850.0,22075907.14285714,17836.0,22922500.0,
2026-08-18,1514.0,0.7818314824680298,0.6234898018587336,-0.4999999999999997,-0.8660254037844388,-0.7157953492826642,-0.6983101158835584,0.0,0,0,82.0,82.0,28.7,31.6,25.9,2.6,82.0,16.6,1,0,1,1021.0,17836.0,19112.0,19771.0,18639.0,19881.0,17719.0,19777.428571428572,20228.5,19648.8,1847.0725357656845,1899.1003750416387,-803.0,128.6285714285732,22922500.0,23780200.0,24381900.0,24052292.85714286,24047341.666666668,1285.1816550796143,1220.2469719220014,22756.0,23127.0,23358.0,25873.0,23962.571428571428,24420.1,21565950.0,21914450.0,21935492.85714286,18082.0,23521150.0,
2026-08-19,1515.0,0.9749279121818236,-0.22252093395631434,-0.4999999999999997,-0.8660254037844388,-0.7277014757264236,-0.6858939875998223,0.0,0,0,83.0,83.0,29.2,32.2,26.8,2.7,81.0,11.3,1,0,1,1022.0,18082.0,17836.0,19112.0,19049.0,22323.0,17845.0,19697.85714285714,20100.0,19636.666666666668,1915.0369385965948,1908.1910793740844,-967.0,61.19047619047342,23521150.0,24216500.0,27335350.0,24015285.714285713,24067806.666666668,1300.8046676252627,1223.8147460964842,23237.0,22756.0,23993.0,29584.0,23945.285714285714,24399.5,21961200.0,22421900.0,21942171.42857143,18202.0,23541700.0,
2026-08-20,1516.0,0.43388373911755823,-0.900968867902419,-0.4999999999999997,-0.8660254037844388,-0.7393922635959241,-0.673274892250183,0.0,0,0,84.0,84.0,29.8,33.0,27.1,1.7,79.0,8.1,1,0,1,1023.0,18202.0,18082.0,17836.0,20535.0,18704.0,19846.0,19576.85714285714,19805.64285714286,19692.266666666666,1988.2272194569325,1837.6670917852393,-2333.0,-115.40952380952513,23541700.0,24642600.0,21809550.0,23918885.714285713,24125188.333333332,1293.357872761235,1226.9695732582306,22807.0,23237.0,25156.0,23251.0,23775.85714285714,24429.6,21758450.0,22804350.0,21847392.85714286,20247.0,24441800.0,
2026-08-21,1517.0,-0.433883739117558,-0.9009688679024191,-0.4999999999999997,-0.8660254037844388,-0.7508642533989489,-0.6604565640279754,1.0,0,0,85.0,85.0,30.3,33.6,27.6,3.5,80.0,5.9,1,0,1,1024.0,20247.0,18202.0,18082.0,23500.0,24217.0,22208.0,19535.714285714286,19915.85714285714,19776.533333333333,1967.9722825184513,1801.670790344935,-3253.0,-240.81904761904661,24441800.0,26667450.0,27480050.0,23890200.0,24177311.666666668,1207.1813108114782,1227.9913007444993,24896.0,22807.0,25957.0,28587.0,23738.714285714286,24512.8,22476650.0,23056650.0,21800578.57142857,23128.0,26356700.0,
2026-08-22,1518.0,-0.9749279121818236,-0.2225209339563146,-0.4999999999999997,-0.8660254037844388,-0.7621140503891487,-0.6474427960827475,1.0,0,0,86.0,86.0,30.1,33.3,26.6,6.7,81.0,8.0,1,0,1,1025.0,23128.0,20247.0,18202.0,19771.0,21668.0,19768.0,19482.571428571428,19838.071428571428,19952.633333333335,1844.2105679793206,1863.4939649679038,3357.0,-470.0619047619075,26356700.0,22588150.0,24594750.0,23845807.14285714,24279006.666666668,1139.601349014182,1228.6793354060999,25606.0,24896.0,23391.0,27428.0,23688.571428571428,24582.166666666668,23000000.0,20610250.0,21792485.714285713,19711.0,22480550.0,
2026-08-23,1519.0,-0.7818314824680299,0.6234898018587334,-0.4999999999999997,-0.8660254037844388,-0.7731383255706026,-0.6342374393978054,0.0,0,0,87.0,87.0,29.5,32.8,26.7,11.3,80.0,16.1,1,0,1,1026.0,19711.0,23128.0,20247.0,19112.0,19428.0,18695.0,19474.0,19698.285714285714,19948.133333333335,1842.785482179715,1863.9232952499003,599.0,-474.13333333333503,22480550.0,23548650.0,23725250.0,23830435.714285713,24205033.333333332,1140.507838262899,1228.396312438086,22862.0,25606.0,23127.0,24387.0,23613.0,24526.533333333333,20119400.0,21174900.0,21722364.285714287,18655.0,23151350.0,
2026-08-24,1520.0,0.0,1.0,-0.4999999999999997,-0.8660254037844388,-0.7839338166829201,-0.620844401650647,0.0,0,0,88.0,88.0,28.9,32.1,27.2,9.6,82.0,19.9,1,0,1,1027.0,18655.0,19711.0,23128.0,17836.0,18536.0,18214.0,19408.714285714286,19643.071428571428,19829.7,1865.7005578140288,1827.910945352225,819.0,-420.9857142857145,23151350.0,22922500.0,23782900.0,23773678.57142857,24103410.0,1241.0265344411687,1229.6658897136915,23081.0,22862.0,22756.0,24008.0,23606.428571428572,24416.033333333333,21270150.0,21565950.0,21735971.42857143,18273.0,23573950.0,
