Date,Traffic_East,Traffic_West,Cash_East,Cash_West,Total_Traffic,Total_Cash
01/07/2022,"11,818","11,149","1,11,02,050.00","1,06,36,400.00","22,967","2,17,38,450.00"
02/07/2022,"10,893","10,954","1,04,57,900.00","1,02,98,950.00","21,847","2,07,56,850.00"
03/07/2022,"11,412","11,604","1,10,05,850.00","1,13,91,650.00","23,016","2,23,97,500.00"
04/07/2022,"11,959","12,771","1,13,55,650.00","1,26,24,150.00","24,730","2,39,79,800.00"
05/07/2022,"14,239","13,419","1,31,51,900.00","1,32,17,500.00","27,658","2,63,69,400.00"
06/07/2022,"18,924","15,483","1,25,14,300.00","1,47,18,750.00","34,407","2,72,33,050.00"
07/07/2022,"25,113","18,482","1,73,89,900.00","1,60,17,800.00","43,595","3,34,07,700.00"
08/07/2022,"29,072","12,878","2,05,86,500.00","1,03,19,550.00","41,817","3,09,06,050.00"
09/07/2022,"24,435","10,503","1,94,45,500.00","81,39,450.00","34,934","2,75,84,950.00"
10/07/2022,"6,420","9,760","41,67,350.00","73,29,450.00","16,180","1,14,96,800.00"
11/07/2022,"9,806","7,978","60,75,900.00","48,60,550.00","17,784","1,09,36,450.00"
12/07/2022,"8,566","10,663","57,68,200.00","63,15,000.00","19,229","1,20,83,200.00"
13/07/2022,"9,151","12,229","69,32,550.00","80,71,000.00","21,380","1,50,03,550.00"
14/07/2022,"11,932","16,018","96,33,300.00","1,12,95,850.00","27,950","2,09,29,150.00"
15/07/2022,"13,734","24,693","1,14,25,850.00","1,67,30,600.00","38,427","2,81,56,450.00"
16/07/2022,"14,554","22,668","1,22,04,500.00","1,53,27,950.00","37,222","2,75,32,450.00"
17/07/2022,"13,476","16,521","1,20,11,850.00","1,31,09,750.00","29,997","2,51,21,600.00"
18/07/2022,"11,524","13,443","1,07,00,900.00","1,17,92,000.00","24,967","2,24,92,900.00"
19/07/2022,"11,504","12,144","1,09,32,800.00","1,09,82,100.00","23,648","2,19,14,900.00"
20/07/2022,"10,671","11,385","1,01,70,850.00","1,06,52,650.00","22,056","2,08,23,500.00"
21/07/2022,"10,605","10,820","98,90,550.00","1,00,34,450.00","21,425","1,99,25,000.00"
22/07/2022,"11,707","11,340","1,08,25,050.00","1,01,53,400.00","23,047","2,09,78,450.00"
23/07/2022,"9,693","10,322","89,95,500.00","90,59,800.00","20,015","1,80,55,300.00"
24/07/2022,"9,762","9,839","93,11,800.00","93,74,500.00","19,601","1,86,86,300.00"
25/07/2022,"10,223","10,605","97,97,700.00","1,00,52,700.00","20,828","1,98,50,400.00"
26/07/2022,"10,138","10,796","97,48,300.00","1,03.82,050.00","20,934","2,01,30,350.00"
27/07/2022,"10,214","10,656","1,00,28,500.00","1,03,10,500.00","20,870","2,03,39,000.00"
28/07/2022,"10,332","10,251","95,60,950.00","98,67,400.00","20,583","1,94,28,350.00"
29/07/2022,"10,823","10,473","1,01,29,200.00","97,23,550.00","21,296","1,98,52,750.00"
30/07/2022,"8,996","9,685","84,34,600.00","85,19,250.00","18,681","1,69,53,850.00"
31/07/2022,"9,589","9,421","92,72,150.00","88,75,350.00","19,010","1,81,47,500.00"
01/08/2022,"9,165","8,884","89,41,500.00","86,46,650.00","18,049","1,75,88,150.00"
02/08/2022,"9,210","9,726","89,52,900.00","95,00,500.00","18,936","1,84,53,400.00"
03/08/2022,"9,098","9,746","87,61,400.00","95,08,250.00","18,844","1,82,69,650.00"
04/08/2022,"10,371","9,864","92,74,600.00","94,18,150.00","20,235","1,86,92,750.00"
05/08/2022,"10,492","10,265","95,62,800.00","95,08,800.00","20,757","1,90,71,600.00"
06/08/2022,"8,249","8,822","77,82,900.00","76,61,650.00","17,071","1,54,44,550.00"
07/08/2022,"8,624","8,970","81,92,800.00","83,06,650.00","17,594","1,64,99,450.00"
08/08/2022,"8,700","9,182","83,84,350.00","90,62,800.00","17,882","1,74,47,150.00"
09/08/2022,"9,502","9,557","91,95,100.00","93,69,450.00","19,059","1,85,64,550.00"
10/08/2022,"9,101","8,956","88,25,100.00","86,43,000.00","18,057","1,74,68,100.00"
11/08/2022,"10,192","9,563","93,60,750.00","93,23,500.00","19,755","1,86,84,250.00"
12/08/2022,"10,821","10,042","1,02,21,950.00","93,92,250.00","20,863","1,96,14,200.00"
13/08/2022,"8,757","9,022","83,70,100.00","81,61,200.00","17,779","1,65,31,300.00"
14/08/2022,"9,013","8,982","85,27,600.00","85,66,750.00","17,995","1,70,94,350.00"
15/08/2022,"9,431","9,305","88,51,100.00","86,59,400.00","18,736","1,75,10,500.00"
16/08/2022,"8,340","9,083","80,25,900.00","85,29,850.00","17,423","1,65,55,750.00"
17/08/2022,"9,850","9,309","89,34,600.00","88,63,200.00","19,159","1,77,97,800.00"
18/08/2022,"10,549","9,347","93,42,500.00","89,39,400.00","19,896","1,82,81,900.00"
19/08/2022,"9,701","9,245","92,14,450.00","82,13,350.00","18,946","1,74,27,800.00"
20/08/2022,"8,401","9,425","77,03,450.00","77,95,200.00","17,826","1,54,98,650.00"
21/08/2022,"8,456","8,775","79,75,250.00","82,06,750.00","17,231","1,61,82,000.00"
22/08/2022,"8,379","9,006","80,68,300.00","88,42,400.00","17,403","1,69,10,700.00"
23/08/2022,"8,521","8,532","82,63,600.00","82,43,800.00","17,053","1,65,07,400.00"
24/08/2022,"8,315","8,836","80,31,200.00","86,57,950.00","17,151","1,66,89,150.00"
25/08/2022,"9,364","9,161","86,71,100.00","87,26,150.00","18,525","1,73,97,250.00"
26/08/2022,"9,890","9,518","92,37,800.00","89,95,450.00","19,408","1,82,33,250.00"
27/08/2022,"7,979","8,550","74,95,550.00","77,17,200.00","16,529","1,52,12,750.00"
28/08/2022,"8,261","8,649","79,09,350.00","82,82,300.00","16,910","1,61,91,650.00"
29/08/2022,"8,495","8,481","82,83,600.00","82,62,600.00","16,976","1,65,46,200.00"
30/08/2022,"8,457","8,704","81,25,200.00","84,31,500.00","17,161","1,65,56,700.00"
31/08/2022,"8,648","8,804","83,65,550.00","86,22,000.00","17,452","1,69,87,550.00"
01/09/2022,"9,482","8,882","85,60,300.00","83,88,650.00","18,364","1,69,48,950.00"
02/09/2022,"9,452","9,167","86,13,650.00","86,59,550.00","18,619","1,72,73,200.00"
03/09/2022,"7,424","8,460","67,83,250.00","74,13,700.00","15,884","1,41,96,950.00"
04/09/2022,"8,009","8,776","74,94,050.00","81,49,350.00","16,785","1,56,43,400.00"
05/09/2022,"8,329","8,747","80,23,400.00","85,13,850.00","17,076","1,65,37,250.00"
06/09/2022,"8,434","8,576","81,53,800.00","83,40,700.00","17,010","1,64,94,500.00"
07/09/2022,"8,513","8,764","80,02,700.00","84,31,600.00","17,277","1,64,34,300.00"
08/09/2022,"9,246","9,011","80,82,900.00","84,30,600.00","18,257","1,65,13,500.00"
09/09/2022,"10,165","9,513","92,86,500.00","87,04,150.00","19,678","1,79,90,650.00"
10/09/2022,"8,050","8,942","72,66,800.00","79,16,050.00","16,992","1,51,82,850.00"
11/09/2022,"8,524","8,880","79,46,000.00","81,77,050.00","17,404","1,61,23,050.00"
12/09/2022,"8,762","8,533","83,18,250.00","81,55,800.00","17,295","1,64,74,050.00"
13/09/2022,"8,137","7,455","79,27,650.00","71,85,450.00","15,592","1,51,13,100.00"
14/09/2022,"7,632","7,887","72,88,700.00","75,82,850.00","15,519","1,48,71,550.00"
15/09/2022,"8,451","8,242","74,87,450.00","76,17,700.00","16,693","1,51,05,150.00"
16/09/2022,"9,713","9,063","89,19,750.00","82,85,950.00","18,776","1,72,05,700.00"
17/09/2022,"7,516","8,677","68,23,200.00","76,55,150.00","16,193","1,44,78,350.00"
18/09/2022,"8,207","8,704","76,27,050.00","80,31,300.00","16,911","1,56,58,350.00"
19/09/2022,"8,828","8,564","84,77,350.00","81,22,850.00","17,392","1,66,00,200.00"
20/09/2022,"9,093","8,615","88,44,000.00","81,49,550.00","17,708","1,69,93,550.00"
21/09/2022,"8,838","8,749","84,91,300.00","84,48,200.00","17,587","1,69,39,500.00"
22/09/2022,"9,504","8,855","87,13,800.00","83,64,000.00","18,359","1,70,77,800.00"
23/09/2022,"10,373","9,284","96,29,800.00","86,07,200.00","19,657","1,82,37,000.00"
24/09/2022,"7,941","8,986","72,31,800.00","78,75,550.00","16,927","1,51,07,350.00"
25/09/2022,"8,599","8,439","81,96,700.00","78,26,550.00","17,038","1,60,23,250.00"
26/09/2022,"8,721","8,633","83,62,350.00","86,33,150.00","17,542","1,69,95,500.00"
27/09/2022,"8,728","8,483","85,11,900.00","80,76,950.00","17,211","1,65,88,850.00"
28/09/2022,"8,894","8,589","86,93,700.00","83,34,100.00","17,483","1,70,27,800.00"
29/09/2022,"9,345","8,775","86,06,550.00","83,29,600.00","18,120","1,69,36,150.00"
30/09/2022,"10,722","9,616","94,90,750.00","87,86,900.00","20,338","1,82,77,650.00"
01/10/2022,"8,461","8,852","74,05,600.00","77,51,250.00","17,313","1,51,56,850.00"
02/10/2022,"8,645","8,755","77,04,250.00","80,57,200.00","17,400","1,57,61,450.00"
03/10/2022,"8,832","8,077","80,60,650.00","75,62,250.00","16,909","1,56,22,900.00"
04/10/2022,"9,495","9,007","83,72,400.00","83,43,500.00","18,502","1,67,15,900.00"
05/10/2022,"9,642","8,448","84,03,950.00","77,01,950.00","18,090","1,61,05,900.00"
06/10/2022,"9,675","8,689","80,05,000.00","76,27,600.00","18,364","1,56,32,600.00"
07/10/2022,"10,317","9,680","88,31,750.00","82,68,850.00","19,997","1,71,00,600.00"
08/10/2022,"8,510","9,490","75,02,550.00","79,08,050.00","18,000","1,54,10,600.00"
09/10/2022,"9,444","11,536","84,58,250.00","89,45,300.00","20,980","1,74,03,550.00"
10/10/2022,"8,557","9,526","76,53,000.00","82,71,550.00","18,083","1,59,24,550.00"
11/10/2022,"9,514","9,171","89,90,600.00","84,97,650.00","18,685","1,74,88,250.00"
12/10/2022,"8,841","9,229","84,03,300.00","87,27,500.00","18,070","1,71,30,800.00"
13/10/2022,"9,490","8,866","86,46,250.00","83,09,500.00","18,356","1,69,55,750.00"
14/10/2022,"10,194","10,043","92,43,550.00","92,87,150.00","20,237","1,85,30,700.00"
15/10/2022,"8,779","8,902","83,42,450.00","78,80,600.00","17,681","1,62,23,050.00"
16/10/2022,"8,960","8,955","84,95,650.00","83,65,100.00","17,915","1,68,60,750.00"
17/10/2022,"9,022","8,916","86,60,850.00","85,48,250.00","17,938","1,72,09,100.00"
18/10/2022,"8,923","9,105","86,34,450.00","87,77,350.00","18,028","1,74,11,800.00"
19/10/2022,"9,092","9,193","88,68,250.00","88,78,400.00","18,285","1,77,46,650.00"
20/10/2022,"9,662","9,342","85,54,200.00","88,41,150.00","19,004","1,73,95,350.00"
21/10/2022,"10,726","9,679","97,74,900.00","88,95,200.00","20,405","1,86,70,100.00"
22/10/2022,"8,298","8,969","76,78,950.00","77,54,700.00","17,267","1,54,33,950.00"
23/10/2022,"8,591","9,093","81,38,400.00","84,82,550.00","17,684","1,66,20,950.00"
24/10/2022,"7,823","7,707","77,55,300.00","76,59,700.00","15,530","1,54,15,000.00"
25/10/2022,7.004,"7,248","68,51,850.00","71,47,700.00","14,252","1,39,99,550.00"
26/10/2022,"8,860","8,332","86,66,000.00","80,52,750.00","17,192","1,67,18,750.00"
27/10/2022,"9,598","9,002","88,05,800.00","85,03,700.00","18,600","1,73,09,500.00"
28/10/2022,"10,295","9,785","94,66,550.00","90,87,050.00","20,080","1,85,53,600.00"
29/10/2022,"8,217","8,527","77,10,400.00","74,83,000.00","16,744","1,51,93,400.00"
30/10/2022,"8,676","8,883","82,09,200.00","83,26,450.00","17,559","1,65,35,650.00"
31/10/2022,"9,011","9,148","86,50,900.00","88,89,550.00","18,159","1,75,40,450.00"
01/11/2022,"9,482","9,329","91,00,200.00","90,62,450.00","18,811","1,81,62,650.00"
02/11/2022,"9,112","9,207","88,65,000.00","89,81,250.00","18,319","1,78,46,250.00"
03/11/2022,"10,127","9,689","90,45,550.00","90,86,550.00","19,816","1,81,32,100.00"
04/11/2022,"10,529","9,861","96,98,650.00","92,45,200.00","20,390","1,89,43,850.00"
05/11/2022,"8,626","9,262","80,00,800.00","79,65,950.00","17,888","1,94,28,350.00"
06/11/2022,"8,799","9,502","83,22,400.00","88,80,350.00","18,301","1,72,02,750.00"
07/11/2022,"9,172","9,167","89,28,000.00","88,70,000.00","18,339","1,77,98,000.00"
08/11/2022,"9,466","9,301","91,04,750.00","90,14,350.00","18,767","1,81,19,100.00"
09/11/2022,"9,503","9,435","90.65,950.00","92,76,450.00","18,938","1,83,42,400.00"
10/11/2022,"10,354","9,465","94,18,550.00","89,92,150.00","19,819","1,84,10,700.00"
11/11/2022,"11,228","10,540","1,03,43,650.00","97,42,800.00","21,768","2,00,86,450.00"
12/11/2022,"8,884","9,542","84,56,750.00","84,47,400.00","18,426","1,69,04,150.00"
13/11/2022,"9,125","9,482","88,08,500.00","89,14,150.00","18,607","1,77,22,650.00"
14/11/2022,"9,379","9,591","90,39,900.00","92,83,300.00","18,970","1,83,23,200.00"
15/11/2022,"9,522","9,300","93,37,950.00","91,04,950.00","18,822","1,84,42,900.00"
16/11/2022,"9,439","9,357","91,49,600.00","91,42,600.00","18,796","1,82,92,200.00"
17/11/2022,"10,105","9,365","91,12,000.00","89,13,700.00","19,470","1,80,25,700.00"
18/11/2022,"10,824","10,030","1,01,21,800.00","94,11,150.00","20,854","1,95,32,950.00"
19/11/2022,"8,554","9,178","80,85,750.00","80,46,500.00","17,732","1,61,32,250.00"
20/11/2022,"9,053","9,266","87,12,600.00","87,50,850.00","18,319","1,74,63,450.00"
21/11/2022,"9,160","9,166","89,18,450.00","88,69,900.00","18,326","1,77,88,350.00"
22/11/2022,"9,276","9,266","91,74,800.00","91,35,100.00","18,542","1,83,09,900.00"
23/11/2022,"8,834","8,915","87,47,150.00","87,89,750.00","17,749","1,75,36,900.00"
24/11/2022,"9,653","8,878","90,27,300.00","85,99,050.00","18,531","1,76,26,350.00"
25/11/2022,"10,348","9,385","97,27,450.00","88,21,450.00","19,733","1,85,48,900.00"
26/11/2022,"8,038","8,305","74,90,150.00","73,33,300.00","16,343","1,48,23,450.00"
27/11/2022,"8,164","8,812","78,22,900.00","83,16,300.00","16,976","1,61,39,200.00"
28/11/2022,"8,595","8,675","83,41,700.00","83,99,850.00","17,270","1,67,41,550.00"
29/11/2022,"8,787","8,864","87,09,150.00","86,64,500.00","17,651","1,73,73,650.00"
30/11/2022,"8,487","8,450","82,71,400.00","83,12,150.00","16,937","1,65,83,550.00"
01/12/2022,"9,578","8,907","83,69,500.00","83,03,450.00","18,485","1,66,72,950.00"
02/12/2022,"9,520","8,971","85,10,950.00","81,13,050.00","18,491","1,66,24,000.00"
03/12/2022,"7,198","8,347","63,77,750.00","70,89,050.00","15,545","1,34,66,800.00"
04/12/2022,"8,378","9,065","78,21,200.00","83,48,150.00","17,443","1,61,69,350.00"
05/12/2022,"8,687","8,829","82,32,250.00","84,81,500.00","17,516","1,67,13,750.00"
06/12/2022,"9,248","9,034","90,27,200.00","86,51,100.00","18,282","1,76,78,300.00"
07/12/2022,"8,895","8,865","85,63,600.00","86,21,300.00","17,760","1,71,84,900.00"
08/12/2022,"9,699","8,448","86,41,950.00","79,88,450.00","18,147","1,66,30,400.00"
09/12/2022,"9,139","7,477","86,01,700.00","71,21,800.00","16,616","1,57,23,500.00"
10/12/2022,"5,401","6,104","50,13,100.00","54,53,700.00","11,505","1,04,66,800.00"
11/12/2022,"6,945","8,498","64,07,750.00","78,58,800.00","15,443","1,42,66,550.00"
12/12/2022,"8,834","9,173","83,82,950.00","86,96,100.00","18,007","1,70,79,050.00"
13/12/2022,"9,777","9,460","93,21,350.00","90,30,100.00","19,237","1,83,51,450.00"
14/12/2022,"9,554","9,417","91,45,550.00","90,59,050.00","18,971","1,82,04,600.00"
15/12/2022,"10,907","9,824","94,71,800.00","91,53,650.00","20,731","1,86,25,450.00"
16/12/2022,"11,997","10,002","1,07,39,400.00","89,73,550.00","21,999","1,97,12,950.00"
17/12/2022,"8,754","9,732","81,17,000.00","82,82,950.00","18,486","1,63,99,950.00"
18/12/2022,"9,210","9,739","87,15,950.00","90,78,800.00","18,949","1,77,94,750.00"
19/12/2022,"9,290","9,691","88,32,800.00","91,80,750.00","18,981","1,80,13,550.00"
20/12/2022,"10,230","9,577","97,11,750.00","90,53,650.00","19,807","1,87,65,400.00"
21/12/2022,"9,958","9,688","93,36,450.00","92,34,600.00","19,646","1,85,71,050.00"
22/12/2022,"11,972","10,019","1,00,13,400.00","90,93,050.00","21,991","1,91,06,450.00"
23/12/2022,"13,095","11,107","1,13,16,900.00","1,00,33,750.00","24,202","2,13,50,650.00"
24/12/2022,"9,543","9,717","86,34,750.00","85,90,300.00","19,260","1,72,25,050.00"
25/12/2022,"9,799","12,003","89,10,800.00","1,02,24,150.00","21,802","1,91,34,950.00"
26/12/2022,"9,160","10,123","83,19,200.00","89,54,450.00","19,283","1,72,73,650.00"
27/12/2022,"10,022","9,939","94,71,950.00","93,13,550.00","19,961","1,87,85,500.00"
28/12/2022,"9,885","9,325","94,63,650.00","88,16,950.00","19,210","1,82,80,600.00"
29/12/2022,"10,063","9,734","93,80,700.00","91,18,450.00","19,797","1,84,99,150.00"
30/12/2022,"10,616","10,240","97,65,950.00","92,03,800.00","20,856","1,89,69,750.00"
31/12/2022,"9,163","9,708","85,98,550.00","84,52,950.00","18,871","1,70,51,500.00"
01/01/2023,"9,006","9,641","85,62,000.00","89,72,850.00","18,647","1,75,34,850.00"
02/01/2023,"8,996","9,377","86,46,850.00","91,18,400.00","18,373","1,77,65,250.00"
03/01/2023,"9,057","9,620","88,76,450.00","95,19,150.00","18,677","1,83,95,600.00"
04/01/2023,"9,278","9,773","90,81,850.00","96,61,600.00","19,051","1,87,43,450.00"
05/01/2023,"10,006","9,500","91,53,450.00","91,59,050.00","19,506","1,83,12,500.00"
06/01/2023,"10,105","9,925","95,47,600.00","93,66,000.00","20,030","1,89,13,600.00"
07/01/2023,"8,410","9,213","78,33,350.00","82,24,200.00","17,623","1,60,57,550.00"
08/01/2023,"8,573","9,275","82,63,600.00","88,79,400.00","17,848","1,71,43,000.00"
09/01/2023,"9,249","9,326","90,58,700.00","91,60,100.00","18,575","1,82,18,800.00"
10/01/2023,"9,609","9,831","95,11,850.00","97,39,400.00","19,440","1,92,51,250.00"
11/01/2023,"9,697","9,705","93,26,100.00","94,61,750.00","19,402","1,87,87,850.00"
12/01/2023,"9,822","9,836","89,85,300.00","94,73,550.00","19,658","1,84,58,850.00"
13/01/2023,"10,821","9,790","1,02,04,850.00","92,69,650.00","20,611","1,94,74,500.00"
14/01/2023,"8,689","9,337","80,63,850.00","83,45,200.00","18,026","1,64,09,050.00"
15/01/2023,"8,883","9,563","83,79,700.00","89,96,600.00","18,446","1,73,76,300.00"
16/01/2023,"10,071","9,409","97,91,150.00","89,99,950.00","19,480","1,87,91,100.00"
17/01/2023,"9,573","9,002","93,18,700.00","86,00,850.00","18,575","1,79,19,550.00"
18/01/2023,"9,626","9,133","95,82,800.00","89,19,100.00","18,759","1,85,01,900.00"
19/01/2023,"10,194","10,196","93,57,250.00","96,27,650.00","20,390","1,89,84,900.00"
20/01/2023,"10,663","9,628","1,00,31,050.00","91,35,300.00","20,361","1,91,66,350.00"
21/01/2023,"8,606","9,201","81,77,900.00","82,25,750.00","17,807","1,64,03,650.00"
22/01/2023,"8,689","9,172","84,44,050.00","88,38,150.00","17,861","1,72,82,200.00"
23/01/2023,"9,476","9,320","93,15,450.00","91,94,400.00","18,796","1,85,09,850.00"
24/01/2023,"9,601","9,433","94,14,550.00","92,03,750.00","19,034","1,86,18,300.00"
25/01/2023,"9,490","9,454","93,09,350.00","93,49,550.00","18,944","1,86,58,900.00"
26/01/2023,"10,662","9,791","98,66,350.00","95,72,450.00","20,453","1,94,38,800.00"
27/01/2023,"10,787","9,804","1,01,43,700.00","91,75,750.00","20,591","1,93,19,450.00"
28/01/2023,"8,956","9,485","84,16,550.00","85,04,600.00","18,441","1,69,21,150.00"
29/01/2023,"8,786","9,318","85,12,450.00","88,13,650.00","18,104","1,73,26,100.00"
30/01/2023,"8,964","9,733","87,45,000.00","94,63,500.00","18,697","1,82,08,500.00"
31/01/2023,"9,489","9,262","93,33,650.00","89,67,050.00","18,751","1,83,00,700.00"
01/02/2023,"9,550","9,379","92,60,100.00","91,83,750.00","18,929","1,84,43,850.00"
02/02/2023,"10,535","9,611","94,57,850.00","91,04,300.00","20,146","1,85,62,150.00"
03/02/2023,"10,522","10,017","95,96,600.00","92,56,650.00","20,539","1,88,53,250.00"
04/02/2023,"8,893","9,569","84,47,850.00","85,10,000.00","18,462","1,69,57,850.00"
05/02/2023,"9,134","10,014","88,28,100.00","93,73,500.00","19,148","1,82,01,600.00"
06/02/2023,"9,260","9,259","90,55,500.00","91,27,300.00","18,519","1,81,82,800.00"
07/02/2023,"9,310","9,901","90,39,400.00","97,80,800.00","19,211","1,88,20,200.00"
08/02/2023,"9,526","9,328","93,44,100.00","91,60,750.00","18,854","1,85,04,850.00"
09/02/2023,"10,381","9,658","94,98,700.00","92,87,350.00","20,039","1,87,86,050.00"
10/02/2023,"11,260","10,442","1,04,27,350.00","96,62,800.00","21,702","2,00,90,150.00"
11/02/2023,"9,041","9,714","83,40,450.00","85,83,250.00","18,755","1,69,23,700.00"
12/02/2023,"9,200","9,966","88,30,200.00","93,56,950.00","19,166","1,81,87,150.00"
13/02/2023,"9,778","9,819","95,97,000.00","96,13,850.00","19,597","1,92,10,850.00"
14/02/2023,"10,069","9,722","97,45,050.00","95,03,150.00","19,791","1,92,48,200.00"
15/02/2023,"9,755","9,629","94,50,700.00","94,62,350.00","19,384","1,89,13,050.00"
16/02/2023,"10,722","9,882","96,76,000.00","93,53,300.00","20,604","1,90,29,300.00"
17/02/2023,"11,270","10,130","1,04,94,400.00","93,45,150.00","21,400","1,98,39,550.00"
18/02/2023,"8,667","9,389","79,68,450.00","82,46,400.00","18,056","1,62,14,850.00"
19/02/2023,"9,498","9,918","90,66,400.00","93,49,000.00","19,416","1,84,15,400.00"
20/02/2023,"9,783","9,961","91,48,700.00","96,95,150.00","19,744","1,88,43,850.00"
21/02/2023,"11,151","10,180","1,05,35,800.00","94,63,000.00","21,331","1,99,98,800.00"
22/02/2023,"8,817","9,467","84,29,000.00","88,76,250.00","18,284","1,73,05,250.00"
23/02/2023,"10,323","9,628","95,22,800.00","90,69,400.00","19,951","1,85,92,200.00"
24/02/2023,"11,113","10,175","1,03,84,750.00","93,95,400.00","21,288","1,97,80,150.00"
25/02/2023,"8,951","9,827","83,27,750.00","86,78,750.00","18,778","1,70,06,500.00"
26/02/2023,"9,054","9,715","87,21,150.00","93,24,500.00","18,769","1,80,45,650.00"
27/02/2023,"9,694","9,515","95,41,800.00","91,39,450.00","19,209","1,86,81,250.00"
28/02/2023,"10,040","9,585","98,50,500.00","92,84,300.00","19,625","1,91,34,800.00"
01/03/2023,"9,998","9,686","95,42,850.00","93,44,800.00","19,684","1,88,87,650.00"
02/03/2023,"11,230","9,988","1,00,34,400.00","94,13,450.00","21,218","1,94,47,850.00"
03/03/2023,"10,903","11,011","1,01,59,350.00","99,84,050.00","21,914","2,01,43,400.00"
04/03/2023,"8,673","9,960","79,78,900.00","88,07,750.00","18,633","1,67,86,650.00"
05/03/2023,"9,237","9,937","87,71,000.00","93,44,750.00","19,174","1,81,15,750.00"
06/03/2023,"10,336","10,143","1,00,99,100.00","98,55,650.00","20,479","1,99,54,750.00"
07/03/2023,"10,722","9,428","99,47,550.00","91,02,900.00","20,150","1,90,50,450.00"
08/03/2023,"10,848","9,711","1,02,89,250.00","93,33,300.00","20,559","1,96,22,550.00"
09/03/2023,"9,517","9,951","86,44,300.00","92,56,500.00","19,468","1,79,00,800.00"
10/03/2023,"11,409","11,135","1,08,06,350.00","1,02,60,050.00","22,544","2,10,66,400.00"
11/03/2023,"9,745","10,964","93,32,000.00","94,73,550.00","20,709","1,88,05,550.00"
12/03/2023,"9,798","10,337","94,46,800.00","97,86,200.00","20,135","1,92,33,000.00"
13/03/2023,"10,341","10,112","1,03,15,350.00","98,47,500.00","20,453","2,01,62,850.00"
14/03/2023,"10,748","9,944","1,07,30,800.00","98,51,650.00","20,692","2,05,82,450.00"
15/03/2023,"10,513","9,970","1,06,14,150.00","98,83,300.00","20,483","2,04,97,450.00"
16/03/2023,"11,185","10,681","1,05,32,350.00","1,05,71,600.00","21,866","2,11,03,950.00"
17/03/2023,"11,617","10,810","1,10,88,900.00","1,03,49,300.00","22,427","2,14,38,200.00"
18/03/2023,"9,842","10,680","95,71,500.00","99,13,200.00","20,522","1,94,84,700.00"
19/03/2023,"9,965","10,255","98,25,500.00","99,06,350.00","20,220","1,97,31,850.00"
20/03/2023,"10,266","10,305","1,02,49,100.00","1,00,32,350.00","20,571","2,02,81,450.00"
21/03/2023,"11,037","10,297","1,09,52,100.00","99,74,100.00","21,334","2,09,26,200.00"
22/03/2023,"10,240","10,279","99,46,000.00","1,00,28,100.00","20,519","1,99,74,100.00"
23/03/2023,"11,086","10,801","1,04,89,750.00","1,05,19,800.00","21,887","2,10,09,550.00"
24/03/2023,"10,482","8,712","1,05,58,100.00","88,53,650.00","19,194","1,94,11,750.00"
25/03/2023,"8,148","7,917","80,57,250.00","75,63,350.00","16,065","1,56,20,600.00"
26/03/2023,"8,223","9,029","81,16,900.00","85,62,450.00","17,252","1,66,79,350.00"
27/03/2023,"7,683","8,456","7,428,750.00","8,094,100.00","16,139","1,55,22,850.00"
28/03/2023,"8,990","8,231","91,95,250.00","83,43,350.00","17,221","1,75,38,600.00"
29/03/2023,"7,975","8,274","80,19,900.00","83,97,100.00","16,249","1,64,17,000.00"
30/03/2023,"8,794","8,167","87,36,600.00","81,06,400.00","16,961","1,68,43,000.00"
31/03/2023,"9,130","8,147","90,90,100.00","80,97,100.00","17,277","1,71,87,200.00"
01/04/2023,"7,410","7,364","74,06,900.00","69,82,900.00","14,774","1,43,89,800.00"
02/04/2023,"7,809","7,822","76,62,800.00","75,88,000.00","15,631","1,52,50,800.00"
03/04/2023,"8,264","8,260","83,49,950.00","83,61,000.00","16,524","1,67,10,950.00"
04/04/2023,"8,698","8,262","88,54,200.00","82,90,550.00","16,960","1,71,44,750.00"
05/04/2023,"8,462","8,358","86,53,000.00","83,91,500.00","16,820","1,70,44,500.00"
06/04/2023,"9,156","8,592","87,96,800.00","84,40,800.00","17,748","1,72,37,600.00"
07/04/2023,"9,216","8,317","89,07,800.00","81,30,000.00","17,533","1,70,37,800.00"
08/04/2023,"7,719","7,998","73,99,650.00","73,87,850.00","15,717","1,47,87,500.00"
09/04/2023,"8,180","8,404","78,92,900.00","81,07,650.00","16,584","1,60,00,550.00"
10/04/2023,"8,897","8,649","88,09,650.00","84,86,550.00","17,546","1,72,96,200.00"
11/04/2023,"8,984","8,930","88,13,500.00","88,11,600.00","17,914","1,76,25,100.00"
12/04/2023,"9,145","9,093","89,45,800.00","89,84,550.00","18,238","1,79,30,350.00"
13/04/2023,"9,907","9,618","93,85,300.00","93,24,600.00","19,525","1,87,09,900.00"
14/04/2023,"10,737","9,749","1,00,94,700.00","94,63,950.00","20,486","1,95,58,650.00"
15/04/2023,"9,667","9,390","93,19,750.00","87,68,700.00","19,057","18,088,450.00"
16/04/2023,"9,643","9,964","90,20,450.00","95,94,200.00","19,607","1,86,14,650.00"
17/04/2023,"11,558","10,927","1,03,01,600.00","1,06,62,900.00","22,485","2,09,64,500.00"
18/04/2023,"17,256","12,995","1,26,04,950.00","1,18,16,600.00","30,251","2,44,21,550.00"
19/04/2023,"20,820","15,249","1,40,10,100.00","1,31,85,300.00","36,069","2,71,95,400.00"
20/04/2023,"27,358","15,007","1,68,49,750.00","1,20,12,900.00","42,365","2,88,62,650.00"
21/04/2023,"23,262","9,315","1,63,72,000.00","7,005,350.00","32,577","2,33,77,350.00"
22/04/2023,"9,106","6,871","40,56,900.00","30,23,900.00","15,977","70,80,800.00"
23/04/2023,"8,259","8,267","43,80,450.00","44,92,400.00","16,526","88,72,850.00"
24/04/2023,"7,569","10,548","49,50,850.00","58,72,500.00","18,117","1,08,23,350.00"
25/04/2023,"8,451","14,723","60,92,100.00","80,04,000.00","23,174","1,40,96,100.00"
26/04/2023,"9,521","14,117","78,85,900.00","96,46,550.00","23,638","1,75,32,450.00"
27/04/2023,"11,242","14,579","98,14,800.00","1,10,28,650.00","25,821","2,08,43,450.00"
28/04/2023,"13,553","21,555","1,18,37,650.00","1,49,04,950.00","35,108","2,67,42,600.00"
29/04/2023,"11,496","14,926","1,02,27,950.00","1,13,22,250.00","26,422","2,15,50,200.00"
30/04/2023,"10,399","12,687","95,48,350.00","1,06,97,100.00","23,086","2,02,45,450.00"
01/05/2023,"11,843","14,197","1,11,19,900.00","1,16,10,200.00","26,040","2,27,30,100.00"
02/05/2023,"9,702","10,548","91,40,050.00","92,76,850.00","20,250","1,84,16,900.00"
03/05/2023,10.621,"10,528","98,43,350.00","99,05,300.00","21,159","1,97,48,650.00"
04/05/2023,"10,876","10,332","99,36,950.00","96,35,650.00","21,208","1,95,72,600.00"
05/05/2023,"10,643","10,456","1,00,74,200.00","94,25,050.00","21,099","1,94,99,250.00"
06/05/2023,"9,168","10,144","84,30,250.00","86,34,200.00","19,312","1,70,64,450.00"
07/05/2023,"9,156","9,709","86,96,900.00","90,28,150.00","18,865","1,77,25,050.00"
08/05/2023,"9,432","9,277","91,69,850.00","88,78,700.00","18,709","1,80,48,550.00"
09/05/2023,"9,485","9,353","93,23,650.00","90,29,300.00","18,838","1,83,52,950.00"
10/05/2023,"9,484","9,151","91,44,850.00","87,40,450.00","18,635","1,78,85,300.00"
11/05/2023,"9,977","10,041","92,18,150.00","96,72,850.00","20,018","1,88,91,000.00"
12/05/2023,"10,719","9,966","99,80,050.00","91,99,300.00","20,685","1,91,79,350.00"
13/05/2023,"8,976","9,610","84,70,750.00","86,58,600.00","18,586","1,71,29,350.00"
14/05/2023,"9,301","9,361","88,41,650.00","88,44,450.00","18,662","1,76,86,100.00"
15/05/2023,"9,151","9,483","86,48,650.00","92,61,850.00","18,634","1,79,10,500.00"
16/05/2023,"9,473","9,564","91,03,100.00","91,65,750.00","19,037","1,82,68,850.00"
17/05/2023,"9,159","9,605","87,97,100.00","92,42,150.00","18,764","1,80,39,250.00"
18/05/2023,"10,223","9,676","94,28,850.00","90,96,900.00","19,899","1,85,25,750.00"
19/05/2023,"10,987","10,098","1,02,24,100.00","94,16,650.00","21,085","1,96,40,750.00"
20/05/2023,"8,860","10,038","80,65,500.00","89,23,250.00","18,898","1,69,88,750.00"
21/05/2023,"9,155","9,310","86,70,650.00","86,41,200.00","18,465","1,73,11,850.00"
22/05/2023,"9,677","10,159","93,20,800.00","98,59,450.00","19,836","1,91,80,250.00"
23/05/2023,"9,801","9,330","95,75,900.00","90,27,200.00","19,131","1,86,03,100.00"
24/05/2023,"9,581","9,180","90,31,850.00","88,69,550.00","18,761","1,79,01,400.00"
25/05/2023,"10,931","10,078","99,10,700.00","93,83,700.00","21,009","1,92,94,400.00"
26/05/2023,"11,500","10,822","1,05,34,550.00","98,46,000.00","22,322","2,03,80,550.00"
27/05/2023,"9,612","10,604","89,49,650.00","93,58,850.00","20,216","1,83,08,500.00"
28/05/2023,"10,359","10,334","96,45,700.00","97,42,000.00","20,693","1,93,87,700.00"
29/05/2023,"11,051","10,833","1,04,16,250.00","1,02,26,600.00","21,884","2,06,42,850.00"
30/05/2023,"11,141","10,808","1,06,78,550.00","1,01,51,800.00","21,949","2,08,30,350.00"
31/05/2023,"10,830","10,899","1,04,57,300.00","1,03,58,600.00","21,729","2,08,15,900.00"
01/06/2023,"11,762","11,045","1,04,68,400.00","1,03,53,500.00","22,807","2,08,21,900.00"
02/06/2023,"12,089","11,091","1,11,34,000.00","1,01,70,300.00","23,180","2,13,04,300.00"
03/06/2023,"10,030","11,452","92,66,050.00","1,00,40,700.00","21,482","1,93,06,750.00"
04/06/2023,"10,808","10,931","1,02,08,600.00","1,00,83,950.00","21,739","2,02,92,550.00"
05/06/2023,"11,265","10,994","1,07,36,700.00","1,04,45,850.00","22,259","2,11,82,550.00"
06/06/2023,"11,173","11,076","1,07,50,250.00","1,06,81,700.00","22,249","2,14,31,950.00"
07/06/2023,"11,103","10,730","1,07,48,700.00","1,03,14,400.00","21,833","2,10,63,100.00"
08/06/2023,"11,660","11,344","1,06,41,700.00","1,06,85,900.00","23,004","2,13,27,600.00"
09/06/2023,"12,597","11,678","1,18,71,450.00","1,08,97,600.00","24,275","2,27,69,050.00"
10/06/2023,"10,465","11,062","96,42,150.00","97,43,950.00","21,527","1,93,86,100.00"
11/06/2023,"11,189","11,453","1,06,02,000.00","1,07,76,300.00","22,642","2,13,78,300.00"
12/06/2023,"11,058","10,926","1,06,26,950.00","1,06,09,100.00","21,984","2,12,36,050.00"
13/06/2023,"11,120","11,239","1,07,68,700.00","1,08,78,600.00","22,359","2,16,47,300.00"
14/06/2023,"11,168","11,174","1,08,57,150.00","1,07,80,200.00","22,342","2,16,37,350.00"
15/06/2023,"11,901","11,817","1,11,47,050.00","1,12,89,500.00","23,718","2,24,36,550.00"
16/06/2023,"12,921","11,691","1,21,61,900.00","1,10,63,100.00","24,612","2,32,25,000.00"
17/06/2023,"10,081","11,324","94,61,850.00","1,03,32,100.00","21,405","1,97,93,950.00"
18/06/2023,"11,343","11,136","1,08,45,300.00","1,07,03,950.00","22,479","2,15,49,250.00"
19/06/2023,"11,147","11,641","1,07,80,600.00","1,13,97,900.00","22,788","2,21,78,500.00"
20/06/2023,"11,785","11,692","1,14,74,350.00","1,14,19,300.00","23,477","2,28,93,650.00"
21/06/2023,"12,122","12,404","1,17,03,800.00","1,22,85,400.00","24,526","2,39,89,200.00"
22/06/2023,"13,175","13,334","1,24,03,150.00","1,29,34,600.00","26,509","2,53,37,750.00"
23/06/2023,"15,832","14,207","1,42,41,900.00","1,34,26,150.00","30,039","2,76,68,050.00"
24/06/2023,"14,406","13,992","1,29,25,100.00","1,30,49,300.00","28,398","2,59,74,400.00"
25/06/2023,"14,976","14,881","1,26,41,150.00","1,39,48,150.00","29,857","2,65,89,300.00"
26/06/2023,"24,817","17,743","1,66,94,900.00","1,58,56,550.00","42,560","3,25,51,450.00"
27/06/2023,"36,491","18,997","2,06,69,750.00","1,51,70,450.00","55,488","3,58,40,200.00"
28/06/2023,"27,588","10,830","2,00,47,100.00","84,75,450.00","38,418","2,85,22,550.00"
29/06/2023,"7,263","6,928","50,88,600.00","52,37,150.00","14,191","1,03,25,750.00"
30/06/2023,"10,020","7,381","63,73,400.00","48,27,850.00","17,401","1,12,01,250.00"
01/07/2023,"8,472","11,181","57,19,350.00","63,58,150.00","19,653","1,20,77,500.00"
02/07/2023,"8,842","14,024","64,73,350.00","80,97,200.00","22,866","1,45,70,550.00"
03/07/2023,"10,978","18,312","87,09,900.00","11,011,250.00","29,290","1,97,21,150.00"
04/07/2023,"12,870","20,131","1,07,84,750.00","1,35,65,800.00","33,001","2,43,50,550.00"
05/07/2023,"14,036","18,218","1,23,07,050.00","1,42,45,000.00","32,254","2,65,52,050.00"
06/07/2023,"14,700","18,374","1,29,56,100.00","1,48,25,600.00","33,074","2,77,81,700.00"
07/07/2023,"15,401","22,280","1,36,35,100.00","1,67,98,350.00","37,681","3,04,33,450.00"
08/07/2023,"13,804","16,216","1,21,19,700.00","1,27,82,350.00","30,020","2,49,02,050.00"
09/07/2023,"11,734","12,627","1,07,46,300.00","1,08,50,800.00","24,361","2,15,97,100.00"
10/07/2023,"11,565","12,153","1,09,41,550.00","1,11,50,150.00","23,718","2,20,91,700.00"
11/07/2023,"11,319","11,625","10,784,000.00","10,741,250.00","22,944","21,525,250.00"
12/07/2023,"11,180","11,281","10,670,500.00","10,601,000.00","22,461","21,271,500.00"
13/07/2023,"11,722","11,802","10,685,750.00","10,851,400.00","23,524","21,537,150.00"
14/07/2023,"12,505","11,884","11,390,550.00","10,721,300.00","24,389","22,111,850.00"
15/07/2023,"10,705","11,263","9,838,000.00","9,807,700.00","21,968","19,645,700.00"
16/07/2023,"10,783","11,315","10,194,750.00","10,472,050.00","22,098","20,666,800.00"
17/07/2023,"10,721","11,098","10,287,350.00","10,538,050.00","21,819","20,825,400.00"
18/07/2023,"10,688","10,709","10,309,600.00","10,173,050.00","21,397","20,482,650.00"
19/07/2023,"10,463","10,727","10,146,450.00","10,298,150.00","21,190","20,444,600.00"
20/07/2023,"11,148","10,563","10,119,850.00","9,856,250.00","21,711","19,976,100.00"
21/07/2023,"11,525","11,110","10,533,100.00","10,181,200.00","22,635","20,714,300.00"
22/07/2023,"9,699","10,144","8,908,950.00","8,891,650.00","19,843","17,800,600.00"
23/07/2023,"9,796","10,165","9,152,600.00","9,483,450.00","19,961","18,636,050.00"
24/07/2023,"9,905","10,170","9,374,800.00","9,629,500.00","20,075","19,004,300.00"
25/07/2023,"10,240","9,961","9,788,350.00","9,419,900.00","20,201","19,208,250.00"
26/07/2023,"10,116","10,331","9,643,150.00","9,798,650.00","20,447","19,441,800.00"
27/07/2023,"10,963","10,040","9,849,150.00","9,350,750.00","21,003","19,199,900.00"
28/07/2023,"11,038","10,132","10,028,900.00","9,232,050.00","21,170","19,260,950.00"
29/07/2023,"9,175","9,812","8,359,700.00","8,433,700.00","18,987","16,793,400.00"
30/07/2023,"8,892","9,482","8,190,000.00","8,448,700.00","18,374","16,638,700.00"
31/07/2023,"9,769","9,458","92,39,850.00","89,11,500.00","19,227","1,81,51,350.00"
01/08/2023,"9,643","9,837","89,46,900.00","92,22,450.00","19,480","1,81,69,350.00"
02/08/2023,"9,380","9,530","88,23,200.00","89,82,450.00","18,910","1,78,05,650.00"
03/08/2023,"10,147","9,966","90,42,500.00","91,37,600.00","20,113","1,81,80,100.00"
04/08/2023,"10,979","10,163","1,02,95,800.00","91,81,650.00","21,142","1,94,77,450.00"
05/08/2023,"8,657","9,727","78,54,650.00","83,12,450.00","18,384","1,61,67,100.00"
06/08/2023,"9,188","9,419","85,22,600.00","86,95,000.00","18,607","1,72,17,600.00"
07/08/2023,"8,504","8,385","81,66,700.00","81,30,350.00","16,889","1,62,97,050.00"
08/08/2023,"8,268","7,845","80,59,450.00","76,09,450.00","16,113","1,56,68,900.00"
09/08/2023,"8,594","8,435","81,44,800.00","80,13,500.00","17,029","1,61,58,300.00"
10/08/2023,"9,624","9,651","85,08,850.00","90,03,850.00","19,275","1,75,12,700.00"
11/08/2023,"10,879","10,147","98,73,700.00","93,76,900.00","21,026","1,92,50,600.00"
12/08/2023,"8,431","9,331","77,96,300.00","82,21,000.00","17,762","1,60,17,300.00"
13/08/2023,"8,583","8,950","82,59,500.00","84,95,050.00","17,533","1,67,54,550.00"
14/08/2023,"9,216","9,134","86,10,900.00","88,32,150.00","18,350","1,74,43,050.00"
15/08/2023,"10,166","9,737","94,44,850.00","91,05,800.00","19,903","1,85,50,650.00"
16/08/2023,"8,253","8,808","77,42,350.00","82,29,300.00","17,061","1,59,71,650.00"
17/08/2023,"9,980","9,208","91,09,750.00","85,27,650.00","19,188","1,76,37,400.00"
18/08/2023,"10,936","10,004","1,01,53,350.00","91,12,650.00","20,940","1,92,66,000.00"
19/08/2023,"8,723","9,304","80,21,550.00","80,50,550.00","18,027","1,60,72,100.00"
20/08/2023,"8,585","8,884","80,99,500.00","81,64,450.00","17,469","1,62,63,950.00"
21/08/2023,"9,115","9,059","89,02,000.00","87,20,600.00","18,174","1,76,22,600.00"
22/08/2023,"9,108","8,815","88,06,950.00","84,33,150.00","17,923","1,72,40,100.00"
23/08/2023,"8,951","8,639","87,73,300.00","83,59,200.00","17,590","1,71,32,500.00"
24/08/2023,"9,636","8,948","88,35,750.00","84,81,200.00","18,584","1,73,16,950.00"
25/08/2023,"9,948","9,169","92,44,600.00","85,10,500.00","19,117","1,77,55,100.00"
26/08/2023,"8,243","8,862","76,02,100.00","77,55,750.00","17,105","1,53,57,850.00"
27/08/2023,"8,239","8,698","77,32,700.00","81,46,150.00","16,937","1,58,78,850.00"
28/08/2023,"8,637","8,772","81,81,100.00","83,63,050.00","17,409","1,65,44,150.00"
29/08/2023,"9,020","8,727","87,00,950.00","82,65,150.00","17,747","1,69,66,100.00"
30/08/2023,"8,824","8,672","84,93,900.00","81,12,250.00","17,496","1,66,06,150.00"
31/08/2023,"9,780","8,752","87,56,100.00","80,59,150.00","18,532","1,68,15,250.00"
01/09/2023,"10,613","9,739","94,71,900.00","86,15,900.00","20,352","1,80,87,800.00"
02/09/2023,"7,950","8,693","70,48,550.00","74,41,150.00","16,643","1,44,89,700.00"
03/09/2023,"8,207","8,490","75,08,000.00","77,26,600.00","16,697","1,52,34,600.00"
04/09/2023,"8,518","8,844","80,66,800.00","82,55,450.00","17,362","1,63,22,250.00"
05/09/2023,"9,516","8,968","87,78,100.00","83,03,250.00","18,484","1,70,81,350.00"
06/09/2023,"9,485","8,985","87,31,300.00","84,22,250.00","18,470","1,71,53,550.00"
07/09/2023,"8,964","8,621","77,33,600.00","77,87,450.00","17,585","1,55,21,050.00"
08/09/2023,"10,404","9,453","94,07,100.00","84,88,550.00","19,857","1,78,95,650.00"
09/09/2023,"8,198","9,326","71,07,900.00","76,10,600.00","17,524","1,47,18,500.00"
10/09/2023,"8,353","9,128","76,55,650.00","82,39,300.00","17,481","1,58,94,950.00"
11/09/2023,"8,826","8,963","83,07,900.00","83,52,950.00","17,789","1,66,60,850.00"
12/09/2023,"8,974","8,956","85,39,850.00","84,22,400.00","17,930","1,69,62,250.00"
13/09/2023,"9,059","8,965","85,44,600.00","83,60,300.00","18,024","1,69,04,900.00"
14/09/2023,"9,849","9,013","86,25,100.00","82,97,450.00","18,862","1,69,22,550.00"
15/09/2023,"10,499","9,629","93,49,600.00","85,60,650.00","20,128","1,79,10,250.00"
16/09/2023,"8,465","8,955","75,69,750.00","76,70,450.00","17,420","1,52,40,200.00"
17/09/2023,"8,610","8,780","79,68,300.00","79,88,800.00","17,390","1,59,57,100.00"
18/09/2023,"8,895","8,763","85,69,150.00","83,02,100.00","17,658","1,68,71,250.00"
19/09/2023,"8,929","8,362","86,28,100.00","78,64,900.00","17,291","1,64,93,000.00"
20/09/2023,"8,641","8,696","82,89,250.00","83,52,150.00","17,337","1,66,41,400.00"
21/09/2023,"9,027","8,426","81,24,700.00","79,74,550.00","17,453","1,60,99,250.00"
22/09/2023,"9,896","8,771","90,26,300.00","8,012,300.00","18,667","1,70,38,600.00"
23/09/2023,"7,728","8,238","70,98,700.00","71,68,050.00","15,966","1,42,66,750.00"
24/09/2023,"7,888","7,956","73,60,500.00","73,61,750.00","15,844","1,47,22,250.00"
25/09/2023,"8,048","7,658","75,27,150.00","70,49,750.00","15,706","1,45,76,900.00"
26/09/2023,"8,321","9,043","76,07,450.00","84,94,150.00","17,364","1,61,01,600.00"
27/09/2023,"9,727","9,483","85,23,050.00","88,99,050.00","19,210","1,74,22,100.00"
28/09/2023,"11,663","9,563","98,42,000.00","87,04,750.00","21,226","1,85,46,750.00"
29/09/2023,"9,399","9,199","85,11,550.00","78,31,250.00","18,598","1,63,42,800.00"
30/09/2023,"8,463","10,006","75,71,750.00","80,51,200.00","18,469","1,56,22,950.00"
01/10/2023,"8,670","9,076","77,90,050.00","80,88,400.00","17,746","1,58,78,450.00"
02/10/2023,"8,786","9,201","82,12,300.00","86,28,800.00","17,987","1,68,41,100.00"
03/10/2023,"8,878","8,675","84,42,400.00","81,13,400.00","17,553","1,65,55,800.00"
04/10/2023,"8,738","8,552","82,90,150.00","82,18,550.00","17,290","1,65,08,700.00"
05/10/2023,"7,901","7,124","73,21,950.00","67,64,050.00","15,025","1,40,86,000.00"
06/10/2023,"8,448","8,604","77,76,900.00","79,06,650.00","17,052","1,56,83,550.00"
07/10/2023,"7,182","8,041","64,19,150.00","69,71,950.00","15,223","1,33,91,100.00"
08/10/2023,"8,271","8,694","77,98,650.00","80,53,550.00","16,965","1,58,52,200.00"
09/10/2023,"8,516","8,884","81,28,600.00","84,96,550.00","17,400","1,66,25,150.00"
10/10/2023,"9,066","8,754","86,80,150.00","84,21,000.00","17,820","1,71,01,150.00"
11/10/2023,"9,162","8,938","87,59,650.00","86,02,750.00","18,100","1,73,62,400.00"
12/10/2023,"10,022","9,367","88,16,650.00","87,46,150.00","19,389","1,75,62,800.00"
13/10/2023,"10,753","10,132","99,08,100.00","92,68,000.00","20,885","1,91,76,100.00"
14/10/2023,"8,554","9,283","77,79,150.00","80,84,200.00","17,837","1,58,63,350.00"
15/10/2023,"8,958","9,361","84,43,700.00","87,10,750.00","18,319","1,71,54,450.00"
16/10/2023,"9,520","9,438","92,04,050.00","89,60,750.00","18,958","1,81,64,800.00"
17/10/2023,"9,790","9,215","94,48,350.00","88,87,900.00","19,005","1,83,36,250.00"
18/10/2023,"9,669","9,505","93,60,100.00","91,79,250.00","19,174","1,85,39,350.00"
19/10/2023,"10,878","9,800","95,00,900.00","91,12,050.00","20,678","1,86,12,950.00"
20/10/2023,"11,999","10,467","1,04,50,300.00","94,66,750.00","22,466","1,99,17,050.00"
21/10/2023,"9,650","9,650","87,37,900.00","83,68,700.00","19,300","1,71,06,600.00"
22/10/2023,"9,705","9,388","89,49,900.00","85,24,800.00","19,093","1,74,74,700.00"
23/10/2023,"9,401","9,178","86,13,000.00","85,84,900.00","18,579","1,71,97,900.00"
24/10/2023,"9,461","9,095","87,61,000.00","82,66,900.00","18,556","1,70,27,900.00"
25/10/2023,"8,786","9,160","81,80,100.00","80,68,950.00","17,946","1,62,49,050.00"
26/10/2023,"10,157","9,751","90,69,050.00","87,67,100.00","19,908","1,78,36,150.00"
27/10/2023,"10,519","10,288","95,08,200.00","90,79,400.00","20,807","1,85,87,600.00"
28/10/2023,"7,904","7,701","73,86,500.00","67,30,250.00","15,605","1,41,16,750.00"
29/10/2023,"5,667","5,901","52,06,600.00","52,86,300.00","11,568","1,04,92,900.00"
30/10/2023,"8,952","10,282","82,49,150.00","93,27,600.00","19,234","1,75,76,750.00"
31/10/2023,"7,309","5,051","69,20,150.00","44,85,700.00","12,360","1,14,05,850.00"
01/11/2023,"4,668","3,882","40,09,100.00","32,38,600.00","8,550","72,47,700.00"
02/11/2023,"6,590","7,244","51,52,450.00","66,32,700.00","13,834","1,17,85,150.00"
03/11/2023,"10,687","12,852","93,16,550.00","1,19,32,200.00","23,539","2,12,48,750.00"
04/11/2023,"10,655","11,051","1,01,11,950.00","96,48,700.00","21,706","1,97,60,650.00"
05/11/2023,"7,945","6,002","76,42,300.00","51,19,200.00","13,947","1,27,61,500.00"
06/11/2023,"5,525","5,613","51,75,150.00","51,77,950.00","11,138","1,03,53,100.00"
07/11/2023,"8,367","9,883","78,41,100.00","96,36,000.00","18,250","1,74,77,100.00"
08/11/2023,"7,426","6,445","69,39,900.00","60,78,300.00","13,871","1,30,18,200.00"
09/11/2023,"7,778","7,079","65,19,450.00","6,442,550.00","14,857","12,962,000.00"
10/11/2023,"11,438","11,933","1,02,29,850.00","1,10,17,850.00","23,371","2,12,47,700.00"
11/11/2023,"10,302","11,027","94,43,350.00","95,82,950.00","21,329","1,90,26,300.00"
12/11/2023,"8,038","7,005","75,49,550.00","61,42,500.00","15,043","1,36,92,050.00"
13/11/2023,"6,645","6,742","62,00,000.00","62,20,600.00","13,387","1,24,20,600.00"
14/11/2023,"8,933","9,570","85,73,200.00","91,65,950.00","18,503","1,77,39,150.00"
15/11/2023,"8,056","6,919","75,80,850.00","63,09,450.00","14,975","1,38,90,300.00"
16/11/2023,"7,507","6,673","63,94,000.00","60,52,700.00","14,180","1,24,46,700.00"
17/11/2023,"10,386","11,351","9,334,550.00","1,05,65,450.00","21,737","1,99,00,000.00"
18/11/2023,"9,380","10,307","84,67,200.00","88,51,650.00","19,687","1,73,18,850.00"
19/11/2023,"8,240","6,660","78,84,050.00","57,88,950.00","14,900","1,36,73,000.00"
20/11/2023,"6,412","6,644","59,18,800.00","60,98,500.00","13,056","1,20,17,300.00"
21/11/2023,"8,743","9,420","80,73,450.00","89,76,150.00","18,163","1,70,49,600.00"
22/11/2023,"7,787","7,500","73,57,400.00","70,95,200.00","15,287","1,44,52,600.00"
23/11/2023,"8,357","7,600","73,17,550.00","69,49,400.00","15,957","1,42,66,950.00"
24/11/2023,"11,182","10,964","1,00,34,350.00","99,81,900.00","22,146","2,00,16,250.00"
25/11/2023,"9,128","10,280","82,14,950.00","88,33,600.00","19,408","1,70,48,550.00"
26/11/2023,"7,801","7,595","71,93,800.00","68,41,550.00","15,396","1,40,35,350.00"
27/11/2023,"7,406","7,005","68,95,100.00","65,03,750.00","14,411","1,33,98,850.00"
28/11/2023,"9,499","9,443","88,14,600.00","88,26,300.00","18,942","1,76,40,900.00"
29/11/2023,"8,354","7,853","7,832,600.00","73,51,300.00","16,207","1,51,83,900.00"
30/11/2023,"8,630","7,821","7,500,500.00","71,32,950.00","16,451","1,46,33,450.00"
01/12/2023,"11,781","11,343","1,03,04,600.00","1,02,41,000.00","23,124","2,05,45,600.00"
02/12/2023,"9,089","10,471","79,44,200.00","88,94,350.00","19,560","1,68,38,550.00"
03/12/2023,"7,591","7,866","68,53,950.00","69,95,800.00","15,457","1,38,49,750.00"
04/12/2023,"6,472","7,585","59,82,400.00","69,85,000.00","14,057","1,29,67,400.00"
05/12/2023,"10,763","9,528","1,00,10,850.00","88,42,350.00","20,291","1,88,53,200.00"
06/12/2023,"8,461","7,955","78,21,700.00","73,79,100.00","16,416","1,52,00,800.00"
07/12/2023,"8,222","7,071","74,11,650.00","65,11,200.00","15,293","1,39,22,850.00"
08/12/2023,"10,558","10,336","94,72,400.00","94,33,900.00","20,894","1,89,06,300.00"
09/12/2023,"8,893","10,033","78,15,600.00","85,92,050.00","18,926","1,64,07,650.00"
10/12/2023,"8,642","9,533","81,72,850.00","89,33,300.00","18,175","1,71,06,150.00"
11/12/2023,"9,147","9,117","88,04,150.00","86,49,350.00","18,264","1,74,53,500.00"
12/12/2023,"9,650","8,708","89,83,150.00","81,20,300.00","18,358","1,71,03,450.00"
13/12/2023,"9,070","8,777","83,62,100.00","83,83,400.00","17,847","1,67,45,500.00"
14/12/2023,"12,882","10,889","1,04,86,950.00","1,00,46,650.00","23,771","2,05,33,600.00"
15/12/2023,"14,995","11,222","1,26,70,700.00","1,00,74,150.00","26,217","2,27,44,850.00"
16/12/2023,"9,938","12,568","88,85,750.00","99,95,400.00","22,506","1,88,81,150.00"
17/12/2023,"9,435","11,309","84,83,450.00","95,46,250.00","20,744","1,80,29,700.00"
18/12/2023,"9,979","9,962","95,50,450.00","92,83,100.00","19,941","1,88,33,550.00"
19/12/2023,"9,679","8,970","91,37,200.00","81,87,900.00","18,649","1,73,25,100.00"
20/12/2023,"9,855","9,892","93,47,800.00","94,45,150.00","19,747","1,87,92,950.00"
21/12/2023,"10,771","9,744","95,69,700.00","88,98,650.00","20,515","1,84,68,350.00"
22/12/2023,"12,269","10,623","1,08,43,950.00","95,64,400.00","22,892","2,04,08,350.00"
23/12/2023,"9,481","9,948","84,90,800.00","86,29,600.00","19,429","1,71,20,400.00"
24/12/2023,"8,892","8,835","81,14,250.00","81,11,000.00","17,727","1,62,25,250.00"
25/12/2023,"10,177","10,367","94,91,050.00","92,86,850.00","20,544","1,87,77,900.00"
26/12/2023,"9,271","9,351","86,45,950.00","85,59,500.00","18,622","1,72,05,450.00"
27/12/2023,"9,496","9,379","89,52,250.00","89,09,600.00","18,875","1,78,61,850.00"
28/12/2023,"10,180","9,415","93,03,700.00","88,60,250.00","19,595","1,81,63,950.00"
29/12/2023,"11,095","10,460","1,00,24,600.00","94,67,600.00","21,555","1,94,92,200.00"
30/12/2023,"8,851","9,869","82,00,650.00","84,99,950.00","18,720","1,67,00,600.00"
31/12/2023,"8,910","9,229","83,74,750.00","85,71,700.00","18,139","1,69,46,450.00"
01/01/2024,"8,386","8,308","79,83,400.00","78,72,300.00","16,694","1,58,55,700.00"
02/01/2024,"8,615","8,791","83,11,750.00","86,25,950.00","17,406","1,69,37,700.00"
03/01/2024,"8,614","8,177","82,58,700.00","8,003,750.00","16,791","1,62,62,450.00"
04/01/2024,"10,154","10,349","84,98,900.00","99,40,500.00","20,503","1,84,39,400.00"
05/01/2024,"12,288","8,490","1,08,08,700.00","81,10,950.00","20,778","1,89,19,650.00"
06/01/2024,"6,274","3,755","62,30,850.00","35,72,850.00","10,029","98,03,700.00"
07/01/2024,"1,772","1,903","16,01,550.00","13,78,900.00","3,675","29,80,450.00"
08/01/2024,"4,484","7,869","38,18,950.00","60,37,250.00","12,353","98,56,200.00"
09/01/2024,"7,685","10,701","72,32,450.00","94,81,400.00","18,386","1,67,13,850.00"
10/01/2024,"8,930","10,250","83,72,550.00","96,94,350.00","19,180","1,80,66,900.00"
11/01/2024,"10,426","10,242","96,09,750.00","98,08,500.00","20,668","1,94,18,250.00"
12/01/2024,"11,044","10,743","10,487,500.00","99,97,700.00","21,787","2,04,85,200.00"
13/01/2024,"9,074","10,316","85,73,400.00","92,84,250.00","19,390","1,78,57,650.00"
14/01/2024,"9,200","9,872","89,17,750.00","95,55,500.00","19,072","1,84,73,250.00"
15/01/2024,"9,646","9,440","95,22,700.00","93,09,700.00","19,086","1,88,32,400.00"
16/01/2024,"9,609","9,305","95,50,850.00","90,16,000.00","18,914","1,85,66,850.00"
17/01/2024,"9,481","9,260","93,68,600.00","89,96,300.00","18,741","1,83,64,900.00"
18/01/2024,"10,154","9,806","93,86,450.00","94,72,850.00","19,960","1,88,59,300.00"
19/01/2024,"10,625","9,849","99,56,200.00","90,56,850.00","20,474","1,90,13,050.00"
20/01/2024,"8,961","9,772","85,58,050.00","87,13,050.00","18,733","1,72,71,100.00"
21/01/2024,"9,125","9,471","87,38,850.00","88,66,850.00","18,596","1,76,05,700.00"
22/01/2024,"9,144","9,209","89,59,800.00","89,04,650.00","18,353","1,78,64,450.00"
23/01/2024,"9,399","9,443","92,37,700.00","93,35,100.00","18,842","1,85,72,800.00"
24/01/2024,"9,356","9,100","92,81,250.00","89,87,700.00","18,456","1,82,68,950.00"
25/01/2024,"9,874","9,829","89,98,150.00","94,00,700.00","19,703","1,83,98,850.00"
26/01/2024,"10,569","9,940","98,52,000.00","93,18,650.00","20,509","1,91,70,650.00"
27/01/2024,"8,903","9,586","83,95,000.00","86,89,750.00","18,489","1,70,84,750.00"
28/01/2024,"8,960","9,442","86,83,400.00","88,81,500.00","18,402","1,75,64,900.00"
29/01/2024,"9,429","9,726","92,19,700.00","95,67,900.00","19,155","1,87,87,600.00"
30/01/2024,"9,492","9,769","92,32,800.00","95,77,950.00","19,261","1,88,10,750.00"
31/01/2024,"9,953","10,245","97,12,500.00","1,00,12,800.00","20,198","1,97,25,300.00"
01/02/2024,"10,975","10,247","98,75,500.00","95,99,550.00","21,222","1,94,75,050.00"
02/02/2024,"10,644","10,149","97,69,950.00","93,23,600.00","20,793","1,90,93,550.00"
03/02/2024,"8,477","9,794","78,03,350.00","85,72,500.00","18,271","1,63,75,850.00"
04/02/2024,"9,156","9,722","85,00,850.00","91,06,050.00","18,878","1,76,06,900.00"
05/02/2024,"9,883","9,609","93,75,550.00","90,59,800.00","19,492","1,84,35,350.00"
06/02/2024,"10,155","9,929","98,43,300.00","95,39,500.00","20,084","1,93,82,800.00"
07/02/2024,"10,066","9,873","96,14,200.00","94,59,750.00","19,939","1,90,73,950.00"
08/02/2024,"11,198","10,932","99,16,750.00","1,02,57,550.00","22,130","2,01,74,300.00"
09/02/2024,"11,499","10,565","1,05,28,400.00","96,45,400.00","22,064","2,01,73,800.00"
10/02/2024,"9,205","10,231","84,36,300.00","88,70,750.00","19,436","1,73,07,050.00"
11/02/2024,"9,727","10,186","91,17,650.00","94,74,650.00","19,913","1,85,92,300.00"
12/02/2024,"10,375","9,955","98,80,000.00","93,80,050.00","20,330","1,92,60,050.00"
13/02/2024,"10,519","10,052","1,00,64,800.00","96,41,550.00","20,571","1,97,06,350.00"
14/02/2024,"10,084","9,937","94,60,450.00","94,62,600.00","20,021","1,89,23,050.00"
15/02/2024,"10,888","10,218","99,40,050.00","95,61,900.00","21,106","1,95,01,950.00"
16/02/2024,"11,252","11,024","1,03,38,800.00","1,02,08,700.00","22,276","2,05,47,500.00"
17/02/2024,"9,275","10,328","86,04,550.00","91,58,250.00","19,603","1,77,62,800.00"
18/02/2024,"9,702","10,120","91,75,800.00","95,43,050.00","19,822","1,87,18,850.00"
19/02/2024,"10,268","10,151","98,51,450.00","97,47,300.00","20,419","1,95,98,750.00"
20/02/2024,"11,198","10,492","1,01,58,800.00","99,47,500.00","21,690","2,01,06,300.00"
21/02/2024,"12,303","10,909","1,10,79,300.00","1,01,40,750.00","23,212","2,12,20,050.00"
22/02/2024,"9,786","9,866","86,23,850.00","91,21,200.00","19,652","1,77,45,050.00"
23/02/2024,"11,659","11,376","1,07,21,250.00","1,02,74,100.00","23,035","2,09,95,350.00"
24/02/2024,"10,229","11,184","94,66,300.00","96,87,700.00","21,413","1,91,54,000.00"
25/02/2024,"9,939","9,188","92,88,750.00","85,71,200.00","19,127","1,78,59,950.00"
26/02/2024,"9,534","10,446","90,25,400.00","94,74,150.00","19,980","1,84,99,550.00"
27/02/2024,"9,229","10,079","86,46,450.00","93,41,950.00","19,308","1,79,88,400.00"
28/02/2024,"10,265","10,233","98,94,150.00","98,50,550.00","20,498","1,97,44,700.00"
29/02/2024,"11,410","10,759","1,03,91,550.00","1,00,02,100.00","22,169","2,03,93,650.00"
01/03/2024,"12,717","11,185","1,13,58,500.00","1,02,69,850.00","23,902","2,16,28,350.00"
02/03/2024,"9,914","11,336","90,82,450.00","97,76,800.00","21,250","1,88,59,250.00"
03/03/2024,"10,139","10,723","94,71,000.00","99,76,350.00","20,862","1,94,47,350.00"
04/03/2024,"10,659","10,818","1,00,84,350.00","1,03,79,550.00","21,477","2,04,63,900.00"
05/03/2024,"11,676","11,712","1,11,44,150.00","1,10,72,550.00","23,388","2,22,16,700.00"
06/03/2024,"11,608","11,541","1,10,62,150.00","1,10,04,200.00","23,149","2,20,66,350.00"
07/03/2024,"12,020","11,909","1,06,43,550.00","1,11,28,000.00","23,929","2,17,71,550.00"
08/03/2024,"12,533","12,058","1,12,69,100.00","1,09,81,700.00","24,591","2,22,50,800.00"
09/03/2024,"10,968","11,641","1,00,22,000.00","1,00,33,150.00","22,609","2,00,55,150.00"
10/03/2024,"10,718","11,607","99,34,250.00","1,06,87,150.00","22,325","2,06,21,400.00"
11/03/2024,"11,094","11,040","1,06,37,050.00","1,04,85,650.00","22,134","2,11,22,700.00"
12/03/2024,"10,553","9,816","1,05,57,700.00","96,88,250.00","20,369","2,02,45,950.00"
13/03/2024,"9,420","8,898","91,79,400.00","88,03,350.00","18,318","1,79,82,750.00"
14/03/2024,"10,477","10,048","97,72,100.00","97,03,750.00","20,525","1,94,75,850.00"
15/03/2024,"10,179","9,453","98,17,350.00","91,72,250.00","19,632","1,89,89,600.00"
16/03/2024,"8,576","8,739","81,70,700.00","80,69,050.00","17,315","1,62,39,750.00"
17/03/2024,"8,863","9,232","85,94,450.00","86,28,550.00","18,095","1,72,23,000.00"
18/03/2024,"7,992","8,806","75,53,300.00","82,21,950.00","16,798","1,57,75,250.00"
19/03/2024,"9,316","9,071","92,04,400.00","87,61,600.00","18,387","1,79,66,000.00"
20/03/2024,"8,657","7,737","86,69,700.00","77,78,300.00","16,394","1,64,48,000.00"
21/03/2024,"9,261","8,269","89,01,800.00","76,51,950.00","17,530","1,65,53,750.00"
22/03/2024,"9,203","9,232","87,85,150.00","89,45,000.00","18,435","1,77,30,150.00"
23/03/2024,"8,164","8,669","78,23,950.00","81,33,850.00","16,833","1,59,57,800.00"
24/03/2024,"8,430","8,775","81,80,100.00","85,14,100.00","17,205","1,66,94,200.00"
25/03/2024,"9,267","8,922","88,97,300.00","86,77,550.00","18,189","1,75,74,850.00"
26/03/2024,"9,430","8,994","91,25,850.00","87,40,550.00","18,424","1,78,66,400.00"
27/03/2024,"8,643","8,517","83,44,600.00","81,36,700.00","17,160","1,64,81,300.00"
28/03/2024,"9,525","8,972","91,27,000.00","85,39,100.00","18,497","1,76,66,100.00"
29/03/2024,"9,943","9,104","95,19,250.00","88,01,650.00","19,047","1,83,20,900.00"
30/03/2024,"8,620","8,595","81,92,300.00","79,97,150.00","17,215","1,61,89,450.00"
31/03/2024,"8,924","8,973","85,19,650.00","86,14,200.00","17,897","1,71,33,850.00"
01/04/2024,"9,090","9,464","86,41,400.00","90,25,500.00","18,554","1,76,66,900.00"
02/04/2024,"9,841","9,812","93,40,850.00","95,42,900.00","19,653","1,88,83,750.00"
03/04/2024,"10,434","10,290","96,83650.00","1,0027650.00","20,724","1,97,11,300.00"
04/04/2024,"12,702","11,316","1,05,32,350.00","1,05,79,200.00","24,018","2,11,11,550.00"
05/04/2024,"16,474","12,236","1,24,18,800.00","1,11,31,000.00","28,710","2,35,49,800.00"
06/04/2024,"13,219","11,865","1,08,46,250.00","1,08,46,250.00","25,084","2,17,86,850.00"
07/04/2024,"15,086","14,694","1,18,54,050.00","1,32,35,150.00","29,780","2,50,89,200.00"
08/04/2024,"27,232","16,195","1,71,04,950.00","1,32,61,900.00","43,427","3,03,66,850.00"
09/04/2024,"33,131","14,624","2,16,78,550.00","1,14,20,850.00","47,755","3,30,99,400.00"
10/04/2024,"11,911","7,362","78,85,350.00","56,65,300.00","19,273","1,35,50,650.00"
11/04/2024,"8,461","6,391","34,84,300.00","25,65,700.00","14,852","60,50,000.00"
12/04/2024,"9,150","7,923","49,55,150.00","46,30,300.00","17,073","95,85,450.00"
13/04/2024,"8,463","11,360","54,74,750.00","68,79,100.00","19,823","1,23,53,850.00"
14/04/2024,"10,424","20,687","76,87,400.00","1,08,60,100.00","31,111","1,85,47,500.00"
15/04/2024,"13,001","21,726","1,03,18,800.00","1,32,77,500.00","34,727","2,35,96,300.00"
16/04/2024,"14,324","21,621","1,23,52,600.00","1,51,67,900.00","35,945","2,75,20,500.00"
17/04/2024,"12,943","16,546","1,15,07,350.00","1,30,82,600.00","29,489","2,45,89,950.00"
18/04/2024,"12,522","14,559","1,11,78,000.00","1,19,10,850.00","27,081","2,30,88,850.00"
19/04/2024,"13,610","16,404","1,23,85,900.00","1,29,95,050.00","30,014","2,53,80,950.00"
20/04/2024,"11,638","13,262","1,05,87,250.00","1,08,90,800.00","24,900","2,14,78,050.00"
21/04/2024,"11,019","11,296","1,03,02,000.00","99,51,350.00","22,315","2,02,53,350.00"
22/04/2024,"10,625","10,919","1,01,81,500.00","1,00,34,700.00","21,544","2,02,16,200.00"
23/04/2024,"10,493","10,809","1,00,12,600.00","1,00,47,750.00","21,302","2,00,60,350.00"
24/04/2024,"10,334","10,597","99,60,600.00","1,00,60,950.00","20,931","2,00,21,550.00"
25/04/2024,"11,036","10,600","1,02,74,600.00","98,58,850.00","21,636","2,01,33,450.00"
26/04/2024,"11,081","10,445","1,04,32,900.00","96,11,600.00","21,526","2,00,44,500.00"
27/04/2024,"9,600","9,736","90,56,400.00","85,64,950.00","19,336","1,76,21,350.00"
28/04/2024,"9,855","9,879","95,28,950.00","92,33,200.00","19,734","1,87,62,150.00"
29/04/2024,"9,904","9,960","95,26,950.00","96,97,900.00","19,864","1,92,24,850.00"
30/04/2024,"10,384","9,987","96,18,100.00","94,99,350.00","20,371","1,91,17,450.00"
01/05/2024,"10,628","9,889","93,06,250.00","1,00,00,850.00","20,517","1,93,07,100.00"
02/05/2024,"9,845","9,678","89,48,800.00","87,99,550.00","19,523","1,77,48,350.00"
03/05/2024,"10,959","10,608","1,02,43,350.00","99,10,150.00","21,567","2,01,53,500.00"
04/05/2024,"9,662","10,618","90,32,350.00","93,14,850.00","20,280","1,83,47,200.00"
05/05/2024,"9,791","10,108","92,65,050.00","95,33,650.00","19,899","1,87,98,700.00"
06/05/2024,"9,923","10,239","96,62,150.00","99,29,450.00","20,162","1,95,91,600.00"
07/05/2024,"9,848","9,586","94,15,500.00","93,29,950.00","19,434","1,87,45,450.00"
08/05/2024,"9,909","9,217","97,70,450.00","90,51,100.00","19,126","1,88,21,550.00"
09/05/2024,"10,845","10,262","99,62,900.00","96,27,850.00","21,107","1,95,90,750.00"
10/05/2024,"11,349","11,008","1,05,24,450.00","1,02,55,000.00","22,357","2,07,79,450.00"
11/05/2024,"9,647","10,566","89,27,050.00","93,81,600.00","20,213","1,83,08,650.00"
12/05/2024,"10,084","10,198","96,16,450.00","95,19,200.00","20,282","1,91,35,650.00"
13/05/2024,"9,929","10,152","95,99,200.00","97,56,250.00","20,081","1,93,55,450.00"
14/05/2024,"10,312","10,247","98,58,050.00","99,21,500.00","20,559","1,97,79,550.00"
15/05/2024,"10,274","9,947","99,24,850.00","95,52,700.00","20,221","1,94,77,550.00"
16/05/2024,"10,764","10,360","98,16,450.00","96,95,400.00","21,124","1,95,11,850.00"
17/05/2024,"11,638","10,501","1,07,59,700.00","96,48,900.00","22,139","2,04,08,600.00"
18/05/2024,"9,559","10,456","87,61,900.00","92,85,500.00","20,015","1,80,47,400.00"
19/05/2024,"9,896","10,074","94,24,100.00","93,92,450.00","19,970","1,88,16,550.00"
20/05/2024,"9,950","10,106","93,51,350.00","97,84,300.00","20,056","1,91,35,650.00"
21/05/2024,"10,299","9,862","98,46,450.00","93,91,500.00","20,161","1,92,37,950.00"
22/05/2024,"10,261","10,018","96,27,650.00","94,93,550.00","20,279","1,91,21,200.00"
23/05/2024,"10,299","10,030","93,59,050.00","92,04,400.00","20,329","1,85,63,450.00"
24/05/2024,"11,226","11,040","1,02,71,200.00","1,01,61,150.00","22,266","2,04,32,350.00"
25/05/2024,"9,945","10,537","91,63,700.00","92,28,450.00","20,482","1,83,92,150.00"
26/05/2024,"10,087","10,391","93,74,750.00","96,49,150.00","20,478","1,90,23,900.00"
27/05/2024,"8,796","8,003","85,96,150.00","79,03,000.00","16,799","1,64,99,150.00"
28/05/2024,"6,967","7,986","63,45,850.00","76,16,900.00","14,953","1,39,62,750.00"
29/05/2024,"10,415","9,431","1,01,84,950.00","89,13,000.00","19,846","1,90,97,950.00"
30/05/2024,"10,862","10,434","1,01,41,400.00","96,47,400.00","21,296","1,97,88,800.00"
31/05/2024,"11,993","11,371","1,10,50,250.00","1,06,25,350.00","23,364","2,16,75,600.00"
01/06/2024,"10,287","10,894","95,14,450.00","98,09,600.00","21,181","1,93,24,050.00"
02/06/2024,"10,479","10,709","97,98,700.00","1,00,50,800.00","21,188","1,98,49,500.00"
03/06/2024,"10,922","10,898","1,04,49,400.00","1,04,34,700.00","21,820","2,08,84,100.00"
04/06/2024,"11,418","10,915","1,08,66,050.00","1,03,34,900.00","22,333","2,12,00,950.00"
05/06/2024,"11,150","11,202","1,07,84,950.00","1,08,49,750.00","22,352","2,16,34,700.00"
06/06/2024,"11,722","11,752","1,09,14,700.00","11,128,500.00","23,474","2,20,43,200.00"
07/06/2024,"13,197","12,363","1,21,55,000.00","11,628,950.00","25,560","2,37,83,950.00"
08/06/2024,"11,298","11,978","1,04,24,600.00","10,918,400.00","23,276","2,13,43,000.00"
09/06/2024,"12,475","12,792","1,18,30,600.00","1,21,83,450.00","25,267","2,40,14,050.00"
10/06/2024,"12,990","12,933","1,23,34,450.00","1,25,52,650.00","25,923","2,48,87,100.00"
11/06/2024,"14,280","14,121","1,32,74,300.00","1,35,45,950.00","28,401","2,68,20,250.00"
12/06/2024,"15,720","15,114","1,40,26,950.00","1,42,46,000.00","30,834","2,82,72,950.00"
13/06/2024,"22,645","18,261","1,58,81,400.00","1,63,15,900.00","40,906","3,21,97,300.00"
14/06/2024,"33,025","20,683","2,06,40,000.00","1,74,23,400.00","53,708","3,80,63,400.00"
15/06/2024,"34,236","17,655","2,22,10,450.00","1,43,21,000.00","51,891","3,65,31,450.00"
16/06/2024,"24,366","13,102","1,73,40,050.00","1,73,40,050.00","37,468","2,75,91,950.00"
17/06/2024,"7,186","5,810","44,59,300.00","40,05,250.00","12,996","84,64,550.00"
18/06/2024,"11,205","9,080","67,32,850.00","52,67,500.00","20,285","1,20,00,350.00"
19/06/2024,"10,251","12,471","66,29,700.00","71,49,000.00","22,722","1,37,78,700.00"
20/06/2024,"10,731","14,242","79,64,100.00","91,63,550.00","24,973","1,71,27,650.00"
21/06/2024,"14,449","25,204","1,16,20,800.00","1,50,97,600.00","39,653","2,67,18,400.00"
22/06/2024,"15,956","28,233","1,29,66,550.00","1,76,39,750.00","44,189","3,06,06,300.00"
23/06/2024,"14,897","22,703","1,26,63,950.00","1,66,30,600.00","37,600","2,92,94,550.00"
24/06/2024,"15,884","19,009","1,42,40,250.00","1,50,92,650.00","34,893","2,93,32,900.00"
25/06/2024,"14,386","15,462","1,30,62,000.00","1,29,82,000.00","29,848","2,60,44,000.00"
26/06/2024,"12,693","13,759","1,17,12,150.00","1,21,27,300.00","26,452","2,38,39,450.00"
27/06/2024,"12,444","12,661","1,12,46,250.00","1,12,37,500.00","25,105","2,24,83,750.00"
28/06/2024,"13,964","14,019","1,28,10,750.00","1,21,09,750.00","27,983","2,49,20,500.00"
29/06/2024,"11,751","12,824","1,07,29,000.00","1,10,31,200.00","24,575","2,17,60,200.00"
30/06/2024,"11,295","11,667","1,06,18,900.00","1,05,86,100.00","22,962","2,12,05,000.00"
01/07/2024,"10,846","11,127","1,01,53,350.00","1,03,32,050.00","21,973","2,04,85,400.00"
02/07/2024,"10,362","10,480","98,16,900.00","97,65,750.00","20,842","1,95,82,650.00"
03/07/2024,"10,310","10,199","97,23,800.00","95,55,000.00","20,509","1,92,78,800.00"
04/07/2024,"11,278","11,095","1,00,92,550.00","1,02,03,650.00","22,373","2,02,96,200.00"
05/07/2024,"11,861","11,863","1,08,37,050.00","1,09,14,750.00","23,724","2,17,51,800.00"
06/07/2024,"10,258","11,024","92,26,150.00","95,72,800.00","21,282","1,87,98,950.00"
07/07/2024,"10,141","11,076","92,12,100.00","1,00,59,350.00","21,217","1,92,71,450.00"
08/07/2024,"11,389","11,447","1,05,88,200.00","1,06,31,700.00","22,836","2,12,19,900.00"
09/07/2024,"11,602","11,324","1,07,25,800.00","1,05,24,250.00","22,926","2,12,50,050.00"
10/07/2024,"10,838","11,056","1,01,45,000.00","1,03,73,750.00","21,894","2,05,18,750.00"
11/07/2024,"11,489","10,868","1,02,17,350.00","99,07,500.00","22,357","2,01,24,850.00"
12/07/2024,"11,556","11,360","1,03,58,500.00","1,02,32,550.00","22,916","2,05,91,050.00"
13/07/2024,"10,746","10,797","98,58,100.00","93,76,800.00","21,543","1,92,34,900.00"
14/07/2024,"10,587","10,719","97,39,350.00","97,42,200.00","21,306","1,94,81,550.00"
15/07/2024,"10,645","10,871","99,43,100.00","1,00,58,100.00","21,516","2,00,01,200.00"
16/07/2024,"10,958","10,708","1,00,18,500.00","99,20,300.00","21,666","1,99,38,800.00"
17/07/2024,"10,918","10,146","1,00,53,000.00","95,03,750.00","21,064","1,95,56,750.00"
18/07/2024,"7,341","7,450","62,74,900.00","67,35,150.00","14,791","1,30,10,050.00"
19/07/2024,"7,385","6,600","62,25,450.00","54,01,850.00","13,985","1,16,27,300.00"
20/07/2024,"4,626","4,217","37,80,000.00","32,22,450.00","8,843","70,02,450.00"
21/07/2024,"3,979","3,330","31,91,450.00","26,18,650.00","7,309","58,10,100.00"
22/07/2024,"4,852","4,464","37,79,550.00","35,50,600.00","9,316","73,30,150.00"
23/07/2024,"6,013","5,897","49,33,700.00","49,94,300.00","11,910","99,28,000.00"
24/07/2024,"7,533","9,316","67,11,900.00","83,09,800.00","16,849","1,50,21,700.00"
25/07/2024,"9,659","10,014","87,40,000.00","94,18,000.00","19,673","1,81,58,000.00"
26/07/2024,"11,096","10,467","1,04,10,950.00","97,13,000.00","21,563","2,01,23,950.00"
27/07/2024,"9,701","9,896","91,75,350.00","87,93,050.00","19,597","1,79,68,400.00"
28/07/2024,"9,880","10,088","95,03,200.00","95,02,600.00","19,968","1,90,05,800.00"
29/07/2024,"9,952","10,193","95,70,250.00","97,80,900.00","20,145","1,93,51,150.00"
30/07/2024,"9,961","10,053","97,13,300.00","97,28,550.00","20,014","1,94,41,850.00"
31/07/2024,"9,896","9,698","95,88,950.00","94,24,350.00","19,594","1,90,13,300.00"
01/08/2024,"10,347","9,462","94,35,100.00","90,61,100.00","19,809","1,84,96,200.00"
02/08/2024,"9,712","9,356","90,40,400.00","88,65,150.00","19,068","1,79.05,550.00"
03/08/2024,"7,950","8,256","74,80,200.00","73,15,850.00","16,206","1,47,96,050.00"
04/08/2024,"4,900","3,255","41,61,900.00","25,74,550.00","8,155","68,36,450.00"
05/08/2024,"2,910","2,624","23,62,850.00","22,68,200.00","5,534","46,31,050.00"
06/08/2024,"5,792","4,966","45,36,750.00","39,83,750.00","10,758","85,20,500.00"
07/08/2024,"6,944","7,836","59.12,200.00","68,96,200.00","14,780","1,28,08,400.00"
08/08/2024,"8,851","9,588","75,34,800.00","89,06,100.00","18,439","1,64,40,900.00"
09/08/2024,"9,565","10,156","88,78,450.00","94,47,500.00","19,721","1,83,25,950.00"
10/08/2024,"8,721","9,977","80,22,850.00","85,51,150.00","18,698","1,65,74,000.00"
11/08/2024,"9,217","9,650","86,36,050.00","87,55,700.00","18,867","1,73,91,750.00"
12/08/2024,"9,500","9,686","89,06,950.00","90,09,000.00","19,186","1,79,15,950.00"
13/08/2024,"9,969","9,734","93,63,100.00","90,66,250.00","19,703","1,84,29,350.00"
14/08/2024,"10,236","9,764","93,83,550.00","90,93,450.00","20,000","1,84,77,000.00"
15/08/2024,"11,078","9,941","95,36,150.00","92,77,400.00","21,019","1,88,13,550.00"
16/08/2024,"11,396","10,836","1,01,49,250.00","94,85,450.00","22,232","1,96,34,700.00"
17/08/2024,"9,298","10,751","83,18,150.00","87,37,850.00","20,049","1,70,56,000.00"
18/08/2024,"9,404","10,348","85,64,100.00","91,41,450.00","19,752","1,77,05,550.00"
19/08/2024,"9,722","9,857","91,55,300.00","91,01,400.00","19,579","1,82,56,700.00"
20/08/2024,"10,038","9,710","94,95,600.00","90,06,450.00","19,748","1,85,02,050.00"
21/08/2024,"9,316","9,481","88,75,550.00","89,44,150.00","18,797","1,78,19,700.00"
22/08/2024,"9,974","9,298","88,26,900.00","84,95,550.00","19,272","1,73,22,450.00"
23/08/2024,"10,393","9,274","92,06,650.00","81,58,700.00","19,667","1,73,65,350.00"
24/08/2024,"8,524","9,408","73,99,050.00","78,94,950.00","17,932","1,52,94,000.00"
25/08/2024,"8,757","9,469","79,10,850.00","85,66,800.00","18,226","1,64,77,650.00"
26/08/2024,"9,665","10,049","90,87,050.00","92,45,450.00","19,714","1,83,32,500.00"
27/08/2024,"8,973","9,316","84,15,700.00","87,11,900.00","18,289","1,71,27,600.00"
28/08/2024,"9,580","9,455","89,99,800.00","90,22,150.00","19,035","1,80,21,950.00"
29/08/2024,"10,690","9,880","94,18,500.00","90,60,800.00","20,570","1,84,79,300.00"
30/08/2024,"11,223","10,721","1,00,78650.00","94,90,100.00","21,944","1,95,68,750.00"
31/08/2024,"9,704","10,009","88,60,700.00","84,32,500.00","19,713","1,72,93,200.00"
01/09/2024,"9,629","9,883","88,01,000.00","89,37,600.00","19,512","1,77,38,600.00"
02/09/2024,"9,564","9,574","88,63,150.00","88,46,850.00","19,138","1,77,10,000.00"
03/09/2024,"9,338","9,350","88,20,900.00","87,57,650.00","18,688","1,75,78,550.00"
04/09/2024,"9,991","9,622","93,81,500.00","90,35,050.00","19,613","1,84,16,550.00"
05/09/2024,"10,682","9,880","90,33,300.00","88,36,650.00","20,562","1,78,69,950.00"
06/09/2024,"11,605","10,502","1,02,74,100.00","91,65,950.00","22,107","1,94,40,050.00"
07/09/2024,"9,105","10,108","80,43,600.00","83,64,050.00","19,213","1,64,07,650.00"
08/09/2024,"8,993","9,776","81,81,550.00","88,25,500.00","18,769","1,70,07,050.00"
09/09/2024,"10,051","9,812","93,61,500.00","90,10,850.00","19,863","1,83,72,350.00"
10/09/2024,"9,598","9,853","88,62,100.00","91,50,100.00","19,451","1,80,12,200.00"
11/09/2024,"9,964","9,876","92,21,600.00","91,99,150.00","19,840","1,84,20,750.00"
12/09/2024,"11,428","10,391","96,44,850.00","93,44,750.00","21,819","1,89,89,600.00"
13/09/2024,"12,879","11,243","1,11,51,600.00","97,08,900.00","24,122","2,08,60,500.00"
14/09/2024,"8,774","9,816","77,08,150.00","83,51,100.00","18,590","1,60,59,250.00"
15/09/2024,"8,919","8,561","83,23,250.00","78,16,400.00","17,480","1,61,39,650.00"
16/09/2024,"9,198","9,574","84,82,650.00","83,95,550.00","18,772","1,68,78,200.00"
17/09/2024,"8,827","9,472","79,88,150.00","84,00,550.00","18,299","1,63,88,700.00"
18/09/2024,"9,442","9,782","86,13,100.00","90,47,550.00","19,224","1,76,60,650.00"
19/09/2024,"11,209","10,052","97,66,800.00","90,35,200.00","21,261","1,88,02,000.00"
20/09/2024,"11,668","10,785","1,02,57,700.00","93,32,400.00","22,453","1,95,90,100.00"
21/09/2024,"9,226","9,587","83,41,000.00","80,06,050.00","18,813","1,63,47,050.00"
22/09/2024,"9,263","9,929","84,42,500.00","88,40,250.00","19,192","1,72,82,750.00"
23/09/2024,"9,629","9,660","89,29,550.00","89,46,450.00","19,289","1,78,76,000.00"
24/09/2024,"9,727","9,429","90,40,500.00","87,61,600.00","19,156","1,78,02,100.00"
25/09/2024,"9,239","8,768","87,54,350.00","82,44,050.00","18,007","1,69,98,400.00"
26/09/2024,"8,953","8,552","82,41,250.00","79,91,550.00","17,505","1,62,32,800.00"
27/09/2024,"10,037","8,760","89,88,700.00","78,04,400.00","18,797","1,67,93,100.00"
28/09/2024,"8,455","9,159","74,34,050.00","77,53,100.00","17,614","1,51,87,150.00"
29/09/2024,"8,831","9,664","80,34,200.00","88,29,550.00","18,495","1,68,63,750.00"
30/09/2024,"8,774","9,790","79,85,450.00","90,16,250.00","18,564","1,70,01,700.00"
01/10/2024,"9,201","9,388","81,48,050.00","84,97,300.00","18,589","1,66,45,350.00"
02/10/2024,"9,722","9,341","90,39,300.00","85,10,800.00","19,063","1,75,50,100.00"
03/10/2024,"9,452","9,217","81,43,450.00","82,67,800.00","18,669","1,64,11,250.00"
04/10/2024,"10,421","9,176","95,57,050.00","82,67,850.00","19,597","1,78,24,900.00"
05/10/2024,"8,498","9,021","76,58,000.00","77,14,950.00","17,519","1,53,72,950.00"
06/10/2024,"8,943","9,064","81,13,300.00","80,82,850.00","18,007","1,61,96,150.00"
07/10/2024,"9,453","9,572","87,40,800.00","87,67,800.00","19,025","1,75,08,600.00"
08/10/2024,"9,779","9,859","87,66,200.00","92,18,250.00","19,638","1,79,84,450.00"
09/10/2024,"11,983","10,688","98,60,500.00","97,34,750.00","22,671","1,95,95,250.00"
10/10/2024,"15,437","11,931","1,13,37,850.00","1,05,49,450.00","27,368","2,18,87,300.00"
11/10/2024,"14,428","11,524","1,18,35,200.00","96,95,550.00","25,952","2,15,30,750.00"
12/10/2024,"9,372","10,203","78,19,300.00","82,46,300.00","19,575","1,60,65,600.00"
13/10/2024,"10,438","13,090","91,16,000.00","97,95,700.00","23,528","1,89,11,700.00"
14/10/2024,"9,423","11,732","81,27,350.00","92,69,950.00","21,155","1,73,97,300.00"
15/10/2024,"11,054","11,026","1,01,41,800.00","95,39,000.00","22,080","1,96,80,800.00"
16/10/2024,"10,805","11,131","98,97,250.00","1,01,58,700.00","21,936","2,00,55,950.00"
17/10/2024,"11,233","10,484","99,36,000.00","96,62,350.00","21,717","1,95,98,350.00"
18/10/2024,"12,106","11,622","1,06,77,650.00","99,79,950.00","23,728","2,06,57,600.00"
19/10/2024,"9,737","11,302","86,64,800.00","93,66,100.00","21,039","1,80,30,900.00"
20/10/2024,"10,039","10,526","92,35,200.00","95,40,400.00","20,565","1,87,75,600.00"
21/10/2024,"10,142","10,173","95,53,900.00","95,36,100.00","20,315","1,90,90,000.00"
22/10/2024,"10,460","10,005","98,29,350.00","92,44,250.00","20,465","1,90,73,600.00"
23/10/2024,"10,035","9,730","95,78,450.00","92,99,600.00","19,765","1,88,78,050.00"
24/10/2024,"10,396","9,916","94,10,300.00","91,71,550.00","20,312","1,85,81,850.00"
25/10/2024,"11,535","10,118","1,02,55,950.00","89,32,550.00","21,653","1,91,88,500.00"
26/10/2024,"9,050","9,465","81,96,150.00","81,22,600.00","18,515","1,63,18,750.00"
27/10/2024,"9,357","9,947","85,89,600.00","90,03,700.00","19,304","1,75,93,300.00"
28/10/2024,"9,208","9,956","85,74,900.00","93,11,050.00","19,164","1,78,85,950.00"
29/10/2024,"10,262","9,741","97,81,750.00","90,96,250.00","20,003","1,88,78,000.00"
30/10/2024,"9,838","9,945","91,99,950.00","93,76,400.00","19,783","1,85,76,350.00"
31/10/2024,"10,908","10,166","94,67,400.00","93,75,100.00","21,074","1,88,42,500.00"
01/11/2024,"11,756","10,695","1,03,15,500.00","94,67,000.00","22,451","1,97,82,500.00"
02/11/2024,"8,988","10,146","79,58,850.00","85,30,200.00","19,134","1,64,89,050.00"
03/11/2024,"9,462","10,155","86,14,900.00","91,33,100.00","19,617","1,77,48,000.00"
04/11/2024,"9,489","10,127","87,18,300.00","93,62,400.00","19,616","1,80,80,700.00"
05/11/2024,"10,732","10,088","1,00,46,900.00","92,58,400.00","20,820","1,93,05,300.00"
06/11/2024,"9,594","9,911","87,93,450.00","92,37,600.00","19,505","1,80,31,050.00"
07/11/2024,"12,007","10,511","1,02,96,000.00","95,02,650.00","22,518","1,97,98,650.00"
08/11/2024,"12,059","11,142","1,05,72,800.00","98,01,950.00","23,201","2,03,74,750.00"
09/11/2024,"8,843","10,563","78,32,900.00","87,43,600.00","19,406","1,65,76,500.00"
10/11/2024,"9,059","10,554","79,91,800.00","94,75,900.00","19,613","1,74,67,700.00"
11/11/2024,"9,932","10,237","93,18,050.00","95,15,000.00","20,169","1,88,33,050.00"
12/11/2024,"11,227","10,151","1,06,97,400.00","96,48,000.00","21,378","2,03,45,400.00"
13/11/2024,"10,629","10,350","99,88,550.00","98,55,150.00","20,979","1,98,43,700.00"
14/11/2024,"11,592","10,665","1,00,89,850.00","99,16,850.00","22,257","2,00,06,700.00"
15/11/2024,"12,668","11,272","1,13,28,000.00","99,95,550.00","23,940","2,13,23,550.00"
16/11/2024,"9,534","10,427","84,82,250.00","86,85,950.00","19,961","1,71,68,200.00"
17/11/2024,"9,691","11,017","90,16,550.00","1,00,15,950.00","20,708","1,90,32,500.00"
18/11/2024,"10,219","10,415","96,98,800.00","97,87,350.00","20,634","1,94,86,150.00"
19/11/2024,"10,514","20,613","99,14,850.00","95,54,000.00","20,613","1,94,68,850.00"
20/11/2024,"10,522","10,331","1,00,65,300.00","98,30,350.00","20,853","1,98,95,650.00"
21/11/2024,"11,175","10,371","97,47,200.00","95,95,150.00","21,546","1,93,42,350.00"
22/11/2024,"11,888","11,036","1,07,32,600.00","1,00,40,300.00","22,924","2,07,72,900.00"
23/11/2024,"9,399","10,295","84,27,550.00","87,74,400.00","19,694","1,72,01,950.00"
24/11/2024,"9,426","10,230","86,39,550.00","93,20,350.00","19,656","1,79,59,900.00"
25/11/2024,"9,868","9,797","93,42,450.00","91,87,500.00","19,665","1,85,29,950.00"
26/11/2024,"10,103","9,868","95,67,850.00","91,83,300.00","19,971","1,87,51,150.00"
27/11/2024,"10,041","9,618","96,39,900.00","90,90,750.00","19,659","1,87,30,650.00"
28/11/2024,"9,470","9,954","84,02,950.00","92,76,500.00","19,424","1,76,79,450.00"
29/11/2024,"12,498","10,545","1,15,57,400.00","95,34,450.00","23,043","2,10,91,850.00"
30/11/2024,"9,147","9,815","84,94,850.00","85,06,600.00","18,962","1,70,01,450.00"
01/12/2024,"9,432","9,867","86,23,100.00","91,86,500.00","19,299","1,78,09,600.00"
02/12/2024,"9,419","9,829","89,03,800.00","93,69,050.00","22,600","1,82,72,850.00"
03/12/2024,"10,150","9,947","95,41,600.00","93,39,650.00","20,097","1,88,81,250.00"
04/12/2024,"9,930","9,787","94,21,750.00","91,71,100.00","19,717","1,85,92,850.00"
05/12/2024,"11,000","9,915","96,17,050.00","89,99,050.00","20,915","1,86,16,100.00"
06/12/2024,"11,752","10,633","1,06,31,450.00","95,22,150.00","22,385","2,01,53,600.00"
07/12/2024,"8,833","11,035","77,80,650.00","95,82,650.00","19,868","1,73,63,300.00"
08/12/2024,"9,569","10,202","88,41,550.00","94,29,250.00","19,771","1,82,70,800.00"
09/12/2024,"10,140","9,787","97,20,100.00","92,97,000.00","19,927","1,90,17,100.00"
10/12/2024,"10,749","10,232","1,03,19,900.00","96,33,950.00","20,981","1,99,53,850.00"
11/12/2024,"10,990","10,573","1,03,90,100.00","1,00,69,900.00","21,563","2,04,60,000.00"
12/12/2024,"12,041","11,371","1,04,42,250.00","1,05,31,350.00","23,412","2,09,73,600.00"
13/12/2024,"14,279","12,292","1,25,82,250.00","1,12,65,800.00","26,571","2,38,48,050.00"
14/12/2024,"10,733","10,855","96,90,750.00","95,12,550.00","21,588","1,92,03,300.00"
15/12/2024,"11,387","11,189","1,01,42,000.00","1,02,06,000.00","22,576","2,03,48,000.00"
16/12/2024,"12,620","12,651","1,15,05,450.00","1,10,91,800.00","25,271","2,25,97,250.00"
17/12/2024,"10,678","11,142","97,74,800.00","98,99,800.00","21,820","1,96,74,600.00"
18/12/2024,"10,288","11,035","96,56,700.00","1,03,39,100.00","21,323","1,99,95,800.00"
19/12/2024,"13,044","11,508","1,13,99,700.00","1,06,55,550.00","24,552","2,20,55,250.00"
20/12/2024,"13,361","12,328","1,18,63,300.00","1,09,58,450.00","25,689","2,28,21,750.00"
21/12/2024,"11,013","11,442","99,55,400.00","97,84,900.00","22,455","1,97,40,300.00"
22/12/2024,"10,942","11,433","1,01,69,750.00","1,03,63,200.00","22,375","2,05,32,950.00"
23/12/2024,"11,229","11,251","1,04,44,400.00","1,05,00,650.00","22,480","2,09,45,050.00"
24/12/2024,"12,167","11,355","1,09,67,850.00","1,05,81,000.00","23,522","2,15,48,850.00"
25/12/2024,"13,258","11,612","1,18,16,350.00","1,06,97,350.00","24,870","2,25,13,700.00"
26/12/2024,"12,192","11,077","1,07,06,300.00","1,00,14,700.00","23,269","2,07,21,000.00"
27/12/2024,"12,930","12,331","1,14,95700.00","1,07,84,300.00","25,261","2,22,80,000.00"
28/12/2024,"10,930","12,491","98,94,300.00","1,04,36,850.00","23,421","2,03,31,150.00"
29/12/2024,"10,794","11,789","99,24,550.00","1,05,84,900.00","22,583","2,05,09,450.00"
30/12/2024,"10,387","11,571","98,90,500.00","1,07,09,700.00","21,958","2,06,00,200.00"
31/12/2024,"11,676","11,066","1,11,00,150.00","1,01,14,100.00","22,742","2,12,14,250.00"
01/01/2025,"10,730","10,325","1,02,13,400.00","97,26,750.00","21,055","1,99,40,150.00"
02/01/2025,"10,519","10,489","94,67,500.00","98,62,500.00","21,008","1,93,30,000.00"
03/01/2025,"11,955","10,886","1,09,67,650.00","1,00,74,900.00","22,841","2,10,42,550.00"
04/01/2025,"10,194","10,722","91,04,350.00","92,97,250.00","20,916","1,84,01,600.00"
05/01/2025,"10,161","11,646","94,91,200.00","1,04,56,850.00","21,807","1,99,48,050.00"
06/01/2025,"10,493","11,121","99,89,750.00","1,05,40,500.00","21,614","2,05,30,250.00"
07/01/2025,"10,699","10,885","1,01,75,650.00","10,444,200.00","21,584","2,06,19,850.00"
08/01/2025,"10,701","10,639","1,01,54,950.00","1,02,14,600.00","21,340","2,03,69,550.00"
09/01/2025,"11,617","10,877","1,02,59,850.00","1,02,10,400.00","22,494","2,04,70,250.00"
10/01/2025,"12,408","11,744","1,13,32,700.00","1,06,59,950.00","24,152","2,19,92,650.00"
11/01/2025,"10,337","11,326","95,08,950.00","98,11,150.00","21,663","1,93,20,100.00"
12/01/2025,"10,622","11,263","1,00,60,950.00","1,05,92,100.00","21,885","2,06,53,050.00"
13/01/2025,"10,549","11,001","1,01,62,150.00","1,05,26,900.00","21,550","2,06,89,050.00"
14/01/2025,"10,958","10,494","1,06,73,300.00","1,00,95,150.00","21,452","2,07,68,450.00"
15/01/2025,"11,059","11,073","1,07,20,400.00","1,07,36,500.00","22,132","2,14,56,900.00"
16/01/2025,"11,814","11,338","1,04,40,700.00","1,06,21,050.00","23,152","2,10,61,750.00"
17/01/2025,"12,093","11,446","1,09,25,550.00","1,04,74,450.00","23,539","2,14,00,000.00"
18/01/2025,"10,726","10,929","97,29,200.00","93,74,950.00","21,655","1,91,04,150.00"
19/01/2025,"10,322","10,655","97,80,700.00","98,23,900.00","20,977","1,96,04,600.00"
20/01/2025,"10,831","10,761","1,04,89,750.00","1,01,96,350.00","21,592","2,06,86,100.00"
21/01/2025,"10,605","10,635","1,02,31,850.00","1,02,51,100.00","21,240","2,04,82,950.00"
22/01/2025,"10,287","10,606","99,12,750.00","1,01,97,550.00","20,893","2,01,10,300.00"
23/01/2025,"11,460","10,580","1,04,49,350.00","99,40,400.00","22,040","2,03,89,750.00"
24/01/2025,"12,022","11,064","1,10,74,050.00","1,01,56,150.00","23,086","2,12,30,200.00"
25/01/2025,"9,849","10,529","91,14,500.00","92,19,550.00","20,378","1,83,34,050.00"
26/01/2025,"10,167","10,421","96,64,950.00","97,63,600.00","20,588","1,94,28,550.00"
27/01/2025,"10,288","10,382","97,94,600.00","99,01,650.00","20,670","1,96,96,250.00"
28/01/2025,"10,789","10,815","1,01,65,800.00","1,03,43,450.00","21,604","2,05,09,250.00"
29/01/2025,"10,469","10,826","99,69,600.00","1,03,20,200.00","21,295","2,02,89,800.00"
30/01/2025,"11,403","10,725","1,01,17,700.00","98,69,000.00","22,128","1,99,86,700.00"
31/01/2025,"12,286","11,640","1,10,31,350.00","1,04,84,200.00","23,926","2,15,15,550.00"
01/02/2025,"10,222","10,750","92,01,950.00","92,89,900.00","20,972","1,84,91,850.00"
02/02/2025,"9,928","10,817","91,18,400.00","1,00,05,750.00","20,745","1,91,24,150.00"
03/02/2025,"9,972","10,624","92,31,700.00","99,98,600.00","20,596","1,92,30,300.00"
04/02/2025,"10,673","10,709","1,02,54,000.00","1,01,60,200.00","21,382","2,04,14,200.00"
05/02/2025,"11,074","10,641","1,04,49,350.00","1,00,92,400.00","21,715","2,05,41,750.00"
06/02/2025,"12,060","11,203","1,06,26,350.00","1,03,15,650.00","23,263","2,09,42,000.00"
07/02/2025,"12,150","11,845","1,07,44,000.00","1,07,30,100.00","23,995","2,14,74,100.00"
08/02/2025,"10,945","11,913","98,76,900.00","1,01,61,600.00","22,858","2,00,38,500.00"
09/02/2025,"10,829","11,455","1,00,47,600.00","1,04,90,400.00","22,284","2,05,38,000.00"
10/02/2025,"11,225","11,185","1,07,92,700.00","1,05,96,600.00","22,410","2,13,89,300.00"
11/02/2025,"11,920","11,493","1,12,07,700.00","1,08,39,600.00","23,413","2,20,47,300.00"
12/02/2025,"11,748","11,664","1,09,67,050.00","1,10,71,150.00","23,412","2,20,38,200.00"
13/02/2025,"13,376","12,508","1,12,73,950.00","1,16,18,700.00","25,884","2,28,92,650.00"
14/02/2025,"14,244","10,991","1,25,71,800.00","1,00,05,400.00","25,235","2,25,77,200.00"
15/02/2025,"10,125","12,349","91,84,150.00","99,00,600.00","22,474","1,90,84,750.00"
16/02/2025,"10,804","12,125","97,98,850.00","1,05,45,850.00","22,929","2,03,44,700.00"
17/02/2025,"11,391","11,541","1,05,94,750.00","1,07,36,750.00","22,932","2,13,31,500.00"
18/02/2025,"11,797","11,400","1,10,33,400.00","1,06,23,150.00","23,197","2,16,56,550.00"
19/02/2025,"12,057","11,527","1,10,59,000.00","1,08,06,050.00","23,584","2,18,65,050.00"
20/02/2025,"13,172","11,877","1,16,75,900.00","1,08,14,400.00","25,049","2,24,90,300.00"
21/02/2025,"13,462","12,716","1,16,84,450.00","1,10,96,250.00","26,178","2,27,80,700.00"
22/02/2025,"10,967","11,687","97,18,850.00","97,58,900.00","22,654","1,94,77,750.00"
23/02/2025,"10,703","11,793","95,50,300.00","1,06,25,500.00","22,496","2,01,75,800.00"
24/02/2025,"11,704","11,637","1,09,20,650.00","1,07,06,700.00","23,341","2,16,27,350.00"
25/02/2025,"12,117","12,045","1,11,87,000.00","1,10,80,650.00","24,162","2,22,67,650.00"
26/02/2025,"12,035","12,297","1,09,66,300.00","1,11,95,850.00","24,332","2,21,62,150.00"
27/02/2025,"12,884","12,544","1,15,32,200.00","1,15,97,850.00","25,428","2,31,30,050.00"
28/02/2025,"13,312","12,618","1,19,35,250.00","1,12,17,250.00","25,930","2,31,52,500.00"
01/03/2025,"11,500","11,561","1,06,36,950.00","1,01,13,750.00","23,061","2,07,50,700.00"
02/03/2025,"10,131","10,185","96,64,100.00","96,69,100.00","20,316","1,93,33,200.00"
03/03/2025,"10,100","9,359","97,71,350.00","88,11,600.00","19,459","1,85,82,950.00"
04/03/2025,"10,200","10,521","98,25,750.00","1,02,31,100.00","20,721","2,00,56,850.00"
05/03/2025,"10,384","10,060","1,00,07,250.00","96,86,250.00","20,444","1,96,93,500.00"
06/03/2025,"10,886","10,299","99,61,700.00","97,21,200.00","21,185","1,96,82,900.00"
07/03/2025,"11,047","10,111","1,04,92,950.00","93,67,400.00","21,158","1,98,60,350.00"
08/03/2025,"9,570","10,137","90,32,900.00","90,62,950.00","19,707","1,80,95,850.00"
09/03/2025,"9,767","9,944","92,89,750.00","93,30,650.00","19,711","1,86,20,400.00"
10/03/2025,"10,366","10,219","1,01,33,200.00","98,50,350.00","20,585","1,99,83,550.00"
11/03/2025,"10,420","10,192","1,02,76,200.00","98,69,100.00","20,612","2,01,45,300.00"
12/03/2025,"10,414","10,332","1,01,02,600.00","1,00,59,900.00","20,746","2,01,62,500.00"
13/03/2025,"10,879","10,515","1,01,71,250.00","1,02,06,700.00","21,394","2,03,77,950.00"
14/03/2025,"11,352","10,322","1,07,87,900.00","96,85,600.00","21,674","2,04,73,500.00"
15/03/2025,"9,579","10,053","89,68,950.00","91,96,150.00","19,632","1,81,65,100.00"
16/03/2025,"9,620","10,059","92,33,150.00","95,52,450.00","19,679","1,87,85,600.00"
17/03/2025,"10,283","9,941","98,45,050.00","95,48,150.00","20,224","1,93,93,200.00"
18/03/2025,"10,833","10,159","1,05,14,550.00","96,96,000.00","20,992","2,02,10,550.00"
19/03/2025,"10,713","10,451","1,03,25,850.00","1,00,56,800.00","21,164","2,03,82,650.00"
20/03/2025,"11,174","11,055","1,03,06,850.00","1,05,30,100.00","22,229","2,08,36,950.00"
21/03/2025,"12,371","11,123","1,15,64,800.00","1,05,32,700.00","23,494","2,20,97,500.00"
22/03/2025,"10,708","10,487","1,01,61,750.00","97,26,450.00","21,195","1,98,88,200.00"
23/03/2025,"10,813","11,474","98,31,850.00","1,10,05,850.00","22,287","2,08,37,700.00"
24/03/2025,"12,097","12,000","1,12,07,100.00","1,14,79,450.00","24,097","2,26,86,550.00"
25/03/2025,"15,354","13,879","1,27,79,100.00","1,29,32,450.00","29,233","2,57,11,550.00"
26/03/2025,"18,239","15,527","1,38,48,450.00","1,40,51,450.00","33,766","2,78,99,900.00"
27/03/2025,"20,241","14,986","1,34,70,450.00","1,30,67,050.00","35,227","2,65,37,500.00"
28/03/2025,"30,398","17,937","1,90,98,550.00","1,47,54,350.00","48,335","3,38,52,900.00"
29/03/2025,"29,288","16,190","1,90,45,750.00","1,31,18,850.00","45,478","3,21,64,600.00"
30/03/2025,"21,126","10,339","1,46,88,600.00","78,38,250.00","31,465","2,25,26,850.00"
31/03/2025,"9,183","6,868","40,03,150.00","28,75,800.00","16,051","68,78,950.00"
01/04/2025,"9,243","7,695","48,05,150.00","42,01,200.00","16,938","90,06,350.00"
02/04/2025,"8,532","9,657","49,76,900.00","55,67,800.00","18,189","1,05,44,700.00"
03/04/2025,"9,285","13,063","62,04,900.00","76,88,200.00","22,348","1,38,93,100.00"
04/04/2025,"12,651","23,170","96,64,350.00","1,28,53,750.00","35,821","2,25,18,100.00"
05/04/2025,"14,872","27,926","1,13,93,400.00","1,52,31,300.00","42,798","2,66,24,700.00"
06/04/2025,"15,079","21,868","1,26,09,750.00","1,53,19,400.00","36,947","2,79,29,150.00"
07/04/2025,"15,011","20,223","1,31,64,700.00","1,54,55,750.00","35,234","2,86,20,450.00"
08/04/2025,"14,044","16,866","1,26,60,900.00","1,39,79,000.00","30,910","2,66,39,900.00"
09/04/2025,"12,247","13,664","1,11,86,350.00","1,20,06,800.00","25,911","2,31,93,150.00"
10/04/2025,"12,532","12,769","1,13,67,400.00","1,12,27,500.00","25,301","2,25,94,900.00"
11/04/2025,"13,191","13,315","1,19,16,200.00","1,14,58,650.00","26,506","2,33,74,850.00"
12/04/2025,"11,832","12,808","1,06,85,950.00","1,08,44,900.00","24,640","2,15,30,850.00"
13/04/2025,"11,892","12,085","1,08,29,600.00","1,08,86,600.00","23,977","2,17,16,200.00"
14/04/2025,"11,880","12,213","1,09,56,200.00","1,10,03,150.00","24,093","2,19,59,350.00"
15/04/2025,"11,449","11,215","1,07,12,350.00","1,00,70,200.00","22,664","2,07,82,550.00"
16/04/2025,"11,335","11,414","1,07,18,500.00","1,06,63,700.00","22,749","2,13,82,200.00"
17/04/2025,"11,583","11,085","1,03,98,000.00","1,01,99,350.00","22,668","2,05,97,350.00"
18/04/2025,"12,413","11,440","1,12,66,150.00","1,01,22,700.00","23,853","2,13,88,850.00"
19/04/2025,"11,029","11,018","1,01,75,150.00","95,21,200.00","22,047","1,96,96,350.00"
20/04/2025,"10,865","11,100","1,01,47,850.00","1,01,07,200.00","21,965","2,02,55,050.00"
21/04/2025,"10,678","11,079","1,00,17,600.00","1,03,74,200.00","21,757","2,03,91,800.00"
22/04/2025,"10,972","10,651","1,02,68,800.00","1,00,00,450.00","21,623","2,02,69,250.00"
23/04/2025,"10,897","10,530","1,01,88,550.00","97,47,450.00","21,427","1,99,36,000.00"
24/04/2025,"11,581","11,063","1,04,18,600.00","1,01,93,300.00","22,644","2,06,11,900.00"
25/04/2025,"12,230","11,382","1,11,28,800.00","1,01,22,250.00","23,612","2,12,51,050.00"
26/04/2025,"10,731","10,841","98,56,000.00","95,29,350.00","21,572","1,93,85,350.00"
27/04/2025,"10,722","10,755","98,97,850.00","97,90,650.00","21,477","1.96,88,500.00"
28/04/2025,"10,603","10,980","99,24,300.00","1,02,45,150.00","21,583","2,01,69,450.00"
29/04/2025,"10,788","10,596","1,01,14,150.00","99,66,500.00","21,384","2,00,80,650.00"
30/04/2025,"12,408","11,801","1,06,58,050.00","1,08,55,300.00","24,209","2,15,13,350.00"
01/05/2025,"13,991","11,269","1,17,02,300.00","99,37,950.00","25,260","2,16,40,250.00"
02/05/2025,"10,957","11,671","98,54,850.00","98,77,300.00","22,628","1,97,32,150.00"
03/05/2025,"10,875","12,770","97,27,350.00","1,04,59,750.00","23,645","2,01,87,100.00"
04/05/2025,"10,741","11,559","99,69,600.00","1,05,94,050.00","22,300","2,05,63,650.00"
05/05/2025,"11,242","11,022","1,06,94,600.00","1,03,70,750.00","22,264","2,10,65,350.00"
06/05/2025,"10,920","10,767","1,03,95,900.00","1,01,87,350.00","21,687","2,05,83,250.00"
07/05/2025,"10,804","11,077","1,01,40,150.00","1,05,24,000.00","21,881","2,06,64,150.00"
08/05/2025,"12,388","11,636","1,08,40,700.00","1,06,96,450.00","24,024","2,15,37,150.00"
09/05/2025,"13,114","11,699","1,18,31,600.00","1,06,62,800.00","24,813","2,24,94,400.00"
10/05/2025,"10,822","10,989","99,99,150.00","98,00,050.00","21,811","1,97,99,200.00"
11/05/2025,"10,919","12,088","98,24,200.00","1,07,10,000.00","23,007","2,05,34,200.00"
12/05/2025,"10,799","11,366","1,00,76,300.00","1,03,81,550.00","22,165","2,04,57,850.00"
13/05/2025,"11,145","10,862","1,04,22,800.00","1,01,04,100.00","22,007","2,05,26,900.00"
14/05/2025,"11,156","11,294","1,05,37,250.00","1,06,56,200.00","22,450","2,11,93,450.00"
15/05/2025,"11,642","11,493","1,05,42,000.00","1,06,20,350.00","23,135","2,11,62,350.00"
16/05/2025,"12,531","11,345","1,15,03,700.00","1,02,73,750.00","23,876","2,17,77,450.00"
17/05/2025,"10,260","10,792","93,15,550.00","96,02,400.00","21,052","1,89,17,950.00"
18/05/2025,"10,381","10,876","96,56,350.00","1,00,44,850.00","21,257","1,97,01,200.00"
19/05/2025,"10,939","10,624","1,03,88,400.00","99,25,700.00","21,563","2,03,14,100.00"
20/05/2025,"11,335","10,669","1,08,08,050.00","1,01,53,250.00","22,004","2,09,61,300.00"
21/05/2025,"10,556","11,223","99,00,250.00","1,07,28,850.00","21,779","2,06,29,100.00"
22/05/2025,"11,394","11,640","1,02,98,800.00","1,08,16,750.00","23,034","2,11,15,550.00"
23/05/2025,"13,249","11,830","1,23,72,800.00","1,08,23,200.00","25,079","2,31,96,000.00"
24/05/2025,"10,934","11,223","1,02,09,700.00","1,01,51,250.00","22,157","2,03,60,950.00"
25/05/2025,"11,800","12,011","1,10,88,250.00","1,13,62,250.00","23,811","2,24,50,500.00"
26/05/2025,"11,863","11,822","1,11,98,600.00","1,12,88,200.00","23,685","2,24,86,800.00"
27/05/2025,"12,281","11,915","1,16,06,500.00","1,13,23,850.00","24,196","2,29,30,350.00"
28/05/2025,"12,341","12,712","1,15,79,800.00","1,21,44,750.00","25,053","2,37,24,550.00"
29/05/2025,"12,097","13,005","1,12,54,600.00","1,26,73,400.00","25,102","2,39,28,000.00"
30/05/2025,"12,823","12,342","1,17,94,900.00","1,16,91,200.00","25,165","2,34,86,100.00"
31/05/2025,"12,387","12,262","1,13,63,650.00","1,13,07,500.00","24,649","2,26,71,150.00"
01/06/2025,"13,868","13,305","1,24,48,200.00","1,24,79,650.00","27,173","2,49,27,850.00"
02/06/2025,"15,398","14,769","1,37,13,000.00","1,38,32,400.00","30,167","2,75,45,400.00"
03/06/2025,"17,657","15,907","1,44,82,850.00","1,41,81,050.00","33,564","2,86,63,900.00"
04/06/2025,"30,845","21,004","1,84,97,350.00","1,74,85,650.00","51,849","3,59,83,000.00"
05/06/2025,"43,003","21,280","2,42,30,700.00","1,68,50,250.00","64,283","4,10,80,950.00"
06/06/2025,"33,854","14,330","2,33,80,150.00","1,09,92,600.00","48,184","3,43,72,750.00"
07/06/2025,"10,098","11,100","66,86,650.00","80,85,650.00","21,198","1,47,72,300.00"
08/06/2025,"13,638","9,986","80,81,850.00","63,05,500.00","23,624","1,43,87,350.00"
09/06/2025,"12,059","11,744","75,64,250.00","73,56,050.00","23,803","1,49,20,300.00"
10/06/2025,"11,104","15,745","74,50,900.00","92,11,850.00","26,849","1,66,62,750.00"
11/06/2025,"13,286","18,712","98,79,850.00","1,14,65,850.00","31,998","2,13,45,700.00"
12/06/2025,"16,380","22,159","1,29,24,250.00","1,50,44,950.00","38,539","2,79,69,200.00"
13/06/2025,"18,365","30,817","1,48,38,300.00","1,94,74,900.00","49,182","3,43,13,200.00"
14/06/2025,"18,266","33,329","1,44,52,200.00","2,03,84,050.00","51,595","3,48,36,250.00"
15/06/2025,"19,189","22,800","1,60,51,700.00","1,67,68,500.00","41,989","3,28,20,200.00"
16/06/2025,"16,192","17,119","1,42,90,600.00","1,37,25,950.00","33,311","2,80,16,550.00"
17/06/2025,"14,053","15,290","1,27,95,000.00","1,30,59,200.00","29,343","2,58,54,200.00"
18/06/2025,"12,713","13,693","1,17,06,400.00","1,21,34,350.00","26,406","2,38,40,750.00"
19/06/2025,"13,393","13,274","1,22,14,250.00","1,18,41,200.00","26,667","2,40,55,450.00"
20/06/2025,"14,220","13,758","1,28,44,150.00","1,20,18,750.00","27,978","2,48,62,900.00"
21/06/2025,"12,306","13,449","1,09,82,150.00","1,15,42,700.00","25,755","2,25,24,850.00"
22/06/2025,"13,090","13,617","1,18,15,400.00","1,21,51,200.00","26,707","2,39,66,600.00"
23/06/2025,"13,083","13,405","1,19,29,000.00","1,21,36,950.00","26,488","24,065,950.00"
24/06/2025,"13,033","13,316","1,20,19,600.00","1,21,66,400.00","26,349","2,41,86,000.00"
25/06/2025,"12,949","13,184","1,18,48,650.00","1,19,16,400.00","26,133","2,37,65,050.00"
26/06/2025,"13,449","13,305","1,19,98,700.00","1,20,62,050.00","26,754","2,40,60,750.00"
27/06/2025,"14,189","13,539","1,25,89,200.00","1,18,23,250.00","27,728","2,44,12,450.00"
28/06/2025,"12,196","12,951","1,09,06,300.00","1,10,44,900.00","25,147","2,19,51,200.00"
29/06/2025,"12,310","12,745","1,09,89,800.00","1,14,02,950.00","25,055","2,23,92,750.00"
30/06/2025,"12,474","12,642","1,13,94,500.00","1,15,41,800.00","25,116","2,29,36,300.00"
01/07/2025,"12,497","12,592","1,12,40,950.00","1,13,98,400.00","25,089","2,26,39,350.00"
02/07/2025,"12,123","12,199","1,10,01,000.00","1,10,48,950.00","24,322","2,20,49,950.00"
03/07/2025,"13,888","13,086","1,14,15,350.00","1,15,59,250.00","26,974","2,29,74,600.00"
04/07/2025,"14,475","13,007","1,26,23,500.00","1,14,80,100.00","27,482","2,41,03,600.00"
05/07/2025,"11,826","12,297","1,04,91,100.00","1,06,80,500.00","24,123","2,11,71,600.00"
06/07/2025,"12,269","13,688","1,07,73,150.00","1,13,85,400.00","25,957","2,21,58,550.00"
07/07/2025,"11,314","12,585","98,93,100.00","1,11,33,300.00","23,899","2,10,26,400.00"
08/07/2025,"11,902","12,047","1,10,40,950.00","1,09,50,900.00","23,949","2,19,91,850.00"
09/07/2025,"11,042","11,179","1,01,27,400.00","1,03,88,600.00","22,221","2,05,16,000.00"
10/07/2025,"11,581","10,906","1,03,99,500.00","99,39,200.00","22,487","2,03,38,700.00"
11/07/2025,"13,394","11,823","1,21,01,900.00","1,03,79,700.00","25,217","2,24,81,600.00"
12/07/2025,"11,314","11,811","1,00,01,300.00","1,01,53,750.00","23,125","2,01,55,050.00"
13/07/2025,"11,221","12,306","99,07,950.00","1,10,75,350.00","23,527","2,09,83,300.00"
14/07/2025,"11,278","11,932","1,02,33,450.00","1,09,46,650.00","23,210","2,11,80,100.00"
15/07/2025,"11,882","11,192","1,11,60,350.00","1,03,91,100.00","23,074","2,15,51,450.00"
16/07/2025,"11,040","11,120","1,01,42,650.00","1,02,06,550.00","22,160","2,03,49,200.00"
17/07/2025,"11,923","11,555","1,03,45,850.00","1,03,63,950.00","23,478","2,07,09,800.00"
18/07/2025,"12,859","12,342","1,13,11,450.00","1,08,49,800.00","25,201","2,21,61,250.00"
19/07/2025,"10,951","12,759","95,64,500.00","1,09,52,800.00","23,710","2,05,17,300.00"
20/07/2025,"12,072","11,163","1,10,04,400.00","99,49,350.00","23,235","2,09,53,750.00"
21/07/2025,"11,143","11,257","1,01,31,200.00","1,01,92,450.00","22,400","2,03,23,650.00"
22/07/2025,"11,628","10,905","1,06,25,300.00","98,82,650.00","22,533","2,05,07,950.00"
23/07/2025,"11,560","11,003","1,06,57,000.00","99,69,450.00","22,563","2,06,26,450.00"
24/07/2025,"11,586","11,199","1,00,34,650.00","1,01,65,300.00","22,785","2,01,99,950.00"
25/07/2025,"12,617","11,710","1,10,79,350.00","1,01,86,100.00","24,327","2,12,65,450.00"
26/07/2025,"10,422","11,227","93,05,200.00","96,23,000.00","21,649","1,89,28,200.00"
27/07/2025,"10,072","10,895","91,37,400.00","97,49,100.00","20,967","1,88,86,500.00"
28/07/2025,"10,179","10,312","93,90,900.00","95,42,800.00","20,491","1,89,33,700.00"
29/07/2025,"11,021","10,138","1,04,08,250.00","92,92,000.00","21,159","1,97,00,250.00"
30/07/2025,"10,778","10,450","1,00,05,800.00","96,05,100.00","21,228","1,96,10,900.00"
31/07/2025,"11,152","10,833","98,08,800.00","98,50,450.00","21,985","1,96,59,250.00"
01/08/2025,"12,299","11,436","1,06,67,400.00","1,00,71,600.00","23,735","2,07,39,000.00"
02/08/2025,"10,503","9,676","88,94,250.00","85,43,650.00","20,179","1,74,37,900.00"
03/08/2025,"9,901","10,400","88,74,000.00","93,21,950.00","20,301","1,81,95,950.00"
04/08/2025,"10,488","10,295","92,91,000.00","92,86,800.00","20,783","1,85,77,800.00"
05/08/2025,"10,670","10,329","96,13,100.00","93,75,950.00","20,999","1,89,89,050.00"
06/08/2025,"9,417","10,222","84,82,400.00","92,56,450.00","19,639","1,77,38,850.00"
07/08/2025,"11,461","10,973","96,56,700.00","98,58,500.00","22,434","1,95,15,200.00"
08/08/2025,"12,415","11,364","1,11,57,150.00","1,00,45,750.00","23,779","2,12,02,900.00"
09/08/2025,"10,339","11,070","90,86,950.00","92,28,150.00","21,409","1,83,15,100.00"
10/08/2025,"10,304","10,941","91,89,750.00","96,78,000.00","21,245","1,88,67,750.00"
11/08/2025,"10,914","10,871","99,94,650.00","99,33,100.00","21,785","1,99,27,750.00"
12/08/2025,"11,345","10,564","1,04,92,350.00","98,23,000.00","21,909","2,03,15,350.00"
13/08/2025,"10,898","10,572","1,00,09,850.00","98,96,950.00","21,470","1,99,06,800.00"
14/08/2025,"11,675","10,917","98,35,250.00","96,35,050.00","22,592","1,94,70,300.00"
15/08/2025,"12,701","11,734","1,08,70,800.00","1,02,23,400.00","24,435","2,10,94,200.00"
16/08/2025,"10,446","11,313","92,17,650.00","93,62,450.00","21,759","1,85,80,100.00"
17/08/2025,"10,089","10,740","91,56,500.00","94,00,950.00","20,829","1,85,57,450.00"
18/08/2025,"10,506","10,658","97,05,400.00","97,36,650.00","21,164","1,94,42,050.00"
19/08/2025,"10,946","10,714","1,00,83,050.00","99,32,350.00","21,660","2,00,15,400.00"
20/08/2025,"11,121","10,822","1,03,37,850.00","99,83,750.00","21,943","2,03,21,600.00"
21/08/2025,"11,890","10,977","1,05,04,250.00","1,00,03,050.00","22,867","2,05,07,300.00"
22/08/2025,"11,926","11,278","1,05,50,450.00","99,43,350.00","23,204","2,04,93,800.00"
23/08/2025,"9,632","10,647","85,45,250.00","90,81,000.00","20,279","1,76,26,250.00"
24/08/2025,"10,337","10,300","96,04,200.00","93,91,800.00","20,637","1,89,96,000.00"
25/08/2025,"10,490","10,294","97,98,750.00","95,67,100.00","20,784","1,93,65,850.00"
26/08/2025,"10,536","10,556","95,46,300.00","96,75,800.00","21,092","1,92,22,100.00"
27/08/2025,"10,820","10,473","1,00,12,950.00","97,37,600.00","21,293","1,97,50,550.00"
28/08/2025,"11,527","11,091","1,00,54,550.00","99,58,550.00","22,618","2,00,13,100.00"
29/08/2025,"12,303","11,416","1,08,91,600.00","1,00,50,950.00","23,719","2,09,42,550.00"
30/08/2025,"10,225","11,030","90,70,850.00","94,47,200.00","21,255","1,85,18,050.00"
31/08/2025,"10,418","10,401","94,76,400.00","9,279,250.00","20,819","1,87,55,650.00"
01/09/2025,"10,620","10,697","96,11,400.00","97,83,350.00","21,317","1,93,94,750.00"
02/09/2025,"10,830","10,761","98,45,150.00","98,64,800.00","21,591","1,97,09,950.00"
03/09/2025,"10,695","10,560","98,75,450.00","97,42,850.00","21,255","1,96,18,300.00"
04/09/2025,"12,308","11,317","1,01,38,650.00","1,01,33,850.00","23,625","2,02,72,500.00"
05/09/2025,"13,416","11,834","1,14,31,400.00","1,03,56,800.00","25,250","2,17,88,200.00"
06/09/2025,"10,324","11,735","90,85,800.00","95,35,900.00","22,059","1,86,21,700.00"
07/09/2025,"9,981","11,449","88,46,250.00","97,87,500.00","21,430","1,86,33,750.00"
08/09/2025,"11,048","11,001","1,01,14,150.00","1,00,71,750.00","22,049","2,01,85,900.00"
09/09/2025,"11,444","11,015","1,05,30,450.00","1,01,33,150.00","22,459","2,06,63,600.00"
10/09/2025,"11,174","11,230","1,02,23,400.00","1,04,39,900.00","22,404","2,06,63,300.00"
11/09/2025,"12,056","11,774","1,05,03,000.00","1,06,68,500.00","23,830","2,11,71,500.00"
12/09/2025,"13,304","12,207","1,13,90,350.00","1,06,58,700.00","25,511","2,20,49,050.00"
13/09/2025,"10,525","11,253","93,14,300.00","95,12,800.00","21,778","1,88,27,100.00"
14/09/2025,"9,966","10,301","92,12,650.00","93,41,550.00","20,267","1,85,54,200.00"
15/09/2025,"10,196","10,100","96,09,850.00","92,56,800.00","20,296","1,88,66,650.00"
16/09/2025,"10,782","10,358","1,00,39,550.00","96,29,850.00","21,140","1,96,69,400.00"
18/09/2025,"11,317","10,778","98,54,850.00","98,24,700.00","22,095","1,96,79,550.00"
19/09/2025,"12,274","11,619","1,09,13,250.00","1,03,83,500.00","23,893","2,12,96,750.00"
20/09/2025,"9,965","10,740","88,34,550.00","91,08,500.00","20,705","1,79,43,050.00"
21/09/2025,"10,154","10,652","92,03,350.00","96,75,500.00","20,806","1,88,78,850.00"
22/09/2025,"10,590","10,561","98,64,850.00","98,73,400.00","21,151","1,97,38,250.00"
23/09/2025,"11,019","10,494","1,03,25,000.00","97,03,200.00","21,513","2,00,28,200.00"
24/09/2025,"11,155","10,754","1,03,70,450.00","1,00,93,400.00","21,909","2,04,63,850.00"
25/09/2025,"11,935","11,588","1,03,20,400.00","1,06,25,400.00","23,523","2,09,45,800.00"
26/09/2025,"13,704","12,080","1,17,31,150.00","1,04,84,400.00","25,784","2,22,15,550.00"
27/09/2025,"10,997","11,097","96,31,350.00","95,26,500.00","22,094","1,91,57,850.00"
28/09/2025,"10,960","11,198","96,15,250.00","1,00,50,850.00","22,158","1,96,66,100.00"
29/09/2025,"12,589","11,678","1,11,34,550.00","1,07,48,400.00","24,267","2,18,82,950.00"
30/09/2025,"13,936","12,119","1,13,53,300.00","1,07,19,950.00","26,055","2,20,73,250.00"
01/10/2025,"15,774","11,642","1,20,22,050.00","1,02,81,350.00","27,416","2,23,03,400.00"
02/10/2025,"12,219","10,518","1,00,76,150.00","92,32,550.00","22,737","1,93,08,700.00"
03/10/2025,"10,472","12,710","89,81,900.00","99,78,400.00","23,182","1,89,60,300.00"
04/10/2025,"10,579","15,241","87,14,050.00","1,08,54,700.00","25,820","1,95,68,750.00"
05/10/2025,"10,455","11,802","92,25,700.00","97,73,500.00","22,257","1,89,99,200.00"
06/10/2025,"10,622","11,528","98,18,500.00","1,01,75,650.00","22,150","1,99,94,150.00"
07/10/2025,"11,178","11,676","1,03,24,900.00","1,06,38,650.00","22,854","2,09,63,550.00"
08/10/2025,"11,151","11,376","1,02,55,550.00","1,06,41,700.00","22,527","2,08,97,250.00"
09/10/2025,"12,097","11,804","1,05,01,300.00","1,07,11,750.00","23,901","2,12,13,050.00"
10/10/2025,"13,455","12,326","1,19,31,750.00","1,08,15,600.00","25,781","2,27,47,350.00"
11/10/2025,"10,531","11,654","93,51,000.00","9,963,950.00","22,185","1,93,14,950.00"
12/10/2025,"10,831","11,380","97,66,800.00","1,01,85,450.00","22,211","1,99,52,250.00"
13/10/2025,"11,349","11,228","1,06,31,450.00","1,03,84,600.00","22,577","2,10,16,050.00"
14/10/2025,"11,809","11,251","1,11,67,400.00","1,04,89,000.00","23,060","2,16,56,400.00"
15/10/2025,"12,014","11,463","1,11,90,050.00","1,09,24,350.00","23,477","2,21,14,400.00"
16/10/2025,"13,089","11,854","1,13,80,300.00","1,08,07,150.00","24,943","2,21,87,450.00"
17/10/2025,"13,792","12,428","1,19,94,550.00","1,08,22,750.00","26,220","2,28,17,300.00"
18/10/2025,"10,707","12,174","93,79,550.00","1,02,13,850.00","22,881","1,95,93,400.00"
19/10/2025,"11,074","11,780","1,00,58,950.00","1,05,57,350.00","22,854","2,06,16,300.00"
20/10/2025,"11,447","11,251","1,07,82,350.00","1,04,96,850.00","22,698","2,12,79,200.00"
21/10/2025,"11,407","11,340","1,08,19,250.00","1,06,24,100.00","22,747","2,14,43,350.00"
22/10/2025,"11,484","10,935","1,09,65,350.00","1,02,69,550.00","22,419","2,12,34,900.00"
23/10/2025,"12,480","11,597","1,09,66,200.00","1,07,81,900.00","24,077","2,17,48,100.00"
24/10/2025,"13,248","12,200","1,19,34,100.00","1,10,51,450.00","25,448","2,29,85,550.00"
25/10/2025,"10,517","11,604","95,21,550.00","1,00,12,050.00","22,121","1,95,33,600.00"
26/10/2025,"11,087","11,707","1,02,81,150.00","1,06,77,900.00","22,794","2,09,59,050.00"
27/10/2025,"11,332","11,411","1,06,45,100.00","1,07,50,700.00","22,743","2,13,95,800.00"
28/10/2025,"11,378","10,954","1,07,72,100.00","1,02,96,550.00","22,332","2,10,68,650.00"
29/10/2025,"11,030","10,996","1,03,80,350.00","1,03,15,350.00","22,026","2,06,95,700.00"
30/10/2025,"12,006","11,199","1,06,94,300.00","1,03,30,850.00","23,205","2,10,25,150.00"
31/10/2025,"13,160","11,811","1,15,19,800.00","1,04,74,800.00","24,971","2,19,94,600.00"
01/11/2025,"9,571","10,039","86,10,150.00","86,42,000.00","19,610","1,72,52,150.00"
02/11/2025,"9,493","10,614","85,25,700.00","97,11,500.00","20,107","1,82,37,200.00"
03/11/2025,"10,514","10,897","96,13,250.00","99,23,600.00","21,411","1,95,36,850.00"
04/11/2025,"10,965","11,086","1,00,73,650.00","1,03,18,550.00","22,051","2,03,92,200.00"
05/11/2025,"11,234","11,364","1,03,96,500.00","1,04,56,150.00","22,598","2,08,52,650.00"
06/11/2025,"12,693","11,781","1,07,23,650.00","1,06,49,500.00","24,474","2,13,73,150.00"
07/11/2025,"13,429","12,223","1,17,50,750.00","1,07,71,200.00","25,652","2,25,21,950.00"
08/11/2025,"10,721","12,001","94,07,850.00","1,01,15,650.00","22,722","1,95,23,500.00"
09/11/2025,"11,388","11,797","1,02,85,650.00","1,04,42,700.00","23,185","2,07,28,350.00"
10/11/2025,"11,666","11,435","1,09,10,850.00","1,06,21,350.00","23,101","2,15,32,200.00"
11/11/2025,"11,794","11,394","1,10,19,350.00","1,07,12,750.00","23,188","2,17,32,100.00"
12/11/2025,"11,912","11,067","1,10,89,500.00","1,03,90,950.00","22,979","2,14,80,450.00"
13/11/2025,"11,190","9,220","1,01,08,100.00","85,87,100.00","20,410","1,86,95,200.00"
14/11/2025,"11,857","12,145","1,04,72,150.00","1,09,27,300.00","24,002","2,13,99,450.00"
15/11/2025,"10,908","11,884","99,24,100.00","1,02,86,650.00","22,792","2,02,10,750.00"
16/11/2025,"11,040","11,353","1,01,88,050.00","1,03,37,100.00","22,393","2,05,25,150.00"
17/11/2025,"10,490","9,728","99,92,000.00","92,89,350.00","20,218","1,92,81,350.00"
18/11/2025,"10,597","11,305","99,48,900.00","1,06,93,700.00","21,902","2,06,42,600.00"
19/11/2025,"11,176","11,426","1,04,96,050.00","1,07,78,600.00","22,602","2,12,74,650.00"
20/11/2025,"12,717","11,270","1,12,69,000.00","1,04,32,400.00","23,987","2,17,01,400.00"
21/11/2025,"12,864","12,108","1,14,65,100.00","1,10,55,900.00","24,972","2,25,21,000.00"
22/11/2025,"10,605","11,503","95,48,550.00","97,74,800.00","22,108","1,93,23,350.00"
23/11/2025,"10,884","11,299","99,81,000.00","1,03,43,400.00","22,183","2,03,24,400.00"
24/11/2025,"11,210","11,033","1,05,10,850.00","1,04,15,350.00","22,243","2,09,26,200.00"
25/11/2025,"11,186","10,951","1,04,82,050.00","1,03,66,150.00","22,137","2,08,48,200.00"
26/11/2025,"11,838","10,793","1,11,17,650.00","1,01,79,500.00","22,631","2,12,97,150.00"
27/11/2025,"11,772","11,882","1,05,80,350.00","1,10,43,150.00","23,654","2,16,23,500.00"
28/11/2025,"12,916","12,022","1,15,93,350.00","1,09,09,250.00","24,938","2,25,02,600.00"
29/11/2025,"10,391","11,192","95,51,500.00","98,43,350.00","21,583","1,93,94,850.00"
30/11/2025,"10,741","11,048","1,00,05,700.00","1,01,06,750.00","21,789","2,01,12,450.00"
01/12/2025,"11,171","11,246","1,05,16,700.00","1,06,47,150.00","22,417","2,11,63,850.00"
02/12/2025,"11,114","11,060","1,04,47,900.00","1,05,15,250.00","22,174","2,09,63,150.00"
03/12/2025,"11,112","11,047","1,05,72,800.00","1,05,43,350.00","22,159","2,11,16,150.00"
04/12/2025,"12,392","11,764","1,07,54,150.00","1,08,53,200.00","24,156","2,16,07,350.00"
05/12/2025,"12,712","12,076","1,14,22,150.00","1,10,78,950.00","24,788","2,25,01,100.00"
06/12/2025,"10,389","11,621","93,38,400.00","1,00,66,850.00","22,010","1,94,05,250.00"
07/12/2025,"10,741","11,540","97,51,000.00","1,06,26,500.00","22,281","2,03,77,500.00"
08/12/2025,"11,413","11,307","1,08,05,150.00","1,06,94,800.00","22,720","2,14,99,950.00"
09/12/2025,"12,006","11,754","1,12,09,100.00","1,10,86,300.00","23,760","2,22,95,400.00"
10/12/2025,"11,863","11,734","1,10,99,150.00","1,09,90,000.00","23,597","2,20,89,150.00"
11/12/2025,"13,086","12,496","1,14,95,450.00","1,15,84,950.00","25,582","2,30,80,400.00"
12/12/2025,"14,539","13,001","1,29,02,500.00","1,17,42,400.00","27,540","2,46,44,900.00"
13/12/2025,"11,357","12,299","1,01,23,050.00","1,07,49,900.00","23,656","2,08,72,950.00"
14/12/2025,"11,730","12,485","1,06,99,750.00","1,14,89,950.00","24,215","2,21,89,700.00"
15/12/2025,"13,356","12,612","1,16,49,750.00","1,16,15,500.00","25,968","2,32,65,250.00"
16/12/2025,"15,096","13,315","1,33,60,850.00","1,18,68,200.00","28,411","2,52,29,050.00"
17/12/2025,"11,587","12,199","1,04,00,050.00","1,09,47,700.00","23,786","2,13,47,750.00"
18/12/2025,"13,707","12,814","1,19,42,750.00","1,17,18,750.00","26,521","2,36,61,500.00"
19/12/2025,"14,069","13,398","1,23,80,850.00","1,18,26,550.00","27,467","2,42,07,400.00"
20/12/2025,"11,870","13,175","1,07,83,450.00","1,14,59,250.00","25,045","2,22,42,700.00"
21/12/2025,"12,408","12,715","1,15,94,100.00","1,16,48,800.00","25,123","2,32,42,900.00"
22/12/2025,"12,461","12,609","1,15,17,700.00","1,16,69,650.00","25,070","2,31,87,350.00"
23/12/2025,"13,352","12,817","1,23,47,300.00","1,19,04,800.00","26,169","2,42,52,100.00"
24/12/2025,"14,849","14,232","1,26,61,050.00","1,29,97,350.00","29,081","2,56,58,400.00"
25/12/2025,"15,968","11,945","1,35,51,800.00","1,10,98,550.00","27,913","2,46,50,350.00"
26/12/2025,"12,158","12,976","1,07,93,950.00","1,11,98,450.00","25,134","2,19,92,400.00"
27/12/2025,"12,447","14,071","1,10,90,800.00","1,13,57,300.00","26,518","2,24,48,100.00"
28/12/2025,"11,709","13,133","1,07,96,050.00","1,17,66,750.00","24,842","2,25,62,800.00"
29/12/2025,"12,325","12,644","1,15,98,250.00","1,18,23,600.00","24,969","2,34,21,850.00"
30/12/2025,"12,448","12,275","1,16,90,700.00","1,12,02,700.00","24,723","2,28,93,400.00"
31/12/2025,"13,004","12,501","1,18,20,550.00","1,13,12,850.00","25,505","2,31,33,400.00"
01/01/2026,"11,569","11,042","1,01,95,950.00","1,00,71,900.00","22,611","2,02,67,850.00"
02/01/2026,"12,629","12,587","1,15,25,750.00","1,14,84,450.00","25,216","2,30,10,200.00"
03/01/2026,"11,144","12,418","1,01,22,100.00","1,07,77,700.00","23,562","2,08,99,800.00"
04/01/2026,"11,089","11,749","1,03,91,900.00","1,09,45,100.00","22,838","2,13,37,000.00"
05/01/2026,"11,084","11,569","1,04,42,400.00","1,09,78,500.00","22,653","2,14,20,900.00"
06/01/2026,"11,578","11,594","1,11,30,100.00","1,12,98,750.00","23,172","2,24,28,850.00"
07/01/2026,"11,722","11,635","1,10,90,000.00","1,11,08,700.00","23,357","2,21,98,700.00"
08/01/2026,"12,900","12,627","1,12,96,800.00","1,18,84,800.00","25,527","2,31,81,600.00"
09/01/2026,"13,090","12,690","1,19,21,200.00","1,16,25,950.00","25,780","2,35,47,150.00"
10/01/2026,"11,474","12,560","1,04,75,650.00","1,10,76,550.00","24,034","2,15,52,200.00"
11/01/2026,"11,730","12,088","1,10,79,500.00","1,12,02,700.00","23,818","2,22,82,200.00"
12/01/2026,"11,748","12,086","1,13,19,950.00","1,15,31,700.00","23,834","2,28,51,650.00"
13/01/2026,"12,315","12,017","1,17,09,650.00","1,15,10,100.00","24,332","2,32,19,750.00"
14/01/2026,"12,065","11,969","1,14,64,000.00","1,15,55,650.00","24,034","2,30,19,650.00"
15/01/2026,"13,307","12,617","1,18,16,250.00","1,18,49,450.00","25,924","2,36,65,700.00"
16/01/2026,"13,739","12,800","1,23,73,700.00","1,17,08,400.00","26,539","2,40,82,100.00"
17/01/2026,"12,472","12,154","1,12,36,750.00","1,06,40,100.00","24,626","2,18,76,850.00"
18/01/2026,"11,824","13,003","1,11,49,650.00","1,17,36,650.00","24,827","2,28,86,300.00"
19/01/2026,"12,007","12,221","1,13,55,250.00","1,15,51,900.00","24,228","2,29,07,150.00"
20/01/2026,"12,279","11,967","1,16,91,300.00","1,14,39,500.00","24,246","2,31,30,800.00"
21/01/2026,"12,043","11,538","1,14,25,250.00","1,09,52,350.00","23,581","2,23,77,600.00"
22/01/2026,"12,743","12,224","1,12,84,900.00","1,15,00,850.00","24,967","2,27,85,750.00"
23/01/2026,"13,007","12,160","1,17,86,700.00","1,09,98,400.00","25,167","2,27,85,100.00"
24/01/2026,"11,451","12,013","1,06,61,650.00","1,05,42,000.00","23,464","2,12,03,650.00"
25/01/2026,"11,661","11,808","1,08,48,900.00","1,08,43,050.00","23,469","2,16,91,950.00"
26/01/2026,"11,333","12,116","1,07,72,000.00","1,15,63,050.00","23,449","2,23,35,050.00"
27/01/2026,"11,856","11,772","1,13,62,800.00","1,12,44,350.00","23,628","2,26,07,150.00"
28/01/2026,"11,858","11,900","1,13,50,650.00","1,14,06,900.00","23,758","2,27,57,550.00"
29/01/2026,"12,419","12,096","1,12,10,600.00","1,14,22,550.00","24,515","2,26,33,150.00"
30/01/2026,"13,062","12,465","1,20,79,650.00","1,14,30,550.00","25,527","2,35,10,200.00"
31/01/2026,"11,406","11,824","1,07,02,450.00","1,04,84,200.00","23,230","2,11,86,650.00"
01/02/2026,"11,629","12,206","1,09,13,800.00","1,14,93,600.00","23,835","2,24,07,400.00"
02/02/2026,"11,751","12,131","1,12,49,700.00","1,17,11,550.00","23,882","2,29,61,250.00"
03/02/2026,"12,356","11,380","1,15,34,750.00","1,09,61,600.00","23,736","2,24,96,350.00"
04/02/2026,"11,939","11,608","1,10,89,350.00","1,09,52,250.00","23,547","2,20,41,600.00"
05/02/2026,"11,478","11,592","1,03,07,200.00","1,09,63,450.00","23,070","2,12,70,650.00"
06/02/2026,"13,280","12,871","1,20,66,400.00","1,21,25,050.00","26,151","2,41,91,450.00"
07/02/2026,"11,950","12,477","1,10,88,450.00","1,13,12,450.00","24,427","2,24,00,900.00"
08/02/2026,"11,817","12,721","1,10,09,850.00","1,22,20,350.00","24,538","2,32,30,200.00"
09/02/2026,"14,958","13,837","1,24,50,650.00","1,33,04,300.00","28,795","2,57,54,950.00"
10/02/2026,"23,989","12,934","1,71,73,900.00","1,15,33,750.00","36,923","2,87,07,650.00"
11/02/2026,"13,297","5,521","1,22,95,200.00","48,33,150.00","18,818","17,128,350.00"
12/02/2026,"1,588","1,176","12,74,900.00","8,34,600.00","2,764","21,09,500.00"
13/02/2026,"6,596","12,142","55,19,450.00","88,64,850.00","18,738","1,43,84,300.00"
14/02/2026,"10,338","18,924","84,13,700.00","1,23,94,150.00","29,262","2,08,07,850.00"
15/02/2026,"11,195","16,767","99,76,300.00","1,44,90,250.00","27,962","2,44,66,550.00"
16/02/2026,"12,938","15,316","1,18,46,550.00","1,38,09,900.00","28,254","2,56,56,450.00"
17/02/2026,"14,006","14,767","1,32,76,750.00","1,35,60,650.00","28,773","2,68,37,400.00"
18/02/2026,"13,381","13,214","1,27,46,650.00","1,25,34,000.00","26,595","2,52,80,650.00"
19/02/2026,"13,086","11,769","1,24,00,500.00","1,14,00,200.00","24,855","2,38,00,700.00"
20/02/2026,"12,049","10,954","1,16,52,100.00","1,06,59,550.00","23,003","2,23,11,650.00"
21/02/2026,"10,623","11,202","1,02,82,550.00","1,02,11,550.00","21,825","2,04,94,100.00"
22/02/2026,"10,468","11,043","1,01,17,850.00","1,02,72,900.00","21,511","2,03,90,750.00"
23/02/2026,"11,328","11,029","1,12,20,950.00","1,08,17,550.00","22,357","2,20,38,500.00"
24/02/2026,"11,297","11,036","1,11,70,200.00","1,08,07,150.00","22,333","2,19,77,350.00"
25/02/2026,"11,349","10,895","1,12,10,750.00","1,06,87,700.00","22,244","2,18,98,450.00"
26/02/2026,"11,763","11,244","1,12,44,350.00","1,08,33,400.00","23,007","2,20,77,750.00"
27/02/2026,"11,945","10,864","1,14,98,300.00","1,05,50,400.00","22,809","2,20,48,700.00"
28/02/2026,"10,286","10,667","98,78,700.00","99,28,350.00","20,953","1,98,07,050.00"
01/03/2026,"10,870","11,289","1,04,55,400.00","1,08,27,950.00","22,159","2,12,83,350.00"
02/03/2026,"10,811","11,382","1,04,44,650.00","1,11,60,600.00","22,193","2,16,05,250.00"
03/03/2026,"11,174","11,292","1,09,81,750.00","1,12,55,100.00","22,466","2,22,36,850.00"
04/03/2026,"11,321","11,185","1,12,06,550.00","1,09,61,900.00","22,506","2,21,68,450.00"
05/03/2026,"11,831","11,876","1,10,71,350.00","1,13,99,300.00","23,707","2,24,70,650.00"
06/03/2026,"12,110","11,438","1,16,35,350.00","1,09,42,550.00","23,548","2,25,77,900.00"
07/03/2026,"10,781","11,539","1,03,64,750.00","1,08,49,200.00","22,320","2,12,13,950.00"
08/03/2026,"11,269","11,544","1,08,52,300.00","1,11,11,700.00","22,813","2,19,64,000.00"
09/03/2026,"11,612","11,594","1,13,12,000.00","1,14,25,950.00","23,206","2,27,37,950.00"
10/03/2026,"12,416","12,430","1,18,58,550.00","1,21,25,600.00","24,846","2,39,84,150.00"
11/03/2026,"12,407","11,849","1,18,24,300.00","1,15,20,600.00","24,256","2,33,44,900.00"
12/03/2026,"12,933","12,780","1,22,23,050.00","1,22,30,100.00","25,713","2,44,53,150.00"
13/03/2026,"13,762","12,271","1,26,28,600.00","1,16,83,300.00","26,033","2,43,11,900.00"
14/03/2026,"12,566","11,934","1,16,40,400.00","1,11,10,600.00","24,500","2,27,51,000.00"
15/03/2026,"12,981","12,459","1,13,73,050.00","1,16,33,850.00","25,440","2,30,06,900.00"
16/03/2026,"20,075","15,583","1,42,84,500.00","1,41,65,200.00","35,658","2,84,49,700.00"
17/03/2026,"27,498","19,445","1,72,99,850.00","1,66,04,800.00","46,943","3,39,04,650.00"
18/03/2026,"32,840","18,744","1,93,33,700.00","1,49,78,200.00","51,584","3,43,11,900.00"
19/03/2026,"31,895","13,715","2,20,25,200.00","1,07,21,650.00","45,610","3,27,46,850.00"
20/03/2026,"9,902","7,065","66,64,600.00","54,16,700.00","16,967","1,20,81,300.00"
21/03/2026,"7,786","6,120","33,25,850.00","27,21,350.00","13,906","60,47,200.00"
22/03/2026,"9,646","8,679","53,30,450.00","50,16,450.00","18,325","1,03,46,900.00"
23/03/2026,"9,319","15,827","59,42,050.00","81,24,050.00","25,146","1,40,66,100.00"
24/03/2026,"10,213","16,268","74,04,900.00","96,77,450.00","26,481","1,72,82,350.00"
25/03/2026,"11,776","16,447","94,64,050.00","1,17,67,250.00","28,223","2,12,31,300.00"
26/03/2026,"15,642","21,468","1,33,52,350.00","1,57,25,400.00","37,110","2,90,77,750.00"
27/03/2026,"16,222","30,056","1,39,43,050.00","1,94,50,800.00","46,278","3,33,93,850.00"
28/03/2026,"18,036","24,338","1,55,87,000.00","1,67,34,950.00","42,374","3,23,21,950.00"
29/03/2026,"13,422","15,301","1,22,82,100.00","1,26,46,200.00","28,723","2,49,28,300.00"
30/03/2026,"12,068","13,480","1,13,15,800.00","1,21,47,400.00","25,548","2,34,63,200.00"
31/03/2026,"12,468","13,327","1,19,95,450.00","1,24,34,150.00","25,795","2,44,29,600.00"
01/04/2026,"11,731","12,466","1,13,64,750.00","1,17,20,750.00","24,197","2,30,85,500.00"
02/04/2026,"12,684","12,426","1,17,28,500.00","1,16,84,100.00","25,110","2,34,12,600.00"
03/04/2026,"12,901","12,547","1,22,50,450.00","1,15,97,400.00","25,448","2,38,47,850.00"
04/04/2026,"11,562","11,982","1,10,05,350.00","1,07,90,050.00","23,544","2,17,95,400.00"
05/04/2026,"11,427","11,920","1,08,56,700.00","1,11,81,950.00","23,347","2,20,38,650.00"
06/04/2026,"11,460","11,892","1,10,72,000.00","1,14,97,900.00","23,352","2,25,69,900.00"
07/04/2026,"11,509","11,565","1,10,30,050.00","1,12,17,750.00","23,074","2,22,47,800.00"
08/04/2026,"11,318","11,636","1,10,22,650.00","1,11,06,700.00","22,954","2,21,29,350.00"
09/04/2026,"11,761","11,861","1,08,63,200.00","1,11,35,850.00","23,622","2,19,99,050.00"
10/04/2026,"12,775","11,933","1,20,83,550.00","1,11,02,050.00","24,708","2,31,85,600.00"
11/04/2026,"11,107","11,620","1,04,33,500.00","1,05,39,950.00","22,727","2,09,73,450.00"
12/04/2026,"11,116","11,805","1,05,01,350.00","1,10,89,950.00","22,921","2,15,91,300.00"
13/04/2026,"11,600","11,551","1,08,66,800.00","1,09,61,900.00","23,151","2,18,28,700.00"
14/04/2026,"11,950","10,978","1,14,68,350.00","1,03,28,450.00","22,928","2,17,96,800.00"
15/04/2026,"9,670","9,877","90,34,100.00","89,20,500.00","19,547","1,79,54,600.00"
16/04/2026,"11,205","10,641","1,04,11,750.00","99,51,850.00","21,846","2,03,63,600.00"
17/04/2026,"11,623","11,077","1,08,55,300.00","1,03,34,100.00","22,700","2,11,89,400.00"
18/04/2026,"10,238","10,604","96,22,050.00","95,59,950.00","20,842","1,91,82,000.00"
19/04/2026,"10,693","10,611","1,00,78,150.00","99,11,000.00","21,304","1,99,89,150.00"
20/04/2026,"10,616","10,519","1,01,21,850.00","9,965,000.00","21,135","2,00,86,850.00"
21/04/2026,"10,884","11,024","1,05,55,150.00","1,05,38,250.00","21,908","2,10,93,400.00"
22/04/2026,"10,740","10,678","1,03,51,250.00","1,02,01,500.00","21,418","2,05,52,750.00"
23/04/2026,"11,517","11,384","1,07,23,250.00","1,07,63,800.00","22,901","2,14,87,050.00"
24/04/2026,"12,375","11,214","1,15,74,050.00","1,05,44,600.00","23,589","2,21,18,650.00"
25/04/2026,"10,229","10,595","96,91,200.00","96,08,200.00","20,824","1,92,99,400.00"
26/04/2026,"10,195","10,622","97,62,400.00","1,00,18,900.00","20,817","1,97,81,300.00"
27/04/2026,"10,338","10,203","99,34,900.00","97,71,300.00","20,541","1,97,06,200.00"
28/04/2026,"10,632","10,495","1,03,81,750.00","1,01,12,050.00","21,127","2,04,93,800.00"
29/04/2026,"10,250","10,178","98,90,100.00","99,03,250.00","20,428","1,97,93,350.00"
30/04/2026,"11,033","10,592","1,00,59,800.00","99,54,300.00","21,625","2,00,14,100.00"
01/05/2026,"11,947","10,701","1,10,23,400.00","97,09,350.00","22,648","2,07,32,750.00"
02/05/2026,"9,352","10,504","83,54,050.00","92,83,150.00","19,856","1,76,37,200.00"
03/05/2026,"10,334","11,306","97,22,050.00","1,06,42,700.00","21,640","2,03,64,750.00"
04/05/2026,"11,064","11,343","1,06,55,600.00","1,07,90,950.00","22,407","2,14,46,550.00"
05/05/2026,"11,589","11,200","1,13,48,500.00","1,07,74,450.00","22,789","2,21,22,950.00"
06/05/2026,"11,093","11,275","1,06,39,650.00","1,08,83,950.00","22,368","2,15,23,600.00"
07/05/2026,"11,895","11,612","1,07,64,750.00","1,08,83,650.00","23,507","2,16,48,400.00"
08/05/2026,"13,133","12,356","1,20,24,250.00","1,13,19,000.00","25,489","2,33,43,250.00"
09/05/2026,"11,073","11,725","1,02,77,450.00","1,02,50,950.00","22,798","2,05,28,400.00"
10/05/2026,"11,637","12,073","1,07,96,850.00","1,11,75,950.00","23,710","2,19,72,800.00"
11/05/2026,"11,786","11,942","1,11,67,500.00","1,13,50,900.00","23,728","2,25,18,400.00"
12/05/2026,"12,670","11,783","1,20,91,850.00","1,10,86,100.00","24,453","2,31,77,950.00"
13/05/2026,"11,982","11,910","1,14,84,650.00","1,13,25,200.00","23,892","2,28,09,850.00"
14/05/2026,"12,430","12,209","1,12,05,050.00","1,12,66,450.00","24,639","2,24,71,500.00"
15/05/2026,"13,979","13,062","1,28,89,250.00","1,20,25,350.00","27,041","2,49,14,600.00"
16/05/2026,"11,842","12,270","1,09,16,500.00","1,09,62,400.00","24,112","2,18,78,900.00"
17/05/2026,"11,902","12,632","1,10,44,350.00","1,19,64,500.00","24,534","2,30,08,850.00"
18/05/2026,"12,745","12,877","1,21,96,850.00","1,22,16,550.00","25,622","2,44,13,400.00"
19/05/2026,"13,357","13,042","1,27,19,150.00","1,24,25,300.00","26,399","2,51,44,450.00"
20/05/2026,"14,011","14,100","1,30,34,100.00","1,34,27,700.00","28,111","2,64,61,800.00"
21/05/2026,"15,390","15,289","1,39,56,850.00","1,45,07,150.00","30,679","2,84,64,000.00"
22/05/2026,"18,859","16,107","1,64,76,400.00","1,48,47,300.00","34,966","3,13,23,700.00"
23/05/2026,"16,753","15,896","1,43,93,700.00","1,42,78,800.00","32,649","2,86,72,500.00"
24/05/2026,"22,112","17,807","1,57,94,350.00","1,57,36,750.00","39,919","3,15,31,100.00"
25/05/2026,"32,186","21,060","1,92,02,600.00","1,76,33,150.00","53,246","3,68,35,750.00"
26/05/2026,"36,426","19,813","2,17,19,450.00","1,58,79,150.00","56,239","3,75,98,600.00"
27/05/2026,"32,907","12,982","2,35,04,900.00","99,66,450.00","45,889","3,34,71,350.00"
28/05/2026,"9,177","9,533","57,36,750.00","68,34,550.00","18,710","1,25,71,300.00"
29/05/2026,"13,271","9,739","80,00,250.00","61,65,400.00","23,010","1,41,65,650.00"
30/05/2026,"11,522","14,491","72,40,900.00","81,62,000.00","26,013","1,54,02,900.00"
31/05/2026,"12,421","22,971","86,80,400.00","1,14,89,000.00","35,392","2,01,69,400.00"
01/06/2026,"13,397","21,979","1,02,00,250.00","1,31,77,050.00","35,376","2,33,77,300.00"
02/06/2026,"15,700","22,676","1,26,80,250.00","1,57,00,350.00","38,376","2,83,80,600.00"
03/06/2026,"16,775","20,699","1,43,87,500.00","1,53,67,600.00","37,474","2,97,55,100.00"
04/06/2026,"19,538","24,371","1,65,14,250.00","1,85,37,750.00","43,909","3,50,52,000.00"
05/06/2026,"15,448","25,132","1,32,17,250.00","1,75,23,500.00","40,580","3,07,40,750.00"
06/06/2026,"19,559","22,347","1,70,73,650.00","1,72,64,800.00","41,906","3,43,38,450.00"
07/06/2026,"14,560","16,260","1,27,72,200.00","1,35,34,300.00","30,820","2,63,06,500.00"
08/06/2026,"14,484","15,194","1,31,27,250.00","1,31,86,350.00","29,678","2,63,13,600.00"
09/06/2026,"14,699","14,772","1,35,59,150.00","1,32,83,450.00","29,471","2,68,42,600.00"
10/06/2026,"13,647","14,471","1,24,32,750.00","1,30,98,700.00","28,118","2,55,31,450.00"
11/06/2026,"14,902","14,080","1,30,38,850.00","1,24,41,050.00","28,982","2,54,79,900.00"
12/06/2026,"15,787","15,172","1,40,25,650.00","1,32,25,900.00","30,959","2,72,51,550.00"
13/06/2026,"13,514","14,820","1,20,94,650.00","1,25,72,500.00","28,334","2,46,67,150.00"
14/06/2026,"13,353","14,339","1,21,21,700.00","1,28,62,900.00","27,692","2,49,84,600.00"
15/06/2026,"13,719","13,890","1,27,97,550.00","1,28,46,250.00","27,609","2,56,43,800.00"
16/06/2026,"13,786","13,481","1,29,21,550.00","1,23,22,250.00","27,267","2,24,3,800.00"
17/06/2026,"13,905","13,466","1,28,02,700.00","1,24,84,850.00","27,371","2,52,87,550.00"
18/06/2026,"14,099","14,163","1,24,62,900.00","1,29,26,800.00","28,262","2,53,89,700.00"
19/06/2026,"14,830","14,287","1,34,16,750.00","1,28,08,700.00","29,117","2,62,25,450.00"
20/06/2026,"13,029","13,806","1,17,02,850.00","1,19,54,150.00","26,835","2,36,57,000.00"
21/06/2026,"13,007","13,706","1,19,93,500.00","1,25,40,750.00","26,713","2,45,34,250.00"
22/06/2026,"13,115","12,924","1,22,90,450.00","1,19,26,550.00","26,039","2,42,17,000.00"
23/06/2026,"13,590","13,084","1,27,24,950.00","1,23,03,650.00","26,674","2,50,28,600.00"
24/06/2026,"13,407","13,373","1,24,09,550.00","1,23,96,700.00","26,780","2,48,06,250.00"
25/06/2026,"14,255","13,960","1,27,12,550.00","1,28,54,450.00","28,215","2,55,67,000.00"
26/06/2026,"15,081","14,131","1,35,64,250.00","1,26,17,000.00","29,212","2,61,81,250.00"
27/06/2026,"12,527","13,675","1,12,29,600.00","1,18,47,700.00","26,202","2,30,77,300.00"
28/06/2026,"13,014","13,590","1,19,42,800.00","1,23,40,950.00","26,604","24,283,750.00"
29/06/2026,"12,995","12,964","1,21,20,350.00","1,18,11,650.00","25,959","2,39,32,000.00"
30/06/2026,"13,146","12,607","1,23,78,800.00","1,17,28,200.00","25,753","2,41,07,000.00"
01/07/2026,"12,723","12,761","1,16,30,100.00","1,18,02,700.00","25,484","2,34,32,800.00"
02/07/2026,"13,573","12,738","1,17,05,200.00","1,14,81,700.00","26,311","2,31,86,900.00"
03/07/2026,"14,509","13,895","1,29,89,100.00","1,26,49,550.00","28,404","2,56,38,650.00"
04/07/2026,"11,804","13,256","1,05,78,050.00","1,13,11,400.00","25,060","2,18,89,450.00"
05/07/2026,"12,385","13,133","1,13,84,000.00","1,18,85,150.00","25,518","2,32,69,150.00"
06/07/2026,"12,468","12,618","1,16,91,600.00","1,16,96,100.00","25,086","2,33,87,700.00"
07/07/2026,"12,242","12,161","1,16,41,500.00","1,15,98,500.00","24,403","2,32,40,000.00"
08/07/2026,"11,724","11,492","1,11,08,550.00","1,08,58,850.00","23,216","2,19,67,400.00"
09/07/2026,"11,445","11,093","1,00,80,800.00","1,04,06,800.00","22,538","2,04,87,600.00"
10/07/2026,"13,234","11,721","1,21,75,800.00","1,06,50,150.00","24,955","2,28,25,950.00"
11/07/2026,"10,383","11,680","93,89,450.00","1,02,03,250.00","22,063","1,95,92,700.00"
12/07/2026,"10,750","11,054","98,91,600.00","1,00,45,600.00","21,804","1,99,37,200.00"
13/07/2026,"10,832","10,957","1,02,84,550.00","1,03,38,750.00","21,789","2,06,23,300.00"
14/07/2026,"10,994","11,156","1,03,90,850.00","1,04,14,650.00","22,150","2,08,05,500.00"
15/07/2026,"12,233","12,322","1,14,06,150.00","1,17,06,700.00","24,555","2,31,12,850.00"
16/07/2026,"13,110","12,616","1,14,34,800.00","1,15,90,100.00","25,726","2,30,24,900.00"
17/07/2026,"14,120","13,115","1,27,39,100.00","1,17,90,250.00","27,235","2,45,29,350.00"
18/07/2026,"11,512","12,540","1,04,40,400.00","1,07,94,200.00","24,052","2,12,34,600.00"
19/07/2026,"11,728","12,127","1,08,87,400.00","1,11,08,200.00","23,855","2,19,95,600.00"
20/07/2026,"10,965","10,939","1,04,76,300.00","1,03,63,550.00","21,904","2,08,39,850.00"
21/07/2026,"11,362","11,038","1,09,10,600.00","1,03,90,200.00","22,400","2,13,00,800.00"
22/07/2026,"11,804","11,721","1,11,48,950.00","1,11,27,050.00","23,525","2,22,76,000.00"
23/07/2026,"12,289","12,242","1,15,88,950.00","1,18,82,300.00","24,531","2,25,75,550.00"
24/07/2026,"13,863","12,533","1,27,92,250.00","1,15,34,250.00","26,396","2,43,26,500.00"
25/07/2026,"11,303","12,080","1,04,52,350.00","1,06,79,850.00","23,383","2,11,32,200.00"
26/07/2026,"11,493","11,966","1,06,34,850.00","1,10,91,650.00","23,459","2,17,26,500.00"
27/07/2026,"12,021","11,854","1,15,85,250.00","1,12,24,600.00","23,875","2,28,09,850.00"
28/07/2026,"12,201","11,998","1,16,79,250.00","1,14,54,750.00","24,199","2,31,34,000.00"
29/07/2026,"12,144","11,852","1,15,22,050.00","1,12,30,400.00","23,996","2,27,52,450.00"
30/07/2026,"12,187","12,263","1,11,69,800.00","1,15,32,850.00","24,450","2,27,02,650.00"
31/07/2026,"13,785","12,573","1,25,11,900.00","1,13,47,450.00","26,358","2,38,59,350.00"
01/08/2026,"11,469","12,271","1,04,65,900.00","1,05,85,950.00","23,740","2,10,51,850.00"
02/08/2026,"10,834","11,579","99,11,400.00","1,07,12,000.00","22,413","2,06,23,400.00"
03/08/2026,"11,458","11,805","1,08,00,300.00","1,12,01,400.00","23,263","2,20,01,700.00"
04/08/2026,"13,017","12,856","1,10,11,200.00","1,19,85,100.00","25,873","2,29,96,300.00"
05/08/2026,"16,630","12,954","1,45,55,500.00","1,19,39,200.00","29,584","2,64,94,700.00"
06/08/2026,"11,515","11,736","97,22,150.00","1,03,88,050.00","23,251","2,01,10,200.00"
07/08/2026,"13,775","14,812","1,25,11,200.00","1,23,21,750.00","28,587","2,48,32,950.00"
08/08/2026,"12,713","14,715","1,14,32,200.00","1,19,72,900.00","27,428","2,34,05,100.00"
09/08/2026,"11,957","12,430","1,11,53,950.00","1,12,17,100.00","24,387","2,23,71,050.00"
10/08/2026,"12,144","11,864","1,14,70,750.00","1,10,78,100.00","24,008","2,25,48,850.00"
11/08/2026,"12,002","11,356","1,11,85,000.00","1,07,29,450.00","23,358","2,19,14,450.00"
12/08/2026,"12,007","11,986","1,12,11,700.00","1,12,10,200.00","23,993","2,24,21,900.00"
13/08/2026,"12,839","12,317","1,13,81,800.00","1,14,22,550.00","25,156","2,28,04,350.00"
14/08/2026,"13,385","12,572","1,20,11,100.00","1,10,45,550.00","25,957","2,30,56,650.00"
15/08/2026,"11,283","12,108","1,01,24,500.00","1,04,85,750.00","23,391","2,06,10,250.00"
16/08/2026,"11,375","11,752","1,04,61,550.00","1,07,13,350.00","23,127","2,11,74,900.00"
17/08/2026,"11,316","11,440","1,07,60,950.00","1,08,05,000.00","22,756","2,15,65,950.00"
18/08/2026,"11,836","11,401","1,11,96,900.00","1,07,64,300.00","23,237","2,19,61,200.00"
19/08/2026,"11,438","11,369","1,09,11,150.00","1,08,47,300.00","22,807","2,17,58,450.00"
20/08/2026,"12,774","12,122","1,12,95,650.00","1,11,81,000.00","24,896","2,24,76,650.00"
21/08/2026,"13,277","12,329","1,19,21,800.00","1,10,78,200.00","25,606","2,30,00,000.00"
22/08/2026,"10,938","11,924","98,51,650.00","1,02,67,750.00","22,862","2,01,19,400.00"
23/08/2026,"11,332","11,749","1,05,37,750.00","1,07,32,400.00","23,081","2,12,70,150.00"
24/08/2026,"11,793","11,539","1,12,42,100.00","1,08,94,750.00","23,332","2,21,36,850.00"
